topic_id,term_rank,term,weight
0,1,buffett,0.055476668178196596
0,2,warren buffett,0.05208427156014346
0,3,warren,0.05099664358317621
0,4,berkshire,0.03305621958066781
0,5,hathaway,0.025850558088159375
0,6,berkshire hathaway,0.025763934564416866
0,7,buffett stocks,0.02139194913666536
0,8,stocks warren,0.01641199450711774
0,9,portfolio invested,0.013566897055464657
0,10,invested,0.013320672352058548
1,1,credit suisse,0.06335863979041309
1,2,suisse,0.06322281622951224
1,3,credit,0.040542132725125815
1,4,takeover,0.01779486847843279
1,5,suisse deal,0.016391427184645927
1,6,swiss,0.01456846873372727
1,7,suisse takeover,0.014406687417796596
1,8,rescue,0.009677264238626387
1,9,buy credit,0.008443321561989965
1,10,update credit,0.008179501322069868
2,1,dividend stocks,0.08114157256519815
2,2,dividend,0.05607653046703303
2,3,best dividend,0.020688098908778027
2,4,tsx dividend,0.019945496979231658
2,5,tsx,0.019338875066901195
2,6,yielding,0.017154121438245778
2,7,stocks buy,0.017000275573931557
2,8,stocks,0.016934901580483865
2,9,yield dividend,0.016462930901569542
2,10,10 best,0.016164935187249433
3,1,ipo,0.07862059482676909
3,2,kong ipo,0.015118212232570462
3,3,billion ipo,0.013912000806622336
3,4,backed,0.012193788754519846
3,5,ipo sources,0.012150165496402833
3,6,ipos,0.011827126641686387
3,7,said,0.009524026125852543
3,8,ant,0.009298297525772698
3,9,files ipo,0.008649514223509291
3,10,ipo market,0.008011972288295715
4,1,crypto,0.05783372661810801
4,2,bitcoin,0.02743362480348555
4,3,stablecoin,0.01761904514982599
4,4,stablecoins,0.01651940572435206
4,5,crypto trading,0.016248607542599453
4,6,cryptocurrency,0.014746727914268112
4,7,coinbase,0.009533077705695833
4,8,ethereum,0.008513935076401078
4,9,cryptocurrencies,0.008467011327008677
4,10,custody,0.008035779086737986
5,1,ai,0.061675306243960205
5,2,ai stocks,0.016288456397061408
5,3,bubble,0.01310745164037159
5,4,ai bubble,0.012412305392965173
5,5,intelligence,0.009861397615951449
5,6,says ai,0.008906610741038217
5,7,artificial intelligence,0.008578437140540466
5,8,artificial,0.008411799033202761
5,9,generative ai,0.008002439800094525
5,10,generative,0.008002439800094525
6,1,russia,0.06344494391309793
6,2,russian,0.049817380352766755
6,3,ukraine,0.031613877814452594
6,4,sanctions,0.01747200340360536
6,5,putin,0.012568937852676917
6,6,ukraine latest,0.0114286444833903
6,7,exposure,0.011027560558892665
6,8,war,0.010062869295612755
6,9,exit,0.009856071179130517
6,10,moscow,0.009318818320342098
7,1,stock buy,0.03555483760963349
7,2,momentum stock,0.020026667558548737
7,3,buy according,0.019809802386584745
7,4,stock invest,0.01953107035197757
7,5,amp best,0.018955677674575653
7,6,according,0.018654146657957178
7,7,corporation best,0.016883790682426205
7,8,great,0.01681814846919397
7,9,invest,0.016260831548205866
7,10,best,0.01608820770262757
8,1,stocks buy,0.03828902761851386
8,2,10 best,0.02726458843778309
8,3,according,0.022711917143319927
8,4,10,0.022115710307011167
8,5,best,0.020997815496900406
8,6,buy,0.02076052543641907
8,7,best stocks,0.02014705916285606
8,8,stocks,0.020034139922270315
8,9,buy according,0.019058284228360048
8,10,stocks invest,0.01845828537848549
9,1,oil,0.06604324213769665
9,2,opec,0.04193680439934427
9,3,supply,0.022854727047562255
9,4,oil prices,0.01824778589800375
9,5,oil extends,0.0161565415056652
9,6,demand,0.015818407050920795
9,7,oil set,0.015304406314950284
9,8,weekly,0.014958411162230206
9,9,stockpiles,0.01447674207358129
9,10,crude,0.014177961698869094
10,1,dimon,0.07758752490413617
10,2,jamie dimon,0.07567962117156629
10,3,jamie,0.0754761858292077
10,4,ceo jamie,0.04035556478872306
10,5,dimon says,0.033140063408329465
10,6,ceo,0.01599455130661321
10,7,ceo dimon,0.013533175571588911
10,8,dimon warns,0.013446401885471509
10,9,chase ceo,0.013184408750011988
10,10,says,0.008659669868486049
11,1,goldman,0.055776461317564675
11,2,goldman profit,0.010087011619135182
11,3,goldman ceo,0.007301210680033814
11,4,private,0.007203476908852989
11,5,goldman traders,0.0067679312271755054
11,6,consumer,0.006210828833738504
11,7,private equity,0.006016185415179125
11,8,update goldman,0.005987305485649032
11,9,goldman hires,0.0059213371327043966
11,10,banking trading,0.005692371270783027
12,1,moody,0.06288739680249202
12,2,ratings,0.038991528712938386
12,3,assigns,0.03325639492392333
12,4,moody assigns,0.03168178560661406
12,5,moody announces,0.027112231539668078
12,6,periodic review,0.026858278123773994
12,7,periodic,0.026858278123773994
12,8,completion periodic,0.026858278123773994
12,9,announces completion,0.026311500135506084
12,10,review ratings,0.026087438385603588
13,1,fed,0.0370275318477519
13,2,yields,0.03012804738268873
13,3,fed rate,0.028745265927012736
13,4,treasuries,0.028475773518534923
13,5,treasury,0.023604731863204786
13,6,treasury yields,0.023535724653849028
13,7,rate cut,0.022522190275895235
13,8,cut,0.02203667859909642
13,9,rate,0.01956791394266809
13,10,fed cut,0.015783327627397856
14,1,hedge funds,0.10333629450231928
14,2,hedge,0.09371695453824486
14,3,funds right,0.07192761959177921
14,4,funds,0.07033832434100852
14,5,right,0.03219151129719745
14,6,funds bullish,0.027344479629338215
14,7,funds think,0.027262290739053244
14,8,going burn,0.026087759306136736
14,9,burn hedge,0.026087759306136736
14,10,funds hedge,0.023716144823760672
15,1,climate,0.07454523812357566
15,2,climate change,0.028692664192009915
15,3,fossil,0.024521744946268714
15,4,emissions,0.024208296392139488
15,5,fossil fuel,0.020712880446927474
15,6,change,0.017851644814624024
15,7,carbon,0.017243665660619866
15,8,activists,0.016819393529598495
15,9,fuel,0.014914667849355006
15,10,green,0.010715129526364225
16,1,laundering,0.04617774550937085
16,2,money laundering,0.04315291295418984
16,3,fined,0.029676360420710413
16,4,fine,0.02662287415974665
16,5,fines,0.026544761315755783
16,6,pay,0.025587884685317062
16,7,anti money,0.02527481967676293
16,8,penalty,0.02377924859209816
16,9,money,0.02206528788333137
16,10,anti,0.021944858892502687
17,1,stocks buy,0.02581258021543962
17,2,stocks,0.020723254426305283
17,3,value stocks,0.01682374444068867
17,4,buy,0.014666279848572815
17,5,undervalued,0.014081494877297285
17,6,2024,0.013028799390480723
17,7,defensive stocks,0.012620677829692025
17,8,growth stocks,0.011508418099827418
17,9,volatile stocks,0.011405211076573787
17,10,defensive,0.01083053773675315
18,1,bond,0.057363616158623794
18,2,bonds,0.036312367120818416
18,3,bond sale,0.02405650859099055
18,4,bond market,0.019705400097576167
18,5,junk,0.014157961591732274
18,6,bond offering,0.013992708013854476
18,7,sale,0.013497182455582851
18,8,bond losses,0.013193463665258373
18,9,bond sales,0.012539849549372461
18,10,billion bond,0.012539849549372461
19,1,story,0.06816845747984995
19,2,narrative,0.056588930999020626
19,3,shifting,0.053368040021245865
19,4,developments,0.03823016305080212
19,5,analyst,0.036400014341658626
19,6,recent,0.03570589669777362
19,7,recent developments,0.030649894599123012
19,8,recent analyst,0.029821584473075636
19,9,investment story,0.029438411585524234
19,10,evolving,0.0271397441823419
20,1,epstein,0.12872537758177097
20,2,jeffrey epstein,0.08279628031102948
20,3,jeffrey,0.0805351295445186
20,4,staley,0.05531219117864218
20,5,jes staley,0.04156417451752142
20,6,jes,0.04156417451752142
20,7,ties,0.039491548343219815
20,8,epstein ties,0.03503038459253098
20,9,accusers,0.02906758538946437
20,10,islands,0.02727194228702371
21,1,dividend stock,0.08751988964952069
21,2,dividend,0.05931044687885499
21,3,great dividend,0.027245978982863298
21,4,bank dividend,0.023229336313648603
21,5,ex dividend,0.022339535438681057
21,6,stock buy,0.021228630629315126
21,7,stock right,0.020965784015371216
21,8,dividend stocks,0.020022024645412303
21,9,buy right,0.01968378834678519
21,10,best,0.019024965956508464
22,1,appoints,0.03933893476121277
22,2,head,0.03448751414623463
22,3,investment banking,0.032155963835496716
22,4,names,0.029044159849128864
22,5,memo,0.026178313997501965
22,6,americas,0.02404999552335798
22,7,banking,0.023084598799616655
22,8,heads,0.0212560623745678
22,9,hires,0.02109204775931553
22,10,banking appoints,0.01826733003240668
23,1,japan,0.08429209966551304
23,2,update japan,0.025373547867656335
23,3,japanese,0.023819566928225528
23,4,japan banks,0.02134006256652271
23,5,nippon,0.017015079950917583
23,6,steel,0.01526892616494773
23,7,japan bank,0.014301363494330366
23,8,nikkei,0.012813863081979817
23,9,japan buy,0.012746957446385276
23,10,nippon steel,0.012746957446385276
24,1,today,0.06271326019019136
24,2,today shares,0.053539990615345666
24,3,today stock,0.04765259076788885
24,4,popped,0.028761588675828693
24,5,shares,0.02832046294041756
24,6,higher today,0.026208924922338867
24,7,stock today,0.024222588239498032
24,8,falling today,0.02238525395887792
24,9,fell,0.02237321684968478
24,10,stock popped,0.021017411591852334
25,1,china,0.051869075134373145
25,2,china securities,0.029062377581720852
25,3,chinese,0.02375446141553803
25,4,joint,0.01886398921645091
25,5,venture,0.017425970579491294
25,6,stake china,0.016624524022796978
25,7,joint venture,0.015065441933422522
25,8,wealth business,0.014563345253394908
25,9,communist,0.014531188790860426
25,10,securities,0.013533709788336137
26,1,cramer,0.14649521242553412
26,2,jim cramer,0.14207135930561915
26,3,jim,0.13644471102850297
26,4,cramer says,0.056973596887494427
26,5,says jim,0.033881632314441565
26,6,cramer jim,0.02888873391742914
26,7,cramer group,0.01949117168314603
26,8,cramer calls,0.01873748838083241
26,9,higher jim,0.015894883098831535
26,10,cramer amp,0.015504192629924056
27,1,layoffs,0.06083333332392563
27,2,jobs,0.04790891049020966
27,3,job cuts,0.04433956097804982
27,4,job,0.035318610199322274
27,5,000 jobs,0.03385954623738516
27,6,cuts,0.03056377697260707
27,7,plans cut,0.026964178827708834
27,8,cut,0.026685424594469303
27,9,lay,0.02208457976074252
27,10,employees,0.01989835654393706
28,1,notes,0.09241484360865056
28,2,senior notes,0.07806500839652777
28,3,floating rate,0.07369370842784514
28,4,floating,0.0732673471436076
28,5,redemption,0.06390032646114661
28,6,senior,0.056338460809551676
28,7,rate senior,0.05578045073977885
28,8,announces redemption,0.04503945045176467
28,9,fixed,0.04055306245508617
28,10,000 000,0.03956148419713992
29,1,healthcare conference,0.11550206686866112
29,2,44th,0.10043742992190592
29,3,annual healthcare,0.0991195043536136
29,4,44th annual,0.0991195043536136
29,5,healthcare,0.09341720899071489
29,6,present 44th,0.08130554581969361
29,7,present,0.0775775290382345
29,8,conference,0.07346749321988663
29,9,annual,0.06265162705482086
29,10,therapeutics present,0.032781234610167354
30,1,nvidia,0.0900471242322785
30,2,nvidia stock,0.04389004547536993
30,3,nvda,0.0178191631407061
30,4,nvidia nvda,0.014453279558302423
30,5,ai,0.014063709601509383
30,6,chip,0.01036587205302482
30,7,nvidia amd,0.010189325073601
30,8,nvda stock,0.009835081044872547
30,9,amd,0.009708186325423925
30,10,gpu,0.009523878725299284
31,1,gold,0.10464601430772906
31,2,gold prices,0.02588972496740384
31,3,gold price,0.022734664384764944
31,4,gold rises,0.022734664384764944
31,5,gold futures,0.019975394374960185
31,6,gold edges,0.019601054362621138
31,7,haven,0.018028222667914078
31,8,silver,0.016837448713380117
31,9,haven demand,0.016311578499212057
31,10,rate cut,0.013665690311043636
32,1,profit,0.05652504673774927
32,2,profit falls,0.03262764817675138
32,3,profit rises,0.026880059616958666
32,4,estimates,0.02524761258494392
32,5,dealmaking,0.022030423934120618
32,6,profits,0.02197308339642048
32,7,tops estimates,0.021558756433105796
32,8,revenue,0.021458038769409316
32,9,beats,0.02082458741659091
32,10,quarter profit,0.02033746010070597
33,1,bank stocks,0.08749992358879248
33,2,best bank,0.028589739434999886
33,3,industry,0.028406051348796372
33,4,prospering,0.027554789595924882
33,5,stocks buy,0.02483865318345414
33,6,bank,0.02166482714716797
33,7,foreign,0.02122015799228882
33,8,banks industry,0.02103708541318393
33,9,foreign bank,0.01965672076820012
33,10,stocks,0.019312418838760823
34,1,estimates,0.06317813261701977
34,2,revenues,0.054331894659381846
34,3,earnings revenues,0.05323950884759813
34,4,revenue estimates,0.048868244000207735
34,5,earnings revenue,0.047083098393103345
34,6,q4 earnings,0.041133507286150624
34,7,q1 earnings,0.03984100369314776
34,8,beat,0.03905986947653133
34,9,beat estimates,0.03662118575988505
34,10,q3 earnings,0.03408988761558188
35,1,results,0.08233917898874729
35,2,results reports,0.07781506406170662
35,3,financial results,0.0743248079452303
35,4,quarter,0.07129888116497105
35,5,reports quarter,0.056287821798219444
35,6,reports,0.05542772724943715
35,7,second quarter,0.053779351342057594
35,8,reports second,0.049024291630808986
35,9,quarter 2025,0.045269127140929524
35,10,second,0.041946327295617994
36,1,finance stocks,0.07025681877955402
36,2,banco chile,0.06264794266142046
36,3,chile,0.06014385955370686
36,4,banco,0.05990037698344567
36,5,stock outpacing,0.05680874582975521
36,6,peers year,0.05680874582975521
36,7,outpacing,0.05478530858598633
36,8,finance peers,0.05386024366792092
36,9,outpacing finance,0.05386024366792092
36,10,finance,0.05247408650722191
37,1,price target,0.11940297745040113
37,2,target,0.08394069738859596
37,3,price,0.0772665028018802
37,4,target raised,0.06933380914201416
37,5,raised,0.06053844419664052
37,6,stock price,0.032945602112871245
37,7,lowered,0.03248287141619259
37,8,target lowered,0.03175577366432584
37,9,price targets,0.020024401016052466
37,10,raises price,0.017377944217880633
38,1,premarket,0.12608354069688582
38,2,rise premarket,0.10659943455652322
38,3,fall premarket,0.06888720975297018
38,4,rise,0.058296740496328145
38,5,fall,0.056939811990343266
38,6,falls,0.026357806536704585
38,7,lululemon,0.022228187794604008
38,8,tesla,0.02201765183451542
38,9,boeing,0.016089230402859526
38,10,johnson,0.013930901142285446
39,1,amp 500,0.06168582851926184
39,2,500,0.052442167148357206
39,3,500 slips,0.026760512891582124
39,4,amp,0.025925569518714036
39,5,tech,0.018147272546577803
39,6,slips,0.017034779657271258
39,7,500 climbs,0.013766163563645408
39,8,bulls,0.013588811382291227
39,9,500 cuts,0.013521961528607594
39,10,financials,0.012905728696710991
40,1,blue chip,0.1523871569472007
40,2,blue,0.14515432224416053
40,3,chip stocks,0.1369592730854032
40,4,chip,0.1207504878831382
40,5,best blue,0.04423392911186765
40,6,undervalued blue,0.024488358236230537
40,7,stocks buy,0.024015305722647904
40,8,10 blue,0.022858720531345845
40,9,updated rankings,0.01630929397040202
40,10,downgraded updated,0.01630929397040202
41,1,ftse,0.12093443603221292
41,2,ftse 100,0.10093355471040906
41,3,100,0.059332416343823045
41,4,100 live,0.03693465642987995
41,5,live,0.030038373776778312
41,6,ftse european,0.02336284690332001
41,7,european stocks,0.02147817197844205
41,8,100 opens,0.020527335381663677
41,9,lower,0.017817967073623327
41,10,european,0.017557582086461947
42,1,republic,0.13901372896305597
42,2,republic bank,0.05959354952241871
42,3,republic stock,0.03606265041402438
42,4,fdic,0.028107395670721055
42,5,republic republic,0.023373475363260263
42,6,republic deal,0.02197055578196958
42,7,deposit,0.019621926986936978
42,8,30 billion,0.017577306053047567
42,9,rescue republic,0.015905042421043195
42,10,buy republic,0.01540177396074715
43,1,tariffs,0.07618301331113352
43,2,trump tariffs,0.05142351457714622
43,3,trump,0.04778029725236403
43,4,tariff,0.03583808194130045
43,5,copper,0.020874319298873116
43,6,tariffs trump,0.01972955727872913
43,7,trump tariff,0.016790103140336715
43,8,price hikes,0.013054424691299776
43,9,tariffs markets,0.012079436578661484
43,10,tariffs likely,0.012079436578661484
44,1,speak,0.09929064491091799
44,2,conference,0.08555368486452408
44,3,services conference,0.07263947179047485
44,4,financial services,0.05135294463879641
44,5,global financial,0.04606337540923452
44,6,financials,0.0358741001034052
44,7,services,0.035591213069918776
44,8,mellon speak,0.034568817842439724
44,9,financials conference,0.03409371769883458
44,10,participate,0.03377078456940926
45,1,earnings transcript,0.20628917793951387
45,2,transcript,0.20131109004821712
45,3,2023 earnings,0.08503375171160547
45,4,2022 earnings,0.06156635493096458
45,5,2021 earnings,0.0570902007052057
45,6,q4 2022,0.044251474526498184
45,7,transcript banco,0.04183880704240161
45,8,q4 2023,0.04126600067190674
45,9,q4,0.0401100959668819
45,10,transcript corporation,0.039032335813440046
46,1,valuation,0.09025173479748391
46,2,share price,0.05896228113963246
46,3,assessing,0.053006270380747934
46,4,assessing valuation,0.046234468522228546
46,5,recent share,0.03975819226284568
46,6,valuation recent,0.03566357787591808
46,7,recent,0.034351217825566084
46,8,share,0.030976133287687963
46,9,enxtam inga,0.029297650846233106
46,10,enxtam,0.029297650846233106
47,1,tickers,0.17170215774284875
47,2,trending tickers,0.17166951024722163
47,3,trending,0.15449628178369182
47,4,tickers nvidia,0.047515490753969415
47,5,tickers trending,0.027411978604589902
47,6,tickers apple,0.022354233111823912
47,7,nvidia,0.021617853947933263
47,8,tesla,0.019866427200623933
47,9,tickers tesla,0.0197048094500758
47,10,novo,0.016572629425109623
48,1,500 nasdaq,0.05526241232998564
48,2,nasdaq,0.0537545732783186
48,3,dow amp,0.05006939950593669
48,4,market today,0.04912592818512149
48,5,today dow,0.04831425304863957
48,6,stock market,0.036831696749252296
48,7,dow,0.03607654593663731
48,8,amp 500,0.03414673931985472
48,9,500,0.030278034043552855
48,10,today,0.02867422069039766
49,1,swiss,0.09877648669414928
49,2,capital rules,0.039347367036648796
49,3,switzerland,0.035477297674549074
49,4,rules,0.026944344220106282
49,5,capital,0.025333967513501154
49,6,swiss capital,0.02526318986258612
49,7,swiss bank,0.02482058488944682
49,8,swiss government,0.02092472121998517
49,9,compromise,0.018889355763825912
49,10,new capital,0.017245140381057684
50,1,form,0.1741296301715544
50,2,group plc,0.14686466236347653
50,3,amendment form,0.13077917358988694
50,4,plc form,0.1276515177320438
50,5,plc amendment,0.12586051553170327
50,6,plc,0.12378980046825834
50,7,amendment,0.11584005044461314
50,8,ept non,0.0847733948319056
50,9,form ept,0.0847733948319056
50,10,ept,0.0847733948319056
51,1,canada,0.06425537212924326
51,2,canadian dollar,0.05637020716892978
51,3,canadian,0.04030681646760016
51,4,bank canada,0.035109803469794906
51,5,dollar,0.021297306174741158
51,6,comments canadian,0.021170360345426638
51,7,deficit,0.015500291975600171
51,8,canada inflation,0.015038555039278662
51,9,says canada,0.014562704033079417
51,10,comments,0.013762078079898793
52,1,advisors,0.0995046459002473
52,2,forbes,0.08381853315622192
52,3,wealth advisors,0.08265455054663488
52,4,advisors list,0.08095663410456663
52,5,named,0.07769282898925495
52,6,named forbes,0.06978052019484908
52,7,list,0.06673173479859333
52,8,best state,0.06494144969134684
52,9,shook,0.053941129288301366
52,10,forbes shook,0.05252194207813365
53,1,office,0.08254203415075405
53,2,return office,0.08171149211980983
53,3,return,0.05165320255241668
53,4,days week,0.039826443236812475
53,5,days,0.03969820455065833
53,6,work,0.03719313893839064
53,7,employees,0.03440414447006304
53,8,asks,0.032570432663474716
53,9,asks employees,0.03215644326815679
53,10,office days,0.03155382971551169
54,1,ishares,0.07061823759755029
54,2,llc buys,0.05681403728128731
54,3,buys,0.05508052411051579
54,4,llc,0.04750184921279374
54,5,etf,0.045898673603559155
54,6,bond etf,0.04292329930596472
54,7,buys ishares,0.042669081639344755
54,8,vanguard,0.03832659442040305
54,9,ishares core,0.03157703966345737
54,10,etf ishares,0.028072656426174354
55,1,debt,0.052804089192658075
55,2,citrix,0.03113091300057964
55,3,loan,0.026009613315913185
55,4,underwrite,0.022640664000421556
55,5,billion debt,0.02240563007248876
55,6,million debt,0.019810581000368862
55,7,loans,0.018740521696288957
55,8,adani,0.018711944997048414
55,9,billion senior,0.018478246404321438
55,10,billion,0.01816861663776389
56,1,bank earnings,0.07411521665950736
56,2,earnings season,0.0291242157789499
56,3,big bank,0.028191629691510726
56,4,season,0.025668569065200996
56,5,earnings,0.025568101037140703
56,6,watch bank,0.022684724665538107
56,7,big,0.022114413693796006
56,8,banks earnings,0.020814152470070655
56,9,banks kick,0.02010510375168162
56,10,kick earnings,0.019304899358458638
57,1,sector update,0.17972101887828165
57,2,update financial,0.17907524434785058
57,3,afternoon,0.14703914473492793
57,4,financial stocks,0.13161853925154524
57,5,sector,0.12279765160587934
57,6,afternoon sector,0.1177811915248163
57,7,late afternoon,0.06420508887923117
57,8,afternoon trading,0.05402941039777293
57,9,trading sector,0.05240633605633239
57,10,update,0.05050529760832441
58,1,ceo,0.04723676753108836
58,2,ceo succession,0.020186082305913067
58,3,succession,0.01879897912584077
58,4,ceo faces,0.016850243034472762
58,5,traction,0.014294158336570077
58,6,board sources,0.013759196073522145
58,7,gets traction,0.013759196073522145
58,8,ceo growth,0.013759196073522145
58,9,traction board,0.013759196073522145
58,10,ceos,0.0137352451811358
59,1,mutual funds,0.1984855298319192
59,2,mutual,0.1832937527007412
59,3,funds,0.07989107351901051
59,4,returns,0.07806159052555077
59,5,returns mutual,0.054878675549039434
59,6,ranked mutual,0.05149675192796039
59,7,funds buy,0.04444198707967028
59,8,ranked,0.04366130100860261
59,9,mellon mutual,0.04088852843838829
59,10,portfolio mutual,0.03334424375182193
60,1,china,0.050567841318284915
60,2,stimulus,0.028280375410935626
60,3,deflation,0.024308094588577685
60,4,stimulus china,0.023028997287491686
60,5,china economy,0.021646753922737492
60,6,economy,0.015381666180119196
60,7,china pledges,0.014882649558862402
60,8,china deflation,0.014327436840914767
60,9,economic,0.013266452477808454
60,10,china growth,0.012867118535404645
61,1,buys,0.06458076520674835
61,2,sells,0.05915477606571099
61,3,corp,0.05193577712851152
61,4,llc buys,0.03609936511716711
61,5,llc,0.030182445756905447
61,6,corp sells,0.027134394664301446
61,7,management buys,0.0167923380743467
61,8,nv,0.01623268790050574
61,9,paypal holdings,0.014185688454094666
61,10,associates buys,0.014185688454094666
62,1,bullish bearish,0.13680688825988566
62,2,street bullish,0.1282254770594483
62,3,stock wall,0.12556112827937113
62,4,bearish,0.11319875680611373
62,5,bullish,0.09971547764131378
62,6,street analysts,0.07295378763082955
62,7,bearish wall,0.06545408867605229
62,8,analysts bullish,0.06532533679527232
62,9,analysts like,0.0561035045794734
62,10,wall street,0.053705842193305084
63,1,canada,0.06373443085359341
63,2,bmo,0.02868325790074822
63,3,canadian,0.02593122118985229
63,4,canadian business,0.022957668582540423
63,5,deal canada,0.022957668582540423
63,6,canadian unit,0.022957668582540423
63,7,unit,0.022918280833052695
63,8,cowen,0.020534510782564283
63,9,sale,0.020319537478346597
63,10,canada bmo,0.020317481648961758
64,1,yen,0.12088427291614781
64,2,japan,0.051792889881396575
64,3,boj,0.049419912071130875
64,4,intervention,0.030236429307273393
64,5,ufg,0.026970938569004777
64,6,mitsubishi ufg,0.025159099795542688
64,7,mitsubishi,0.023699866273173633
64,8,says mitsubishi,0.021488812223943235
64,9,ufg yen,0.020084432509920726
64,10,bank japan,0.01819263753087145
65,1,mexico,0.12030805491769982
65,2,banamex,0.06614661616046705
65,3,mexican,0.06404037089248264
65,4,citibanamex,0.04859499259526095
65,5,grupo mexico,0.03636908766182601
65,6,grupo,0.0341149388109871
65,7,banorte,0.030953135018844294
65,8,unit,0.0306887214273113
65,9,mexico unit,0.029095270129460813
65,10,inbursa,0.027766483241612534
66,1,stocks watch,0.1679865035695476
66,2,watch,0.11187568156226654
66,3,watch week,0.0624637106151141
66,4,watch tuesday,0.05246687677909899
66,5,watch friday,0.04318408158115114
66,6,watch wednesday,0.04020185790235037
66,7,watch thursday,0.03468039293428442
66,8,watch monday,0.03468039293428442
66,9,tuesday,0.03099636931002346
66,10,wednesday,0.02377157116452952
67,1,news,0.13563174813616055
67,2,2023 news,0.08501160046725341
67,3,2022 news,0.0645843242411437
67,4,2025 news,0.06025212500704502
67,5,news jul,0.05855025406173762
67,6,news oct,0.057344165790219205
67,7,jul,0.0560506217169769
67,8,2024 news,0.05582074295499923
67,9,news jan,0.05382027020095308
67,10,news apr,0.044656594363999394
68,1,chesapeake utilities,0.15175013864560397
68,2,chesapeake,0.15140109124189244
68,3,utilities,0.14639421117322302
68,4,utilities corporation,0.12838593926278213
68,5,corporation,0.04835418859758589
68,6,results chesapeake,0.02980399550104679
68,7,corporation reports,0.028556519129446147
68,8,utilities host,0.02737963408706236
68,9,host,0.026281449367502843
68,10,earnings conference,0.02105776820293198
69,1,dow futures,0.1514399245633263
69,2,futures,0.08820562330589819
69,3,dow,0.06467286330338927
69,4,futures tick,0.05309416826239734
69,5,earnings dow,0.052119277921475644
69,6,tick,0.04850030052546214
69,7,focus dow,0.04665338815769446
69,8,tick higher,0.04037647160822035
69,9,pts,0.03058022108471076
69,10,earnings focus,0.025413733794521092
70,1,ecb,0.1082177409837047
70,2,euro,0.05456917895347851
70,3,ecb rate,0.0373366404076995
70,4,eurozone,0.026985803768141556
70,5,euro zone,0.02036544022238155
70,6,ecb cut,0.02000599412542367
70,7,eur usd,0.01837505358479302
70,8,ahead ecb,0.01662500853160727
70,9,eur,0.01606929698638431
70,10,zone,0.01606929698638431
71,1,better value,0.18152817418447958
71,2,better,0.11445224135107765
71,3,vs,0.10804638882762099
71,4,value option,0.10786617438491904
71,5,value,0.10677343868520094
71,6,stock better,0.09768882631813468
71,7,stock right,0.09241671974862634
71,8,stock value,0.09059315058355978
71,9,value stock,0.08820278588377652
71,10,value investors,0.08220025708745206
72,1,apple,0.09891056220058966
72,2,card,0.07655909526337495
72,3,apple credit,0.06689380986945596
72,4,apple card,0.06114057331723749
72,5,credit card,0.05706888330385851
72,6,card partnership,0.04524634618503609
72,7,deal apple,0.036625876101446374
72,8,partnership apple,0.03384805040435201
72,9,card program,0.03278569084600946
72,10,partnership,0.031297509447468744
73,1,chase,0.04396639068847157
73,2,branch,0.03467711645014758
73,3,chase opens,0.033160683731724205
73,4,branches,0.026627273571559588
73,5,chase bank,0.023767442810520862
73,6,opens,0.02145093023463468
73,7,expansion,0.017367604611840788
73,8,branch chase,0.015244017407575994
73,9,branches chase,0.014675323486253274
73,10,bunker labs,0.014675323486253274
74,1,mortgage,0.09496033203683696
74,2,mortgage rates,0.08702800926441741
74,3,rates,0.045070410916977624
74,4,lenders,0.04234402812216212
74,5,mortgages,0.03555763263892752
74,6,sub,0.03320860483751917
74,7,cut mortgage,0.030477461032973992
74,8,price war,0.02791743929549432
74,9,nationwide,0.02691773800881824
74,10,rates lenders,0.026289500561867355
75,1,etf,0.06035724160369632
75,2,management launches,0.05161099204854153
75,3,asset management,0.04029665210334523
75,4,active,0.03693245371980465
75,5,etfs,0.03464646078334946
75,6,asset,0.03193467225309744
75,7,management,0.030496423571229506
75,8,launches,0.024668584957063207
75,9,investment management,0.022648751385083883
75,10,launches active,0.022632762632319288
76,1,analyst calls,0.1205540986024967
76,2,street analyst,0.10455278545900146
76,3,calls,0.08755661112975371
76,4,downgraded wall,0.061151934932883414
76,5,downgraded,0.05957827416948621
76,6,analyst,0.05512296377540202
76,7,upgraded,0.05285673112485436
76,8,upgraded wall,0.04473546503984743
76,9,notable analyst,0.03995336545744692
76,10,calls week,0.03823788671995655
77,1,lawsuit,0.05038462876163561
77,2,judge,0.03187899773271776
77,3,staveley,0.029132755667024925
77,4,settle gender,0.026181747947642952
77,5,sued,0.0233353069398947
77,6,gender,0.022990639887099908
77,7,court,0.02238003772126856
77,8,arbitration,0.022048608946393527
77,9,gender discrimination,0.021818123289702458
77,10,trader,0.020376587737285227
78,1,golf,0.0372597042524118
78,2,sports,0.030715667827378796
78,3,artists,0.025893186207058605
78,4,athletes,0.024643498673631376
78,5,art,0.020715564192669594
78,6,global sports,0.019361719326162697
78,7,welcomes,0.019120062759032313
78,8,sponsor,0.018264521731348692
78,9,sponsorship,0.01759179537119245
78,10,academy,0.01696135038834447
79,1,board,0.05593443992709449
79,2,chairman,0.039921187314731627
79,3,georges elhedery,0.03440532278941392
79,4,georges,0.03370660375264341
79,5,elhedery,0.0331451083773181
79,6,executive board,0.029493278283562983
79,7,chair,0.02917456968489393
79,8,officer,0.028997356054395955
79,9,tucker,0.028940572592283737
79,10,mark tucker,0.027823388155945226
80,1,earnings beat,0.03924035178375252
80,2,earnings expectations,0.033871605119817114
80,3,beat,0.032557372053248546
80,4,expectations stock,0.030380633186763345
80,5,earnings,0.02943987936069138
80,6,falls earnings,0.025800700906166655
80,7,expectations,0.02504838268912626
80,8,stock rising,0.022824800206125928
80,9,estimates stock,0.0209726786324523
80,10,stock rises,0.0199793004123289
81,1,solomon,0.16568041733876893
81,2,david solomon,0.1316503524740742
81,3,david,0.10936406319743444
81,4,ceo david,0.07604219744618576
81,5,ceo solomon,0.04868038248517792
81,6,dj,0.039835002962861556
81,7,goldman ceo,0.0340361271106409
81,8,ceo,0.028830152498126836
81,9,goldman,0.025122095609872348
81,10,goldman solomon,0.024803154199983888
82,1,stress,0.14397565991036548
82,2,stress test,0.11640747966692147
82,3,test,0.09678487517155933
82,4,fed stress,0.057066306362268775
82,5,test results,0.053840454547599295
82,6,stress tests,0.044867045456332744
82,7,tests,0.03657392502556094
82,8,stress capital,0.03129809573543253
82,9,capital buffer,0.03046414210065463
82,10,buffer,0.028455018317425636
83,1,management announces,0.07460118702708407
83,2,asset management,0.06137662777189184
83,3,global asset,0.05039002994718875
83,4,asset,0.04803232674970407
83,5,ph amp,0.042325699145465606
83,6,management,0.041440423867936386
83,7,ph,0.04133990512622445
83,8,amp funds,0.038853810583354964
83,9,funds ph,0.038853810583354964
83,10,funds,0.038629945593085364
84,1,card,0.07461659868146063
84,2,credit card,0.06686448369996632
84,3,new credit,0.03631057118683262
84,4,rewards,0.035381833640241354
84,5,cards,0.0287415823889487
84,6,mastercard,0.028712967089526916
84,7,credit,0.027806757971335
84,8,gm,0.02636072693155501
84,9,credit cards,0.023023081195331446
84,10,cardholders,0.02169412099915486
85,1,private credit,0.0910600306328961
85,2,private,0.052911694327359975
85,3,credit facility,0.03511817633528454
85,4,credit,0.03318765813881447
85,5,facility,0.030513554052805904
85,6,revolving credit,0.02937189673301642
85,7,revolving,0.0285485138085183
85,8,carlyle,0.024108718074573158
85,9,centerbridge,0.020064193591686427
85,10,credit fund,0.018952274136911494
86,1,european,0.08053329371930855
86,2,european shares,0.06650393657475855
86,3,european stocks,0.058941372946654115
86,4,european stock,0.04748026875078185
86,5,update european,0.04121574640076742
86,6,stock futures,0.03728611986216567
86,7,edge higher,0.026071393526419902
86,8,edge,0.024629848745154365
86,9,focus european,0.02325389656425062
86,10,data european,0.02057964270249675
87,1,preview expect,0.06939124888514378
87,2,expect,0.05599302822427246
87,3,reports earnings,0.05136262041434456
87,4,earnings preview,0.04778744131606941
87,5,preview,0.04693274853541315
87,6,report earnings,0.04027292666721782
87,7,earnings friday,0.03685297190304858
87,8,earnings,0.03634507174541849
87,9,expect earnings,0.03408909805288947
87,10,earnings reports,0.027877640775254318
88,1,quantum,0.1568648260818181
88,2,computing,0.1269212078537996
88,3,quantum computing,0.1264423285484259
88,4,computing stocks,0.05876060380892609
88,5,ibm,0.047191742091344434
88,6,bond trading,0.02701327957193235
88,7,ibm quantum,0.023489634834996102
88,8,breakthrough,0.023366304573695977
88,9,ionq,0.022939408312818942
88,10,computing stock,0.02291226811948847
89,1,stock moves,0.29086246257437803
89,2,know stock,0.2698314442459427
89,3,know,0.1500487418383347
89,4,moves,0.14738675608137658
89,5,moves know,0.0464079909973242
89,6,jump turn,0.041070960758201665
89,7,turn strength,0.041070960758201665
89,8,strength seen,0.041070960758201665
89,9,strength,0.03953867196420449
89,10,stock,0.028581301343428716
90,1,loan loss,0.05634492082137302
90,2,higher rates,0.049986238034825006
90,3,loan,0.045342111883480155
90,4,profit,0.04513871911944074
90,5,update profit,0.04481574976641666
90,6,higher,0.029997688360848446
90,7,loss,0.02943868295071786
90,8,loss reserves,0.028692464282524185
90,9,rates,0.027915611894394128
90,10,provisions,0.027311349482756146
91,1,jones futures,0.06179822754975324
91,2,dow jones,0.04611527112100183
91,3,jones,0.04514034991737207
91,4,dow,0.03793925049088847
91,5,futures,0.035566805699079204
91,6,today dow,0.02897984263530386
91,7,dow amp,0.028185688657008153
91,8,market today,0.02769983923038223
91,9,500 nasdaq,0.026467160010292833
91,10,nasdaq,0.023819449493597978
92,1,canadians,0.06260512899236732
92,2,gen,0.054087152930857675
92,3,poll,0.041315071130262504
92,4,young,0.021675875161718476
92,5,adults,0.018879704986431017
92,6,survey,0.01843719349309666
92,7,parents,0.016604484117658122
92,8,gen canadians,0.014397638649883181
92,9,half gen,0.014397638649883181
92,10,fraud,0.013033723184588664
93,1,press release,0.042911411884380905
93,2,sanofi,0.04052908685990909
93,3,press,0.03797124238726752
93,4,release sanofi,0.03763905240791647
93,5,release,0.026890694554277148
93,6,multiple sclerosis,0.02670357608637917
93,7,sclerosis,0.02670357608637917
93,8,multiple,0.024904986196034668
93,9,dupixent,0.024421868254187476
93,10,fda,0.022979820762447156
94,1,banks,0.033871580339412365
94,2,banking crisis,0.028534772954643593
94,3,big banks,0.02254445259668445
94,4,crisis,0.02120662471921166
94,5,big,0.01725798135855854
94,6,fail,0.0170966675611271
94,7,banks banks,0.016399992774079684
94,8,big fail,0.015641550312629156
94,9,banks big,0.014533864061949077
94,10,heard street,0.013556408130514026
95,1,merrill,0.09665292901603528
95,2,merrill lynch,0.08300182277305636
95,3,lynch,0.0809085474547849
95,4,team,0.07944588473779193
95,5,advisor team,0.07848897328511999
95,6,recruits,0.07742786676362294
95,7,advisor,0.07182665750276615
95,8,billion advisor,0.04910533654778713
95,9,team merrill,0.040841358209762604
95,10,recruits billion,0.03423275959534561
96,1,foundation,0.05686749203486314
96,2,awards million,0.055747496000353176
96,3,awards,0.05448507965394093
96,4,grant,0.05046774517812784
96,5,grants,0.04301050084147929
96,6,million grant,0.03930893542556771
96,7,foundation awards,0.03636908766182601
96,8,nonprofits,0.035826939926779315
96,9,million grants,0.03278867116918163
96,10,million,0.029624302894901717
97,1,hong kong,0.07550701208023652
97,2,kong,0.07541114004761262
97,3,hong,0.07522027275147825
97,4,mainland,0.0237227450043533
97,5,greater bay,0.0204566574473017
97,6,bay,0.017534571110082605
97,7,bay area,0.017170475477423997
97,8,centre,0.01646137383848254
97,9,greater,0.016017542721988506
97,10,kong taiwan,0.014994900844032955
98,1,dow stocks,0.11781160001645107
98,2,dow,0.0845725909245071
98,3,dow jones,0.04554352151084191
98,4,jones,0.044580687644108614
98,5,performing,0.03611694821472266
98,6,buy dow,0.03597399863885251
98,7,undervalued dow,0.03218905622890496
98,8,jones stocks,0.029245150676027742
98,9,2024 dow,0.027500157432290284
98,10,best dow,0.02664297637540765
99,1,earnings q4,0.10817417423941592
99,2,earnings q1,0.0848226976106184
99,3,corp earnings,0.07721599525185528
99,4,earnings q2,0.06979006904593095
99,5,gmt,0.058803163087863417
99,6,edited,0.058803163087863417
99,7,edited transcript,0.058803163087863417
99,8,conference presentation,0.058803163087863417
99,9,earnings q3,0.05695739492828844
99,10,gmt edited,0.055051577434840696
100,1,etfs,0.12923223019048322
100,2,etfs buy,0.038272285970294355
100,3,quality etfs,0.03011939544869838
100,4,active etfs,0.025955203245337007
100,5,growth etfs,0.024882861599118497
100,6,like etfs,0.024882861599118497
100,7,cash like,0.024095516358958704
100,8,bank etfs,0.022346685820426485
100,9,loved,0.021108274986722658
100,10,etfs loved,0.02031829279329435
101,1,49ers,0.058484352198844576
101,2,chiefs,0.0387857411613111
101,3,rams,0.03316754955242514
101,4,qb,0.032430803478386235
101,5,raiders,0.021434759427543963
101,6,roundup,0.021012189875119235
101,7,panthers,0.01998217574062793
101,8,jets,0.018952885458528648
101,9,nfl,0.018531887701934993
101,10,brock purdy,0.016849761229299806
102,1,earnings highlights,0.14684286185704568
102,2,highlights strong,0.10594941406376189
102,3,highlights,0.0852730249078025
102,4,2025 earnings,0.08412188547285569
102,5,highlights record,0.06655980334981372
102,6,2024 earnings,0.05566917228225573
102,7,q1 2025,0.04639314185509607
102,8,q3 2025,0.04350488774185229
102,9,strong revenue,0.0404535905001376
102,10,strong,0.03840154846109042
103,1,analyst blog,0.13786284839596505
103,2,zacks analyst,0.13786284839596505
103,3,blog,0.13658847736113947
103,4,blog highlights,0.1360693799975089
103,5,zacks,0.10186145882254662
103,6,highlights,0.08656073565964896
103,7,analyst,0.058163587496346356
103,8,highlights chase,0.022157399134539527
103,9,bancorp,0.01812681807138515
103,10,bancorp zacks,0.01730013578162178
104,1,robinhood,0.1760325745166227
104,2,hood,0.08146260677196164
104,3,robin hood,0.042151207790709085
104,4,robin,0.03856562054011522
104,5,investors conference,0.03831891283440941
104,6,robinhood hood,0.03437394791854486
104,7,robinhood stocks,0.028739184625807063
104,8,robinhood stock,0.025249956402496464
104,9,annual investors,0.02166838078370248
104,10,robinhood markets,0.018733870129204036
105,1,dow,0.055743133197090476
105,2,today dow,0.053006188384071756
105,3,market today,0.04644289039179771
105,4,stock market,0.034820114718718494
105,5,dow ends,0.03328207587550568
105,6,today,0.030352131988153213
105,7,jones industrial,0.024008098520847877
105,8,industrial average,0.024008098520847877
105,9,trade dow,0.023879915818882127
105,10,ends,0.022903848812215924
106,1,smart money,0.2361561677700087
106,2,money right,0.22282259375070051
106,3,smart,0.19777570858493487
106,4,money,0.1203058165559019
106,5,right,0.09101784800135325
106,6,did smart,0.04134648828344087
106,7,correctly,0.030965240270265
106,8,money play,0.030965240270265
106,9,right piling,0.028764438189794447
106,10,correctly did,0.02732747679594093
107,1,wall street,0.05210788074173637
107,2,street,0.051402619668671296
107,3,wall,0.05006139763883291
107,4,street banks,0.03377397540843762
107,5,street wall,0.027311882359817553
107,6,regulators demand,0.017221105829394567
107,7,demand capital,0.017221105829394567
107,8,creative regulators,0.017221105829394567
107,9,gets creative,0.017221105829394567
107,10,revival,0.017146610966994495
108,1,buy sell,0.26242504001284445
108,2,stock buy,0.148073666407372
108,3,sell,0.12405871146016595
108,4,buy,0.03916445502831888
108,5,stock,0.026750804420047597
108,6,sell philip,0.0188290909308441
108,7,sell general,0.0188290909308441
108,8,philip morris,0.012972008572823908
108,9,philip,0.012802312741969272
108,10,morris,0.01264242116084712
109,1,action lawsuit,0.055706603389955436
109,2,alert,0.047328129025159586
109,3,deadline,0.04674380893865723
109,4,class action,0.046616354151721905
109,5,action,0.04060662401450048
109,6,class,0.03796912410751356
109,7,shareholder alert,0.03779460082705913
109,8,lawsuit,0.036809997585508125
109,9,faruqi,0.03299747765839931
109,10,llp,0.03291925264038851
110,1,china,0.03760761709840558
110,2,property,0.03720408374521248
110,3,china big,0.03371922159409613
110,4,china banks,0.031955562599883226
110,5,chinese banks,0.02908580521470095
110,6,banks,0.02543622783778997
110,7,chinese,0.02326635604398588
110,8,state banks,0.022401452054108463
110,9,china state,0.02178296112485201
110,10,mortgage boycott,0.019223922032922183
111,1,powell,0.13758550716448162
111,2,chair powell,0.032072530540268616
111,3,fed powell,0.031062351905191705
111,4,fed chair,0.028541793058100156
111,5,chair,0.023377871451037775
111,6,fed,0.022508737939266697
111,7,powell testimony,0.022400077120171207
111,8,testimony,0.020494617344660133
111,9,jerome powell,0.01832716030872492
111,10,jerome,0.017920061696136965
112,1,companies,0.13081674602860824
112,2,companies world,0.1144191262869115
112,3,world,0.06452979768788332
112,4,valuable,0.059760879615645725
112,5,biggest,0.04909249952772196
112,6,15 biggest,0.04894216841903309
112,7,15,0.047788077289230506
112,8,20,0.045572658165066136
112,9,25 biggest,0.04317082942854581
112,10,25,0.039943209473472345
113,1,wealthfront,0.0870161105474375
113,2,robo,0.05089994482872762
113,3,wealth,0.03820887945609063
113,4,robo advisor,0.03166241248008399
113,5,wealthfront deal,0.03110357699889812
113,6,wealth management,0.02780143748706424
113,7,adviser wealthfront,0.025847115106019967
113,8,robo adviser,0.024095516358958704
113,9,wealth unit,0.02306712231643462
113,10,metaverse,0.02130943319549959
114,1,retirement,0.09463574591671994
114,2,401,0.04535247692912275
114,3,participants,0.025107408833655257
114,4,retirement savings,0.023609305463704232
114,5,retirement income,0.02206016260885341
114,6,private assets,0.021646753922737492
114,7,saving retirement,0.020835709382407364
114,8,management survey,0.020058411577280676
114,9,plan sponsors,0.020058411577280676
114,10,saving,0.018850886424689628
115,1,revenues,0.10281889875666596
115,2,amp revenues,0.08242955136438422
115,3,earnings amp,0.0775744718739088
115,4,earnings decline,0.07036505005530369
115,5,decline,0.05800041170449209
115,6,expenses,0.053712821162289766
115,7,earnings improve,0.04943044029646899
115,8,revenues increase,0.047047983584888764
115,9,increase,0.045217516112884
115,10,improve,0.043682549232247306
116,1,vaccine,0.11622902578232466
116,2,unvaccinated,0.0658524952924932
116,3,vaccinated,0.045330005121482435
116,4,require,0.04029333788576216
116,5,vaccines,0.0359875217063249
116,6,employees,0.03233234952889474
116,7,unvaccinated employees,0.028622733369873345
116,8,mandate,0.026624305146783322
116,9,dose,0.025705372647374932
116,10,vaccine mandate,0.02378553065090372
117,1,transactions shares,0.1302633038009544
117,2,declaration transactions,0.1302633038009544
117,3,declaration,0.12679989723916005
117,4,transactions,0.12401178048043429
117,5,buyback declaration,0.11476505985822255
117,6,group share,0.11404232743597299
117,7,share buyback,0.10749408715866046
117,8,2023 group,0.0895119805208247
117,9,buyback,0.08550757697200709
117,10,share,0.0669445586698954
118,1,profit,0.042983177015458986
118,2,79,0.026317699533572186
118,3,quarter profit,0.02540470605172362
118,4,beats expectations,0.023491043085626443
118,5,rises 79,0.019845274336730882
118,6,profit doubles,0.019680448676436587
118,7,quarterly profit,0.01962531598028932
118,8,beats,0.01962138903252121
118,9,profit beats,0.019001135467092704
118,10,profits,0.01875319516924775
119,1,institutional,0.10647372377119657
119,2,institutional owners,0.07148049310647908
119,3,ownership,0.06982745387057508
119,4,owners,0.06031650287593274
119,5,owners hold,0.054796256386631374
119,6,favoured,0.054796256386631374
119,7,favoured institutional,0.054796256386631374
119,8,largely controlled,0.051480654702324206
119,9,controlled institutional,0.051480654702324206
119,10,institutional investors,0.051349226042760945
120,1,iphone,0.08506476265945453
120,2,apple,0.08277290936276109
120,3,aapl,0.034123412284909616
120,4,apple stock,0.0318729579980296
120,5,iphone 17,0.02248528486602868
120,6,apple iphone,0.021646447932126646
120,7,apple aapl,0.02096150951867944
120,8,iphone maker,0.016863963649521512
120,9,says apple,0.016234835949094986
120,10,aapl stock,0.016234835949094986
121,1,oil,0.06469698658644558
121,2,russian,0.052624010101705386
121,3,russia,0.04386365217417175
121,4,ukraine,0.037604139643650475
121,5,russian supply,0.03229452313550661
121,6,russia ukraine,0.02957894811861569
121,7,oil rises,0.029252634016241504
121,8,peace,0.025647618550761152
121,9,oil prices,0.023834419616853245
121,10,peace talks,0.023094760157653854
122,1,digital,0.0665098857409497
122,2,platform,0.028566010707580847
122,3,digital transformation,0.0267524190401151
122,4,digital asset,0.025410309350318013
122,5,launches,0.02311207068669464
122,6,asset custody,0.02262746921772056
122,7,new digital,0.022293682533429247
122,8,transformation,0.021499267371047744
122,9,digital assets,0.020046025911412236
122,10,platform digital,0.018476634727301166
123,1,scandals,0.04377136113295264
123,2,problem,0.029651359437149968
123,3,remix,0.0293866827552026
123,4,culture,0.028588430405655132
123,5,problems,0.02799437784429586
123,6,corporate culture,0.026332105124565595
123,7,making progress,0.026332105124565595
123,8,scandal,0.02063971507117737
123,9,stuck,0.020245496823369763
123,10,tries,0.01866291856286391
124,1,countries,0.16356775764379355
124,2,cities,0.09861253890090795
124,3,countries world,0.06520729989286672
124,4,world,0.06356151826611124
124,5,highest,0.05151340983089154
124,6,20 countries,0.05013784498783557
124,7,countries highest,0.05013784498783557
124,8,cities highest,0.04437187259657336
124,9,25,0.041054457959596766
124,10,world 25,0.03984928711795527
125,1,axis bank,0.053177919190779264
125,2,axis,0.05089461743055773
125,3,india consumer,0.045784663734192335
125,4,retail banking,0.04058361942168269
125,5,banking business,0.034446028192363164
125,6,german,0.031030314747418172
125,7,business,0.030147125417794362
125,8,consumer,0.02975341564780148
125,9,retail,0.02780783470571749
125,10,operations,0.026714801432851255
126,1,week know,0.1333661899736985
126,2,report rebound,0.08094600503601222
126,3,day moving,0.05030729515183816
126,4,rebound,0.04808247652600587
126,5,moving average,0.04751936051889028
126,6,know,0.046290298266084155
126,7,weeks,0.04113559290441194
126,8,earnings report,0.04105031474512788
126,9,week,0.03283774336687985
126,10,average,0.03276113615860716
127,1,abortion,0.11097331099199421
127,2,travel,0.07046956311965075
127,3,abortions,0.06401572122113026
127,4,travel costs,0.05604128790480549
127,5,cover,0.05096965420773862
127,6,roe,0.04593109846207047
127,7,supreme court,0.03892437027832072
127,8,supreme,0.03812111737178501
127,9,roe wade,0.03428596341107742
127,10,ruling,0.03399479423598
128,1,best value,0.12552799868674824
128,2,income stocks,0.11414730528102343
128,3,best income,0.10378339818401801
128,4,value stocks,0.08947173179820793
128,5,stocks buy,0.06357365535435268
128,6,best,0.053904070210107326
128,7,buy april,0.052595403952028705
128,8,value,0.04941444875654963
128,9,7th,0.04690813095611816
128,10,buy july,0.04668903843702397
129,1,texas,0.15118960488488872
129,2,muni,0.09474575669161997
129,3,texas muni,0.08281539119791641
129,4,gun,0.08111056392482054
129,5,muni deal,0.06005820451851208
129,6,gun law,0.045413480119143985
129,7,muni business,0.03145791896568086
129,8,deal gun,0.02992486759865297
129,9,power sellers,0.02568018002460326
129,10,texas ag,0.02568018002460326
130,1,key metrics,0.1913745052573295
130,2,metrics,0.1831364749045848
130,3,key,0.09300879622708767
130,4,earnings key,0.07683063480065273
130,5,look key,0.07476258190599301
130,6,street estimates,0.06147962586737877
130,7,metrics say,0.055772101280403524
130,8,versus estimates,0.051542163525780456
130,9,metrics versus,0.051542163525780456
130,10,earnings taking,0.051542163525780456
131,1,rosen,0.1008138873733638
131,2,securities class,0.08365644446557242
131,3,counsel,0.0810606416334997
131,4,deadline securities,0.06331494608393355
131,5,important,0.056189050038372386
131,6,encourages,0.05369521651655728
131,7,class action,0.051802543592241755
131,8,investor counsel,0.051410960578831426
131,9,securities,0.05058411211994971
131,10,important deadline,0.048823628054451604
132,1,rides,0.0595471782130678
132,2,efforts,0.04802970971310905
132,3,aid amid,0.04796668777987058
132,4,aid,0.047894240134443884
132,5,restructuring,0.04740071446004232
132,6,strategic buyouts,0.046787683969390585
132,7,buyouts,0.04588712349086071
132,8,cost woes,0.04250863578406145
132,9,woes,0.03978181116293744
132,10,high costs,0.03789198565945491
133,1,inclusion,0.08139489159232505
133,2,india,0.06891689181683983
133,3,index,0.06511517470412444
133,4,bond index,0.056307841985581045
133,5,indian bonds,0.05340663382113197
133,6,bonds,0.04968739510881714
133,7,index inclusion,0.04855148529193816
133,8,indian,0.045593812668355015
133,9,india bond,0.03706730328924377
133,10,bond,0.033541401018765835
134,1,making biggest,0.15424009237055994
134,2,stocks making,0.15181118667724236
134,3,biggest moves,0.15045378621209074
134,4,making,0.10818881616821172
134,5,moves midday,0.09701741562859766
134,6,moves premarket,0.08310019399634361
134,7,biggest,0.07355345090961818
134,8,moves,0.0699949199473605
134,9,midday,0.06794255040670515
134,10,premarket,0.04615918602433478
135,1,earnings week,0.07222168893510568
135,2,stocks reporting,0.0559728385678525
135,3,reporting earnings,0.05483611655280793
135,4,season,0.05234716323608833
135,5,earnings season,0.05048526712129911
135,6,major earnings,0.046262064005839584
135,7,earnings open,0.03895332641788734
135,8,week,0.03699258674403255
135,9,reporting,0.03489344724800868
135,10,option volatility,0.03237026762938457
136,1,quarter,0.09719649709009891
136,2,2022 earnings,0.0738521362172055
136,3,earnings review,0.07291902492644145
136,4,quarter 2021,0.07122270668105643
136,5,quarter 2022,0.07105846062555751
136,6,2021 earnings,0.0696737541164734
136,7,earnings results,0.06742608417373636
136,8,review announce,0.06375885938872843
136,9,announce,0.0637075912796426
136,10,announce quarter,0.06142346977496817
137,1,apollo,0.19139444329932254
137,2,private credit,0.038474804148470425
137,3,private,0.0312988463452467
137,4,apollo global,0.027693328426763756
137,5,deal apollo,0.02562501315022173
137,6,credit etf,0.02265796081132372
137,7,private debt,0.021704735713973924
137,8,apollo talks,0.020143699514726835
137,9,stake novolex,0.020143699514726835
137,10,apollo funds,0.020143699514726835
138,1,share buyback,0.08047290226739505
138,2,buyback,0.07502983930080992
138,3,repurchase,0.0730129866386063
138,4,share,0.06671831223572953
138,5,million common,0.057046417988515535
138,6,common shares,0.05410536345270127
138,7,share repurchase,0.04208194935210098
138,8,completes share,0.04070161318334958
138,9,repurchases,0.03878250308250813
138,10,common,0.034059381586787014
139,1,fraser,0.1827968156543384
139,2,jane fraser,0.14970827502622003
139,3,jane,0.14737376297053692
139,4,ceo jane,0.09945779757288668
139,5,ceo fraser,0.04669901651368293
139,6,ceo,0.026757741938237038
139,7,fraser gets,0.024928826795043296
139,8,26 million,0.023239458306498314
139,9,addresses managing,0.019596430771380024
139,10,directors sources,0.019596430771380024
140,1,directors,0.13302392414231373
140,2,board directors,0.10125755397231076
140,3,board,0.07547748040116808
140,4,managing directors,0.058497437513044495
140,5,managing,0.0526303940418269
140,6,candidates election,0.04121878742964374
140,7,new managing,0.039312562285108606
140,8,nominates highly,0.035324271917596704
140,9,election,0.03505069175964603
140,10,nominates,0.0349601400037605
141,1,argentina,0.13093284966871693
141,2,peso,0.04338928039183938
141,3,milei,0.03337538998746545
141,4,argentine,0.03269758729726493
141,5,20 billion,0.026107497262357723
141,6,chile,0.02510158749559211
141,7,20b,0.023991544335834825
141,8,imf,0.022574033207201145
141,9,new imf,0.020230619469482937
141,10,ypf,0.019301688707812646
142,1,survey finds,0.05801187991935711
142,2,survey,0.057138058410853454
142,3,finds,0.04361701480323542
142,4,business leaders,0.0423812175584976
142,5,small,0.04042289713484564
142,6,small business,0.03520798630667177
142,7,holiday season,0.03092103600290619
142,8,optimistic,0.030707152209712568
142,9,holiday,0.029933877639464746
142,10,leaders,0.028043750073542588
143,1,horizon,0.1736737492582466
143,2,13 4b,0.05907175191295346
143,3,4b,0.052354336167357414
143,4,acquisition horizon,0.041726258719203844
143,5,13,0.040686913795308005
143,6,brick,0.03488626490960703
143,7,deal horizon,0.031652261929418925
143,8,fhn,0.02980447051371703
143,9,horizon deal,0.028426117712587712
143,10,deal,0.0263480671759545
144,1,spurs,0.10025730524675339
144,2,warriors,0.05171832912870507
144,3,nba,0.05171832912870507
144,4,lakers,0.04496404707898803
144,5,clippers,0.03496784600485136
144,6,wizards,0.033861390985564684
144,7,rockets,0.029663425415263418
144,8,wembanyama,0.02905832794501392
144,9,nba roundup,0.02905832794501392
144,10,mavs,0.02905832794501392
145,1,research reports,0.11749568357362909
145,2,stock reports,0.11629026284700618
145,3,analyst reports,0.09606619267134607
145,4,reports,0.09019394956820379
145,5,research,0.05959931974726896
145,6,reports chase,0.04169279700765417
145,7,amp,0.03692840862244266
145,8,reports apple,0.032815525781095506
145,9,reports nvidia,0.030591694084345096
145,10,salesforce amp,0.025796126888873012
146,1,financial advisor,0.10121039911216637
146,2,private wealth,0.0758823790863955
146,3,joins,0.07055228098972789
146,4,advisor,0.06353099133996747
146,5,joins financial,0.0489407913206102
146,6,joins private,0.04753137775912499
146,7,york city,0.03723268219934578
146,8,ca financial,0.035909841118383565
146,9,join,0.03412823912115774
146,10,wealth management,0.03280098285862793
147,1,gold,0.053989497933800194
147,2,project,0.03834973503605278
147,3,meters,0.034280828996032284
147,4,metres,0.03198133321488313
147,5,gold project,0.03198133321488313
147,6,metals,0.02895753533052588
147,7,drilling,0.02589832840951737
147,8,high grade,0.02589832840951737
147,9,copper,0.024179929979633082
147,10,grade,0.023260291367852532
148,1,q3,0.034352662762372844
148,2,beats estimates,0.03178918155144035
148,3,earnings beat,0.028477616305629148
148,4,beat,0.02661610023948978
148,5,estimates,0.025931727913663546
148,6,q4,0.025908360110063387
148,7,q4 profit,0.024946143166126776
148,8,profit,0.024190276199034477
148,9,profit increases,0.022909942934881335
148,10,q1 profit,0.022355992980815812
149,1,twitter,0.13759045354041588
149,2,musk,0.13447671738595224
149,3,elon musk,0.07307468639953181
149,4,elon,0.07170779838255711
149,5,musk twitter,0.05600917716257314
149,6,twitter deal,0.037579639385751346
149,7,billion twitter,0.030508609532394225
149,8,musk tweets,0.029543253984217435
149,9,tweets,0.0287275820998314
149,10,twitter bid,0.0253526963260961
150,1,publishes,0.08516852758623492
150,2,annual report,0.07362372778889878
150,3,srep,0.06835963785422776
150,4,annual general,0.05662456562689214
150,5,general meeting,0.049123782061310434
150,6,annual,0.04712582957350237
150,7,transparency,0.0457607691960885
150,8,wide transparency,0.04514241190660125
150,9,transparency exercise,0.04514241190660125
150,10,notification,0.0428678252774059
151,1,preferred stock,0.1584162158920664
151,2,declares,0.1543644199368951
151,3,stock dividends,0.1506152080651642
151,4,preferred,0.14765599699383558
151,5,dividends,0.13655048938271408
151,6,declares preferred,0.1310033280761818
151,7,dividends declares,0.06501592628941416
151,8,cumulative perpetual,0.050615928864426125
151,9,perpetual preferred,0.04865871556620256
151,10,declares dividends,0.047810890338024575
152,1,ib,0.11651437743747851
152,2,aid,0.11599792705052914
152,3,earnings ib,0.11093423630912773
152,4,hurt,0.09367998639309896
152,5,ib hurt,0.08662299939538609
152,6,trading aid,0.07798117211141756
152,7,rates aid,0.058774253951768024
152,8,higher rates,0.05362657053820008
152,9,aid q4,0.05267291597964814
152,10,trading,0.04627944000670215
153,1,gorman,0.17977391203976734
153,2,james gorman,0.13172428584786317
153,3,ted pick,0.12017817206723809
153,4,ted,0.11826072071247437
153,5,james,0.09566763661749023
153,6,pick,0.07576647816685093
153,7,ceo gorman,0.06476950551245589
153,8,ceo ted,0.0513384395592754
153,9,gorman step,0.04395288853620333
153,10,new ceo,0.03961586786731966
154,1,equities traded,0.16620786251919833
154,2,traded american,0.16069106037754585
154,3,depositary receipts,0.15811464674619002
154,4,american depositary,0.14777683208572084
154,5,traded,0.13080357839535078
154,6,trading european,0.12790292138878212
154,7,european equities,0.12708807559371996
154,8,receipts,0.12655629605780574
154,9,equities,0.11532329993554342
154,10,depositary,0.10767655613797664
155,1,women,0.06950050322427227
155,2,black women,0.061692936475176166
155,3,black,0.05870177231400168
155,4,million black,0.04344105144572734
155,5,racial,0.036343275083647146
155,6,initiative,0.02504038035227108
155,7,racial equity,0.023774157312658327
155,8,women announces,0.02322968572819516
155,9,advance racial,0.020539982001307095
155,10,philanthropic,0.018661462586520787
156,1,esg,0.17043013504697688
156,2,esg funds,0.02841803390900536
156,3,new esg,0.023512043931855877
156,4,securities lending,0.021313525431754018
156,5,following esg,0.01749299249422704
156,6,investments policies,0.01749299249422704
156,7,esg data,0.01749299249422704
156,8,esg ratings,0.01749299249422704
156,9,management following,0.01749299249422704
156,10,managers esg,0.01749299249422704
157,1,bragar eagel,0.10769148985081509
157,2,bragar,0.10769148985081509
157,3,squire,0.10769148985081509
157,4,eagel,0.10769148985081509
157,5,investors contact,0.10356819982038422
157,6,firm bragar,0.09214837937554349
157,7,contact firm,0.08820945526781968
157,8,encourages investors,0.0862936531899677
157,9,contact,0.0807918581393272
157,10,squire reminds,0.07785474653709525
158,1,wall st,0.15978882045381193
158,2,st,0.14861606721353107
158,3,stocks wall,0.12972695024766592
158,4,st ends,0.04349435780465858
158,5,wall,0.03797496658448665
158,6,earnings stocks,0.03681824617201367
158,7,st slips,0.03546927521866718
158,8,st set,0.03546927521866718
158,9,cues,0.02787501395486534
158,10,cues stocks,0.026905905876272694
159,1,asian stocks,0.12880059429287335
159,2,asian,0.1271150610298862
159,3,asia stocks,0.027079327176908547
159,4,asian currencies,0.02606910471735116
159,5,markets wrap,0.025363767765944702
159,6,wrap,0.023752700094296777
159,7,asia,0.021025977999015993
159,8,wrap asian,0.02030949538268141
159,9,currencies,0.017320692759671588
159,10,stocks drop,0.016585928898477594
160,1,bdc gsbd,0.22596613382585712
160,2,gsbd,0.22218073486403014
160,3,bdc,0.22211181227807372
160,4,know bdc,0.09361421476123778
160,5,estimates bdc,0.06780909043526753
160,6,gsbd stock,0.058841087353927894
160,7,know,0.03419039691783185
160,8,gsbd rises,0.032022667440075744
160,9,facts,0.02947997148439613
160,10,stock bdc,0.025172864762698907
161,1,places,0.18985299678609957
161,2,retire,0.18008575579661043
161,3,places retire,0.16686947168025842
161,4,best places,0.16382219243223364
161,5,15 best,0.08607892277343532
161,6,live social,0.06793739618467756
161,7,cities retire,0.06094318302466648
161,8,couple live,0.06094318302466648
161,9,social security,0.060655445748044816
161,10,15,0.0511740280150375
162,1,comments euro,0.1710726556145038
162,2,euro,0.1420254962009824
162,3,comments,0.12309414282576142
162,4,poland zloty,0.1076890573580592
162,5,zloty,0.1076890573580592
162,6,koruna,0.10299263510423605
162,7,republic koruna,0.10299263510423605
162,8,czech republic,0.10170633194927813
162,9,czech,0.09933752302754066
162,10,poland,0.0963650438154488
163,1,recession,0.061748532923442206
163,2,ceo,0.049233527319489934
163,3,soft landing,0.0434446913106917
163,4,landing,0.041195617649437195
163,5,ceo says,0.04052271028427636
163,6,ceo sees,0.038920541563733514
163,7,soft,0.03777623018766031
163,8,landing ceo,0.03733472181980662
163,9,recession ceo,0.035941911198726716
163,10,resilient,0.031058154733904733
164,1,inflation,0.09288127363871843
164,2,says inflation,0.03991229185432275
164,3,transitory,0.034824676014095134
164,4,inflation transitory,0.030199330512416557
164,5,strategist says,0.02494339994027899
164,6,strategist,0.023136102158484374
164,7,economist,0.022590548805725114
164,8,signs inflation,0.021436662299688852
164,9,transitory survey,0.021436662299688852
164,10,2026 inflation,0.021436662299688852
165,1,saudi,0.08756088734916674
165,2,dubai,0.0694477921191036
165,3,saudi arabia,0.06051676143769672
165,4,arabia,0.06051676143769672
165,5,uae,0.04403538592185914
165,6,riyadh,0.02364916046432621
165,7,expands dubai,0.02364916046432621
165,8,private banking,0.01984222631974388
165,9,hq,0.018345318521743134
165,10,gulf,0.016907046205647376
166,1,bonus,0.13102557527156933
166,2,bonuses,0.11476544179818686
166,3,bonus pool,0.06637371552824362
166,4,pool,0.0529963137858517
166,5,bonus cap,0.04058423649510745
166,6,banker bonus,0.027377787223665233
166,7,banker bonuses,0.026120679462981494
166,8,bankers,0.024968907144130786
166,9,banker,0.02019010822976277
166,10,return bonuses,0.01943382085855004
167,1,bank stock,0.08173578248238356
167,2,best bank,0.06439023845977873
167,3,according analysts,0.06419222420475604
167,4,european bank,0.05252091071298221
167,5,according,0.04327512594673255
167,6,best european,0.042984647147687
167,7,buy according,0.04079667026551567
167,8,according billionaires,0.039909272646415334
167,9,buy 2025,0.03691317811316804
167,10,stock buy,0.03635081738753428
168,1,mortgage,0.098415640536058
168,2,mortgage business,0.07140581995662015
168,3,hundreds mortgage,0.05640196223296258
168,4,mortgages,0.0519700123624095
168,5,servicing,0.04728321523956908
168,6,mortgage servicing,0.04715624779882798
168,7,commercial mortgage,0.04143100148904412
168,8,trimont,0.04028711588068755
168,9,servicing business,0.03842397729555448
168,10,hundreds,0.03746922146062185
169,1,messaging,0.10883755571546445
169,2,whatsapp,0.10683097721974796
169,3,apps,0.07966432905062001
169,4,messaging apps,0.07518503446598823
169,5,fines,0.06968208574375061
169,6,use,0.057351001989257896
169,7,banned messaging,0.0381256328950637
169,8,apps wall,0.031682453177764185
169,9,use banned,0.031682453177764185
169,10,messaging breaches,0.031682453177764185
170,1,prime,0.2308305011781587
170,2,prime rate,0.22553123185219828
170,3,increases prime,0.12387671402685994
170,4,raises prime,0.103816720138961
170,5,percent,0.10239538710240446
170,6,bank increases,0.09910137122148796
170,7,prime lending,0.0968528830042198
170,8,decreases prime,0.08972961345341796
170,9,percent bank,0.08972961345341796
170,10,rate 00,0.08972961345341796
171,1,voting rights,0.23078102441882453
171,2,voting,0.21338455809026916
171,3,rights,0.2082336564239304
171,4,amp voting,0.17764943347790804
171,5,shares amp,0.17340024855387104
171,6,rights 31,0.12892076308293193
171,7,rights 30,0.10057621266138911
171,8,31,0.09815411344017523
171,9,shares voting,0.09550778056538294
171,10,2022 shares,0.08831945657307302
172,1,chase reports,0.08489614459699825
172,2,results chase,0.07153112046618883
172,3,chase,0.05175712550958586
172,4,financial results,0.04125087862970089
172,5,expectations chase,0.039008159820983185
172,6,expect chase,0.03442552271696454
172,7,chase publishes,0.03442552271696454
172,8,report including,0.03442552271696454
172,9,including chairman,0.03442552271696454
172,10,ceo letter,0.03314124279363113
173,1,card,0.047288976776497516
173,2,credit card,0.03945161497179938
173,3,sapphire reserve,0.038734255422072573
173,4,sapphire,0.038209795868701255
173,5,rewards,0.034830733000277364
173,6,annual fee,0.03466242502521049
173,7,cards,0.03171405187545164
173,8,bonvoy,0.030459329302469126
173,9,marriott bonvoy,0.030459329302469126
173,10,platinum,0.030140126960988507
174,1,minimum,0.23404252219228017
174,2,wage,0.1972209067273473
174,3,minimum wage,0.14552906156145715
174,4,hourly,0.13968245426245365
174,5,minimum hourly,0.12395027094987708
174,6,hourly wage,0.11305035514313101
174,7,raises minimum,0.08401875675096417
174,8,25 2025,0.0812089918489697
174,9,hour,0.07738475975251327
174,10,wage 25,0.07638068795542197
175,1,rupee,0.17458886514916064
175,2,record low,0.05873349906413578
175,3,indian rupee,0.041358458329139695
175,4,rupee ends,0.03976190989151171
175,5,rbi,0.03879206436073541
175,6,low,0.03398538058425556
175,7,indian,0.025892648322664545
175,8,inflows,0.02568552453609119
175,9,modest inflows,0.022352543800012732
175,10,rupee hits,0.022352543800012732
176,1,warner,0.09650348898040566
176,2,netflix,0.09245544620904451
176,3,warner bros,0.0833667029855627
176,4,bros,0.07977638170598453
176,5,paramount,0.04386061923881613
176,6,discovery,0.038378041833964115
176,7,bros discovery,0.03609166189044239
176,8,streaming,0.03496668328040818
176,9,bid,0.02194829376703997
176,10,disney,0.020894310037919278
177,1,homebuyers,0.04913215680165891
177,2,housing,0.04785738889675831
177,3,bank survey,0.038271456484621054
177,4,housing market,0.038271456484621054
177,5,home,0.03685214670453699
177,6,homeowners,0.035339662601092454
177,7,time homebuyers,0.02877790982250474
177,8,prospective,0.027704319971033016
177,9,homebuilder sentiment,0.02262217641521192
177,10,survey,0.022111288022722192
178,1,indonesia,0.07160740887177347
178,2,pmi shows,0.04960120138704835
178,3,pmi,0.0426560183468637
178,4,thai,0.04054913043038069
178,5,thailand,0.04004594155508521
178,6,sri lanka,0.03767756633621922
178,7,lanka,0.03767756633621922
178,8,sri,0.03709982369127729
178,9,india,0.028375500169369273
178,10,rupiah,0.024579009499620812
179,1,regulators,0.051104110596600805
179,2,rules,0.04299081673335429
179,3,capital rules,0.04143503307114105
179,4,capital requirements,0.03832429434466295
179,5,requirements,0.036380592474455034
179,6,capital,0.034057174541323856
179,7,bank capital,0.032995054710221086
179,8,rule,0.032318887302517904
179,9,capital rule,0.030050069507902944
179,10,leverage,0.026657488895637533
180,1,asia,0.09862311522498651
180,2,asia expansion,0.031663431632142136
180,3,asia hiring,0.02745795643954712
180,4,focus asia,0.02619716754340018
180,5,middle east,0.025674836764925504
180,6,asia middle,0.025219854966310074
180,7,asia wealth,0.022649331272606495
180,8,east,0.022530156903559116
180,9,middle,0.02118614984699323
180,10,asian,0.01951969057507665
181,1,option activity,0.2770131791080147
181,2,activity,0.19849533913622225
181,3,option,0.19156021765156062
181,4,noteworthy,0.1542635830544794
181,5,notable,0.12033107911261817
181,6,wednesday option,0.09004950512348363
181,7,tuesday option,0.09004950512348363
181,8,friday option,0.08682236101936282
181,9,monday option,0.06746117051393563
181,10,notable tuesday,0.06746117051393563
182,1,payment,0.07436134553492907
182,2,payments,0.0634211089220112
182,3,real time,0.03743904998163011
182,4,dandelion,0.030783080313363135
182,5,mellon,0.03064974579325253
182,6,payment solutions,0.026614181951295026
182,7,solutions,0.024299365979263438
182,8,payment platform,0.023087310235022352
182,9,global payment,0.02152273703159892
182,10,collaborate,0.020303078027815353
183,1,archegos,0.18760897824621517
183,2,nomura,0.06770259444888801
183,3,archegos collapse,0.04134023925881695
183,4,hit archegos,0.03758900369228539
183,5,archegos loss,0.03639960981885251
183,6,archegos related,0.030693591240934015
183,7,million archegos,0.030693591240934015
183,8,sped,0.030693591240934015
183,9,archegos losses,0.030693591240934015
183,10,losses archegos,0.030693591240934015
184,1,branches,0.17700350848084664
184,2,close,0.0657143367908188
184,3,branch,0.052689016742214524
184,4,philadelphia area,0.05249059175910941
184,5,area branches,0.05249059175910941
184,6,branches close,0.04459588593395412
184,7,area,0.04218239212177777
184,8,philadelphia,0.04184496133161264
184,9,permanently close,0.036415115045069286
184,10,plans open,0.03474303967406277
185,1,jp morgan,0.13750060100154743
185,2,jp,0.13750060100154743
185,3,morgan,0.13327005591442953
185,4,trade jp,0.024514750651255794
185,5,explainer massive,0.024514750651255794
185,6,morgan fund,0.024514750651255794
185,7,fund markets,0.024514750651255794
185,8,massive options,0.024514750651255794
185,9,morgan stock,0.02251655025096703
185,10,options trade,0.019439633914928964
186,1,revlon,0.22878927025681148
186,2,revlon lenders,0.06363366972953963
186,3,revlon transfer,0.050317107690766714
186,4,million revlon,0.050317107690766714
186,5,errant,0.04892788191120606
186,6,botched,0.0466208973706772
186,7,500 million,0.04425279435219455
186,8,errant 500,0.0433010581749366
186,9,revlon loan,0.0433010581749366
186,10,freeze botched,0.0433010581749366
187,1,teams,0.1350933981056036
187,2,management teams,0.12641441291797062
187,3,teams list,0.11226709419344619
187,4,forbes,0.08331441206666966
187,5,named forbes,0.07936840068846494
187,6,forbes best,0.07890905474261495
187,7,list advisor,0.07500310166165425
187,8,wealth management,0.07231968760104858
187,9,state wealth,0.07105567700536693
187,10,named,0.06877931074234075
188,1,10 stock,0.14362348763223226
188,2,stock picks,0.1308011084567858
188,3,picks,0.09497757882577976
188,4,capital 10,0.05958168657331995
188,5,portfolio 10,0.05540937674079077
188,6,10,0.049062138561373175
188,7,capital,0.035628695005749424
188,8,picks 10,0.03242297422001961
188,9,new stock,0.029727776001840393
188,10,cooperman,0.029209801818208415
189,1,rating,0.1169681214054596
189,2,buy rating,0.09704508509501475
189,3,rating upgraded,0.08131443160578053
189,4,stock rating,0.07481532958820837
189,5,pt,0.058216825200629006
189,6,maintains buy,0.053588038753677396
189,7,maintains,0.045317399922180146
189,8,upgraded,0.042990214849565916
189,9,know rating,0.039827858502264495
189,10,rating upgrade,0.03730464006977843
190,1,ago,0.2117358999867308
190,2,years ago,0.20372961026866435
190,3,years,0.10387843470991877
190,4,ago delivered,0.09892565957038603
190,5,invested years,0.0942114981273937
190,6,invested,0.09042355873223142
190,7,delivered,0.08369619931679201
190,8,investing years,0.07320254672788759
190,9,shareholders endured,0.06452658104251127
190,10,loss investing,0.06452658104251127
191,1,recession,0.11212359543241415
191,2,odds,0.05195938537861485
191,3,probability,0.04662294532607063
191,4,odds recession,0.041531430842651665
191,5,chance,0.03971533228910509
191,6,chance recession,0.03910691465597302
191,7,35,0.03759245289275723
191,8,recession probability,0.03391281057542619
191,9,35 chance,0.03391281057542619
191,10,recession risk,0.03273502751744042
192,1,common stock,0.12471373255496508
192,2,common,0.12446275618830467
192,3,stock dividend,0.08182695347081548
192,4,dividend common,0.056742753816378666
192,5,quarter dividend,0.055590396010205566
192,6,corporation declares,0.055325808697709915
192,7,increase quarterly,0.051915938517092294
192,8,repurchase,0.050026951814794725
192,9,repurchase program,0.04773005025880083
192,10,percent,0.04757793915157115
193,1,boe,0.09854061730483159
193,2,uk inflation,0.05724056210047054
193,3,sterling,0.05451756423838973
193,4,inflation,0.037646582967867596
193,5,uk,0.029123730152093633
193,6,boe rate,0.028026503397655653
193,7,bets sterling,0.026010796460763777
193,8,bets,0.020983342942288107
193,9,rate,0.019800422292845496
193,10,rate cut,0.01973759611457987
194,1,bank earnings,0.09620655998207023
194,2,stocks earnings,0.048679458922433666
194,3,big bank,0.034985154043923605
194,4,earnings bank,0.03487431402322005
194,5,earnings,0.032053185808844954
194,6,earnings friday,0.031023786326027095
194,7,reports trading,0.028263624815513328
194,8,lead reports,0.028263624815513328
194,9,bank stocks,0.028111023728121496
194,10,bank,0.027349417709749396
195,1,2026,0.05168930795367336
195,2,2026 stock,0.04223926605923606
195,3,stock double,0.030960706725062206
195,4,2026 unveils,0.026051208000208957
195,5,stock 2022,0.02446677657953122
195,6,wall worry,0.02446677657953122
195,7,dollar stock,0.023343333897119792
195,8,market 2026,0.02064047115004147
195,9,stock year,0.01940159157850053
195,10,high stock,0.01846520905182294
196,1,institutional,0.09394558498230832
196,2,institutional owners,0.09214743885507022
196,3,owners,0.07775563680614696
196,4,institutional investors,0.06255491520858741
196,5,adds year,0.0555107127469976
196,6,year losses,0.0545434989158595
196,7,drop adds,0.047244258712972866
196,8,past year,0.04641699525798006
196,9,amp institutional,0.04525668297807329
196,10,severe,0.04260286617065854
197,1,earnings report,0.3160445990660665
197,2,report goldman,0.1756658327378649
197,3,report earnings,0.15124721348355136
197,4,report,0.1323363034047921
197,5,goldman earnings,0.11322893091813574
197,6,rjf earnings,0.07821930243559486
197,7,financial rjf,0.07821930243559486
197,8,report raymond,0.07821930243559486
197,9,report continue,0.07109617696359721
197,10,rjf,0.07090532395001009
198,1,stocks q3,0.11227185933040117
198,2,amp brokerage,0.10004616179826312
198,3,brokerage stocks,0.09879665795333
198,4,banking amp,0.092521245594872
198,5,diversified banks,0.08589083586264065
198,6,vs rest,0.0760062593475098
198,7,brokerage,0.07348614477856884
198,8,stocks q2,0.06748565674921767
198,9,rest,0.06538842028628676
198,10,custody bank,0.06446172494547316
199,1,brazil,0.13244378595653092
199,2,brazil economy,0.032906051369457144
199,3,brazil inflation,0.032906051369457144
199,4,south africa,0.03045286202636353
199,5,brazil economic,0.025867288618221632
199,6,cycle,0.024924521809077185
199,7,africa,0.023782276935876787
199,8,rate,0.023383274568076765
199,9,rate hike,0.020030823777289677
199,10,hike,0.019921243887937718
200,1,best momentum,0.2757241746894539
200,2,momentum stocks,0.25347171680236047
200,3,momentum,0.18275444535242238
200,4,momentum stock,0.059640403953496575
200,5,best,0.05651693552782739
200,6,buy march,0.04551014134785598
200,7,stocks buy,0.04550380557742769
200,8,buy september,0.0400582624021306
200,9,14th best,0.035081794179205254
200,10,4th best,0.035081794179205254
201,1,amazon,0.08051113187073632
201,2,meta,0.05612886330546284
201,3,amzn,0.04137447990051457
201,4,meta platforms,0.0315888571748904
201,5,platforms meta,0.02826645407921378
201,6,meat,0.027903096327473693
201,7,amazon amzn,0.0272119446160976
201,8,com amzn,0.0272119446160976
201,9,platforms,0.027090326358473055
201,10,facebook,0.023438766004895303
202,1,overdraft,0.18972394833556233
202,2,overdraft fees,0.15561674475878848
202,3,fees,0.1196417483381458
202,4,nsf,0.06375885938872843
202,5,nsf fees,0.05013784498783557
202,6,overdraft fee,0.03342522999189038
202,7,fee,0.029038237194105435
202,8,reduce overdraft,0.028985756179614654
202,9,90,0.02608511023575302
202,10,remove,0.02298503855474599
203,1,stock futures,0.08350389581298699
203,2,futures,0.08271614261940725
203,3,stock index,0.047143280099448855
203,4,index futures,0.047143280099448855
203,5,news live,0.0401037291166205
203,6,stocks futures,0.0401037291166205
203,7,market news,0.03926451549534411
203,8,tap stock,0.036386060291486645
203,9,updates stock,0.03523473003694373
203,10,live updates,0.034871521144435376
204,1,inflation,0.041394837524799076
204,2,inflation data,0.039550121773676006
204,3,hopes stocks,0.03752758375161172
204,4,open higher,0.03505173239497613
204,5,stocks wall,0.03256909550923753
204,6,open,0.03206581337440252
204,7,hopes,0.0318523461184567
204,8,stocks rising,0.0308356922401357
204,9,data,0.029684222968047253
204,10,set open,0.029209776995813442
205,1,moving today,0.15675663246328717
205,2,stocks moving,0.14740874009447194
205,3,moving,0.09840024292787948
205,4,moved today,0.08626187322873405
205,5,stocks moved,0.08501206469410108
205,6,moved,0.076523115099854
205,7,today,0.05963703008080174
205,8,today nvidia,0.04351474897099925
205,9,today asml,0.0335539904962819
205,10,today tesla,0.032302223988729076
206,1,cross yield,0.13134197739571027
206,2,yield mark,0.13134197739571027
206,3,shares cross,0.12953686526817096
206,4,stock series,0.12153998725526985
206,5,preferred,0.11331415965157815
206,6,preferred stock,0.08931803248151789
206,7,cross,0.08841716507571491
206,8,yieldboost,0.08739826700107477
206,9,using options,0.0856233430072446
206,10,mark,0.08264757843536397
207,1,know chase,0.10019337101056396
207,2,chase amp,0.09209060083434276
207,3,facts,0.059326252717112685
207,4,chase,0.04982776750841816
207,5,know,0.033998077972446014
207,6,facts note,0.03213683402467997
207,7,broader,0.031144572090034423
207,8,need know,0.030621670531338976
207,9,facts chase,0.030395112233728823
207,10,broader market,0.030142664504428804
208,1,jobs,0.057377679946663124
208,2,job cuts,0.04997918145310835
208,3,slash,0.041966980721892665
208,4,job,0.0413590407404664
208,5,workforce,0.040439468946377566
208,6,plans cut,0.03690675270383679
208,7,cut,0.0326395517526634
208,8,cuts,0.032154484319281126
208,9,ib,0.03206227345339321
208,10,plans,0.03174030751812223
209,1,moving markets,0.13253018689736798
209,2,moving,0.09916962754336495
209,3,markets,0.048720932768043845
209,4,markets fed,0.026725566272626903
209,5,markets earnings,0.023628478658422197
209,6,markets bank,0.022249098564560782
209,7,president trump,0.020399615836653853
209,8,markets cpi,0.018260860477512724
209,9,markets retail,0.017150237081125452
209,10,markets big,0.017150237081125452
210,1,recession,0.13396319221599223
210,2,economy,0.03305605359586128
210,3,recession fears,0.03191961703476627
210,4,recession risks,0.030493823033801028
210,5,worried recession,0.030493823033801028
210,6,worried,0.0297984995485527
210,7,economy right,0.02433668608429027
210,8,recession key,0.02433668608429027
210,9,recession watch,0.02433668608429027
210,10,points economy,0.02433668608429027
211,1,china tech,0.06620834187343667
211,2,china,0.04784251087102031
211,3,crackdown,0.04711333965299251
211,4,tech,0.0415314160164466
211,5,tech rout,0.0383420388246851
211,6,china crackdown,0.03521629635282535
211,7,rout,0.032970015184338314
211,8,rout deepens,0.027846613020850022
211,9,crackdown makes,0.02087232526233799
211,10,street chiefs,0.02087232526233799
212,1,amp p500,0.11048618259150814
212,2,p500,0.11048618259150814
212,3,p500 stocks,0.09235424565680861
212,4,500 stocks,0.08875487073482306
212,5,session,0.06276772069992506
212,6,amp 500,0.05618866784809657
212,7,index weight,0.05248373230344235
212,8,today session,0.05248373230344235
212,9,500,0.047404112545885835
212,10,session amp,0.04198698584275388
213,1,stress,0.13083274061989908
213,2,stress test,0.09694228562851148
213,3,test,0.07628298964690988
213,4,fed stress,0.0682166073509349
213,5,stress tests,0.06601071777179297
213,6,tests,0.05380945007887205
213,7,test results,0.04950803832884474
213,8,boost dividends,0.04352385457085774
213,9,dividends,0.03980061719421887
213,10,increase quarterly,0.03893695388781922
214,1,oil,0.06865124514000852
214,2,china,0.04289502867705038
214,3,chinese demand,0.0406289705611371
214,4,demand,0.03529054099719774
214,5,concerns oil,0.03250317644890968
214,6,china stimulus,0.03178118800039083
214,7,china covid,0.024991668495477366
214,8,demand oil,0.024377382336682265
214,9,oil steadies,0.024053027941520214
214,10,oil advances,0.022914206386626595
215,1,dodgers,0.08387659303395746
215,2,brewers,0.07693061782884413
215,3,mlb,0.07296442414856669
215,4,mlb roundup,0.06403674561475108
215,5,mets,0.05353949623183346
215,6,padres,0.052350230995567626
215,7,phillies,0.04857631399320299
215,8,wild card,0.047039258881808134
215,9,shohei ohtani,0.040366983490450814
215,10,ohtani,0.040366983490450814
216,1,greensky,0.23935327120153183
216,2,greensky sale,0.06664294349678077
216,3,sell greensky,0.06114009153201597
216,4,sixth street,0.04804949901428322
216,5,goldman greensky,0.04637900092081255
216,6,sale greensky,0.03854101331640781
216,7,sixth,0.0384414831491327
216,8,sale,0.03710695503315508
216,9,led consortium,0.037103200736650035
216,10,street led,0.037103200736650035
217,1,vs,0.07417445326291887
217,2,goldman vs,0.06164124611784614
217,3,bank stock,0.06161036333457251
217,4,upside,0.05307777551809432
217,5,stock smarter,0.0528977544187504
217,6,vs pnc,0.0528977544187504
217,7,banking stock,0.05230444470887763
217,8,performance compared,0.04677286367038223
217,9,stock performance,0.04319941865353662
217,10,smarter,0.04319941865353662
218,1,tender,0.11904330002604091
218,2,cash tender,0.11032502603641899
218,3,bank plc,0.10127466813036674
218,4,tender offer,0.07803493326468006
218,5,tender offers,0.06875533774465864
218,6,offer,0.06507400511107768
218,7,plc announces,0.06384424219146874
218,8,offers consent,0.06095344594431034
218,9,consent solicitations,0.05995976758814713
218,10,solicitations,0.05904035271916767
219,1,series preferred,0.17677333331815798
219,2,preferred stock,0.15754152216471018
219,3,redemption series,0.14388668520500317
219,4,preferred,0.14133418887996327
219,5,depositary shares,0.12773723237720533
219,6,series,0.10957928088939577
219,7,redemption,0.10505255941204152
219,8,announces redemption,0.10345191024982028
219,9,related depositary,0.08594314832447017
219,10,stock related,0.08594314832447017
220,1,sofi,0.2907973013666058
220,2,sofi stock,0.15127769172761243
220,3,sofi technologies,0.10042751449868564
220,4,buy sofi,0.06878400494634707
220,5,technologies,0.05279997409763348
220,6,technologies stock,0.038910193094769174
220,7,today sofi,0.03866759638806326
220,8,sofi sofi,0.02744776760434387
220,9,sell sofi,0.02744776760434387
220,10,stock skyrockets,0.025778397592042177
221,1,hydrogen,0.14434683432271192
221,2,hydrogen stocks,0.12193278700920458
221,3,energy stocks,0.10166675503491038
221,4,energy,0.056460349124907896
221,5,lithium stocks,0.04565980368983374
221,6,solar stocks,0.03316127475047547
221,7,green energy,0.03145312353182264
221,8,lithium,0.03056254628954471
221,9,solar,0.026703908200852753
221,10,best hydrogen,0.02646554132824409
222,1,nii,0.10881867219422374
222,2,ib,0.08310541279119521
222,3,earnings beat,0.07440631588334783
222,4,ib amp,0.051358776341524415
222,5,beat,0.050997867584208524
222,6,amp trading,0.04945544793081437
222,7,solid,0.04760853047449516
222,8,solid ib,0.04218912303068477
222,9,nii view,0.04041421789941945
222,10,higher nii,0.0377428873019261
223,1,asset cap,0.20424865394475258
223,2,cap,0.10629401619221988
223,3,asset,0.06926345574139861
223,4,cap lifted,0.05564182797106281
223,5,fed lifts,0.0476847375628621
223,6,fed asset,0.04092090436167484
223,7,lifts asset,0.04092090436167484
223,8,lifted,0.04048426793711038
223,9,lifting asset,0.03939430747167474
223,10,lifting,0.037870197202596156
224,1,amd,0.07252920335919087
224,2,amd stock,0.0718191383282241
224,3,chip,0.0656880290142607
224,4,broadcom,0.0555369641326471
224,5,avgo,0.03694169826272344
224,6,strength chip,0.03428479752872154
224,7,chip makers,0.030493823033801028
224,8,broadcom avgo,0.029651906496462172
224,9,ai chip,0.02550003290571194
224,10,openai,0.024944862749210858
225,1,zacks bull,0.2160003211677827
225,2,bull bear,0.2160003211677827
225,3,highlighted zacks,0.2160003211677827
225,4,bear day,0.21453427605850517
225,5,highlighted,0.21310624736720282
225,6,bear,0.16224767526583173
225,7,bull,0.14421757089207132
225,8,zacks,0.10832560457065626
225,9,day,0.09655956138969267
225,10,tri pointe,0.02026205066682919
226,1,raises,0.07096505609938915
226,2,management raises,0.05639055806872652
226,3,led asset,0.0422929185515449
226,4,series funding,0.04096550720180112
226,5,led,0.037473244387340954
226,6,raises billion,0.036704640125806154
226,7,impact developers,0.0345251624353928
226,8,developers fund,0.0345251624353928
226,9,investment trufund,0.0345251624353928
226,10,trufund impact,0.0345251624353928
227,1,softbank,0.18634545741889422
227,2,wireless,0.02944471955895689
227,3,unicorn,0.029203200669411403
227,4,wireless stock,0.022755841518131245
227,5,softbank buybacks,0.022755841518131245
227,6,kitopi,0.022755841518131245
227,7,loss softbank,0.022755841518131245
227,8,value softbank,0.022755841518131245
227,9,softbank leads,0.022755841518131245
227,10,sale wireless,0.022755841518131245
228,1,etf cash,0.15748673978611427
228,2,announces etf,0.15458059589957893
228,3,distributions,0.14332885848798368
228,4,cash distributions,0.14289175099389703
228,5,global asset,0.12239526895156129
228,6,management announces,0.11056463626270435
228,7,2022 global,0.07549942083585619
228,8,asset management,0.07071803083637272
228,9,cash,0.06967549033236889
228,10,2023 global,0.061239750396294146
229,1,insiders,0.11733138880031906
229,2,worth stock,0.11497095116186784
229,3,worth,0.09018018999956723
229,4,insiders sold,0.08512592503535352
229,5,sold,0.0732057846104551
229,6,0m worth,0.05953272727027072
229,7,earlier year,0.05838081234560027
229,8,0m,0.05588998245203953
229,9,6m worth,0.055213795994626
229,10,earlier,0.05189429374360721
230,1,earnings season,0.13875098014198492
230,2,season,0.1262326684826081
230,3,q3 earnings,0.061159839893332776
230,4,season kicks,0.06113860262844565
230,5,positively,0.055281502568387215
230,6,q3,0.04738419434196418
230,7,season gets,0.04422520205470978
230,8,kicks,0.04369674663318992
230,9,gets underway,0.04132333118550046
230,10,kicks positively,0.038351297031105694
231,1,big banks,0.04073271880769702
231,2,q2,0.0370503435251735
231,3,q2 earnings,0.03153284441040806
231,4,earnings big,0.029443559052305477
231,5,banks q4,0.02904748894096084
231,6,banks,0.02498627701325117
231,7,big,0.02423806665641522
231,8,q1 results,0.023867761784523246
231,9,q4,0.02362302026380017
231,10,q4 earnings,0.022863633653369256
232,1,investing radar,0.14198665733266067
232,2,equity etf,0.1117581963269539
232,3,radar,0.11007441803954714
232,4,etf,0.08448146072154951
232,5,cap equity,0.07511318254940458
232,6,investing,0.06533281328558198
232,7,strong etf,0.06114009153201597
232,8,etf right,0.0596372902291586
232,9,diversified return,0.053893768011273546
232,10,russell,0.0489478672449836
233,1,action update,0.12419894538476309
233,2,korsinsky llp,0.11992139142232738
233,3,llp reminds,0.11992139142232738
233,4,korsinsky,0.11924809736913437
233,5,levi korsinsky,0.11811911162095848
233,6,shareholders class,0.11630266327240943
233,7,levi,0.1110578294083824
233,8,llp,0.09812737657648625
233,9,actions behalf,0.0977881384447846
233,10,behalf shareholders,0.09679243434385582
234,1,diversity,0.16746636204552767
234,2,diversity inclusion,0.043140844923791014
234,3,inclusion,0.03606691543541289
234,4,scraps diversity,0.03391281057542619
234,5,americas named,0.03391281057542619
234,6,diversity policy,0.032355633692843264
234,7,diversity goals,0.032355633692843264
234,8,pledge,0.028686290620027897
234,9,senior level,0.024072635240699417
234,10,award diversity,0.024072635240699417
235,1,wharf,0.1491418204953847
235,2,canary wharf,0.14362387976529473
235,3,canary,0.14362387976529473
235,4,london,0.0677379338025798
235,5,hq,0.05501283121415158
235,6,headquarters,0.054666388169488614
235,7,hudson yards,0.036346426562610216
235,8,yards,0.036346426562610216
235,9,tower,0.035164919289253894
235,10,hudson,0.03396152764657097
236,1,javice,0.1952229222744455
236,2,charlie javice,0.18789174291116767
236,3,charlie,0.15302064035770394
236,4,defrauding,0.07034871541302692
236,5,founder charlie,0.06735702983236574
236,6,startup founder,0.057727223148874116
236,7,founder,0.05760598348743402
236,8,legal,0.056347282364377034
236,9,startup,0.0497343789884493
236,10,javice legal,0.04253126158515995
237,1,stab,0.29377011999923675
237,2,notice,0.2317571469425871
237,3,stab notice,0.1776206014250117
237,4,new issues,0.1585966632941995
237,5,primary new,0.1585966632941995
237,6,stabilization notice,0.14543572480692693
237,7,stabilization,0.1384653661253314
237,8,primary,0.13322213551081089
237,9,pre stab,0.12485832283245872
237,10,issues stab,0.11774536247289177
238,1,cibc,0.07341161783371211
238,2,profit estimates,0.06270508965233847
238,3,wrapup,0.06241487781558336
238,4,wrapup canada,0.059787862019459535
238,5,canada,0.05887024075576238
238,6,canada cibc,0.051246738873822466
238,7,provisions,0.04966092141335279
238,8,loan provisions,0.03784621263103643
238,9,higher loan,0.03784621263103643
238,10,canada beats,0.03628259282146346
239,1,pre bell,0.13048114102656724
239,2,bell,0.12771833973808155
239,3,equity futures,0.12372592152381626
239,4,traded funds,0.10969480905005731
239,5,exchange traded,0.09692884761973566
239,6,funds equity,0.09070014581906109
239,7,pre,0.08625993883473497
239,8,traded,0.07586607546930346
239,9,exchange,0.0667992942881274
239,10,higher pre,0.06215780132872491
240,1,good stock,0.23756554846912148
240,2,good,0.14319710917811784
240,3,stock buy,0.11237376674203546
240,4,unitedhealth group,0.04079136252954006
240,5,buy,0.03152341800330972
240,6,unitedhealth,0.029166824296333476
240,7,buy unitedhealth,0.02887418667930821
240,8,group unh,0.02652064810160089
240,9,stock,0.02153168706287863
240,10,unh,0.021180623697428413
241,1,zelle,0.22981220363359442
241,2,sues zelle,0.041061768059993856
241,3,fraud,0.03717190932334495
241,4,zelle scams,0.03227845825853818
241,5,early warning,0.02870933080807085
241,6,customers,0.02851684373562288
241,7,scams,0.0275328696615568
241,8,consumer watchdog,0.02662563383681624
241,9,cfpb,0.025039307379935122
241,10,cfpb drops,0.022912508241147638
242,1,penny stocks,0.28249266966378944
242,2,penny,0.26892140542629206
242,3,uk penny,0.164875686489645
242,4,market caps,0.07496683685163669
242,5,stocks market,0.05758608671327754
242,6,caps,0.05221298212217951
242,7,uk,0.05013617422390613
242,8,promising,0.049037654790142604
242,9,promising picks,0.04214333538923749
242,10,2025 uk,0.04214333538923749
243,1,retirement stocks,0.08969398592651837
243,2,smartest stocks,0.07931341248686948
243,3,smartest,0.06732530458490116
243,4,million retirement,0.05832979765979567
243,5,want million,0.05832979765979567
243,6,retirement,0.05636889615286081
243,7,hold decades,0.05157594502528701
243,8,decades want,0.04585277322300901
243,9,right smartest,0.04585277322300901
243,10,cheap stocks,0.04534455648257557
244,1,barriers,0.06422508417896867
244,2,scholarship,0.050435058095675916
244,3,youth,0.03521146270837583
244,4,global impact,0.03453666354283665
244,5,impact challenge,0.03344385202905096
244,6,hbcu,0.03344385202905096
244,7,challenge,0.03226303440332331
244,8,recipients,0.03101652783797541
244,9,warriors,0.028378110753327895
244,10,hbcu scholars,0.02820117932061757
245,1,junior bankers,0.11296437734122422
245,2,junior,0.10618713723590484
245,3,bankers,0.07459558240255894
245,4,young bankers,0.04157039551274558
245,5,hours,0.03825656053407011
245,6,pay junior,0.03344423445260247
245,7,young,0.02685377580782618
245,8,unit years,0.02488255567870426
245,9,beaches,0.02488255567870426
245,10,bankers memo,0.02488255567870426
246,1,southeast asia,0.09602812443476312
246,2,southeast,0.08510557675582445
246,3,asia,0.08049663921924688
246,4,asia amp,0.06378631433839069
246,5,sunak,0.05412459938134718
246,6,rishi sunak,0.05041721203475713
246,7,rishi,0.05041721203475713
246,8,head,0.03541255559426333
246,9,asia pacific,0.035224616212199925
246,10,appoints,0.03202460559093732
247,1,bronstein gewirtz,0.11535495038558444
247,2,bronstein,0.11535495038558444
247,3,grossman,0.11535495038558444
247,4,grossman llc,0.11535495038558444
247,5,gewirtz,0.11535495038558444
247,6,gewirtz grossman,0.10164358477817058
247,7,alert bronstein,0.08234995456076352
247,8,llc reminds,0.07992184827679896
247,9,llc,0.06513745715002056
247,10,investors class,0.05596834340287299
248,1,office,0.04693073643001524
248,2,office building,0.04416700430889432
248,3,manhattan,0.04171935291808354
248,4,headquarters,0.03869438610616907
248,5,building,0.038011734577165286
248,6,irving,0.03571760428156138
248,7,tower,0.029868846505504736
248,8,opens new,0.029868346893842462
248,9,beach county,0.028505711537701883
248,10,believed tied,0.028505711537701883
249,1,depositary,0.17211020733094184
249,2,depositary bank,0.14768408126724658
249,3,appointed depositary,0.14040580631061675
249,4,appointed,0.1377523153936699
249,5,depositary receipt,0.11781980959728049
249,6,receipt program,0.11572087570018141
249,7,receipt,0.1132813924478389
249,8,bank sponsored,0.09619667585809952
249,9,gdr,0.09135858607909059
249,10,sponsored american,0.09110352107361472
250,1,market rally,0.061643920128572255
250,2,rally,0.0572738657071335
250,3,stock rally,0.028030515583318507
250,4,rally stocks,0.027270872327981283
250,5,stock market,0.02713115824371499
250,6,financials shine,0.025649647953962962
250,7,end market,0.025649647953962962
250,8,resistance energy,0.025649647953962962
250,9,stocks support,0.02408963936828604
250,10,spark rally,0.02408963936828604
251,1,sharks,0.12488491482042394
251,2,jackets,0.05548942514800121
251,3,nhl roundup,0.05548942514800121
251,4,nhl,0.05395739472243782
251,5,devils,0.04584207835526222
251,6,penguins,0.03743270309024089
251,7,blue jackets,0.03743270309024089
251,8,roundup,0.03334269650842274
251,9,blues,0.031578684903207165
251,10,kings,0.030877232054271928
252,1,seng,0.2017275766458419
252,2,hang seng,0.1971064344107319
252,3,hang,0.19451559284591488
252,4,seng bank,0.14294713710831267
252,5,kong hang,0.06094318302466648
252,6,privatize,0.04476683091650339
252,7,hong kong,0.03353111177360241
252,8,kong,0.033488536974874326
252,9,hong,0.033403776732556616
252,10,bank private,0.031373490841779414
253,1,corpgov,0.17895313964661302
253,2,corpgov forum,0.17062783702673745
253,3,palm beach,0.1469398369455737
253,4,forum,0.14637425883418026
253,5,palm,0.14592237402678412
253,6,beach corpgov,0.14009638183621193
253,7,beach,0.13783720010995798
253,8,5th palm,0.1062033297414135
253,9,5th,0.09527043168217268
253,10,3rd palm,0.04154645668593772
254,1,closes,0.08937560373749327
254,2,equity fund,0.04735129430137891
254,3,management closes,0.03834419114317922
254,4,fund,0.03741418722386799
254,5,million series,0.027635372784035484
254,6,oversubscribed,0.02660111240880948
254,7,largest 2007,0.02660111240880948
254,8,final close,0.02660111240880948
254,9,fund largest,0.02660111240880948
254,10,private equity,0.026009690491746628
255,1,micron,0.20030457012961334
255,2,micron technology,0.0848794198747937
255,3,mu,0.05927871545459943
255,4,micron mu,0.048391252013907565
255,5,micron stock,0.04658596603648351
255,6,technology,0.0411616113912637
255,7,micron gets,0.02700236772435452
255,8,target event,0.02700236772435452
255,9,technology rallied,0.02700236772435452
255,10,technology mu,0.02700236772435452
256,1,favorite,0.18325959240283038
256,2,institutional,0.15929127985291391
256,3,favorite institutional,0.1552713718117213
256,4,big guns,0.13342945749362362
256,5,ownership,0.1314959063151823
256,6,favorite big,0.13138346845607185
256,7,guns,0.13138346845607185
256,8,institutional ownership,0.12155717449252446
256,9,corporation favorite,0.11748982222169799
256,10,institutional investors,0.1021378355353715
257,1,preview,0.06375071871973728
257,2,earnings preview,0.06291440115712735
257,3,q3,0.04971662344626382
257,4,q3 2025,0.04934727074795236
257,5,2025 earnings,0.04872450859165558
257,6,expect,0.04732477631958226
257,7,report q3,0.040000290646256986
257,8,q2,0.03805237120111411
257,9,2025 aide,0.03192366256140714
257,10,q2 earnings,0.03138916957976112
258,1,solar,0.09499339338775767
258,2,solar project,0.05353000941770564
258,3,project,0.04238857146400105
258,4,energy,0.04016910270131354
258,5,projects,0.0399163938502723
258,6,closes,0.03770578865108586
258,7,energy closes,0.03248498056009388
258,8,financing,0.03175359276707382
258,9,million financing,0.02917396182779865
258,10,storage projects,0.026525861737214544
259,1,bank earnings,0.07332247532614089
259,2,week inflation,0.07008831897367744
259,3,know week,0.0650132156367393
259,4,inflation data,0.06409004728726315
259,5,watch,0.05756478727606894
259,6,fed commentary,0.04632405289875035
259,7,watch week,0.04452267746135161
259,8,inflation,0.04392101346251219
259,9,earnings fed,0.04191119408984393
259,10,week big,0.03923710475671791
260,1,estimates chase,0.11254163317322287
260,2,chase amp,0.06976046742147266
260,3,amp q3,0.0448502251674609
260,4,chase,0.04448580085235912
260,5,estimates,0.03496664278413541
260,6,amp beats,0.03295150171665253
260,7,revenue estimates,0.03193010264439602
260,8,net income,0.03186416669779483
260,9,earnings revenue,0.030763703408323743
260,10,highlights strong,0.030763703408323743
261,1,french,0.09365165908277626
261,2,macron,0.06086989770167783
261,3,french stocks,0.060544904535350864
261,4,france,0.05006332924653616
261,5,confidence vote,0.04329743601244361
261,6,left,0.04065220414075947
261,7,left wing,0.034035906076607406
261,8,election,0.033375552831024106
261,9,le pen,0.03247307700933271
261,10,wing,0.031261635103429726
262,1,consent order,0.18829180643602117
262,2,occ,0.1846341949459964
262,3,consent,0.17284509742403542
262,4,order,0.15389700173094145
262,5,confirms termination,0.08428890124346969
262,6,termination,0.08085183729021919
262,7,cfpb,0.07290119058445477
262,8,2015,0.06658524874233836
262,9,terminated,0.06020635803104977
262,10,confirms,0.05467768132432465
263,1,xai,0.13100576770503683
263,2,musk,0.1261955532886373
263,3,musk xai,0.1087038337664219
263,4,elon musk,0.06720320548882597
263,5,elon,0.06594614561199354
263,6,debt,0.05284422065716862
263,7,billion debt,0.04212741900508715
263,8,xai raises,0.04163505627025555
263,9,musk debt,0.03272911736162423
263,10,says elon,0.029110159161412155
264,1,downgrades,0.09944351939335326
264,2,downgrade,0.09221039888031347
264,3,downgraded shares,0.06361836598095048
264,4,downgraded,0.06004527155085511
264,5,downgrades shares,0.04771377448571286
264,6,downgrade downgrades,0.03549911276828474
264,7,gets downgrade,0.03549911276828474
264,8,shares downgrades,0.03549911276828474
264,9,falls downgrade,0.030622508341315163
264,10,stock neutral,0.029653548799091847
265,1,mitsubishi ufg,0.16345214378251527
265,2,ufg,0.16270724805006154
265,3,mitsubishi,0.15397188218934055
265,4,ufg mitsubishi,0.05688055878559195
265,5,says mitsubishi,0.05499679060704116
265,6,ufg comments,0.05346648156879538
265,7,ufg notes,0.04423513338980426
265,8,comments,0.040480442302814786
265,9,central bank,0.039789861108454755
265,10,central,0.037805623311084544
266,1,earnings growth,0.13786149348930374
266,2,shareholder returns,0.1026501002526731
266,3,year earnings,0.08969692449936488
266,4,growth trails,0.08361888248210939
266,5,returns,0.0780459625794996
266,6,trails,0.07539739459148341
266,7,fall line,0.06819048046543763
266,8,returns fall,0.06819048046543763
266,9,week yearly,0.06819048046543763
266,10,yearly returns,0.06819048046543763
267,1,new strong,0.31084228432218036
267,2,strong buy,0.23270971124413353
267,3,buy stocks,0.23178154117226657
267,4,strong,0.09866827488545853
267,5,stocks march,0.058905894426806
267,6,stocks october,0.05670834878021326
267,7,stocks january,0.054913979257577496
267,8,stocks july,0.04810601929072843
267,9,stocks oct,0.046305640119038725
267,10,14th new,0.046305640119038725
268,1,block trading,0.10285039062016242
268,2,block,0.0978809110296171
268,3,probes,0.08484641920967587
268,4,probe,0.059954937440917615
268,5,talks resolve,0.04562964537277538
268,6,probes block,0.04562964537277538
268,7,trading probes,0.04353446577163582
268,8,wsj,0.040951487763984426
268,9,leak,0.039463729570717296
268,10,trading business,0.037638669730389866
269,1,banking fees,0.050246683504722556
269,2,q3 investment,0.040095608811523416
269,3,investment banking,0.03522444143025654
269,4,fees,0.029736647750215735
269,5,q3,0.024595351826505598
269,6,q1,0.022849738386057798
269,7,mid single,0.02237339040017946
269,8,fees 30,0.02237339040017946
269,9,30 35,0.02237339040017946
269,10,sees mid,0.02237339040017946
270,1,midday movers,0.2659280876646273
270,2,movers,0.2359653064923234
270,3,midday,0.19571669746724835
270,4,premarket movers,0.06743785650684905
270,5,moderna,0.052037637596121275
270,6,movers chase,0.04796364257854395
270,7,delta air,0.042404477509336264
270,8,moderna midday,0.034046463652447005
270,9,movers roblox,0.034046463652447005
270,10,amp midday,0.034046463652447005
271,1,rally,0.09643947936808694
271,2,strong 2025,0.0630958276263362
271,3,rally 2025,0.04887947604245909
271,4,does,0.0476035062869243
271,5,leave room,0.04121710823782568
271,6,rally leave,0.04121710823782568
271,7,does strong,0.04121710823782568
271,8,does recent,0.04121710823782568
271,9,room,0.03854046925372334
271,10,2025 rally,0.03477125524506986
272,1,netflix,0.12243481119267036
272,2,tesla netflix,0.10753942703254188
272,3,tesla,0.07326187599152861
272,4,netflix earnings,0.048225093595903504
272,5,week netflix,0.040843546558918115
272,6,reports tesla,0.03543102065770757
272,7,watch,0.033986922346944295
272,8,netflix tesla,0.03302994296928547
272,9,week tesla,0.03211800565062339
272,10,tesla earnings,0.030010557846103552
273,1,french,0.13439495818889127
273,2,french tax,0.10416035541087486
273,3,tax,0.09158512273101872
273,4,french court,0.08505563304022122
273,5,tax case,0.0790322559849767
273,6,court,0.06193733119870665
273,7,case,0.05028185522737038
273,8,tax evasion,0.04863774136846146
273,9,evasion,0.047274278664878884
273,10,fine,0.04008663799383296
274,1,jobs,0.07252611837844138
274,2,cuts investment,0.05065156527145739
274,3,cuts staff,0.04478675480964413
274,4,french bank,0.04379191297718396
274,5,staff,0.04033877306938557
274,6,cuts,0.03870826456270148
274,7,jobs investment,0.037988673953593045
274,8,investment bank,0.037643462798652653
274,9,jobs cuts,0.03657146696813117
274,10,cut 900,0.03657146696813117
275,1,wealth,0.07146260534543396
275,2,wealth management,0.06445513528509532
275,3,management division,0.04876120806679349
275,4,management,0.038648876857062746
275,5,laying,0.03454421598004435
275,6,division,0.03159279612429275
275,7,infighting prized,0.0314708446527347
275,8,hundreds wealth,0.0314708446527347
275,9,infighting,0.0314708446527347
275,10,prized wealth,0.029556791565343864
276,1,strategic moves,0.0954333305595183
276,2,impacting portfolio,0.05641597514283412
276,3,exits,0.052662846661861405
276,4,nygren strategic,0.04992800273040516
276,5,kahn brothers,0.048348177389823666
276,6,strategic,0.04796785034186821
276,7,impacting,0.04722383534907274
276,8,portfolio,0.04628028123363512
276,9,nygren,0.04585774242465736
276,10,portfolio impact,0.04483911089620358
277,1,tariffs,0.07775211568185596
277,2,tariffs china,0.06787416633779658
277,3,china,0.04714723994254099
277,4,trump tariffs,0.04134997318845149
277,5,trump,0.040249983823168675
277,6,xi,0.03806026562590074
277,7,china vows,0.028543800278158653
277,8,trade war,0.025781316362819454
277,9,retaliates,0.022895285261858377
277,10,china retaliates,0.022895285261858377
278,1,chase present,0.12190855071681556
278,2,conference chase,0.11748319156807979
278,3,hall innovation,0.09538884406162576
278,4,hall,0.08409959172779587
278,5,inducted,0.074182432997372
278,6,inducted chase,0.074182432997372
278,7,chase elects,0.06164570346991326
278,8,chase hall,0.05934594639789761
278,9,directors chase,0.05934594639789761
278,10,chase,0.058635148833118864
279,1,report continue,0.49059579126464137
279,2,continue earnings,0.35964692257379555
279,3,continue,0.3149065577719262
279,4,earnings report,0.3115501057373959
279,5,report,0.13045433916761986
279,6,corporation earnings,0.08815808965042994
279,7,continue corporation,0.08096228702326844
279,8,continue chase,0.05397485801551229
279,9,earnings,0.04812922315867392
279,10,amp earnings,0.04149868805876246
280,1,meeting,0.13197558140537496
280,2,meeting shareholders,0.11510162106197917
280,3,general meeting,0.11454465837419828
280,4,annual meeting,0.10290841619807607
280,5,dated,0.0848794198747937
280,6,combined general,0.07321599243700584
280,7,general,0.0703064572430318
280,8,voting results,0.06766783448068626
280,9,stockholders,0.06698788314236376
280,10,annual,0.0644982581489711
281,1,axa,0.14300315797090293
281,2,lyxor,0.08222205984383572
281,3,amundi,0.07413790888076767
281,4,axa investment,0.07389336151965745
281,5,viva,0.06904479139991933
281,6,viva wallet,0.06904479139991933
281,7,investment managers,0.05753732616659945
281,8,wallet,0.05720126318836117
281,9,buy axa,0.05231635821409196
281,10,cardif,0.0427193263057191
282,1,reeves,0.1815400310069954
282,2,rachel,0.05337111240012624
282,3,rachel reeves,0.05337111240012624
282,4,brexit,0.047283568842155205
282,5,bank tax,0.038535035664406664
282,6,tax,0.03785557432580725
282,7,deal brexit,0.029781134872722097
282,8,reeves bank,0.029781134872722097
282,9,habits change,0.029781134872722097
282,10,reeves hikes,0.029781134872722097
283,1,israel,0.11914027811292358
283,2,gaza,0.092485652799077
283,3,iran,0.06679598737582201
283,4,oil,0.044312951089920505
283,5,israel latest,0.03391281057542619
283,6,israel iran,0.031148573131988752
283,7,israeli,0.029330185991979764
283,8,israel hamas,0.029330185991979764
283,9,war,0.027936891931756278
283,10,hamas,0.02740566313251771
284,1,dbs,0.11354256747456849
284,2,singapore,0.10808393867211115
284,3,taiwan consumer,0.08627632521612429
284,4,taiwan,0.06655292451359852
284,5,singapore dbs,0.048787090476189024
284,6,business sources,0.03919288768171135
284,7,consumer banking,0.039085752255649864
284,8,asia consumer,0.038351297031105694
284,9,singapore uob,0.038351297031105694
284,10,business dbs,0.038351297031105694
285,1,caps,0.1088279955239807
285,2,cap stocks,0.10093749454698131
285,3,mega cap,0.09899651181472308
285,4,small caps,0.0912549780456441
285,5,mega,0.07988782156802307
285,6,cap,0.07452489507951261
285,7,small,0.06367398622096143
285,8,undervalued small,0.05378660715687675
285,9,cap stock,0.045697936575077924
285,10,caps global,0.04391986943374867
286,1,etns,0.2241417667222517
286,2,ipath,0.17132503097254764
286,3,etns announces,0.10629273514888059
286,4,ipath etns,0.0904648728607616
286,5,vix,0.05797785553575305
286,6,ipath series,0.05596218629626309
286,7,vix short,0.04650465349484684
286,8,redemption ipath,0.04650465349484684
286,9,500 vix,0.04650465349484684
286,10,futurestm,0.04650465349484684
287,1,intel,0.1669206494087088
287,2,foundry,0.04204189338245536
287,3,intel new,0.035451387992836834
287,4,intc,0.028112136001740375
287,5,kicks era,0.02516477748224344
287,6,era industrial,0.02516477748224344
287,7,questions intel,0.02516477748224344
287,8,industrial policy,0.02516477748224344
287,9,worry trump,0.02516477748224344
287,10,trump intel,0.02516477748224344
288,1,extradition,0.16619698386107898
288,2,huawei,0.15377880081589818
288,3,meng,0.11138288832777515
288,4,wanzhou,0.10503759991257969
288,5,meng wanzhou,0.10503759991257969
288,6,huawei cfo,0.09195307442053245
288,7,extradition case,0.06382077008148042
288,8,evidence,0.05761845663273413
288,9,huawei meng,0.048412481568268065
288,10,cfo,0.04654847103835941
289,1,tokenized deposits,0.0691667072646687
289,2,tokenized,0.061265543953889154
289,3,deposits,0.04145419920470999
289,4,digital,0.03347425696785042
289,5,5t,0.031708571311131466
289,6,financial centers,0.02974097654461499
289,7,mellon tests,0.02838415200022767
289,8,daily payments,0.02838415200022767
289,9,tests tokenized,0.02838415200022767
289,10,5t daily,0.02838415200022767
290,1,inflows,0.13852257630896564
290,2,detected,0.12525067530811812
290,3,etf inflows,0.12525067530811812
290,4,noteworthy etf,0.11622347942337402
290,5,etf inflow,0.10425817261244597
290,6,inflow,0.10246845178640537
290,7,etf,0.099241796742321
290,8,inflow alert,0.09190149421206151
290,9,noteworthy,0.08669358386532727
290,10,large inflows,0.07908705666661975
291,1,invested,0.15763473638542205
291,2,today invested,0.1518890616472862
291,3,invested 000,0.14924255984693255
291,4,ago,0.14834105889306007
291,5,years ago,0.11919104375136605
291,6,1000,0.11658010464108892
291,7,invested 1000,0.10541982356077406
291,8,10 years,0.09634864000889201
291,9,ago worth,0.09292546629241874
291,10,ago today,0.07743788857701561
292,1,stock picks,0.12467929880768293
292,2,15 stock,0.1216904072614723
292,3,picks 2023,0.11370559698389716
292,4,picks,0.10460162131390517
292,5,picks 2024,0.07151177363125043
292,6,portfolio holdings,0.055386369588391576
292,7,2023 15,0.05215303168348814
292,8,picks 2026,0.042804396424780636
292,9,picks 2022,0.03835512418465664
292,10,15,0.03764655606386326
293,1,wong,0.11319534249758205
293,2,vincent wong,0.11319534249758205
293,3,offices vincent,0.11319534249758205
293,4,vincent,0.11227747023537032
293,5,wong reminds,0.1037039566772855
293,6,important class,0.09627763603810977
293,7,law offices,0.09584552576473246
293,8,deadlines shareholder,0.09578113981022547
293,9,action deadlines,0.09540764014310267
293,10,deadlines,0.08816834026412967
294,1,capital partners,0.1390899423115265
294,2,partners completes,0.12316799766677883
294,3,partners,0.1168107991083751
294,4,completes investment,0.08129296703906211
294,5,completes,0.06722403373964021
294,6,infrastructure partners,0.06608731750467878
294,7,partners capital,0.05279742817468132
294,8,partners acquires,0.04311214769703605
294,9,capital,0.038696721520133405
294,10,infrastructure,0.037938361325218994
295,1,honored entrepreneurship,0.4906422912801949
295,2,entrepreneurship,0.48243701220472585
295,3,honored,0.4750149085512737
295,4,technologies honored,0.06309084022799422
295,5,autobooks,0.03482742905652888
295,6,audien,0.03482742905652888
295,7,autobooks honored,0.03482742905652888
295,8,asapp,0.03482742905652888
295,9,asapp honored,0.03482742905652888
295,10,2021 builders,0.03482742905652888
296,1,natwest,0.07355323807910133
296,2,uk retail,0.05724393470172726
296,3,wind uk,0.05312686755867049
296,4,retail bank,0.048916181204010485
296,5,strategic refresh,0.03771152206262544
296,6,notifies customers,0.03771152206262544
296,7,customers temporary,0.03771152206262544
296,8,temporary industry,0.03771152206262544
296,9,wide deposit,0.03771152206262544
296,10,plans wind,0.035417911705780326
297,1,share buyback,0.09057379571531282
297,2,buyback program,0.08583366078705056
297,3,buyback,0.08332583003239113
297,4,share,0.07449581906748201
297,5,cancellation purpose,0.06200561894164787
297,6,euros share,0.06200561894164787
297,7,million euros,0.06025277753531071
297,8,programme,0.05580034170570083
297,9,cancellation,0.05174223022774527
297,10,program cancellation,0.051526754304225555
298,1,best credit,0.223892872926222
298,2,card deals,0.21671971386722347
298,3,deals week,0.18991536487245228
298,4,credit card,0.10221554788148021
298,5,card,0.09310017302872949
298,6,deals,0.09252968439075791
298,7,credit cards,0.06915571525245569
298,8,january best,0.06091865860493825
298,9,best,0.05645502339188141
298,10,cards,0.05549959078204038
299,1,buyback,0.0961964995793891
299,2,billion buyback,0.08069795686950651
299,3,buybacks,0.052064926820836493
299,4,share buyback,0.051796408727731766
299,5,share,0.0490365633166201
299,6,buyback profit,0.040602344512310325
299,7,share buybacks,0.03563478389201683
299,8,buyback boosts,0.0349400716223275
299,9,profit beats,0.031419200378657225
299,10,buyback boost,0.0313082509748772
300,1,svb,0.06939100231801637
300,2,svb collapse,0.048887047233403536
300,3,sec,0.04174173991673049
300,4,probing role,0.039986746797890584
300,5,fed sec,0.039986746797890584
300,6,goldman pays,0.039986746797890584
300,7,sec probing,0.038150672563203245
300,8,goldman pay,0.03672742205115091
300,9,final days,0.03672742205115091
300,10,probing,0.03458335363233435
301,1,rates,0.06561581030259428
301,2,rising rates,0.04790208735090923
301,3,banks,0.04682238267373655
301,4,rate soars,0.0333638277897413
301,5,highest financial,0.0333638277897413
301,6,soars highest,0.0333638277897413
301,7,big banks,0.03259716903234053
301,8,raise base,0.03133464368957507
301,9,banks prime,0.03133464368957507
301,10,higher rates,0.030357029404080506
302,1,eaton vance,0.15809375578747736
302,2,vance,0.15527312490862455
302,3,eaton,0.1543739291153265
302,4,special shareholder,0.07369749516512901
302,5,shareholder meeting,0.06604550746155043
302,6,special,0.06534245456454654
302,7,joint special,0.063835598043426
302,8,meeting eaton,0.05205738192340838
302,9,vance closed,0.05205738192340838
302,10,vance floating,0.05077783033266737
303,1,increasing dividend,0.37218366637245537
303,2,increasing,0.3165438548965374
303,3,announced increasing,0.18411164537524924
303,4,announced,0.13037807571293497
303,5,dividend,0.10791914297360686
303,6,dividend increased,0.1029003000748409
303,7,group increasing,0.08728129479093817
303,8,increased,0.07951111830760159
303,9,dividend 925,0.06493740140539891
303,10,dividend 75,0.06493740140539891
304,1,lon,0.18870906791419736
304,2,stan,0.1745990346884899
304,3,lon stan,0.1745990346884899
304,4,plc lon,0.10808511671192231
304,5,barc,0.06960874439276661
304,6,lon barc,0.06960874439276661
304,7,plc,0.040684613157466853
304,8,invested lon,0.03898915644118645
304,9,ago,0.036905363924191664
304,10,institutional,0.031711739704857814
305,1,blackrock,0.15113110796429688
305,2,80b,0.05698977979152946
305,3,80 billion,0.04439867352888914
305,4,hands blackrock,0.03303267317148084
305,5,assets blackrock,0.03303267317148084
305,6,80b assets,0.03303267317148084
305,7,assets,0.029994402604516603
305,8,trillion assets,0.02849488989576473
305,9,80,0.024870507618937655
305,10,hands,0.021662568880914577
306,1,gaap eps,0.1924207846242565
306,2,gaap,0.19073104173366942
306,3,eps,0.12422745892683423
306,4,non gaap,0.10908458274633932
306,5,beats,0.07847696532928253
306,6,revenue,0.062241465344718354
306,7,non,0.053342588743199755
306,8,eps 78,0.0328437552508068
306,9,misses,0.028995519988137132
306,10,fy25,0.025590548790820948
307,1,cagr,0.2497962614099059
307,2,cagr years,0.1508166991480866
307,3,shareholders earned,0.14635248909807716
307,4,earned,0.13588157115327126
307,5,outpaced earnings,0.10215284026800187
307,6,cagr delivered,0.10215284026800187
307,7,earnings growth,0.09606168096241503
307,8,year period,0.0960214362868162
307,9,cagr outpaced,0.09163611781675034
307,10,delivered shareholders,0.09163611781675034
308,1,loans,0.0905581743619655
308,2,leveraged loans,0.0757967377416955
308,3,leveraged,0.05710293377081653
308,4,lending,0.04289528447510657
308,5,higher capital,0.0426560183468637
308,6,capital bar,0.040709991706748556
308,7,dodges buyout,0.040709991706748556
308,8,lending buyout,0.040709991706748556
308,9,loan bullet,0.040709991706748556
308,10,bar leveraged,0.040709991706748556
309,1,workplace,0.10086465045869807
309,2,state workplace,0.07933073466251403
309,3,study,0.07394120733719056
309,4,equity compensation,0.07051620858890136
309,5,benefits,0.06735847770127977
309,6,workplace financial,0.06469353274926135
309,7,benefits study,0.06469353274926135
309,8,financial benefits,0.06170168251528869
309,9,work,0.06064207335943826
309,10,financial wellness,0.058282292602228676
310,1,jim cramer,0.15798397715188595
310,2,cramer,0.1554563123276643
310,3,jim,0.15172711949107195
310,4,stocks jim,0.11257442311816002
310,5,cramer stocks,0.0664537249104636
310,6,10 stocks,0.05230662128271334
310,7,cramer 10,0.05223895333763422
310,8,best jim,0.047980949699135876
310,9,according jim,0.04646273314620937
310,10,10 jim,0.03708124592787403
311,1,strategy daily,0.15396282698920902
311,2,upgrade report,0.15396282698920902
311,3,daily upgrade,0.15396282698920902
311,4,validea,0.15173213052986947
311,5,2025 validea,0.13624432036884626
311,6,benzinga,0.1282686721816294
311,7,upgrades downgrades,0.12351510472231361
311,8,daily,0.11649845900182425
311,9,upgrade,0.08947416470032997
311,10,benzinga upgrades,0.08821845374899275
312,1,malaysia,0.22314412511717352
312,2,1mdb,0.19553925721356205
312,3,1mdb settlement,0.08532031304086529
312,4,settlement,0.06922045746536547
312,5,anwar,0.06101505688710085
312,6,malaysia says,0.06101505688710085
312,7,malaysia 1mdb,0.05873882674165313
312,8,1mdb scandal,0.05071208847372774
312,9,premature,0.04796364257854395
312,10,pm anwar,0.04796364257854395
313,1,upgraded strong,0.17697081660169403
313,2,upgraded,0.16929814366882687
313,3,strong buy,0.15779791224557552
313,4,upgraded buy,0.1182274905993472
313,5,buy know,0.10948734350523728
313,6,buy does,0.09353859777142336
313,7,mean stock,0.08289499167974415
313,8,does mean,0.08162389122388862
313,9,stock upgraded,0.07947017735635423
313,10,strong,0.0670410423883581
314,1,boj,0.19129598590130295
314,2,boj rate,0.047403509023241315
314,3,timing,0.03230110462307334
314,4,tiptoe rate,0.029914982669902876
314,5,boj gears,0.029914982669902876
314,6,boj said,0.029914982669902876
314,7,free hand,0.029914982669902876
314,8,hand timing,0.029914982669902876
314,9,gears hike,0.029914982669902876
314,10,boj tiptoe,0.029914982669902876
315,1,team joins,0.1741160617409523
315,2,advisor team,0.15354680231079418
315,3,million advisor,0.10226764028282509
315,4,advisor,0.09646991002750863
315,5,team,0.09581515777114262
315,6,joins,0.09544445252261294
315,7,billion advisor,0.06771180178814812
315,8,york city,0.05276759994384779
315,9,hartford,0.0525557923477949
315,10,joins new,0.05089281830507754
316,1,moynihan,0.24819717992428197
316,2,ceo moynihan,0.13854449693751938
316,3,brian moynihan,0.06927224846875969
316,4,moynihan pay,0.06917735318068184
316,5,ceo brian,0.06212647895257123
316,6,brian,0.059370368331096296
316,7,moynihan sees,0.0574864752839914
316,8,moynihan says,0.041506411908409105
316,9,pay falls,0.0320775115376067
316,10,means stress,0.0320775115376067
317,1,week high,0.1682371969542708
317,2,52 week,0.15006071469403648
317,3,stock hits,0.1423422294781573
317,4,52,0.13582838367912128
317,5,hits 52,0.13241765571435427
317,6,hits,0.08110626656473842
317,7,usd stock,0.07088543597526657
317,8,high,0.06779722902075136
317,9,usd,0.06705921267655583
317,10,high right,0.05670834878021326
318,1,openai,0.17729781605793063
318,2,chatgpt,0.0412253604804455
318,3,microsoft,0.028956461165047017
318,4,startup gupshup,0.02767602346799746
318,5,chatter microsoft,0.02767602346799746
318,6,banks 14,0.02767602346799746
318,7,chatbot startup,0.02767602346799746
318,8,openai hire,0.02767602346799746
318,9,chatgpt users,0.02767602346799746
318,10,gupshup,0.02767602346799746
319,1,registration,0.23216204081104996
319,2,registration document,0.2253268540859261
319,3,universal registration,0.21739547437969406
319,4,document,0.21197727699265154
319,5,universal,0.19839944944014665
319,6,availability,0.1561378708879303
319,7,document availability,0.10117295690811695
319,8,financial report,0.10034905035557144
319,9,document annual,0.0907571142885321
319,10,amendment,0.08951907975006375
320,1,fee income,0.16366179162391872
320,2,fee,0.13187938069093996
320,3,nii,0.1101700919892924
320,4,income aid,0.07973106404287078
320,5,hurt,0.0795672886589334
320,6,nii amp,0.07363961376307511
320,7,amp fee,0.07243912231884338
320,8,nii fee,0.07006303608451321
320,9,earnings nii,0.06682286505049777
320,10,nir,0.06682286505049777
321,1,northern trust,0.2166476527093984
321,2,northern,0.2015193167306957
321,3,trust,0.10954774864381893
321,4,merger,0.08690578385406089
321,5,potential merger,0.058905894426806
321,6,trust discuss,0.058905894426806
321,7,merger northern,0.058905894426806
321,8,discuss potential,0.046305640119038725
321,9,discuss,0.037405839289684994
321,10,eyes northern,0.03286954885952291
322,1,rowe,0.16382513874010957
322,2,rowe price,0.16331596747536611
322,3,price equity,0.08660189549875597
322,4,equity income,0.07861037195131289
322,5,income fund,0.07039629387829989
322,6,price,0.05711120007519927
322,7,price group,0.0377684316061477
322,8,alternative investments,0.028326323704610776
322,9,results declared,0.025356509120203388
322,10,declared total,0.025356509120203388
323,1,mellon,0.1052076658011498
323,2,mellon q1,0.09281480488711816
323,3,earnings beat,0.09021649050103511
323,4,rise mellon,0.08755969133590112
323,5,aum,0.08703491184330958
323,6,beat revenues,0.07806467162688009
323,7,beat,0.06547141507729612
323,8,mellon stock,0.0628783532688873
323,9,amp aum,0.0626165019497544
323,10,likely mellon,0.0626165019497544
324,1,brainer,0.22479907395604132
324,2,brainer stocks,0.2097215378725918
324,3,right brainer,0.12429455438333055
324,4,yield stocks,0.10807823304192848
324,5,high yield,0.10027590444699332
324,6,yield,0.07038560244333163
324,7,right,0.06788260124569494
324,8,brainer high,0.06024466475468796
324,9,buy 000,0.056931327333180806
324,10,right high,0.05616202424070426
325,1,key drivers,0.07292464305484771
325,2,drivers growth,0.07292464305484771
325,3,drivers,0.05976885331248302
325,4,new research,0.05208811725910216
325,5,influences,0.051685472162441466
325,6,market influences,0.051685472162441466
325,7,analysis shows,0.051685472162441466
325,8,influences renewed,0.051685472162441466
325,9,recent analysis,0.051685472162441466
325,10,outlook key,0.050784908990567576
326,1,schwab,0.17536287702153494
326,2,charles schwab,0.07470235707920077
326,3,comments expected,0.06754965075290109
326,4,expected impact,0.06541223999799672
326,5,schwab stake,0.06541223999799672
326,6,charles,0.05843450087021047
326,7,impact charles,0.05613385233613277
326,8,group comments,0.05613385233613277
326,9,bank group,0.04874676235531412
326,10,schwab corporation,0.047546138705199345
327,1,options traders,0.15678691855029722
327,2,options,0.15208383916352253
327,3,stock options,0.12305304528270464
327,4,traders know,0.08673293525674612
327,5,stock don,0.08398852567718612
327,6,traders,0.07641815833599021
327,7,predicting spike,0.0671908205417489
327,8,market predicting,0.0671908205417489
327,9,traders betting,0.0671908205417489
327,10,options market,0.05790127515515664
328,1,covid,0.1346680154261819
328,2,covid 19,0.1000829466212172
328,3,protocols,0.07812703137934035
328,4,19,0.07646182811117193
328,5,covid protocols,0.06723325894609594
328,6,lift covid,0.06510585948278362
328,7,protocols memo,0.04391986943374867
328,8,lift,0.03559999737624616
328,9,offices covid,0.031176035803528755
328,10,oral,0.024152214300062817
329,1,xrp,0.39849174702331497
329,2,prediction xrp,0.10216584188606039
329,3,prediction,0.07170141899481638
329,4,ripple,0.06820399315429483
329,5,reasons xrp,0.06673944572316969
329,6,xrp price,0.04737426081176789
329,7,xrp years,0.04737426081176789
329,8,xrp hit,0.04737426081176789
329,9,xrp buy,0.04737426081176789
329,10,xrp worth,0.04737426081176789
330,1,ambac,0.090701431577025
330,2,billion settle,0.07180443911331087
330,3,mortgage,0.06656525652334899
330,4,settle,0.06549875325876586
330,5,mortgage case,0.06478673684073213
330,6,settle mortgage,0.05861643057212882
330,7,era mortgage,0.05861643057212882
330,8,crisis era,0.04964891633835313
330,9,pay 44,0.04607809397594762
330,10,case,0.041481817816569976
331,1,relief,0.12519857626073028
331,2,relief efforts,0.12071285917460371
331,3,donates,0.09908220488004213
331,4,hurricane,0.09013115254773293
331,5,efforts,0.08080051378175487
331,6,000 donation,0.08069449180878015
331,7,donation,0.07930927078563997
331,8,250 000,0.07821927557344566
331,9,humanitarian,0.06462828022295221
331,10,support,0.06211268378697197
332,1,abu,0.1892717795356597
332,2,dhabi,0.1892717795356597
332,3,abu dhabi,0.1892717795356597
332,4,dhabi bank,0.08620217674154607
332,5,aramco,0.04325814735519475
332,6,telegraph,0.04310108837077303
332,7,aramco drops,0.03439836508554723
332,8,dhabi adnoc,0.03439836508554723
332,9,pipelines deal,0.03439836508554723
332,10,public investment,0.03439836508554723
333,1,years investors,0.2037581708370573
333,2,investors pleased,0.19017429278125347
333,3,pleased,0.18369587196825213
333,4,return years,0.16725611053470826
333,5,investors seen,0.11503257342953764
333,6,return,0.09625286525002191
333,7,past years,0.09287250275541037
333,8,years,0.08382468283541708
333,9,seen,0.07452845543670591
333,10,past,0.06564401008165172
334,1,scams,0.12211142956766793
334,2,scam,0.062127378015521886
334,3,victim,0.04732321628303454
334,4,victims,0.04218867864160427
334,5,fake,0.03633430673339339
334,6,victims face,0.033873199206378574
334,7,social media,0.03332066892751364
334,8,lost,0.0319952806663128
334,9,scammers,0.028295370991499855
334,10,young adults,0.027514152423349973
335,1,earnings chase,0.23952205186976047
335,2,chase host,0.23767035377516013
335,3,host,0.15984779544484023
335,4,host quarter,0.1317140509860664
335,5,quarter,0.10962934603145608
335,6,calls review,0.07875411331203572
335,7,quarter fourth,0.07875411331203572
335,8,announces conference,0.07657975851541458
335,9,review quarter,0.07657975851541458
335,10,quarter quarter,0.07469745579087246
336,1,outage,0.16532913809551758
336,2,unable,0.09555360009579625
336,3,customers unable,0.07701611041578732
336,4,customers,0.07670502875183746
336,5,outages,0.05649124385534913
336,6,hit outage,0.05342958475273699
336,7,thousands customers,0.05342958475273699
336,8,online banking,0.04752171281905745
336,9,thousands,0.04316058379579039
336,10,online,0.04296506350849834
337,1,china communist,0.10834910964991809
337,2,communist party,0.09706418346994397
337,3,communist,0.09470595161013859
337,4,party jamie,0.08943764718224753
337,5,dimon,0.08719857071111176
337,6,joke,0.07453137265187294
337,7,jamie dimon,0.07376529908037369
337,8,jamie,0.0733289287139438
337,9,party,0.06958872949468115
337,10,outlast china,0.06395948322481616
338,1,tesla,0.10046478035910329
338,2,tesla stock,0.051504930885959185
338,3,awful,0.044740677771402025
338,4,sales wall,0.03457705789118644
338,5,vehicles tesla,0.03457705789118644
338,6,awful ev,0.03457705789118644
338,7,ev sales,0.030982970445268092
338,8,isn worried,0.030982970445268092
338,9,electric vehicles,0.029827118514268017
338,10,street isn,0.028883326752362187
339,1,investment institute,0.13575199999439835
339,2,institute,0.10486693472399274
339,3,wealth investments,0.058045954362181094
339,4,mid year,0.05132496719061407
339,5,outlook 2023,0.05132496719061407
339,6,outlook,0.045915707834797995
339,7,issues mid,0.04562964537277538
339,8,investments issues,0.04562964537277538
339,9,midyear outlook,0.04562964537277538
339,10,global wealth,0.045250666664799453
340,1,tsmc,0.09648590405833651
340,2,chip demand,0.09441299910958867
340,3,chip,0.09189604059028285
340,4,samsung,0.08648902413276062
340,5,samsung profit,0.06101505688710085
340,6,demand,0.03604731238588446
340,7,estimates chip,0.034046463652447005
340,8,tsmc sales,0.034046463652447005
340,9,warning chip,0.034046463652447005
340,10,strong chip,0.0319757617190293
341,1,bank stocks,0.05675034562719681
341,2,rally,0.05460318947661858
341,3,bank rally,0.04812935564856027
341,4,regional,0.043147546657109855
341,5,regional bank,0.04263136515485759
341,6,rally test,0.0395019800834029
341,7,earnings rally,0.03709947427934853
341,8,rally big,0.03539597513776919
341,9,stock rally,0.03237649314779445
341,10,rally bank,0.032086237099040175
342,1,results conference,0.18987791712431423
342,2,conference webcast,0.1814358858982741
342,3,webcast corporation,0.1776206014250117
342,4,webcast,0.17705574821224898
342,5,announces date,0.1661431774837749
342,6,date release,0.16320805259939225
342,7,corporation announces,0.1564505174609664
342,8,date,0.1192648006345892
342,9,financial results,0.10807886158934865
342,10,release,0.0830925198892525
343,1,awards,0.08413301827466854
343,2,wins,0.05986475695851579
343,3,innovation incubator,0.05708460369435032
343,4,incubator,0.05414415173342501
343,5,award,0.05014422787592812
343,6,innovation,0.046556741847321836
343,7,finalists,0.03674058610296165
343,8,wealth manager,0.028641720738037845
343,9,barron industry,0.027335045766133017
343,10,mmi barron,0.027335045766133017
344,1,bank stocks,0.11316489039269424
344,2,morning bank,0.04876251753885267
344,3,stocks bank,0.04852379114090893
344,4,stocks today,0.03510132248417005
344,5,bank,0.02782720409971966
344,6,banking storm,0.026917903043690815
344,7,bank wednesday,0.026917903043690815
344,8,amp ignore,0.026917903043690815
344,9,celebrate return,0.026917903043690815
344,10,comeback market,0.026917903043690815
345,1,shareholders deadline,0.12555894221253489
345,2,law offices,0.11874174173469709
345,3,deadline alert,0.1134445828555963
345,4,offices,0.09428535122190489
345,5,actions behalf,0.09250671996479566
345,6,behalf shareholders,0.09156479263191748
345,7,class actions,0.08976854408397099
345,8,frank cruz,0.08810084405680305
345,9,cruz reminds,0.08810084405680305
345,10,offices frank,0.08810084405680305
346,1,savings,0.14937757605352775
346,2,best savings,0.1415063651940457
346,3,savings accounts,0.13558347317762245
346,4,inflation rates,0.1249690751674005
346,5,accounts offer,0.11817681521200216
346,6,offer inflation,0.11817681521200216
346,7,accounts,0.10754748492680194
346,8,savings account,0.05007390342139447
346,9,offer,0.048067269321543926
346,10,account,0.046679518432194436
347,1,shares sink,0.08289499167974415
347,2,shares fall,0.0797904538943304
347,3,shares,0.06177406546758209
347,4,sink,0.05901747371893746
347,5,disappoint shares,0.04606286258860477
347,6,shares drop,0.04302807276682649
347,7,outlook shares,0.03973508867817711
347,8,sudan,0.03973508867817711
347,9,shares tumble,0.03430523632046288
347,10,stock drops,0.03217651210939892
348,1,french retail,0.15366518786336242
348,2,french,0.12451108829343319
348,3,cerberus,0.10982992593900771
348,4,retail,0.09572056951232649
348,5,retail banking,0.0952483487859758
348,6,sale french,0.08225960335238673
348,7,unit cerberus,0.08225960335238673
348,8,retail unit,0.06978129589092054
348,9,france,0.06147540939315187
348,10,business france,0.05373577148484436
349,1,obesity,0.10823854340413896
349,2,weight loss,0.07143927406463034
349,3,obesity drug,0.05799717488885448
349,4,weight,0.053947834469138735
349,5,wegovy,0.05208583588952941
349,6,pill,0.05208583588952941
349,7,drug,0.049596523059841954
349,8,novo,0.049596523059841954
349,9,loss pill,0.048195731803750363
349,10,lilly,0.04748710140161745
350,1,mellon report,0.18501000123027528
350,2,results mellon,0.1455843584273035
350,3,mellon reports,0.12633028841117083
350,4,mellon,0.10268106479727974
350,5,2022 results,0.09745593209195792
350,6,2023 results,0.09467320982672416
350,7,report quarter,0.08283905859838364
350,8,results,0.07784465184272651
350,9,quarter 2023,0.07095376214469568
350,10,quarter 2022,0.07066255373638533
351,1,equities close,0.18661127495823324
351,2,european equities,0.14608633320044084
351,3,equities,0.10364004955296159
351,4,close,0.09337647784156053
351,5,close higher,0.08686406054292009
351,6,close lower,0.0761168007417564
351,7,european,0.0691126191855132
351,8,trading eurozone,0.04579057052371675
351,9,wednesday trading,0.042889595780800926
351,10,friday trading,0.04237682335722372
352,1,charge offs,0.16327958713856436
352,2,delinquencies,0.16232689276138154
352,3,offs,0.15088310450252873
352,4,charge,0.13269189511861657
352,5,card delinquencies,0.12597948223011052
352,6,net charge,0.12146469958070458
352,7,delinquency,0.08319262443635493
352,8,credit pulse,0.08319262443635493
352,9,card,0.07849557398218494
352,10,card delinquency,0.07159252261841138
353,1,usd,0.048577039426675815
353,2,market size,0.04674468799111426
353,3,reach usd,0.041922745959865136
353,4,size,0.03778012527539818
353,5,2034,0.03728134171132725
353,6,2032,0.03679363865273283
353,7,testing,0.031981474535684756
353,8,chromatography,0.03049395812717184
353,9,reach,0.029902324568933797
353,10,sns,0.02909376493031272
354,1,ex goldman,0.19748115531022828
354,2,1mdb,0.16821087909696783
354,3,goldman banker,0.161358101459859
354,4,ex,0.11301482457756362
354,5,trial,0.1000616789741635
354,6,corruption trial,0.09119449797185034
354,7,banker,0.08569502047262476
354,8,corruption,0.08521070039034222
354,9,1mdb corruption,0.08038612626259838
354,10,1mdb trial,0.06917735318068184
355,1,shares series,0.14521316403764295
355,2,cumulative year,0.14138113005244593
355,3,rate reset,0.14138113005244593
355,4,nvcc,0.13593731403445053
355,5,preferred shares,0.13283146554626607
355,6,year rate,0.13107445130197443
355,7,non cumulative,0.12969002500700505
355,8,cumulative,0.12969002500700505
355,9,reset,0.12485186889644768
355,10,reset preferred,0.09371097363954398
356,1,dei,0.2883505213472245
356,2,dei initiatives,0.05991624360450697
356,3,dei efforts,0.05716506527840998
356,4,policies,0.04911489068255907
356,5,dei policies,0.0425308859044945
356,6,anti dei,0.0425308859044945
356,7,dei policy,0.0425308859044945
356,8,activist robby,0.0425308859044945
356,9,doi new,0.0425308859044945
356,10,downsizing dei,0.0425308859044945
357,1,housing,0.038518228539235574
357,2,student housing,0.036415115045069286
357,3,acquires,0.03294310989488581
357,4,estate investing,0.03238858485337702
357,5,apartment,0.03149435505546565
357,6,real estate,0.029040174285714537
357,7,estate,0.028964131862141727
357,8,single family,0.02887634940761293
357,9,rental,0.028373210406910217
357,10,scion,0.025848868520595685
358,1,option trade,0.1261031573640454
358,2,option,0.1132320275032255
358,3,options,0.05666497904952971
358,4,option traders,0.04904638094589738
358,5,return,0.044836235572572915
358,6,net 16,0.04308144753432615
358,7,return stock,0.04308144753432615
358,8,trade return,0.04308144753432615
358,9,earnings options,0.04308144753432615
358,10,trade net,0.04308144753432615
359,1,ceo pay,0.07650590138076278
359,2,pay rose,0.0556492114190228
359,3,ceo compensation,0.04812935564856027
359,4,ceo,0.04559138107102584
359,5,million year,0.044971310718938555
359,6,rose,0.04432678775799883
359,7,pay,0.04421154211241243
359,8,total pay,0.0395019800834029
359,9,ceo paid,0.0395019800834029
359,10,ceo total,0.0395019800834029
360,1,scott,0.1220192881564223
360,2,officers,0.09060860851207639
360,3,investigation,0.07687332352480047
360,4,fiduciary,0.07667850974196339
360,5,attorneys law,0.07573878916682805
360,6,scott scott,0.07573878916682805
360,7,breach fiduciary,0.07573878916682805
360,8,directors officers,0.07573878916682805
360,9,officers breach,0.07573878916682805
360,10,law llp,0.07573878916682805
361,1,regional banks,0.13682638149701912
361,2,major regional,0.11645981029824132
361,3,regional,0.10001555656338533
361,4,deposits,0.08817242370525616
361,5,high rates,0.06146766413854465
361,6,major,0.05974450042580031
361,7,banks major,0.05468305060949137
361,8,banks watch,0.05295276571266402
361,9,banks buy,0.05022514646510092
361,10,banks,0.042947426866254905
362,1,powell,0.07868865527767371
362,2,jones futures,0.059363751919005385
362,3,iran,0.057565996392981156
362,4,dow jones,0.05278917563601349
362,5,jones,0.05167316166930286
362,6,iran decision,0.045441689986393204
362,7,dow,0.044098055487242695
362,8,iran attack,0.035721493806115584
362,9,today dow,0.033405854965059364
362,10,decision dow,0.03280983036569482
363,1,earnings estimates,0.17552939080813348
363,2,beat earnings,0.15475602397407623
363,3,expected beat,0.1164903929071793
363,4,stock higher,0.1132248155677346
363,5,estimates stock,0.10139383891936198
363,6,estimates,0.09897142760052813
363,7,estimates earnings,0.09435401297311218
363,8,beat,0.07984099863335563
363,9,estimates rising,0.07363236803350749
363,10,ibkr,0.06674729569368233
364,1,adr,0.22280876998713886
364,2,depositary bank,0.21630496751263387
364,3,appointed,0.19022938792459174
364,4,appointed depositary,0.1770334079568646
364,5,program appointed,0.15949930540846094
364,6,depositary,0.15404925964806526
364,7,programme appointed,0.14642832572253422
364,8,adr programme,0.14642832572253422
364,9,adr program,0.1462076966244225
364,10,programme,0.09360709496282421
365,1,exit ban,0.05312686755867049
365,2,banker,0.05037313526365336
365,3,china,0.044070871406158
365,4,banker blocked,0.03771152206262544
365,5,based banker,0.03771152206262544
365,6,corruption probe,0.035417911705780326
365,7,governor,0.03489901254589938
365,8,doing business,0.033791624989881634
365,9,bank governor,0.03150164532481429
365,10,leaving,0.03131298744302645
366,1,alluding,0.22512933332686869
366,2,potential weakness,0.22512933332686869
366,3,stock alluding,0.22512933332686869
366,4,alluding potential,0.22512933332686869
366,5,weakness insiders,0.17573693944306565
366,6,weakness,0.16006171713830533
366,7,insiders,0.15892201304630757
366,8,sold,0.122866155689324
366,9,potential,0.09644171382140278
366,10,group sold,0.09558808710308976
367,1,zacks earnings,0.4321087744588424
367,2,earnings preview,0.1943355946853489
367,3,zacks,0.19145125270961252
367,4,preview zacks,0.18750721346971008
367,5,preview,0.17722699804086964
367,6,earnings trends,0.1682031851480795
367,7,trends highlights,0.1682031851480795
367,8,trends,0.09696079480104212
367,9,highlights zacks,0.06875330337417883
367,10,preview fedex,0.059165187947141235
368,1,frank,0.16321434446656083
368,2,founder,0.1335979635129008
368,3,frank founder,0.1260298559421456
368,4,defrauding,0.07650119225006956
368,5,fraud,0.06075071537795616
368,6,aid startup,0.05340395320339844
368,7,charges,0.046155345249435965
368,8,charges frank,0.04529788716998056
368,9,aid,0.0446447068797525
368,10,accused fraud,0.0422281549354156
369,1,liquidity,0.191257535538303
369,2,liquidity contract,0.1550366404197216
369,3,half year,0.14032218137988564
369,4,contract,0.12055197542962141
369,5,year statement,0.09791905212692088
369,6,statement,0.09586354541952763
369,7,half,0.08951668736255469
369,8,liquidity agreement,0.07170465452504336
369,9,year liquidity,0.06328086801818682
369,10,contract june,0.04974478580427237
370,1,mellon municipal,0.1318364326913586
370,2,municipal bond,0.1108229850200878
370,3,municipal,0.10382063314914393
370,4,distribution,0.09915946592580445
370,5,bond infrastructure,0.07554035261141294
370,6,distribution mellon,0.07554035261141294
370,7,mellon,0.07111842212506202
370,8,infrastructure fund,0.06805417399661431
370,9,bond closed,0.06658731017760146
370,10,fund announces,0.06332742001147874
371,1,shares chase,0.15949673394652597
371,2,today chase,0.12126309841957476
371,3,today shares,0.11162938328370015
371,4,chase falling,0.0952982624729725
371,5,chase stock,0.09362418379842453
371,6,falling today,0.08519606797166307
371,7,higher chase,0.07781653215025179
371,8,chase rising,0.07781653215025179
371,9,chase,0.06985831344714108
371,10,rising today,0.06418876871033292
372,1,charles river,0.15293515912186642
372,2,river,0.1405997519768348
372,3,charles,0.11062210632445191
372,4,river ims,0.08221711058318301
372,5,ims,0.08039083356669016
372,6,river development,0.04176789364857613
372,7,alphasm,0.03836338739864093
372,8,solution,0.035315042500663356
372,9,streamline,0.03106574164682501
372,10,platform charles,0.029648479483534027
373,1,q2 2025,0.15455357419962723
373,2,earnings transcript,0.1236042438484759
373,3,transcript,0.12062147569863431
373,4,eps,0.06736360783211999
373,5,2025 beats,0.06691981717944748
373,6,q2,0.059749796415305055
373,7,transcript q2,0.049171472063735164
373,8,2025,0.04714292007261801
373,9,dips earnings,0.043715114797693896
373,10,beats eps,0.04335203729424842
374,1,mortgage,0.10548137883095447
374,2,mortgage rates,0.0952950917572358
374,3,mortgage rate,0.06625281622855647
374,4,cut mortgage,0.06097712786633631
374,5,rate mortgage,0.043646450124940256
374,6,hold deals,0.043646450124940256
374,7,lender cut,0.040991878138165426
374,8,sub,0.040770862392173306
374,9,rates,0.03901744904729526
374,10,rates ahead,0.037650625009813726
375,1,japan,0.05251327060396756
375,2,japan stocks,0.045960004979273016
375,3,korea,0.03966059327531
375,4,south korea,0.03804201130185954
375,5,weigh tokyo,0.03192366256140714
375,6,japan deal,0.03192366256140714
375,7,slow japan,0.03192366256140714
375,8,cases slow,0.03192366256140714
375,9,tokyo shares,0.03192366256140714
375,10,virus cases,0.03192366256140714
376,1,silicon valley,0.1912415447312431
376,2,silicon,0.18740472969749883
376,3,valley,0.18048095234195263
376,4,valley bank,0.16279626127124086
376,5,bank collapse,0.05843056943981203
376,6,lose broker,0.03771152206262544
376,7,licenses regulator,0.03771152206262544
376,8,equity bankers,0.03771152206262544
376,9,broker licenses,0.03771152206262544
376,10,bankers lose,0.035417911705780326
377,1,dip,0.18281805448412144
377,2,buy dip,0.1591767591323336
377,3,dip buy,0.06908365031715183
377,4,bought dip,0.05139832929770957
377,5,investors buy,0.05058837041940669
377,6,buying dip,0.040723091728460205
377,7,says buy,0.03451039289852863
377,8,buying,0.029018064010354526
377,9,bad market,0.028372924829836266
377,10,chart says,0.028372924829836266
378,1,press digest,0.32696686363328
378,2,digest,0.2741894975764684
378,3,digest financial,0.23328575561108522
378,4,press,0.23246583138272395
378,5,financial times,0.22970858376640416
378,6,times,0.17698796143479464
378,7,british business,0.0893516376136945
378,8,digest british,0.0893516376136945
378,9,times june,0.0893516376136945
378,10,times aug,0.0893516376136945
379,1,european growth,0.2637466845621926
379,2,insider ownership,0.25346717487199855
379,3,high insider,0.17658251794028715
379,4,growth companies,0.17370382546546995
379,5,insider,0.17177171547264414
379,6,ownership,0.1490750418271062
379,7,2025 european,0.14046845920870524
379,8,companies high,0.12745958619542228
379,9,european,0.09573037354735375
379,10,growth stocks,0.08474854718528499
380,1,union bank,0.08904735652372536
380,2,bank bancorp,0.07251333508467
380,3,union,0.06808317471598319
380,4,bancorp,0.059094283972671684
380,5,banking alliance,0.057002383733163166
380,6,zero banking,0.057002383733163166
380,7,acquisition union,0.0543850013135025
380,8,regulatory approval,0.04606483803125317
380,9,acquisition,0.045630310126552706
380,10,sale union,0.040462514553516044
381,1,ev,0.19148711373838048
381,2,ev stocks,0.18369665349500927
381,3,battery stocks,0.0820670169716564
381,4,best battery,0.06920215589745639
381,5,2023 ev,0.06920215589745639
381,6,electric,0.06014678691165434
381,7,battery,0.055122241603120306
381,8,electric vehicle,0.052227242576466
381,9,best ev,0.04912238851699918
381,10,vehicle,0.04254509441967064
382,1,ping,0.25260453777370184
382,2,break,0.08675317010110462
382,3,shareholder ping,0.0715069881876013
382,4,breakup,0.06849867440579567
382,5,ping break,0.06065310315980448
382,6,aggressive cost,0.058390376074541624
382,7,ping breakup,0.04512599080714162
382,8,break demands,0.04512599080714162
382,9,breakup proposal,0.04512599080714162
382,10,aggressive,0.04215292552411138
383,1,mellon wealth,0.1863935571890578
383,2,management named,0.08960504068152739
383,3,wealth management,0.07898778324583602
383,4,mellon,0.06675918265326351
383,5,regional director,0.05952934046926896
383,6,management names,0.057885770355334785
383,7,wealth,0.05394125992348066
383,8,management appoints,0.052149191147604426
383,9,client strategist,0.05108541165493883
383,10,senior client,0.05108541165493883
384,1,500 nasdaq,0.06577304158705362
384,2,nasdaq,0.06260301632042058
384,3,amp 500,0.05408962714054829
384,4,500,0.0477074745972154
384,5,100 post,0.03864506572816916
384,6,report amp,0.037203371364988726
384,7,500 dow,0.03615745794051916
384,8,records,0.03572023195638071
384,9,post record,0.034170456018373194
384,10,nasdaq 100,0.03273289786670042
385,1,rba,0.17560864914789748
385,2,australia,0.09281702505047297
385,3,australian unemployment,0.0556492114190228
385,4,australian,0.05328920644357198
385,5,core inflation,0.05309396270665378
385,6,rba rate,0.051113237216586886
385,7,unemployment,0.0491992602556394
385,8,cut case,0.0395019800834029
385,9,australia job,0.0395019800834029
385,10,australia core,0.0395019800834029
386,1,nortonlifelock,0.7591317616529195
386,2,form nortonlifelock,0.7295446511533176
386,3,nortonlifelock amendment,0.5416286673753022
386,4,amendment form,0.3464769346791677
386,5,form,0.34241509274009707
386,6,amendment,0.3246039674415355
386,7,nortonlifelock form,0.29008906433894194
386,8,lifelock,0.06390076113850081
386,9,amendment nortonlifelock,0.06390076113850081
386,10,nortonlifelock slips,0.06390076113850081
387,1,tsb,0.23662053747647166
387,2,sabadell,0.16267661951507426
387,3,sabadell tsb,0.08429995492175417
387,4,banco sabadell,0.08115505744164796
387,5,tsb sabadell,0.04703946038200275
387,6,spanish owner,0.04703946038200275
387,7,tsb unit,0.04703946038200275
387,8,tsb spanish,0.04703946038200275
387,9,sabadell shareholders,0.04703946038200275
387,10,bidders banco,0.04703946038200275
388,1,cybersecurity,0.271545220126534
388,2,cybersecurity stocks,0.23504640282324438
388,3,best cybersecurity,0.05023459354002558
388,4,panw cybersecurity,0.05023459354002558
388,5,2024 cybersecurity,0.05023459354002558
388,6,cybersecurity firm,0.04717933144203945
388,7,stocks multibaggers,0.04717933144203945
388,8,multibaggers,0.04717933144203945
388,9,cybersecurity stock,0.04717933144203945
388,10,multibaggers making,0.04717933144203945
389,1,ransomware,0.17201316445228942
389,2,ransomware attack,0.1463989898346079
389,3,attack,0.13437568217038312
389,4,treasury market,0.05710558428121309
389,5,attack china,0.056443739533572
389,6,hack,0.05507896062465977
389,7,disrupted,0.054338047135614444
389,8,disrupts,0.054338047135614444
389,9,cyber,0.051348179937119036
389,10,hackers,0.04691268121426075
390,1,series funds,0.1663003611900037
390,2,etf series,0.1663003611900037
390,3,distributions etf,0.15984521163041546
390,4,funds global,0.13919677758205207
390,5,cash distributions,0.1271487103967368
390,6,distributions,0.12590256154836807
390,7,2023 cash,0.12037124311561974
390,8,global asset,0.0998345516061852
390,9,management announces,0.09018462052774671
390,10,series,0.07104687990470597
391,1,earnings buy,0.10002531970475115
391,2,sell hold,0.07626948747798455
391,3,hold post,0.06322496619131564
391,4,post,0.05638900595203522
391,5,hold,0.048265365726123416
391,6,buying post,0.04703946038200275
391,7,buy sell,0.0468284965393945
391,8,q2 earnings,0.04625188591788122
391,9,post q1,0.04417852590862351
391,10,portfolio ahead,0.04417852590862351
392,1,insider,0.1105081395946457
392,2,insider sale,0.08105015160101633
392,3,sells,0.06084643425623703
392,4,000 shares,0.05680156796718663
392,5,shares insider,0.05467575582568712
392,6,insider holdings,0.05021912811075738
392,7,executive vice,0.05021912811075738
392,8,holdings sold,0.05021912811075738
392,9,vice,0.04821710611021653
392,10,shares corporation,0.04335661791522058
393,1,stocks hedge,0.15091129503174056
393,2,hedge,0.09318263720104977
393,3,hedge funds,0.08378337685781626
393,4,funds,0.06373847578384985
393,5,popular hedge,0.05023459354002558
393,6,beats market,0.05023459354002558
393,7,funds beats,0.05023459354002558
393,8,dumping stocks,0.04717933144203945
393,9,owned stocks,0.04717933144203945
393,10,value hedge,0.04717933144203945
394,1,strategic acquisition,0.30767415720631297
394,2,corp strategic,0.2985870677739897
394,3,shares corp,0.23151067218961707
394,4,acquisition,0.18687600039380714
394,5,corp,0.1498576257249528
394,6,strategic,0.12791036489746402
394,7,shares,0.05291258126891293
394,8,acquisition shares,0.04949561668642413
394,9,acquisition omnicom,0.030492064443682958
394,10,acquisition packaging,0.030492064443682958
395,1,hong kong,0.07951977243854319
395,2,kong,0.07941880536267251
395,3,hong,0.07921779457524475
395,4,kong property,0.051125588190905624
395,5,kong banks,0.035828207357641355
395,6,home prices,0.032096578399192464
395,7,rates hong,0.0314708446527347
395,8,property deals,0.029556791565343864
395,9,kong home,0.029556791565343864
395,10,property,0.02568225166336181
396,1,ex advisor,0.09347125836368722
396,2,advisor,0.07641815833599021
396,3,client,0.07452579956671376
396,4,ex,0.05796626885432576
396,5,stealing,0.04779734482328335
396,6,suspended,0.04673562918184361
396,7,pleads guilty,0.045786500641336235
396,8,pleads,0.04492845904809867
396,9,alleged,0.0421412426527816
396,10,stealing million,0.04021802806074555
397,1,spoofing,0.14218265894150772
397,2,trial,0.08115751812562448
397,3,gold trader,0.07244352312481722
397,4,trader,0.06396168854342192
397,5,traders convicted,0.06108724510817811
397,6,ex traders,0.05828229782456782
397,7,ex,0.05555363008550655
397,8,traders,0.05492814421110263
397,9,convicted,0.048440781579546115
397,10,ex gold,0.04336210843031524
398,1,feature highlights,0.19331296797298347
398,2,ideas feature,0.19331296797298347
398,3,zacks investment,0.19331296797298347
398,4,investment ideas,0.19145670561374684
398,5,feature,0.1724956983192333
398,6,ideas,0.1679888866944839
398,7,zacks,0.09083313274956513
398,8,highlights,0.07930375348691114
398,9,chase zacks,0.04666768810556518
398,10,circle group,0.04331128001896232
399,1,movers,0.1817723174414549
399,2,biggest movers,0.16881787347175153
399,3,movers financial,0.16881787347175153
399,4,stock movers,0.12381267239446207
399,5,biggest,0.09625980299553326
399,6,biggest pre,0.07386033202122734
399,7,movers 10,0.07386033202122734
399,8,10 gainers,0.07386033202122734
399,9,today biggest,0.07386033202122734
399,10,biggest stock,0.07303190267400561
400,1,scharf,0.2496369974386029
400,2,ceo charlie,0.19163852835739342
400,3,charlie scharf,0.18924510242564474
400,4,charlie,0.13253934647506188
400,5,charles scharf,0.07770973043275711
400,6,ceo charles,0.06108724510817811
400,7,ceo,0.05004656488904139
400,8,gets 20,0.04336210843031524
400,9,scharf gets,0.04336210843031524
400,10,20 pay,0.040724830072118745
401,1,bank stocks,0.10699226000763817
401,2,best bank,0.07013582896849746
401,3,profitable bank,0.04337615862337533
401,4,stocks buy,0.04202326370880939
401,5,undervalued bank,0.03835374820971343
401,6,11,0.03823438702682946
401,7,buy 11,0.037501801840461174
401,8,buy according,0.03703082377946807
401,9,12 best,0.03682269015825208
401,10,cheap bank,0.03484604013883063
402,1,bets fare,0.1860710881199694
402,2,fare did,0.17646657971319013
402,3,fare,0.16951485939822472
402,4,did hedge,0.1641612059995602
402,5,did,0.10930571277461487
402,6,hedge funds,0.08453300920358388
402,7,hedge,0.07991391216271258
402,8,bets,0.07956184198950908
402,9,funds betting,0.06416966535025095
402,10,funds,0.05753941775752073
403,1,global advisors,0.05690162367641778
403,2,asset,0.03983092789232136
403,3,bridgewater,0.039463729570717296
403,4,asset management,0.037802779816457806
403,5,advisors,0.034506388817166056
403,6,advisors study,0.03238970143091673
403,7,bridgewater associates,0.030419763581850258
403,8,global,0.030357025003746128
403,9,management,0.027844117852497033
403,10,multi asset,0.026309153047144866
404,1,group reports,0.20726563917901122
404,2,results bank,0.1906496589197317
404,3,bank group,0.13070898423349211
404,4,reports quarter,0.06796005057155592
404,5,reports second,0.06388794822409667
404,6,reports,0.06279332034212655
404,7,quarter fiscal,0.06255024161901433
404,8,results,0.05680776906293606
404,9,quarter,0.05493571488043154
404,10,2025 bank,0.054338047135614444
405,1,spdr,0.16912458295582272
405,2,global advisors,0.13116847397793832
405,3,etf global,0.08590311316042759
405,4,advisors,0.06186711282153945
405,5,spdr portfolio,0.05724141626220423
405,6,spdr etfs,0.05509673728142363
405,7,advisors enhances,0.05509673728142363
405,8,advisors expands,0.05304129620320178
405,9,etftm suite,0.04331128001896232
405,10,expands fixed,0.04331128001896232
406,1,profit drops,0.05792700009155837
406,2,46 stock,0.04606286258860477
406,3,drops 36,0.04606286258860477
406,4,earnings crush,0.04606286258860477
406,5,cloud earnings,0.04606286258860477
406,6,36 trading,0.04606286258860477
406,7,slump casts,0.04606286258860477
406,8,stock rises,0.045120496202237584
406,9,trading slump,0.041274891423627044
406,10,casts cloud,0.041274891423627044
407,1,moving markets,0.10594663940219091
407,2,moving,0.07927770280081849
407,3,chinese gdp,0.05312686755867049
407,4,chinese,0.050335232687882286
407,5,markets,0.040246526898474744
407,6,gdp netflix,0.03771152206262544
407,7,markets chinese,0.03771152206262544
407,8,chinese growth,0.035417911705780326
407,9,china trade,0.027973143194643984
407,10,china,0.02783423457231032
408,1,order,0.09579045892238436
408,2,debanking,0.09182412428986365
408,3,trump,0.06753700989330397
408,4,executive order,0.06446423651976488
408,5,banks discriminate,0.0543587949223498
408,6,debanking trump,0.0543587949223498
408,7,discriminate,0.05186279835403572
408,8,political,0.050828734812881506
408,9,big banks,0.04308495385144139
408,10,banks politicized,0.03858599213943994
409,1,etfs,0.06770355176078309
409,2,etf,0.0448525743511135
409,3,eth,0.035451068332824076
409,4,100b inflows,0.02578451765237752
409,5,000 etf,0.02578451765237752
409,6,401 market,0.02578451765237752
409,7,576,0.02578451765237752
409,8,approval etfs,0.02578451765237752
409,9,anti mag,0.02578451765237752
409,10,576 billion,0.02578451765237752
410,1,executive present,0.19668392627498832
410,2,group executive,0.18796436616681056
410,3,advisory bank,0.18017089759394192
410,4,media advisory,0.17899412188977276
410,5,conference media,0.13332071670263018
410,6,media,0.1273584448028446
410,7,bank group,0.12663431540958742
410,8,advisory,0.12125236979038094
410,9,present,0.0961247239296633
410,10,executive,0.0826908401077462
411,1,crypto etfs,0.07830762786473076
411,2,crypto,0.07631040552656507
411,3,crypto etf,0.07151177363125043
411,4,sec,0.05595391502950082
411,5,bitcoin etf,0.05552222496789614
411,6,bitcoin,0.0515689847278141
411,7,etfs,0.050762820890502366
411,8,offering staking,0.042804396424780636
411,9,etfs offering,0.042804396424780636
411,10,staking rewards,0.042804396424780636
412,1,market gains,0.2246079529158316
412,2,gains know,0.20916624736289094
412,3,know,0.13285807669316868
412,4,sinks market,0.12989262016836445
412,5,gains,0.1294361710164819
412,6,know sa,0.11752161203377552
412,7,stock sinks,0.11451985221202324
412,8,dips know,0.10955744630206347
412,9,gains lags,0.10955744630206347
412,10,market dips,0.10955744630206347
413,1,honored,0.11644020501842214
413,2,exceptional entrepreneurs,0.11310756844687606
413,3,exceptional,0.10631864125054984
413,4,entrepreneurs,0.09902997592179509
413,5,innovators summit,0.09896912239101655
413,6,builders innovators,0.09896912239101655
413,7,builders,0.09585192236695886
413,8,honored entrepreneurship,0.09570631733393835
413,9,innovators,0.09470595161013859
413,10,entrepreneurship,0.09096890936121282
414,1,colombia,0.13821903229454424
414,2,petro,0.10796194951125672
414,3,leftist,0.08996829125938059
414,4,peru,0.0630515786820227
414,5,election,0.05951433530710124
414,6,colombia election,0.04308144753432615
414,7,peru president,0.04308144753432615
414,8,candidate,0.03208483267512548
414,9,friendly,0.03208483267512548
414,10,finance chief,0.02968029145950325
415,1,stock dividends,0.16700870009946778
415,2,declares,0.14950327064595306
415,3,dividends declares,0.13380803011583975
415,4,dividends,0.10598918937801141
415,5,dividend declares,0.09942372838089339
415,6,declares second,0.08929000438205041
415,7,declares fourth,0.08747666211995551
415,8,declares quarter,0.07940441611243726
415,9,interim dividend,0.07021468767776974
415,10,2022 stock,0.06848883608877399
416,1,airlines,0.15308621741250122
416,2,southwest airlines,0.07303190267400561
416,3,american airlines,0.0683539472727974
416,4,southwest,0.06543577483728599
416,5,airbnb,0.05678767839620126
416,6,airlines aal,0.0412141402108569
416,7,aal,0.03693016601061367
416,8,airlines stock,0.03347697183398309
416,9,constructive,0.03192877865673939
416,10,bookings,0.03192877865673939
417,1,market news,0.32412684569972666
417,2,2025 stock,0.19016973529752976
417,3,news,0.1533426201066001
417,4,news jul,0.13616588086677966
417,5,jul,0.13035267568907807
417,6,stock market,0.11278390971956814
417,7,2022 stock,0.06969568782602109
417,8,news oct,0.06235058474987792
417,9,jul 15,0.055077193093129764
417,10,oct 16,0.055077193093129764
418,1,largest banks,0.1536047739031876
418,2,banks world,0.12573327793461092
418,3,best banks,0.0832216996843829
418,4,25 largest,0.0832216996843829
418,5,largest,0.08031454771910501
418,6,20 largest,0.07543996676076654
418,7,banks asset,0.06191705715398502
418,8,asset size,0.06191705715398502
418,9,banks high,0.05548113312292193
418,10,2024 20,0.05172130604492764
419,1,oracle,0.13823782249611213
419,2,cloud,0.048015482010167844
419,3,ai fueled,0.04497431055349811
419,4,sending,0.035918577262349226
419,5,soar 144,0.034757616940226575
419,6,awesome,0.034757616940226575
419,7,sending stock,0.034757616940226575
419,8,richest man,0.034757616940226575
419,9,quarter stuns,0.034757616940226575
419,10,revenue set,0.034757616940226575
420,1,4th quarter,0.19040694266666752
420,2,4th,0.15072101711884578
420,3,quarter trades,0.1418916693857111
420,4,trades,0.11781079396648786
420,5,1st quarter,0.11561654154850698
420,6,1st,0.09787012622206921
420,7,valueact,0.06668753338529443
420,8,quarter,0.06507706134939012
420,9,trades 1st,0.059695817435456405
420,10,quarter hillman,0.059695817435456405
421,1,loans,0.055118702682852905
421,2,risk transfers,0.04336210843031524
421,3,loan,0.042498999004792884
421,4,loan risk,0.040724830072118745
421,5,loans major,0.040724830072118745
421,6,auto,0.038261151819721964
421,7,auto loans,0.037405344065124385
421,8,personal loans,0.037405344065124385
421,9,default,0.0353165048434807
421,10,transfer,0.034471771724929774
422,1,madoff,0.28616379625325156
422,2,madoff case,0.14700042867834415
422,3,madoff lawsuit,0.08312504265803634
422,4,hit madoff,0.08312504265803634
422,5,ruling madoff,0.08312504265803634
422,6,madoff fraud,0.08312504265803634
422,7,provision,0.08095741130442467
422,8,billion provision,0.08002397650169468
422,9,billion hit,0.07535234775175288
422,10,ruling,0.0691503863239203
423,1,net result,0.22973422531499066
423,2,result,0.2052015079877474
423,3,posts,0.11147809070503646
423,4,net,0.10549070811760705
423,5,million posts,0.09253231456801439
423,6,million strong,0.09253231456801439
423,7,strong income,0.05832979765979567
423,8,risk costs,0.04585277322300901
423,9,million,0.0436661778941261
423,10,costs posts,0.04211530792662538
424,1,klein law,0.17084178589057875
424,2,klein,0.16544622522460567
424,3,firm reminds,0.1361020862236227
424,4,behalf shareholders,0.11016133479242009
424,5,class actions,0.10800027340656426
424,6,actions behalf,0.10572983657679742
424,7,law firm,0.10563919886964578
424,8,behalf,0.10252631700688494
424,9,actions,0.09940371860430712
424,10,investors class,0.09257067452732924
425,1,2023 battered,0.043482766455192855
425,2,2022 targets,0.043482766455192855
425,3,2022 recover,0.043482766455192855
425,4,2026 challenge,0.043482766455192855
425,5,2025 snowflake,0.043482766455192855
425,6,2024 2023,0.043482766455192855
425,7,2023 2022,0.043482766455192855
425,8,2023 heading,0.043482766455192855
425,9,2023 plans,0.043482766455192855
425,10,2023 plunge,0.043482766455192855
426,1,results media,0.24748564862133193
426,2,group release,0.24691597384159836
426,3,quarter financial,0.2344600881675776
426,4,advisory bank,0.21737432777558183
426,5,media advisory,0.2159545600381034
426,6,media,0.15365664874443494
426,7,bank group,0.1527829941077323
426,8,advisory,0.1462897322839699
426,9,release,0.12966354873573618
426,10,financial results,0.12649052606364034
427,1,at1,0.2084843648339721
427,2,at1 bonds,0.17128938914269692
427,3,bonds credit,0.1187984012972257
427,4,at1 bond,0.10363289160223456
427,5,suisse takeover,0.07840387384689756
427,6,suisse wipeout,0.07749185226243514
427,7,bonds,0.07201434178179446
427,8,wipeout,0.07089448188182375
427,9,bond credit,0.0653441959867968
427,10,credit suisse,0.06400971005153985
428,1,analysts target,0.27269059608972956
428,2,target price,0.248298910780679
428,3,stock wall,0.1598640966774412
428,4,street analysts,0.15413033268106613
428,5,analysts,0.09058558343556627
428,6,target,0.08446977275878892
428,7,price,0.07317977501161127
428,8,wall street,0.04678967834629026
428,9,wall,0.04495206214000929
428,10,street,0.04435809600463547
429,1,vanguard,0.11243927436569427
429,2,etf,0.06281564466863561
429,3,vanguard etf,0.06193991294971065
429,4,etf buy,0.058507320758994036
429,5,vanguard value,0.046454934712282986
429,6,market sell,0.04465861845321519
429,7,etf help,0.039976478342663
429,8,crash vanguard,0.039976478342663
429,9,etf simplest,0.039976478342663
429,10,etf outperform,0.039976478342663
430,1,signalling caution,0.2578697719487648
430,2,insiders sell,0.255224214610637
430,3,signalling,0.24353861597188034
430,4,possibly signalling,0.24353861597188034
430,5,stock possibly,0.2338090771760491
430,6,possibly,0.22395077556375437
430,7,caution,0.1889791784863582
430,8,insiders,0.16379788120703925
430,9,caution insiders,0.16272443272378456
430,10,caution group,0.09002598959568464
431,1,japanese bonds,0.07037429865149389
431,2,japan,0.06920996789460958
431,3,japan bond,0.06774891225954682
431,4,10 year,0.051728358437888255
431,5,30 year,0.040049712869788825
431,6,election japanese,0.039268930053412324
431,7,bonds,0.03879775077490616
431,8,bluebay,0.03820223886065421
431,9,japanese,0.03792989767224542
431,10,year sale,0.036880598324898095
432,1,climb sink,0.25044070114218364
432,2,analysts predicting,0.25044070114218364
432,3,stock climb,0.24483643830992413
432,4,sink wall,0.23725961160838452
432,5,predicting,0.21636647470458414
432,6,sink,0.1934716108601108
432,7,climb,0.15122807438374308
432,8,street analysts,0.14326708369442384
432,9,analysts,0.0842010273891126
432,10,wall street,0.043491898363342774
433,1,ca,0.38955509774543373
433,2,dividend ca,0.3285483784518317
433,3,increasing dividend,0.1525953032127067
433,4,increasing,0.12978298050758033
433,5,announced,0.11454645223350715
433,6,announced increasing,0.10783682086264598
433,7,increased ca,0.10716448141834677
433,8,year ca,0.1022438024693847
433,9,dividend increased,0.09040526363718165
433,10,dividend,0.08282661317875838
434,1,strategic reduction,0.303295439746655
434,2,corp strategic,0.2771225288839468
434,3,holdings corp,0.2761674680628739
434,4,reduction,0.22751484255845725
434,5,strategic,0.15037267287945771
434,6,corp,0.13613452163971876
434,7,holdings,0.12254992374435898
434,8,strategic adjustment,0.06493740140539891
434,9,corp holdings,0.06098791625434368
434,10,adjustment,0.05601678355118627
435,1,labor market,0.10867139975941324
435,2,labor,0.08314245586485763
435,3,flush workers,0.04985830444983812
435,4,hiring,0.04730383701718114
435,5,flush,0.04682592821026388
435,6,sense,0.03347637363565136
435,7,slowdown,0.032286560540266955
435,8,sharp,0.0316640528426118
435,9,jobs,0.03046174581438014
435,10,workers,0.030049982635454404
436,1,investor conference,0.13679992331807322
436,2,virtual investor,0.08921668236284272
436,3,conferences,0.08037515599317249
436,4,investor conferences,0.07339987326507882
436,5,investor,0.06883181596936677
436,6,conference,0.06766775398735624
436,7,virtual,0.06486330662686303
436,8,technology virtual,0.061893677386833934
436,9,events highlights,0.061893677386833934
436,10,participate,0.05996264718924813
437,1,stock able,0.1150746523331989
437,2,insiders,0.10436880939982822
437,3,able,0.09943069771080382
437,4,market cap,0.07809240713718817
437,5,insiders sold,0.07572135245172107
437,6,hedge losses,0.06539544776761495
437,7,able offset,0.06539544776761495
437,8,able hedge,0.06539544776761495
437,9,offset losses,0.06539544776761495
437,10,cap declines,0.06539544776761495
438,1,lifts amp,0.10559381064293676
438,2,target 600,0.09488123549197477
438,3,year end,0.09216145432099497
438,4,end target,0.08999386312006137
438,5,500 year,0.08176331943838246
438,6,500 target,0.0782526455715572
438,7,target,0.07559676287855208
438,8,500 annual,0.0640060895843368
438,9,amp 500,0.06216195436816346
438,10,annual target,0.0610671175158441
439,1,reserve release,0.2439817705650054
439,2,release boost,0.18918889251428148
439,3,reserve,0.15686237243133552
439,4,release,0.12812270387407834
439,5,boost profit,0.08891671118039257
439,6,update profit,0.08261199228242404
439,7,estimates reserve,0.07724287417932636
439,8,profit,0.0762481844856562
439,9,profit reserve,0.059695817435456405
439,10,expectations reserve,0.059695817435456405
440,1,chicago,0.2235679892357762
440,2,chicago marathon,0.1725409882220492
440,3,marathon,0.17033751560821042
440,4,record breaking,0.066361918546942
440,5,2024 chicago,0.0660855602295192
440,6,field,0.06268168357737032
440,7,chicago economy,0.051949540853769204
440,8,breaking,0.05069847358235253
440,9,welcome,0.04047701761650627
440,10,43rd,0.036875809662345646
441,1,customers,0.07670502875183746
441,2,fake accounts,0.07449576221047141
441,3,fake,0.0734536139209033
441,4,accidentally,0.06510667134364934
441,5,accounts,0.05925069771430292
441,6,accounts pay,0.05478258143253818
441,7,customers hit,0.05478258143253818
441,8,accidentally double,0.05478258143253818
441,9,debited,0.05478258143253818
441,10,debited customers,0.05478258143253818
442,1,amp strategic,0.30335960359489256
442,2,strategic acquisition,0.1657476510371745
442,3,chase amp,0.1263107655997426
442,4,strategic,0.11902084146829665
442,5,shares chase,0.11543157021355183
442,6,strategic reduction,0.11202804531182756
442,7,acquisition,0.09108444144952799
442,8,reduction,0.09003965776927363
442,9,holdings chase,0.07240843339077484
442,10,chase,0.053698374563447886
443,1,tariffs,0.08068031413592548
443,2,tariffs stocks,0.047538109627910476
443,3,tariff,0.043642099579119346
443,4,trump tariffs,0.03510592509155333
443,5,stock gains,0.030158780822957084
443,6,fear,0.028018972287422905
443,7,climb tariff,0.02794139745599845
443,8,concerns déjà,0.02794139745599845
443,9,cheer amid,0.02794139745599845
443,10,déjà vu,0.02794139745599845
444,1,overweight,0.15390807967944736
444,2,overweight rating,0.09940519749147742
444,3,underweight,0.09646278007900712
444,4,rating,0.07994843899798479
444,5,equalweight,0.07147369685472937
444,6,rating upgrades,0.07147369685472937
444,7,equalweight rating,0.05523720866434348
444,8,stock equalweight,0.05523720866434348
444,9,reiterates overweight,0.05523720866434348
444,10,stock underweight,0.051877688100167865
445,1,pershing,0.2896350004577919
445,2,mellon pershing,0.26621279731094927
445,3,mellon,0.08732923893298056
445,4,pershing announces,0.08254978284725409
445,5,wove,0.06191233713544056
445,6,optimal asset,0.04606286258860477
445,7,pershing launches,0.04606286258860477
445,8,optimal,0.04606286258860477
445,9,management platform,0.041274891423627044
445,10,management mellon,0.03973508867817711
446,1,nickel,0.27764853126347794
446,2,lme,0.10607238022375994
446,3,nickel market,0.07130716444186572
446,4,tycoon,0.0516230139272183
446,5,nickel crisis,0.05061660565820068
446,6,lme nickel,0.05061660565820068
446,7,bags,0.047538109627910476
446,8,rocks,0.038416556938611644
446,9,squeeze,0.03398552000273351
446,10,unlikely,0.02991423093451882
447,1,mexico,0.12187928986725143
447,2,grupo méxico,0.10364116090246558
447,3,méxico,0.09759081139329007
447,4,grupo,0.07630236560448872
447,5,narrative grupo,0.06770319223180751
447,6,mexico central,0.062184696541479345
447,7,betterware,0.0480583656610353
447,8,betterware mexico,0.0480583656610353
447,9,méxico evolving,0.0480583656610353
447,10,meeting mexico,0.0480583656610353
448,1,savings,0.16364124712434294
448,2,yield savings,0.16106122684029592
448,3,savings account,0.14520528131131807
448,4,savings accounts,0.1164941033078489
448,5,apple,0.09839393893999819
448,6,account,0.09024145169833979
448,7,high yield,0.08796767068815659
448,8,accounts apple,0.08612594672511346
448,9,apple launches,0.08291292872197246
448,10,accounts,0.0779670733460773
449,1,shafir,0.08118521319571724
449,2,mark shafir,0.08118521319571724
449,3,chief mark,0.08118521319571724
449,4,retire,0.07261899633097084
449,5,amp chief,0.06437800841956995
449,6,chief,0.0597988470143136
449,7,shafir retire,0.057628429818644064
449,8,grisi,0.057628429818644064
449,9,grisi new,0.057628429818644064
449,10,veteran amp,0.057628429818644064
450,1,latino,0.06754301078628902
450,2,chase commits,0.06362439845626487
450,3,households chase,0.06009291496941166
450,4,hispanic latino,0.05602055818468233
450,5,hispanic,0.05323867826811934
450,6,households,0.0522045047422874
450,7,black,0.048593829857112116
450,8,commits,0.04769951168867262
450,9,commits 30,0.047238751254938746
450,10,chase committing,0.047238751254938746
451,1,blockchain,0.09173512294059609
451,2,tokenized,0.06987728627036481
451,3,ethereum,0.061974490444269725
451,4,ethereum collateral,0.048647948763192436
451,5,fund ethereum,0.048647948763192436
451,6,securitize,0.048647948763192436
451,7,collateral,0.047084922105458386
451,8,tokenized money,0.041040002948136936
451,9,public blockchain,0.041040002948136936
451,10,bitcoin ethereum,0.03671487091627052
452,1,index etf,0.11486711265749533
452,2,management announces,0.09433737607772037
452,3,announces final,0.08268266121249242
452,4,bond index,0.07028154849300518
452,5,corporate bond,0.06529138890519236
452,6,final,0.06510322755820118
452,7,asset management,0.062161583703524086
452,8,etf asset,0.06060032577392282
452,9,reinvested,0.06060032577392282
452,10,annual reinvested,0.06060032577392282
453,1,rail,0.13199861250006834
453,2,leasing,0.11913611092506278
453,3,billion rail,0.0791298913426611
453,4,leasing business,0.0791298913426611
453,5,leasing unit,0.07268000397464042
453,6,sell billion,0.06064975340619255
453,7,railcar,0.05616948222829864
453,8,railcar business,0.05616948222829864
453,9,equipment leasing,0.05616948222829864
453,10,rail leasing,0.05616948222829864
454,1,unionization,0.10682270351621569
454,2,union,0.10418309061189986
454,3,vote,0.10325132891124181
454,4,employees vote,0.08722690348004969
454,5,vote favor,0.08722690348004969
454,6,branch,0.08031454771910501
454,7,workers,0.07463577082480304
454,8,employees,0.07038927939298294
454,9,favor unionization,0.06191705715398502
454,10,branch workers,0.06191705715398502
455,1,polish,0.08284721358655699
455,2,stake polish,0.08273372210369731
455,3,erste,0.07790390419579639
455,4,erste group,0.06409268472426191
455,5,kkr,0.05309070397400738
455,6,stake,0.0435580312272722
455,7,billion market,0.042856829812451466
455,8,firm pne,0.03836359449022126
455,9,polish unit,0.0360303251646699
455,10,later business,0.0360303251646699
456,1,crackdown economic,0.05220457760041874
456,2,attracting larger,0.05220457760041874
456,3,crimes attracting,0.05220457760041874
456,4,larger banks,0.05220457760041874
456,5,including natwest,0.05220457760041874
456,6,economic crimes,0.05220457760041874
456,7,switching current,0.05220457760041874
456,8,banks broke,0.04902950130251159
456,9,uk crackdown,0.04902950130251159
456,10,current,0.04521459054012056
457,1,palantir,0.24642338071059558
457,2,palantir stock,0.09384034430092356
457,3,pltr,0.06527212345649888
457,4,pltr stock,0.05616948222829864
457,5,palantir palantir,0.05616948222829864
457,6,focus raises,0.031006698442732458
457,7,exposure magnifies,0.031006698442732458
457,8,government roots,0.031006698442732458
457,9,government exposure,0.031006698442732458
457,10,cliff dive,0.031006698442732458
458,1,host earnings,0.28653795654953096
458,2,host,0.205997949955687
458,3,schedules,0.1034258117464874
458,4,conference calls,0.09145041119368084
458,5,quarterly investor,0.07694894386188889
458,6,earnings host,0.07694894386188889
458,7,holdings host,0.07694894386188889
458,8,furnishings host,0.07694894386188889
458,9,schedules quarterly,0.07694894386188889
458,10,earnings september,0.07226891810485812
459,1,bank england,0.16788641364379409
459,2,england,0.1555649864622747
459,3,raise rates,0.07316762580526769
459,4,england poised,0.06602459569056207
459,5,rates,0.06586894073482502
459,6,mann,0.04912238851699918
459,7,england mann,0.04912238851699918
459,8,poised hold,0.04912238851699918
459,9,uk rates,0.04613477059830426
459,10,high bank,0.04237431966049146
460,1,earnings snapshot,0.5533785597514684
460,2,snapshot,0.5403436521946483
460,3,snapshot banco,0.13870283280730483
460,4,snapshot q1,0.1031950952566417
460,5,snapshot goldman,0.1031950952566417
460,6,snapshot fiscal,0.1031950952566417
460,7,snapshot q2,0.1031950952566417
460,8,snapshot q3,0.1031950952566417
460,9,snapshot q4,0.1031950952566417
460,10,fiscal q1,0.09691878164449966
461,1,activision,0.18583827540531686
461,2,microsoft activision,0.11320509215523655
461,3,microsoft,0.11054014143164773
461,4,activision deal,0.10601041080761313
461,5,deal microsoft,0.05253160853840527
461,6,microsoft buys,0.0372889840002991
461,7,activision microsoft,0.0372889840002991
461,8,latest moving,0.0372889840002991
461,9,69 billion,0.0372889840002991
461,10,buys activision,0.03502107235893685
462,1,coreweave,0.21271310223797457
462,2,coreweave stock,0.10660444404961046
462,3,crwv,0.09689123568437759
462,4,coreweave crwv,0.06413141731950654
462,5,crwv stock,0.04771386124769454
462,6,coreweave shares,0.04771386124769454
462,7,magnetar,0.04771386124769454
462,8,stock coreweave,0.04771386124769454
462,9,sell hold,0.03094518273300305
462,10,stock soars,0.02943692097658896
463,1,500 target,0.07772211916090258
463,2,amp 500,0.06945808206307079
463,3,500,0.06510998006930208
463,4,target 2026,0.040435402106536324
463,5,strategists,0.02865865121687237
463,6,target,0.0281565909195963
463,7,confident,0.028101950349407587
463,8,amp,0.027301986171372018
463,9,lowers,0.02531886012617899
463,10,500 global,0.024910466206534213
464,1,gets dealmaking,0.06622968800053124
464,2,recovered tariff,0.06622968800053124
464,3,street recovered,0.06622968800053124
464,4,street,0.06510267821575852
464,5,tariff tumult,0.06220160613005202
464,6,boom boosts,0.06220160613005202
464,7,wall street,0.06104126086083196
464,8,dealmaking boost,0.059345490653871714
464,9,wall,0.05864392849664009
464,10,recovered,0.05713154541290142
465,1,yieldmax,0.2539125360490572
465,2,yieldmax etfs,0.2179869728659098
465,3,etfs announces,0.19674213002116261
465,4,ulty,0.179960967430283
465,5,announces distributions,0.1768253431849795
465,6,distributions,0.11652368143302523
465,7,slty,0.09474785996694048
465,8,lfgy,0.09474785996694048
465,9,etfs,0.08683848898210252
465,10,smcy,0.07873560146157238
466,1,stock earnings,0.22435673200889114
466,2,reported results,0.14036305190817175
466,3,2024 stock,0.13131111760468214
466,4,reported,0.11250972388372898
466,5,beats eps,0.10607238022375994
466,6,gr beats,0.1057041901108312
466,7,2023 stock,0.10461456343330612
466,8,beats revenue,0.0925995143191303
466,9,gr,0.08206944850292633
466,10,eps beats,0.08119711212740337
467,1,ytd,0.11371988582960545
467,2,month buy,0.1088477784643904
467,3,right time,0.10866362631500595
467,4,buy stock,0.0918325528782209
467,5,time buy,0.0918325528782209
467,6,ytd right,0.06309084022799422
467,7,gains 13,0.06309084022799422
467,8,10 month,0.06309084022799422
467,9,ytd buy,0.059253662711566145
467,10,month,0.05728788743895825
468,1,year deal,0.10771056370211915
468,2,lhp,0.08586934980432002
468,3,sign,0.06959854333778014
468,4,rhp,0.06440201235324002
468,5,deal reports,0.058514794255916186
468,6,quakes sign,0.05139832929770957
468,7,reports mets,0.05139832929770957
468,8,mets lhp,0.05139832929770957
468,9,lhp sean,0.05139832929770957
468,10,sign rhp,0.05139832929770957
469,1,brown brothers,0.2899987371062926
469,2,brothers,0.2526866146390945
469,3,brown,0.2508066199664099
469,4,brothers harriman,0.18343272639356012
469,5,harriman,0.18343272639356012
469,6,brothers unit,0.09429599700733766
469,7,harriman investor,0.09429599700733766
469,8,investor services,0.08943908210051656
469,9,acquire brown,0.07412562943956791
469,10,buy brown,0.07412562943956791
470,1,flash,0.24515966775151168
470,2,flash crash,0.23688004582798805
470,3,crash,0.14427634584520968
470,4,london trading,0.05569944472011204
470,5,error flash,0.05569944472011204
470,6,2022 flash,0.05569944472011204
470,7,stock slides,0.03537364899153703
470,8,trader,0.03521142567154309
470,9,error,0.03375404457769262
470,10,bank plummet,0.030747228162876953
471,1,nvcc subordinated,0.16521829376169697
471,2,subordinated,0.1519494129585769
471,3,nvcc,0.14781229778918414
471,4,subordinated debentures,0.14143863084999683
471,5,trust iv,0.12781702068574072
471,6,iv,0.12781702068574072
471,7,debentures,0.1265326681577982
471,8,capital trust,0.11854017823134279
471,9,redemption capital,0.08799571362446885
471,10,iv announces,0.07185357949506009
472,1,draftkings,0.14175534080145596
472,2,alibaba stock,0.08799597600544769
472,3,draftkings stock,0.07877022063968507
472,4,stock bargain,0.07397942504225122
472,5,bargain,0.06225768110216847
472,6,alibaba,0.04597050444010762
472,7,bet draftkings,0.043482766455192855
472,8,analyst halves,0.043482766455192855
472,9,435 past,0.043482766455192855
472,10,150 bought,0.043482766455192855
473,1,cap stocks,0.1845533702998331
473,2,cap,0.11253925803665114
473,3,large cap,0.10771945908108016
473,4,best large,0.0918874703519396
473,5,large,0.08276787095365426
473,6,small cap,0.06891675552406477
473,7,10 large,0.06808364008691611
473,8,10 small,0.052617262008327184
473,9,cap value,0.05175898374906269
473,10,buy 15,0.03993499792432752
474,1,kong staff,0.08348409008753335
474,2,quarantine,0.08348409008753335
474,3,hong kong,0.08177129752689319
474,4,kong,0.08166747166637753
474,5,hong,0.0814607694538231
474,6,covid,0.07305794276470044
474,7,staff,0.057055742089130945
474,8,kong covid,0.05373172802445142
474,9,covid 19,0.04583378186106793
474,10,coronavirus,0.04388049056924553
475,1,today bank,0.12445014335296656
475,2,stock roundup,0.12034719480150911
475,3,usb,0.0924451969242731
475,4,bank stock,0.08748138170450122
475,5,roundup,0.07231467944034542
475,6,focus bank,0.07220831688090547
475,7,focus business,0.057628429818644064
475,8,moving usb,0.057628429818644064
475,9,usb focus,0.057628429818644064
475,10,stocks schw,0.057628429818644064
476,1,ant international,0.10932504070099107
476,2,cross border,0.08274071625819762
476,3,border,0.0797294286057255
476,4,ant,0.07760628535644917
476,5,blockchain based,0.06772198613553657
476,6,cross,0.06635973802855777
476,7,blockchain,0.06479445864551722
476,8,wallet,0.059155134369117915
476,9,international,0.05047015638809896
476,10,global wallet,0.04703946038200275
477,1,fired,0.17380016849647043
477,2,flight,0.0671261162192327
477,3,sues,0.0625592715387625
477,4,accused urinating,0.05389541412188979
477,5,aboard flight,0.05389541412188979
477,6,aboard,0.05389541412188979
477,7,fellow passenger,0.05389541412188979
477,8,passenger aboard,0.05389541412188979
477,9,urinating fellow,0.05389541412188979
477,10,new delhi,0.05389541412188979
478,1,pnc,0.15617745248817888
478,2,group pnc,0.13137182438380487
478,3,services group,0.11935698802001596
478,4,pnc financial,0.10706253046462783
478,5,bancorp usb,0.0938370174170035
478,6,pnc earnings,0.08489995460091256
478,7,usb,0.07599587362813912
478,8,mtb,0.07191141974985667
478,9,corporation mtb,0.06367496595068442
478,10,bank corporation,0.06367496595068442
479,1,dividends,0.07708304682037194
479,2,announce dividend,0.031812067233452784
479,3,banks fuel,0.031812067233452784
479,4,bank monster,0.031812067233452784
479,5,boom uk,0.031812067233452784
479,6,boost isn,0.031812067233452784
479,7,beat second,0.031812067233452784
479,8,banks healthy,0.031812067233452784
479,9,boosted dividends,0.031812067233452784
479,10,double boost,0.031812067233452784
480,1,know stocks,0.1879854177820004
480,2,things know,0.15786220130009068
480,3,things,0.10374297015119402
480,4,focus things,0.09729241043515871
480,5,stocks edge,0.06581148129407036
480,6,know,0.06461860333923508
480,7,edge,0.03969038005331961
480,8,edge higher,0.039212500236502176
480,9,stocks nudge,0.0358818525285897
480,10,focus,0.035352320668460044
481,1,stock market,0.05626801649745487
481,2,average stock,0.04876251753885267
481,3,market just,0.04876251753885267
481,4,signals big,0.04579678693091742
481,5,2026 wall,0.04579678693091742
481,6,market return,0.04369393267922423
481,7,outlook stocks,0.04206388508422412
481,8,just did,0.04206388508422412
481,9,market stock,0.03510132248417005
481,10,2026,0.030553194175045793
482,1,racial,0.19232374278714712
482,2,audit,0.17190586321727472
482,3,racial equity,0.1318005914175444
482,4,equity audit,0.11622915615377719
482,5,party racial,0.0759262520170473
482,6,audits,0.07243994102081912
482,7,firm conduct,0.05389541412188979
482,8,hires law,0.05389541412188979
482,9,equity audits,0.05389541412188979
482,10,racial audit,0.05389541412188979
483,1,canadian pension,0.16374826766178902
483,2,pension plans,0.1365345199304711
483,3,pension,0.12864308600201443
483,4,canadian,0.07702273537202073
483,5,services canadian,0.0716423040326019
483,6,investor services,0.05436177242385751
483,7,amp treasury,0.05373172802445142
483,8,investor amp,0.05009045405252001
483,9,treasury services,0.04751027368320357
483,10,returns,0.04138801045882555
484,1,chase freedom,0.1668882829129378
484,2,freedom,0.1588897585255972
484,3,categories,0.13617871225428715
484,4,freedom announces,0.10958302033465143
484,5,quarterly categories,0.10066915353052214
484,6,gas stations,0.06227462379605849
484,7,stores,0.0596824949738818
484,8,select,0.059196702489450505
484,9,stations,0.05282792248575112
484,10,cash categories,0.05175029770684692
485,1,commercial bank,0.04087050811388916
485,2,investment bank,0.03635694664012044
485,3,banking,0.03555631663633335
485,4,banks restructures,0.03516070588960571
485,5,banking help,0.03516070588960571
485,6,banking steep,0.03516070588960571
485,7,banking ncr,0.03516070588960571
485,8,banking channel,0.03516070588960571
485,9,bank leader,0.03516070588960571
485,10,capital simplifies,0.03516070588960571
486,1,broader,0.13329156748821666
486,2,broader market,0.10750302889729811
486,3,facts,0.10579276857357955
486,4,dips broader,0.09956740428895826
486,5,markets know,0.06895054116432495
486,6,broader markets,0.06637826952597217
486,7,market key,0.059612690786860247
486,8,key facts,0.058402048987600354
486,9,facts note,0.057307591309906196
486,10,know,0.05196568317671144
487,1,swiss,0.08733470530586501
487,2,swiss banking,0.055923733255654216
487,3,swiss bank,0.04588602593953084
487,4,switzerland,0.04580692027984302
487,5,swiss regulator,0.03658381290263384
487,6,swiss government,0.03152005976311009
487,7,regulator,0.030746472472866077
487,8,authorities banks,0.027116559154714365
487,9,bring naratil,0.027116559154714365
487,10,calls stronger,0.027116559154714365
488,1,beats expectations,0.19175246797802048
488,2,expectations quarter,0.16788597335555294
488,3,earnings beats,0.14521316403764295
488,4,earnings eps,0.1421165274722326
488,5,expectations,0.13849841631067386
488,6,2024 earnings,0.10886415912974454
488,7,expectations second,0.10344261208985528
488,8,quarter 2024,0.10234769431747268
488,9,eps beats,0.09932483948607948
488,10,eps,0.09775556113312296
489,1,pts wall,0.11751844855343947
489,2,street opens,0.11656143175006488
489,3,pts,0.10626413872751163
489,4,opens,0.06473887987032986
489,5,dow 150,0.05223895333763422
489,6,opens mixed,0.049840293682847696
489,7,wild surge,0.049840293682847696
489,8,surge wall,0.047980949699135876
489,9,dow,0.038107018067919905
489,10,dow 20,0.03708124592787403
490,1,files form,0.247381023867731
490,2,form 10,0.247381023867731
490,3,chase files,0.2442914146820282
490,4,10 quarter,0.21237959092723688
490,5,quarter ended,0.2093025208916849
490,6,ended,0.20853055905273424
490,7,files,0.1444536627301061
490,8,form,0.10762403638374433
490,9,ended june,0.08478521509381987
490,10,ended march,0.0829018931360677
491,1,zacks industry,0.312128727285161
491,2,industry outlook,0.312128727285161
491,3,outlook highlights,0.29775682390365976
491,4,zacks,0.15531305230419254
491,5,industry,0.15340333621458813
491,6,highlights,0.12762285810855292
491,7,outlook,0.10520616540823402
491,8,highlights chase,0.08517088057569341
491,9,highlights zacks,0.07546094272775725
491,10,evercore zacks,0.06493740140539891
492,1,dividend announces,0.09202605874363012
492,2,doubles dividend,0.0761390018389035
492,3,buyback,0.07387632632871785
492,4,restores,0.06449077324375443
492,5,12bn doubles,0.05664752037492246
492,6,sets buyback,0.05664752037492246
492,7,restores quarterly,0.05664752037492246
492,8,12bn,0.05664752037492246
492,9,dividend sets,0.05320222481761896
492,10,quarterly dividend,0.052915374594097266
493,1,musk,0.10071037887797935
493,2,elon musk,0.061293174285869126
493,3,elon,0.06014666364611587
493,4,tesla,0.05621258147742003
493,5,tesla shares,0.047980949699135876
493,6,billion tesla,0.03708124592787403
493,7,tesla stock,0.03314105580684282
493,8,doge,0.030119949588792588
493,9,tesla traders,0.020469603150216138
493,10,teslas exxon,0.020469603150216138
494,1,year old,0.075969599232621
494,2,dividend investor,0.06482651020609435
494,3,shares stock,0.061828510228578076
494,4,dividends shares,0.05721076077423604
494,5,000 month,0.05186120816487548
494,6,old,0.05166267633377272
494,7,month dividends,0.044973103712735454
494,8,retiree,0.044973103712735454
494,9,earning,0.04286902523126577
494,10,dividends,0.03736309553613352
495,1,rivian,0.2642101524258254
495,2,rivian stock,0.14567791440601888
495,3,rivn,0.12139826200501574
495,4,r2,0.05813173488256235
495,5,rivian automotive,0.05813173488256235
495,6,rivn stock,0.05813173488256235
495,7,today rivian,0.05813173488256235
495,8,automotive,0.03952504414223701
495,9,vehicle,0.0335654165581681
495,10,stock rating,0.03261599885250132
496,1,pfd,0.2008550289973713
496,2,shs,0.17360059235145814
496,3,declares,0.13563183316333885
496,4,dividend corporation,0.12782147078510359
496,5,series declares,0.08232526665101739
496,6,dp,0.08198243038782278
496,7,dp pfd,0.06444599398010543
496,8,dep,0.06444599398010543
496,9,non cum,0.06444599398010543
496,10,ncum,0.06444599398010543
497,1,asia,0.11869530872011594
497,2,headcount,0.09871009344347316
497,3,bankers asia,0.07588176626427216
497,4,boost asia,0.07588176626427216
497,5,banking headcount,0.07588176626427216
497,6,asia pacific,0.06492501948539406
497,7,trim investing,0.058643908758179646
497,8,lays 25,0.058643908758179646
497,9,25 bankers,0.058643908758179646
497,10,corporate banking,0.05644451230706719
498,1,worthless,0.09488123549197477
498,2,jamie dimon,0.08347199562223552
498,3,jamie,0.0829782037475951
498,4,dimon,0.07104451467630238
498,5,bitcoin worthless,0.0610671175158441
498,6,bitcoin,0.060210749745342
498,7,dimon called,0.045434018048146
498,8,worthless amid,0.045434018048146
498,9,called bitcoin,0.045434018048146
498,10,crypto bull,0.04267072638955787
499,1,investment banking,0.10968641484019094
499,2,profit jumps,0.07073294285305995
499,3,profit exceeds,0.06430998689906656
499,4,jumps investment,0.06430998689906656
499,5,robust investment,0.06430998689906656
499,6,expectations robust,0.060398661024833114
499,7,exceeds expectations,0.060398661024833114
499,8,banking,0.05584422033167545
499,9,banking strength,0.05547555858933906
499,10,profit,0.054761175975205585
500,1,amp ratings,0.34445859383986865
500,2,stock analyst,0.3357067327969545
500,3,estimates amp,0.3242706472303418
500,4,analyst estimates,0.31753247357661407
500,5,ratings,0.154410114879641
500,6,estimates,0.09508300235009967
500,7,analyst,0.08607118675515668
500,8,corporation stock,0.04841781927759072
500,9,energy stock,0.041963341599619314
500,10,amp,0.03781260995565608
501,1,sanofi enxtpa,0.2021524347742671
501,2,enxtpa,0.16836794959688317
501,3,sanofi,0.13905435752304177
501,4,recent share,0.06631905816419492
501,5,valuation,0.06558410278919119
501,6,enxtpa exploring,0.06272168644886517
501,7,share price,0.06052469815979766
501,8,valuation recent,0.055989642228964444
501,9,positive phase,0.04452229862243069
501,10,valuation amid,0.04452229862243069
502,1,year surge,0.1644764681953117
502,2,surge,0.1278167983997487
502,3,late consider,0.09398655325446383
502,4,2025 surge,0.08011702763716176
502,5,surge 2025,0.08011702763716176
502,6,price surge,0.060235158017496626
502,7,61,0.05783773502145515
502,8,surge priced,0.05548113312292193
502,9,late,0.051009191570022004
502,10,consider,0.04916562419596498
503,1,eqt private,0.12588770716595593
503,2,parexel,0.11940317838873046
503,3,eqt,0.10382501955833777
503,4,private equity,0.09885084526512869
503,5,equity asset,0.09002598959568464
503,6,private,0.0687245894986431
503,7,equity,0.060855550817976674
503,8,management parexel,0.05023459354002558
503,9,parexel eqt,0.05023459354002558
503,10,equity investment,0.0367602600240472
504,1,week release,0.1165310226680997
504,2,ahead week,0.11202500900128556
504,3,grow know,0.11202500900128556
504,4,surprise coming,0.1059535833232242
504,5,expected grow,0.09864424021478616
504,6,know ahead,0.09367316783135862
504,7,earnings expected,0.08116819241348591
504,8,estimate revisions,0.06487819563837958
504,9,industry solid,0.06282531525231323
504,10,coming earnings,0.06282531525231323
505,1,coinbase,0.1579395287196795
505,2,coinbase stock,0.0615502627287423
505,3,coinbase earnings,0.04912238851699918
505,4,slump coinbase,0.04912238851699918
505,5,crypto firm,0.03805533397094769
505,6,10 21,0.027116559154714365
505,7,broken slump,0.027116559154714365
505,8,break slump,0.027116559154714365
505,9,bitcoin falling,0.027116559154714365
505,10,assets bitcoin,0.027116559154714365
506,1,chinese stocks,0.06639684488945298
506,2,chinese,0.06398063784555408
506,3,investor mood,0.05478258143253818
506,4,china stock,0.04340444756243289
506,5,mood,0.038830130969059774
506,6,china stocks,0.038267539093071144
506,7,china tech,0.03264098500591652
506,8,stocks rally,0.030736887807501247
506,9,china,0.03032557038279488
506,10,concerns spoil,0.030241100950319313
507,1,archegos,0.13511452663067253
507,2,hwang,0.07667654651395407
507,3,archegos collapse,0.05633952309398622
507,4,archegos banks,0.049487610736456425
507,5,businesses bloomberg,0.049487610736456425
507,6,banks risk,0.049487610736456425
507,7,management controls,0.049487610736456425
507,8,archegos indictment,0.049487610736456425
507,9,ndas swaps,0.049487610736456425
507,10,questions banks,0.049487610736456425
508,1,personal,0.13219898144353923
508,2,lines,0.11751020572759042
508,3,credit lines,0.11561654154850698
508,4,credit score,0.10299049890576849
508,5,lines credit,0.10299049890576849
508,6,personal credit,0.10299049890576849
508,7,personal lines,0.0840976872117071
508,8,score,0.06842838709089986
508,9,account closures,0.059695817435456405
508,10,credit canceled,0.059695817435456405
509,1,americas hires,0.17662659975290848
509,2,equity research,0.1170595676627633
509,3,americas,0.10852097980001377
509,4,research analyst,0.10319788810345995
509,5,director senior,0.08833415867687067
509,6,senior equity,0.08113292890516302
509,7,managing director,0.06802144349162054
509,8,hires,0.06499674784938193
509,9,research,0.06348528271980151
509,10,director,0.05982159823695072
510,1,com featured,0.21421783563141905
510,2,zacks com,0.21421783563141905
510,3,featured highlights,0.21421783563141905
510,4,featured,0.20596616808697982
510,5,com,0.1467447913034174
510,6,highlights include,0.11085404596235741
510,7,zacks,0.09393819132541979
510,8,include,0.08702557287627585
510,9,highlights,0.08201468938010455
510,10,motors unum,0.05608986028884741
511,1,upside left,0.3107890066436246
511,2,left stock,0.28052145967647774
511,3,soars upside,0.2730690398609422
511,4,left,0.207561678593592
511,5,upside,0.20703201521003708
511,6,soars,0.15354584781257216
511,7,stock soars,0.08878811840506293
511,8,equity upside,0.03972209476177077
511,9,bma soars,0.03972209476177077
511,10,buzz lifts,0.03972209476177077
512,1,hires goldman,0.0926196414304411
512,2,taps goldman,0.06163144724776986
512,3,goldman names,0.058215949639676336
512,4,goldman,0.053847360311200486
512,5,friedland,0.053036523060186365
512,6,veteran friedland,0.053036523060186365
512,7,super group,0.053036523060186365
512,8,chief diversity,0.053036523060186365
512,9,goldman veteran,0.04981084793681456
512,10,diversity officer,0.04981084793681456
513,1,burry,0.26316893724443113
513,2,michael burry,0.22079805129788224
513,3,michael,0.16905783613008213
513,4,big short,0.15725376614560096
513,5,stocks michael,0.07297192314478865
513,6,short investor,0.07297192314478865
513,7,investor michael,0.07297192314478865
513,8,short,0.06988261505469633
513,9,burry bets,0.05179831629613532
513,10,looking deep,0.05179831629613532
514,1,stock trades,0.23340097846869984
514,2,trades tuesday,0.14636127142856706
514,3,trades,0.1450590573562829
514,4,trades thursday,0.11505389109331708
514,5,10 stocks,0.09874536568182694
514,6,monday 10,0.08166973796384526
514,7,wednesday stock,0.08166973796384526
514,8,trades monday,0.08166973796384526
514,9,monday,0.07748542627967708
514,10,thursday,0.07101909372022762
515,1,lab,0.1683852344564684
515,2,cohort,0.15568312841184895
515,3,startups,0.11139825178477308
515,4,multicultural innovation,0.08370837629072432
515,5,inclusive ventures,0.08370837629072432
515,6,ventures lab,0.08370837629072432
515,7,cohort multicultural,0.08370837629072432
515,8,accelerator,0.08276948969720635
515,9,innovation lab,0.08058554826661886
515,10,growth lab,0.08058554826661886
516,1,investor day,0.3002473755924372
516,2,day,0.1469238785214877
516,3,investor,0.13455509831431053
516,4,day host,0.12099215644006893
516,5,2025 investor,0.10207045894520508
516,6,host investor,0.09131343702078895
516,7,2022 investor,0.08066143762671261
516,8,host,0.05748007313279654
516,9,day priorities,0.047410242135016725
516,10,day november,0.047410242135016725
517,1,quinn,0.08038551321578734
517,2,announce changes,0.07195766101679339
517,3,level soon,0.07195766101679339
517,4,management level,0.07195766101679339
517,5,ceo kicks,0.07195766101679339
517,6,elhedery,0.07160537827820614
517,7,changes management,0.06758120449805652
517,8,soon ceo,0.06207265204320642
517,9,succession race,0.06207265204320642
517,10,ceo,0.05536683034571426
518,1,carvana,0.1533774412733838
518,2,spotify,0.09138047503526402
518,3,cvna,0.07283895720300944
518,4,carvana cvna,0.07283895720300944
518,5,spot carvana,0.05813173488256235
518,6,spotify technology,0.0520892734560184
518,7,technology spot,0.0520892734560184
518,8,compelling risk,0.03208990188177988
518,9,count activist,0.03208990188177988
518,10,abbott draws,0.03208990188177988
519,1,kuznicki law,0.19107558903321137
519,2,kuznicki,0.19107558903321137
519,3,law pllc,0.18844952180109253
519,4,pllc announces,0.18844952180109253
519,5,pllc,0.18844952180109253
519,6,announces class,0.17740491744879144
519,7,deadline kuznicki,0.13840485581992962
519,8,filing deadline,0.13840485581992962
519,9,behalf shareholders,0.11566940153204108
519,10,actions behalf,0.10906867352132787
520,1,data center,0.05040971949890178
520,2,center utah,0.04670935890563782
520,3,deal texas,0.04670935890563782
520,4,financing deal,0.043868501165405104
520,5,utah,0.04185418814536216
520,6,loan,0.04005717055320171
520,7,center,0.036346270177207894
520,8,million loan,0.03618594914430464
520,9,ai data,0.032628112279355394
520,10,ft reports,0.031758719679200964
521,1,omicron,0.08197708285888758
521,2,covid,0.06702009625522107
521,3,variant,0.06437800841956995
521,4,covid 19,0.052857660120296523
521,5,omicron variant,0.05163828407544682
521,6,supply chains,0.04373833105997776
521,7,coronavirus,0.042170861066547646
521,8,chains,0.04084728062979015
521,9,19,0.04038243735741547
521,10,amazon reveals,0.031812067233452784
522,1,davos,0.3156120058277375
522,2,davos 2023,0.14572894197960895
522,3,fed dominate,0.09519687435639941
522,4,ai trump,0.09519687435639941
522,5,dominate davos,0.09519687435639941
522,6,tariffs fed,0.09082571285351433
522,7,forum davos,0.0675744532391207
522,8,davos 2025,0.0675744532391207
522,9,crypto trump,0.0675744532391207
522,10,davos mag,0.0675744532391207
523,1,sustainable,0.18789166159905168
523,2,sustainable signals,0.1242880678434085
523,3,sustainable finance,0.08907099616490695
523,4,new survey,0.07343035278297642
523,5,signals new,0.07185357949506009
523,6,survey shows,0.06545544977626694
523,7,sustainable investing,0.0580664050279015
523,8,signals,0.05700255085547793
523,9,survey,0.04682058179013204
523,10,global survey,0.045702849124246034
524,1,private credit,0.13872215692148368
524,2,private,0.07053062988657424
524,3,credit fears,0.04949561668642413
524,4,credit,0.04289816744209892
524,5,639b,0.030492064443682958
524,6,4b loan,0.030492064443682958
524,7,1929,0.030492064443682958
524,8,beat private,0.030492064443682958
524,9,bravo 10,0.030492064443682958
524,10,boom default,0.030492064443682958
525,1,fannie,0.22076183191639695
525,2,freddie,0.2137010169534143
525,3,fannie freddie,0.1760201128023495
525,4,freddie public,0.08312504265803634
525,5,says fannie,0.08312504265803634
525,6,fannie mae,0.07535234775175288
525,7,mae,0.07186756450262595
525,8,raise 30,0.0653441959867968
525,9,mae freddie,0.0653441959867968
525,10,public end,0.0653441959867968
526,1,energy,0.08267701778698304
526,2,european energy,0.08189425435899861
526,3,energy crunch,0.05459616957266574
526,4,price cap,0.050146028943201686
526,5,energy prices,0.0485593048020063
526,6,energy crisis,0.047218610927408464
526,7,prices,0.046093750384546196
526,8,winter,0.03655219001410561
526,9,power,0.03564080912746601
526,10,crunch,0.03522802032344339
527,1,2021 shares,0.2825293944630868
527,2,voting rights,0.24326173396479076
527,3,voting,0.2249244613289592
527,4,rights,0.21949499729918828
527,5,rights 31,0.15812984788881523
527,6,shares voting,0.1503381540713126
527,7,amp voting,0.1310797390477375
527,8,shares amp,0.12794445153173417
527,9,31,0.12039251596712967
527,10,rights 30,0.11308309920995561
528,1,lawsuit investors,0.12151789024331414
528,2,investors shares,0.1176728126948089
528,3,announced shareholders,0.1176728126948089
528,4,shareholders foundation,0.1176728126948089
528,5,lawsuit,0.09174978694248459
528,6,shares group,0.08370857744183485
528,7,dismissal,0.07183519927438313
528,8,announced,0.0707076865638933
528,9,foundation lawsuit,0.07043474755612052
528,10,foundation,0.0630935218913459
529,1,disclosure regulatory,0.14282886353225357
529,2,regulatory capital,0.13830946268233138
529,3,regulatory,0.13750015772626337
529,4,disclosure,0.09632992141115207
529,5,capital requirements,0.0935465518052252
529,6,requirements,0.08880213026258459
529,7,cfo santomassimo,0.06622968800053124
529,8,hurdles cfo,0.06622968800053124
529,9,1st january,0.06622968800053124
529,10,santomassimo,0.06622968800053124
530,1,supermarkets plc,0.2068071948541961
530,2,wm morrison,0.2068071948541961
530,3,form wm,0.2068071948541961
530,4,morrison supermarkets,0.2068071948541961
530,5,supermarkets,0.2017239489172086
530,6,wm,0.19323738066662305
530,7,morrison,0.1896161013013563
530,8,mail amp,0.17290624192903595
530,9,trust plc,0.17290624192903595
530,10,general trust,0.17290624192903595
531,1,branches,0.13707790506411432
531,2,closures,0.08553293550927189
531,3,branch closures,0.07115464088478783
531,4,bank branches,0.069914848610329
531,5,000 uk,0.059820683407370595
531,6,branches 2025,0.05707389292549385
531,7,bank closing,0.05320612822803561
531,8,banks close,0.05173713828888296
531,9,locations,0.04743642725652522
531,10,closing,0.04724650501296328
532,1,inflation,0.0728089761798083
532,2,fed inflation,0.047725668668066275
532,3,fed needs,0.047725668668066275
532,4,lower inflation,0.047725668668066275
532,5,fed,0.047653385716914715
532,6,inflation fed,0.044261783288097954
532,7,year high,0.04217506847197317
532,8,40 year,0.041808879426491447
532,9,downshifting rates,0.031539002278659196
532,10,convincing things,0.031539002278659196
533,1,pay larger,0.24633144369844467
533,2,larger dividend,0.22870744324524106
533,3,dividend year,0.21559434490154616
533,4,larger,0.18475167308702928
533,5,passed checks,0.15209855136414815
533,6,checks pay,0.15209855136414815
533,7,passed,0.12497644801962284
533,8,checks,0.1183866458373366
533,9,pay,0.10689335871659982
533,10,dividend pay,0.0881600482656078
534,1,defined week,0.22804931367937714
534,2,stocks defined,0.22804931367937714
534,3,defined,0.2071926710957497
534,4,week score,0.07195766101679339
534,5,netflix twitter,0.06758120449805652
534,6,week,0.06549798541826304
534,7,score,0.06186296076190813
534,8,netflix,0.05347423105063657
534,9,chase pepsi,0.03972209476177077
534,10,chipotle netflix,0.03972209476177077
535,1,tender,0.13380954056635544
535,2,cash tender,0.12012349546142981
535,3,tender offer,0.09176281784569067
535,4,certain senior,0.07978892054467034
535,5,subsidiary certain,0.07978892054467034
535,6,notes mellon,0.07978892054467034
535,7,certain,0.07235115751874273
535,8,offer wholly,0.07232817326004373
535,9,owned subsidiary,0.07055037296101131
535,10,wholly,0.06758230417963118
536,1,profit usd,0.10568008444539306
536,2,article 53,0.0929571943114767
536,3,ad hoc,0.0929571943114767
536,4,announcement pursuant,0.0929571943114767
536,5,pursuant article,0.0929571943114767
536,6,listing rules,0.0929571943114767
536,7,hoc,0.0929571943114767
536,8,hoc announcement,0.0929571943114767
536,9,exchange regulation,0.0929571943114767
536,10,53 exchange,0.0929571943114767
537,1,jobs china,0.11316824847286687
537,2,tech jobs,0.098570305819684
537,3,500 tech,0.07679255550275675
537,4,cuts china,0.06961198649598631
537,5,china tech,0.06808377129989454
537,6,cut 500,0.06790094908372012
537,7,tech centers,0.05713376518500763
537,8,roles china,0.05713376518500763
537,9,rout sources,0.05713376518500763
537,10,unit staff,0.05365889627528092
538,1,hartnett,0.21889327244570003
538,2,hartnett sees,0.09519687435639941
538,3,hartnett says,0.0823329586475371
538,4,stock rally,0.07384689130833658
538,5,hartnett warns,0.0675744532391207
538,6,stocks hartnett,0.0675744532391207
538,7,stock bubble,0.0675744532391207
538,8,rally,0.057481530194831584
538,9,wilson says,0.052350230995567626
538,10,says stocks,0.051287078552562745
539,1,52 week,0.19293520460661834
539,2,run continue,0.18750721346971008
539,3,high run,0.18750721346971008
539,4,week high,0.18746430517761603
539,5,52,0.17463649330172737
539,6,hit 52,0.1171920084185688
539,7,continue,0.0997768448280942
539,8,run,0.0825366389356303
539,9,week,0.06731737390210367
539,10,hits 52,0.059587945071459425
540,1,grow buy,0.1828545302504756
540,2,expected grow,0.15478750459235063
540,3,earnings visibility,0.1496068192577474
540,4,visibility,0.1406271389590606
540,5,earnings expected,0.12736498277648056
540,6,expected,0.09625095435082781
540,7,grow,0.09131609466273045
540,8,buy corporation,0.08993938413805691
540,9,buy buy,0.084598890932115
540,10,estimates buy,0.08144284133328501
541,1,management pulse,0.16731630384121057
541,2,pulse survey,0.16236370158060184
541,3,pulse,0.144747347434647
541,4,survey reveals,0.14085616380119667
541,5,reveals,0.0936774818346644
541,6,survey,0.09051979146092196
541,7,wealth management,0.0560055545250324
541,8,sentiment,0.046270379686987835
541,9,optimism wealth,0.04226084853367231
541,10,reveals investor,0.039690548673461765
542,1,expected decline,0.3010350089313302
542,2,decline earnings,0.2654457625368919
542,3,earnings expected,0.24770293202046562
542,4,earnings preview,0.20103682208829196
542,5,preview corporation,0.18643210176511274
542,6,preview,0.18333827383538237
542,7,decline,0.15618292681554455
542,8,expected,0.13370822230016471
542,9,preview q2,0.06557717875914669
542,10,preview q3,0.06158878242433722
543,1,street rises,0.05731304895252583
543,2,cloud wall,0.04703946038200275
543,3,boom casts,0.04703946038200275
543,4,rises big,0.04703946038200275
543,5,end trading,0.04417852590862351
543,6,casts cloud,0.042149977460877085
543,7,wall street,0.04064474414651245
543,8,wall,0.039048463873094054
543,9,earnings season,0.038669343035125175
543,10,street,0.03853250389095249
544,1,piven,0.1791618894616824
544,2,brower,0.1791618894616824
544,3,brower piven,0.1791618894616824
544,4,alert brower,0.10568008444539306
544,5,000 investment,0.10414893439570241
544,6,contact brower,0.0996596747970556
544,7,piven lead,0.0996596747970556
544,8,excess 100,0.0895809447308412
544,9,losses excess,0.0809548468358827
544,10,excess,0.07682383110041223
545,1,india,0.13087525596252272
545,2,india strategy,0.06897496004200404
545,3,ownership india,0.06897496004200404
545,4,shriram,0.06180540736491304
545,5,shriram finance,0.06180540736491304
545,6,stake india,0.05949969237302169
545,7,talks,0.038754355928232086
545,8,2023 helped,0.038075583061801
545,9,ecosystem ownership,0.038075583061801
545,10,360 deal,0.038075583061801
546,1,consolidated,0.08971502950601504
546,2,summary expectations,0.07325773371882097
546,3,consolidated research,0.07325773371882097
546,4,performance indications,0.07325773371882097
546,5,analysis key,0.07198129733772789
546,6,indications,0.07080784018358441
546,7,fundamental analysis,0.06871191132721394
546,8,key performance,0.06688104760028775
546,9,research 2018,0.06636160574617314
546,10,2018 summary,0.06636160574617314
547,1,fido,0.261221290391524
547,2,authentication,0.19906141895203058
547,3,fido alliance,0.11038374394936966
547,4,certified,0.09269316031976939
547,5,alliance announces,0.08501590825427709
547,6,alliance,0.07350060234244671
547,7,fido authentication,0.0729568417212735
547,8,fido certified,0.0729568417212735
547,9,authentication products,0.05735102216578191
547,10,docomo,0.040709991706748556
