Topic,Count,Name,Representation,Representative_Docs
-1,23388,-1_bank_market_banking_new,"['bank', 'market', 'banking', 'new', 'stock', 'investment', 'says', 'growth', 'global', 'banks']","['INVESTOR ACTION NOTICE: The Schall Law Firm Announces the Filing of a Class Action Lawsuit Against The __COMPANY__ Group, Inc. and Encourages Investors with Losses in Excess of $100,000 to Contact the Firm', '__COMPANY__ __TICKER__ Q2 Earnings Beat on Fee Income Growth', 'INVESTOR ACTION ALERT: The Schall Law Firm Announces the Filing of a Class Action Lawsuit Against The __COMPANY__ Group, Inc. and Encourages Investors with Losses in Excess of $100,000 to Contact the Firm']"
0,966,0_buffett_warren buffett_warren_berkshire,"['buffett', 'warren buffett', 'warren', 'berkshire', 'hathaway', 'berkshire hathaway', 'buffett stocks', 'stocks warren', 'portfolio invested', 'invested']","['Here Are My Top 2 Buffett Stocks to Buy Now', '3 Warren Buffett Stocks to Buy Now: May 2024', '5 Warren Buffett Stocks to Buy and Never Sell']"
1,760,1_credit suisse_suisse_credit_takeover,"['credit suisse', 'suisse', 'credit', 'takeover', 'suisse deal', 'swiss', 'suisse takeover', 'rescue', 'buy credit', 'update credit']","['__TICKER__ Agrees to Buy Credit Suisse for $3 Billion: What’s Next', '__TICKER__ agrees to buy Credit Suisse', '__TICKER__ to buy Credit Suisse for $3.2 billion']"
2,544,2_dividend stocks_dividend_best dividend_tsx dividend,"['dividend stocks', 'dividend', 'best dividend', 'tsx dividend', 'tsx', 'yielding', 'stocks buy', 'stocks', 'yield dividend', '10 best']","['3 High Yield Dividend Stocks You Can Buy For Under $10', '3 Top TSX Dividend Stocks To Consider', 'The 3 Best Dividend Stocks to Buy Now']"
3,535,3_ipo_kong ipo_billion ipo_backed,"['ipo', 'kong ipo', 'billion ipo', 'backed', 'ipo sources', 'ipos', 'said', 'ant', 'files ipo', 'ipo market']","['China Fintech PingPong Weighing $1 Billion Hong Kong IPO, Sources Say', 'China Trucking Startup Said to Raise $1.6 Billion in U.S. IPO', 'Ant Group-Backed Kakao Pay Seeks Up to $1.4 Billion in IPO']"
4,529,4_crypto_bitcoin_stablecoin_stablecoins,"['crypto', 'bitcoin', 'stablecoin', 'stablecoins', 'crypto trading', 'cryptocurrency', 'coinbase', 'ethereum', 'cryptocurrencies', 'custody']","['__COMPANY__ : In on stablecoins?', '__COMPANY__ to offer crypto trading in surprise move', '__COMPANY__ Plans to Offer Crypto Trading to E*Trade Clients']"
5,516,5_ai_ai stocks_bubble_ai bubble,"['ai', 'ai stocks', 'bubble', 'ai bubble', 'intelligence', 'says ai', 'artificial intelligence', 'artificial', 'generative ai', 'generative']","['__COMPANY__ ’s valuation model says AI not in a bubble yet', '2 Top Artificial Intelligence (AI) Stocks That Could Crush the Nasdaq', '2 Artificial Intelligence (AI) Stocks That Could Become $1 Trillion Giants']"
6,471,6_russia_russian_ukraine_sanctions,"['russia', 'russian', 'ukraine', 'sanctions', 'putin', 'ukraine latest', 'exposure', 'war', 'exit', 'moscow']","['__COMPANY__ Has ‘Very Limited’ Exposure to Russia', '__COMPANY__ to exit Russia with sale of Rosbank to oligarch', 'Update on Russia and Ukraine']"
7,470,7_stock buy_momentum stock_buy according_stock invest,"['stock buy', 'momentum stock', 'buy according', 'stock invest', 'amp best', 'according', 'corporation best', 'great', 'invest', 'best']","['__COMPANY__ Corporation __TICKER__ is a Great Momentum Stock: Should You Buy?', 'Is __COMPANY__ Inc. __TICKER__ the Most Undervalued US Stock to Buy According to Hedge Funds?', '__COMPANY__ __TICKER__ is a Great Momentum Stock: Should You Buy?']"
8,399,8_stocks buy_10 best_according_10,"['stocks buy', '10 best', 'according', '10', 'best', 'buy', 'best stocks', 'stocks', 'buy according', 'stocks invest']","['12 Best Very Cheap Stocks To Buy Now According To Hedge Funds', '10 Best Value Stocks to Buy Now', '10 Best US Stocks to Buy Now']"
9,377,9_oil_opec_supply_oil prices,"['oil', 'opec', 'supply', 'oil prices', 'oil extends', 'demand', 'oil set', 'weekly', 'stockpiles', 'crude']","['Oil Set for Sixth Weekly Gain as OPEC+ Supply Boost Disappoints', 'Oil Set for Weekly Drop as OPEC+ Weighs Another Big Supply Hike', 'Oil Set for Weekly Gain as Focus Turns to Upcoming OPEC+ Meeting']"
10,373,10_dimon_jamie dimon_jamie_ceo jamie,"['dimon', 'jamie dimon', 'jamie', 'ceo jamie', 'dimon says', 'ceo', 'ceo dimon', 'dimon warns', 'chase ceo', 'says']","['__COMPANY__ CEO Jamie Dimon to Sell One Million Shares', '__COMPANY__ Chase CEO Jamie Dimon to sell company stock for first time', 'Jamie Dimon Says Economy Is Weakening']"
11,344,11_goldman_goldman profit_goldman ceo_private,"['goldman', 'goldman profit', 'goldman ceo', 'private', 'goldman traders', 'consumer', 'private equity', 'update goldman', 'goldman hires', 'banking trading']","['UPDATE 2-Goldman to combine investment banking and trading as part of major overhaul - WSJ', 'Goldman hires Uber executive to run its consumer bank', 'UPDATE 1-Goldman hires Uber executive to run its consumer bank']"
12,319,12_moody_ratings_assigns_moody assigns,"['moody', 'ratings', 'assigns', 'moody assigns', 'moody announces', 'periodic review', 'periodic', 'completion periodic', 'announces completion', 'review ratings']","[""__COMPANY__ (Sydney Branch) -- Moody's announces completion of a periodic review of ratings of __COMPANY__"", ""__COMPANY__ Trust Company, N.A. -- Moody's announces completion of a periodic review of ratings of __COMPANY__ Corporation (The)"", ""__COMPANY__ Bank, Ltd. -- Moody's announces completion of a periodic review of ratings of __COMPANY__ , Inc.""]"
13,283,13_fed_yields_fed rate_treasuries,"['fed', 'yields', 'fed rate', 'treasuries', 'treasury', 'treasury yields', 'rate cut', 'cut', 'rate', 'fed cut']","['Treasury Two-Year Yields Decline as Fed Rate-Hike Bets Wane', 'U.S. Treasury Yields Fall Amid Renewed Hopes of Fed Rate Cuts', 'Treasury Yields Rise Ahead of Fed as Traders Trim Rate-Cut Bets']"
14,278,14_hedge funds_hedge_funds right_funds,"['hedge funds', 'hedge', 'funds right', 'funds', 'right', 'funds bullish', 'funds think', 'going burn', 'burn hedge', 'funds hedge']","['Were Hedge Funds Right About __COMPANY__ Corporation __TICKER__ ?', 'Were Hedge Funds Right About Piling Into __COMPANY__ __TICKER__ ?', 'Were Hedge Funds Right About __COMPANY__ Inc. __TICKER__ ?']"
15,273,15_climate_climate change_fossil_emissions,"['climate', 'climate change', 'fossil', 'emissions', 'fossil fuel', 'change', 'carbon', 'activists', 'fuel', 'green']","['__COMPANY__ accused of hypocrisy over climate change', '__TICKER__ banker quits over climate change furore', 'How to Tackle Climate Change in Your Portfolio']"
16,270,16_laundering_money laundering_fined_fine,"['laundering', 'money laundering', 'fined', 'fine', 'fines', 'pay', 'anti money', 'penalty', 'money', 'anti']","['UPDATE 1- __TICKER__ fined $85 mln for anti-money laundering failings', ""Canada's anti-money laundering agency imposes $6.7 million fine on __TICKER__ Bank"", '__COMPANY__ Fined __TICKER__ $7.5 Million Over Money-Laundering Lapses']"
17,263,17_stocks buy_stocks_value stocks_buy,"['stocks buy', 'stocks', 'value stocks', 'buy', 'undervalued', '2024', 'defensive stocks', 'growth stocks', 'volatile stocks', 'defensive']","['3 of the Best Value Stocks You Can Buy Right Now', '3 Top Value Stocks to Buy Right Now', 'Here Are My Top 3 Value Stocks to Buy Now']"
18,262,18_bond_bonds_bond sale_bond market,"['bond', 'bonds', 'bond sale', 'bond market', 'junk', 'bond offering', 'sale', 'bond losses', 'bond sales', 'billion bond']","['Electrica completes €500 million green bond offering with no stabilisation', '__COMPANY__ Joins __COMPANY__ With Post-Earnings Bond Sale', '__COMPANY__ Looks to Raise $7.5 Billion From Bond Sale']"
19,247,19_story_narrative_shifting_developments,"['story', 'narrative', 'shifting', 'developments', 'analyst', 'recent', 'recent developments', 'recent analyst', 'investment story', 'evolving']","['Why the Narrative Around __TICKER__ Is Shifting After Recent Analyst and Market Developments', 'How Recent Developments Are Rewriting the Story for __TICKER__', 'Why The Narrative Around __COMPANY__ Is Shifting After Recent Analyst Updates']"
20,234,20_epstein_jeffrey epstein_jeffrey_staley,"['epstein', 'jeffrey epstein', 'jeffrey', 'staley', 'jes staley', 'jes', 'ties', 'epstein ties', 'accusers', 'islands']","['__COMPANY__ Sues Former Executive Jes Staley Over Jeffrey Epstein Ties', '__COMPANY__ Sued Over Jeffrey Epstein Ties', '__COMPANY__ , __COMPANY__ Sued Over Jeffrey Epstein Ties']"
21,193,21_dividend stock_dividend_great dividend_bank dividend,"['dividend stock', 'dividend', 'great dividend', 'bank dividend', 'ex dividend', 'stock buy', 'stock right', 'dividend stocks', 'buy right', 'best']","['Is __COMPANY__ __TICKER__ the Best Bank Dividend Stock to Buy Right Now?', 'Is __COMPANY__ Inc. __TICKER__ the Best Bank Dividend Stock to Buy Right Now?', 'Is __COMPANY__ Chase &amp; Co. __TICKER__ the Best Bank Dividend Stock to Buy Right Now?']"
22,192,22_appoints_head_investment banking_names,"['appoints', 'head', 'investment banking', 'names', 'memo', 'americas', 'banking', 'heads', 'hires', 'banking appoints']","['__COMPANY__ appoints new co-heads of investment banking', '__COMPANY__ appoints new co-heads of Investment Banking', '__COMPANY__ names new co-heads of investment banking - memo']"
23,188,23_japan_update japan_japanese_japan banks,"['japan', 'update japan', 'japanese', 'japan banks', 'nippon', 'steel', 'japan bank', 'nikkei', 'japan buy', 'nippon steel']","[""UPDATE 2-Japan's __COMPANY__ to buy two Asia units of Home Credit for $620 mln -source"", ""UPDATE 4-Japan's __COMPANY__ to buy two Asia units of Home Credit for $620 mln"", ""UPDATE 1-Japan's 3 megabanks to loan Nippon Steel $16 bln for U.S. Steel acquisition""]"
24,182,24_today_today shares_today stock_popped,"['today', 'today shares', 'today stock', 'popped', 'shares', 'higher today', 'stock today', 'falling today', 'fell', 'stock popped']","['Why __COMPANY__ Stock Is Falling Today', 'Why __COMPANY__ Stock Dropped and Then Popped Today', 'Why IBM Stock Popped Today']"
25,176,25_china_china securities_chinese_joint,"['china', 'china securities', 'chinese', 'joint', 'venture', 'stake china', 'joint venture', 'wealth business', 'communist', 'securities']","['__COMPANY__ gets regulatory nod to set up China asset management joint venture', '__TICKER__ Mulls Raising Stake in China Securities Joint Venture', '__TICKER__ Raises Stake in China Securities Joint Venture to 90%']"
26,172,26_cramer_jim cramer_jim_cramer says,"['cramer', 'jim cramer', 'jim', 'cramer says', 'says jim', 'cramer jim', 'cramer group', 'cramer calls', 'higher jim', 'cramer amp']","['Jim Cramer Discusses __COMPANY__ __TICKER__ in Detail', 'Jim Cramer Says If You Don’t Own Any Bank Stocks “You Can Buy __COMPANY__ ”', 'Jim Cramer Says He’s “Very Happy” With __COMPANY__']"
27,171,27_layoffs_jobs_job cuts_job,"['layoffs', 'jobs', 'job cuts', 'job', '000 jobs', 'cuts', 'plans cut', 'cut', 'lay', 'employees']","['__COMPANY__ Layoffs 2023: What to Know About the Latest __TICKER__ Job Cuts', '__TICKER__ Layoffs 2023: What to Know About the Latest __TICKER__ Job Cuts', '__COMPANY__ plans to cut another 3,000 jobs']"
28,168,28_notes_senior notes_floating rate_floating,"['notes', 'senior notes', 'floating rate', 'floating', 'redemption', 'senior', 'rate senior', 'announces redemption', 'fixed', '000 000']","['__COMPANY__ Announces Redemption of Floating Rate Senior Notes Due May 2024', '__COMPANY__ Announces Redemption of Floating Rate Senior Notes Due 2024', '__COMPANY__ Announces Redemption of Floating Rate Senior Notes Due 2025']"
29,166,29_healthcare conference_44th_annual healthcare_44th annual,"['healthcare conference', '44th', 'annual healthcare', '44th annual', 'healthcare', 'present 44th', 'present', 'conference', 'annual', 'therapeutics present']","['CorMedix Therapeutics to Present at the 44th Annual __COMPANY__ Healthcare Conference', 'Moderna to Present at the 44th Annual __COMPANY__ Healthcare Conference', 'Viking Therapeutics to Present at the 44th Annual __COMPANY__ Healthcare Conference']"
30,165,30_nvidia_nvidia stock_nvda_nvidia nvda,"['nvidia', 'nvidia stock', 'nvda', 'nvidia nvda', 'ai', 'chip', 'nvidia amd', 'nvda stock', 'amd', 'gpu']","['Nvidia (NVDA) Stock Trades Down, Here Is Why', 'Is NVIDIA (NVDA) Stock A Buy or Sell?', 'Is Nvidia Stock a Buy in 2026?']"
31,163,31_gold_gold prices_gold price_gold rises,"['gold', 'gold prices', 'gold price', 'gold rises', 'gold futures', 'gold edges', 'haven', 'silver', 'haven demand', 'rate cut']","['Gold Futures Trade Near Record High on Rate-Cut Hopes', 'Gold price hits another record high as US rate cut expectations rise', 'Gold prices jump on safe-haven demand and Fed rate-cut hopes']"
32,161,32_profit_profit falls_profit rises_estimates,"['profit', 'profit falls', 'profit rises', 'estimates', 'dealmaking', 'profits', 'tops estimates', 'revenue', 'beats', 'quarter profit']","['__COMPANY__ beats profit estimates on capital market, deal-making boom', 'UPDATE 1- __COMPANY__ beats profit estimates on capital market, deal-making boom', '__COMPANY__ Third-Quarter Profit Rises']"
33,151,33_bank stocks_best bank_industry_prospering,"['bank stocks', 'best bank', 'industry', 'prospering', 'stocks buy', 'bank', 'foreign', 'banks industry', 'foreign bank', 'stocks']","['3 Best Bank Stocks to Buy Now', 'The 3 Best Bank Stocks to Buy Now', '3 Top Bank Stocks to Buy in May']"
34,151,34_estimates_revenues_earnings revenues_revenue estimates,"['estimates', 'revenues', 'earnings revenues', 'revenue estimates', 'earnings revenue', 'q4 earnings', 'q1 earnings', 'beat', 'beat estimates', 'q3 earnings']","['__COMPANY__ __TICKER__ Q3 Earnings and Revenues Beat Estimates', '__COMPANY__ __TICKER__ Q1 Earnings and Revenues Beat Estimates', '__TICKER__ __TICKER__ Q1 Earnings and Revenues Beat Estimates']"
35,146,35_results_results reports_financial results_quarter,"['results', 'results reports', 'financial results', 'quarter', 'reports quarter', 'reports', 'second quarter', 'reports second', 'quarter 2025', 'second']","['__COMPANY__ Reports Second-Quarter 2021 Financial Results', '__COMPANY__ Reports Second Quarter 2021 Financial Results', '__COMPANY__ Reports Second Quarter 2025 Financial Results']"
36,144,36_finance stocks_banco chile_chile_banco,"['finance stocks', 'banco chile', 'chile', 'banco', 'stock outpacing', 'peers year', 'outpacing', 'finance peers', 'outpacing finance', 'finance']","['Is The __COMPANY__ __TICKER__ Stock Outpacing Its Finance Peers This Year?', 'Is __COMPANY__ __TICKER__ Stock Outpacing Its Finance Peers This Year?', 'Is Banco __COMPANY__ Chile (BSAC) Stock Outpacing Its Finance Peers This Year?']"
37,142,37_price target_target_price_target raised,"['price target', 'target', 'price', 'target raised', 'raised', 'stock price', 'lowered', 'target lowered', 'price targets', 'raises price']","['__COMPANY__ price target raised to $95 from $90 at __COMPANY__', '__COMPANY__ Keeps Buy Rating, 12 Month Price Target Raised By $4 at __TICKER__', '__COMPANY__ __TICKER__ Price Target Raised by $18']"
38,141,38_premarket_rise premarket_fall premarket_rise,"['premarket', 'rise premarket', 'fall premarket', 'rise', 'fall', 'falls', 'lululemon', 'tesla', 'boeing', 'johnson']","['Apple, American Airlines Rise Premarket; __COMPANY__ Falls', '__COMPANY__ , __COMPANY__ rise premarket; Tesla, Apple, Boeing fall', '__COMPANY__ , Boeing Rise Premarket; Tesla Falls']"
39,137,39_amp 500_500_500 slips_amp,"['amp 500', '500', '500 slips', 'amp', 'tech', 'slips', '500 climbs', 'bulls', '500 cuts', 'financials']","['S&amp;P 500 Cuts Losses as Tech, Energy Gain', 'S&amp;P 500 Slips as Fed Decision Looms', 'S&amp;P 500 Slips as Bank Stocks Slide']"
40,136,40_blue chip_blue_chip stocks_chip,"['blue chip', 'blue', 'chip stocks', 'chip', 'best blue', 'undervalued blue', 'stocks buy', '10 blue', 'updated rankings', 'downgraded updated']","['7 Undervalued Blue-Chip Stocks to Buy Now', '10 Best Blue Chip Stocks To Buy', 'The 7 Best Blue-Chip Stocks to Buy Now']"
41,135,41_ftse_ftse 100_100_100 live,"['ftse', 'ftse 100', '100', '100 live', 'live', 'ftse european', 'european stocks', '100 opens', 'lower', 'european']","['FTSE 100 higher ahead of key inflation data', 'FTSE 100 LIVE: European stocks mixed as China cuts key interest rate', 'FTSE 100 opens lower ahead of Bank of England interest rate decision']"
42,130,42_republic_republic bank_republic stock_fdic,"['republic', 'republic bank', 'republic stock', 'fdic', 'republic republic', 'republic deal', 'deposit', '30 billion', 'rescue republic', 'buy republic']","['What’s Going on With First Republic Bank?', 'Eleven Banks Deposit $30 Billion in First Republic Bank', '__COMPANY__ to Take Over First Republic Bank']"
43,128,43_tariffs_trump tariffs_trump_tariff,"['tariffs', 'trump tariffs', 'trump', 'tariff', 'copper', 'tariffs trump', 'trump tariff', 'price hikes', 'tariffs markets', 'tariffs likely']","['Trump tariffs trigger US inflation shock', 'Where Trump Tariffs Stand Now', ""Trump Tariffs: Here's What __COMPANY__ Investors Need to Know""]"
44,127,44_speak_conference_services conference_financial services,"['speak', 'conference', 'services conference', 'financial services', 'global financial', 'financials', 'services', 'mellon speak', 'financials conference', 'participate']","['__COMPANY__ Mellon to Speak at the __COMPANY__ Global Financial Services Conference', '__COMPANY__ to Speak at __COMPANY__ Global Financial Services Conference', '__COMPANY__ to Speak at the __COMPANY__ Global Financial Services Conference']"
45,126,45_earnings transcript_transcript_2023 earnings_2022 earnings,"['earnings transcript', 'transcript', '2023 earnings', '2022 earnings', '2021 earnings', 'q4 2022', 'transcript banco', 'q4 2023', 'q4', 'transcript corporation']","['__COMPANY__ __TICKER__ Q3 2023 Earnings Call Transcript', '__COMPANY__ Inc. ( __TICKER__ ) Q4 2023 Earnings Call Transcript', '__COMPANY__ ( __TICKER__ ) Q4 2023 Earnings Call Transcript']"
46,125,46_valuation_share price_assessing_assessing valuation,"['valuation', 'share price', 'assessing', 'assessing valuation', 'recent share', 'valuation recent', 'recent', 'share', 'enxtam inga', 'enxtam']","['__COMPANY__ __TICKER__ : Assessing Valuation After Recent Share Price Strength', 'Assessing __COMPANY__ __TICKER__ Valuation After Recent Share Price Momentum', 'Assessing __COMPANY__ __TICKER__ Valuation After Recent Share Price Gains']"
47,123,47_tickers_trending tickers_trending_tickers nvidia,"['tickers', 'trending tickers', 'trending', 'tickers nvidia', 'tickers trending', 'tickers apple', 'nvidia', 'tesla', 'tickers tesla', 'novo']","['Trending tickers: Nvidia, __COMPANY__ , Moderna and Walmart', 'Trending tickers: Nvidia, __TICKER__ , __COMPANY__ , Aston Martin and Next', 'Trending tickers: Apple | Amazon | __COMPANY__ | Tesla']"
48,120,48_500 nasdaq_nasdaq_dow amp_market today,"['500 nasdaq', 'nasdaq', 'dow amp', 'market today', 'today dow', 'stock market', 'dow', 'amp 500', '500', 'today']","['Stock market today: Dow, S&amp;P 500, Nasdaq futures take a breather as shutdown drags on', 'Stock market today: Dow, S&amp;P 500, Nasdaq futures rise as Wall Street looks to big bank earnings', 'Stock market today: Dow, S&amp;P 500, Nasdaq futures take a breather']"
49,119,49_swiss_capital rules_switzerland_rules,"['swiss', 'capital rules', 'switzerland', 'rules', 'capital', 'swiss capital', 'swiss bank', 'swiss government', 'compromise', 'new capital']","['__TICKER__ , Swiss government could compromise on capital requirements - report', '__TICKER__ shares rise as Swiss lawmakers propose compromise on capital rules', '__TICKER__ buybacks may be hit by new capital rules: Swiss government']"
50,118,50_form_group plc_amendment form_plc form,"['form', 'group plc', 'amendment form', 'plc form', 'plc amendment', 'plc', 'amendment', 'ept non', 'form ept', 'ept']","['Form 8.5 (EPT/NON-RI) - Arrow Global plc - Amendment', 'Form 8.5 (EPT/NON-RI) - ARROW GLOBAL GROUP PLC Amendment', 'Form 8.5 (EPT/NON-RI) - CLINIGEN GROUP PLC - Amendment']"
51,116,51_canada_canadian dollar_canadian_bank canada,"['canada', 'canadian dollar', 'canadian', 'bank canada', 'dollar', 'comments canadian', 'deficit', 'canada inflation', 'says canada', 'comments']","[""__COMPANY__ Comments on Canadian Dollar Ahead of This Week's Bank of Canada Policy Meeting"", ""__COMPANY__ Previews Tuesday's CPI Data in Canada; Comments on The Canadian Dollar"", '__COMPANY__ Comments on The Canadian Dollar']"
52,115,52_advisors_forbes_wealth advisors_advisors list,"['advisors', 'forbes', 'wealth advisors', 'advisors list', 'named', 'named forbes', 'list', 'best state', 'shook', 'forbes shook']","['23 Advisors in the __TICKER__ Northeast Private Wealth Management Market Named to the Forbes/SHOOK Best-In-State Wealth Advisors List', 'Fifteen __TICKER__ Financial Advisors in Arizona Named to Forbes Best-in-State Wealth Advisors List', 'Two __TICKER__ Private Wealth Advisors Named to Forbes/SHOOK Best-In-State Wealth Advisors List']"
53,114,53_office_return office_return_days week,"['office', 'return office', 'return', 'days week', 'days', 'work', 'employees', 'asks', 'asks employees', 'office days']","[""Canada's __COMPANY__ asks staff to return to office four days a week"", ""No More WFH: __COMPANY__ Asks Employees To Return To Office 5 Days A Week — And It's Not Alone"", '__COMPANY__ asks employees to return to office four days a week by September']"
54,113,54_ishares_llc buys_buys_llc,"['ishares', 'llc buys', 'buys', 'llc', 'etf', 'bond etf', 'buys ishares', 'vanguard', 'ishares core', 'etf ishares']","['Private Capital Management Llc Buys Vanguard Russell 1000 Index Fund, BTC iShares Core MSCI ...', 'SevenBridge Financial Group, LLC Buys iShares Core S&amp;P 500 ETF, iShares 1-3 Year Credit ...', 'Neumann Capital Management, LLC Buys Apple Inc, BTC iShares Core MSCI EAFE ETF, iShares Russell ...']"
55,113,55_debt_citrix_loan_underwrite,"['debt', 'citrix', 'loan', 'underwrite', 'billion debt', 'million debt', 'loans', 'adani', 'billion senior', 'billion']","['__COMPANY__ Partners with Diverse Firms to Underwrite $1 Billion of Senior Debt and $0.5 Billion of Senior Subordinated Debt', '__COMPANY__ Partners With Diverse Firms to Underwrite $1.5 Billion of Senior Unsecured Debt', '__COMPANY__ Partners with Diverse Firms to Underwrite $2 Billion of Senior Unsecured Debt']"
56,112,56_bank earnings_earnings season_big bank_season,"['bank earnings', 'earnings season', 'big bank', 'season', 'earnings', 'watch bank', 'big', 'banks earnings', 'banks kick', 'kick earnings']","['Big banks kick off earnings season with a bang', 'What to watch from big bank earnings', 'Big bank earnings: What to watch']"
57,107,57_sector update_update financial_afternoon_financial stocks,"['sector update', 'update financial', 'afternoon', 'financial stocks', 'sector', 'afternoon sector', 'late afternoon', 'afternoon trading', 'trading sector', 'update']","['Sector Update: Financial Stocks Mixed Late Afternoon', 'Sector Update: Financial Stocks Mixed in Late Afternoon', 'Sector Update: Financial Stocks Mixed in Late Afternoon Trading']"
58,104,58_ceo_ceo succession_succession_ceo faces,"['ceo', 'ceo succession', 'succession', 'ceo faces', 'traction', 'board sources', 'gets traction', 'ceo growth', 'traction board', 'ceos']","['UPDATE 2- __COMPANY__ CEO leading talks for new First Republic rescue plan - WSJ', ""__COMPANY__ CEO's growth strategy gets traction with board-sources"", ""FOCUS- __COMPANY__ CEO's growth strategy gets traction with board-sources""]"
59,104,59_mutual funds_mutual_funds_returns,"['mutual funds', 'mutual', 'funds', 'returns', 'returns mutual', 'ranked mutual', 'funds buy', 'ranked', 'mellon mutual', 'portfolio mutual']","['3 Top-Ranked __COMPANY__ Mutual Funds for Stellar Returns', '3 __COMPANY__ Mutual Funds to Buy Today', '3 __COMPANY__ Mutual Funds You Must Buy Today']"
60,104,60_china_stimulus_deflation_stimulus china,"['china', 'stimulus', 'deflation', 'stimulus china', 'china economy', 'economy', 'china pledges', 'china deflation', 'economic', 'china growth']","['China Consumer Prices Inch Up But Deflation Pressure Lingers', 'Iron Ore Leads Metals Higher on Hopes for More China Stimulus', 'China Deflation Pressure Worsens as Economy Slumps, Survey Shows']"
61,101,61_buys_sells_corp_llc buys,"['buys', 'sells', 'corp', 'llc buys', 'llc', 'corp sells', 'management buys', 'nv', 'paypal holdings', 'associates buys']","['American Assets Investment Management, LLC Buys Shell PLC, Walmart Inc, Exxon Mobil Corp, Sells ...', 'Alley Co LLC Buys __COMPANY__ , Zoetis Inc, American Tower Corp, Sells Comcast Corp', 'Heron Financial Group, Llc Buys __COMPANY__ Corp, M&amp;T Bank Corp, NVIDIA Corp, Sells ...']"
62,101,62_bullish bearish_street bullish_stock wall_bearish,"['bullish bearish', 'street bullish', 'stock wall', 'bearish', 'bullish', 'street analysts', 'bearish wall', 'analysts bullish', 'analysts like', 'wall street']","['Truist Financial Stock: Is Wall Street Bullish or Bearish?', 'Broadcom Stock: Is Wall Street Bullish or Bearish?', '__COMPANY__ Stock: Is Wall Street Bullish or Bearish?']"
63,101,63_canada_bmo_canadian_canadian business,"['canada', 'bmo', 'canadian', 'canadian business', 'deal canada', 'canadian unit', 'unit', 'cowen', 'sale', 'canada bmo']","['UPDATE 1-Canada Parliament panel asks Ottawa to reject __COMPANY__ , __TICKER__ unit deal', ""__COMPANY__ to sell Bank of the West to Canada's BMO for $16 billion"", ""__COMPANY__ to sell Bank of the West to Canada's BMO for around $16 bln""]"
64,98,64_yen_japan_boj_intervention,"['yen', 'japan', 'boj', 'intervention', 'ufg', 'mitsubishi ufg', 'mitsubishi', 'says mitsubishi', 'ufg yen', 'bank japan']","[""Yen's Rebound Is Supported by Bank of Japan Hike Expectations, China Growth Concerns, Says Mitsubishi UFG"", 'Bank of Japan Rate Hike Signal Reinforces Yen Rebound, Says Mitsubishi UFG', 'Bank of Japan Rate Hike Expectations Continue Supporting The Yen, Says Mitsubishi UFG']"
65,96,65_mexico_banamex_mexican_citibanamex,"['mexico', 'banamex', 'mexican', 'citibanamex', 'grupo mexico', 'grupo', 'banorte', 'unit', 'mexico unit', 'inbursa']","[""UPDATE 1-Mexico's Mifel head says still bidding for __COMPANY__ 's Mexican retail unit"", ""Grupo Mexico nearing $7 billion deal for __COMPANY__ 's Banamex unit -source"", ""Grupo Mexico nearing $7 bln deal for __COMPANY__ 's Banamex unit -source""]"
66,95,66_stocks watch_watch_watch week_watch tuesday,"['stocks watch', 'watch', 'watch week', 'watch tuesday', 'watch friday', 'watch wednesday', 'watch thursday', 'watch monday', 'tuesday', 'wednesday']","['Stocks to Watch Tuesday: Nvidia, __COMPANY__ Chase, __COMPANY__', 'Stocks to Watch Tuesday: __COMPANY__ , Tesla, Boeing', '__COMPANY__ , __COMPANY__ , Netflix, J&amp;J, and More Stocks to Watch This Week']"
67,95,67_news_2023 news_2022 news_2025 news,"['news', '2023 news', '2022 news', '2025 news', 'news jul', 'news oct', 'jul', '2024 news', 'news jan', 'news apr']","['Company News for Jul 1, 2024', 'Company News for Jul 16, 2025', 'Company News for Jul 17, 2023']"
68,95,68_chesapeake utilities_chesapeake_utilities_utilities corporation,"['chesapeake utilities', 'chesapeake', 'utilities', 'utilities corporation', 'corporation', 'results chesapeake', 'corporation reports', 'utilities host', 'host', 'earnings conference']","['CHESAPEAKE UTILITIES CORPORATION REPORTS FIRST QUARTER 2022 RESULTS', 'CHESAPEAKE UTILITIES CORPORATION REPORTS FIRST QUARTER 2023 RESULTS', 'CHESAPEAKE UTILITIES CORPORATION REPORTS THIRD QUARTER 2023 RESULTS']"
69,94,69_dow futures_futures_dow_futures tick,"['dow futures', 'futures', 'dow', 'futures tick', 'earnings dow', 'tick', 'focus dow', 'tick higher', 'pts', 'earnings focus']","['Dow Futures Tick Higher As Earnings Season Heats Up', 'Dow futures tick lower, earnings in focus', 'Dow futures tick higher, earnings in focus']"
70,94,70_ecb_euro_ecb rate_eurozone,"['ecb', 'euro', 'ecb rate', 'eurozone', 'euro zone', 'ecb cut', 'eur usd', 'ahead ecb', 'eur', 'zone']","['Euro-Zone Inflation Hits Record as ECB Hawks Push Jumbo Hike', '__COMPANY__ cuts ECB rate hike forecast to 25bps in May', 'Euro Rises on Weaker Dollar, Steady ECB Rate Expectations']"
71,93,71_better value_better_vs_value option,"['better value', 'better', 'vs', 'value option', 'value', 'stock better', 'stock right', 'stock value', 'value stock', 'value investors']","['__TICKER__ or __TICKER__ : Which Is the Better Value Stock Right Now?', '__TICKER__ vs. BSAC: Which Stock Is the Better Value Option?', '__TICKER__ vs. __TICKER__ : Which Stock Is the Better Value Option?']"
72,93,72_apple_card_apple credit_apple card,"['apple', 'card', 'apple credit', 'apple card', 'credit card', 'card partnership', 'deal apple', 'partnership apple', 'card program', 'partnership']","['__COMPANY__ Chase nears deal to take over Apple’s credit card program - WSJ', ""__COMPANY__ nears deal to take over Apple's credit card program, WSJ reports"", '__COMPANY__ to take over Apple credit card from __COMPANY__']"
73,93,73_chase_branch_chase opens_branches,"['chase', 'branch', 'chase opens', 'branches', 'chase bank', 'opens', 'expansion', 'branch chase', 'branches chase', 'bunker labs']","['Bunker Labs and __COMPANY__ Chase Commercial Banking Expand CEOcircle Program with New Cohort of Business Owners', 'Chase Opens Innovative Community Center Branch in Atlanta’s Summerhill Neighborhood', 'Chase Opens Innovative Community Center Branch in West Philadelphia']"
74,91,74_mortgage_mortgage rates_rates_lenders,"['mortgage', 'mortgage rates', 'rates', 'lenders', 'mortgages', 'sub', 'cut mortgage', 'price war', 'nationwide', 'rates lenders']","['Nationwide cuts mortgage rates as other lenders hold or raise deals', 'Three more big lenders cut mortgage rates', '__COMPANY__ and __COMPANY__ cut mortgage rates below 4%']"
75,88,75_etf_management launches_asset management_active,"['etf', 'management launches', 'asset management', 'active', 'etfs', 'asset', 'management', 'launches', 'investment management', 'launches active']","['__COMPANY__ Mellon Investment Management Launches Active International Equity ETF', '__COMPANY__ Mellon Investment Management Launches Three Active Sustainable ETFs', '__COMPANY__ Asset Management Launches Active Fixed Income ETF: __COMPANY__ Income ETF (JPIE)']"
76,87,76_analyst calls_street analyst_calls_downgraded wall,"['analyst calls', 'street analyst', 'calls', 'downgraded wall', 'downgraded', 'analyst', 'upgraded', 'upgraded wall', 'notable analyst', 'calls week']","[""Netflix, Tesla downgraded: Wall Street's top analyst calls"", ""Apple upgraded, AMD downgraded: Wall Street's top analyst calls"", 'Apple upgraded, AMD downgraded: Wall Street’s top analyst calls']"
77,87,77_lawsuit_judge_staveley_settle gender,"['lawsuit', 'judge', 'staveley', 'settle gender', 'sued', 'gender', 'court', 'arbitration', 'gender discrimination', 'trader']","['UPDATE 1- __COMPANY__ to pay $215 mln to settle gender discrimination lawsuit', '__COMPANY__ agrees to settle gender discrimination lawsuit for $215 million', '__COMPANY__ to pay $215 million to settle gender discrimination lawsuit']"
78,86,78_golf_sports_artists_athletes,"['golf', 'sports', 'artists', 'athletes', 'art', 'global sports', 'welcomes', 'sponsor', 'sponsorship', 'academy']","['__COMPANY__ Global Sports &amp; Entertainment returns to Mobile, AL as the Exclusive Financial Education Sponsor of the Reese’s Senior Bowl', '__COMPANY__ Global Sports &amp; Entertainment Continues Financial Education for College Football All-Stars in Partnership with Reese’s Senior Bowl', 'Team __COMPANY__ welcomes newest Ambassador Harold Varner III and partners with Golf Canada to create the __COMPANY__ Community Junior Golf Program']"
79,86,79_board_chairman_georges elhedery_georges,"['board', 'chairman', 'georges elhedery', 'georges', 'elhedery', 'executive board', 'chair', 'officer', 'tucker', 'mark tucker']","['__TICKER__ group chairman Mark Tucker to retire', '__TICKER__ announces changes to Executive Board and Management Board Banking', '__TICKER__ appoints chief financial officer Georges Elhedery as new chief executive']"
80,86,80_earnings beat_earnings expectations_beat_expectations stock,"['earnings beat', 'earnings expectations', 'beat', 'expectations stock', 'earnings', 'falls earnings', 'expectations', 'stock rising', 'estimates stock', 'stock rises']","['__COMPANY__ ’s Adjusted Earnings Top Expectations. But the Stock Is Falling.', '__COMPANY__ ’s Earnings Beat Expectations. Why the Stock Is Falling Anyway.', '__COMPANY__ Earnings Beat Expectations. Why the Stock Is Down.']"
81,85,81_solomon_david solomon_david_ceo david,"['solomon', 'david solomon', 'david', 'ceo david', 'ceo solomon', 'dj', 'goldman ceo', 'ceo', 'goldman', 'goldman solomon']","['The Big Question for Goldman CEO David Solomon', ""The Big Question for Goldman's CEO David Solomon"", '__COMPANY__ CEO David Solomon pay doubles']"
82,85,82_stress_stress test_test_fed stress,"['stress', 'stress test', 'test', 'fed stress', 'test results', 'stress tests', 'tests', 'stress capital', 'capital buffer', 'buffer']","['__COMPANY__ , __COMPANY__ , __COMPANY__ stock move up after stress test results', '__COMPANY__ Comments on Stress Test Results', 'U.S. bank stocks rise after Fed stress test results']"
83,85,83_management announces_asset management_global asset_asset,"['management announces', 'asset management', 'global asset', 'asset', 'ph amp', 'management', 'ph', 'amp funds', 'funds ph', 'funds']","['__COMPANY__ Global Asset Management Inc. announces March sales results for __COMPANY__ Funds, PH&amp;N Funds and BlueBay Funds', '__COMPANY__ Global Asset Management Inc. announces September sales results for __COMPANY__ Funds, PH&amp;N Funds and BlueBay Funds', '__COMPANY__ Global Asset Management Inc. announces May sales results for __COMPANY__ Funds, PH&amp;N Funds and BlueBay Funds']"
84,85,84_card_credit card_new credit_rewards,"['card', 'credit card', 'new credit', 'rewards', 'cards', 'mastercard', 'credit', 'gm', 'credit cards', 'cardholders']","['New __COMPANY__ Credit Card Gives Customers Rewards for Rent Payments', '__COMPANY__ Launches New Unlimited Cash Rewards Credit Card', 'GM launches new credit card with __COMPANY__']"
85,84,85_private credit_private_credit facility_credit,"['private credit', 'private', 'credit facility', 'credit', 'facility', 'revolving credit', 'revolving', 'carlyle', 'centerbridge', 'credit fund']","['__COMPANY__ and Centerbridge Launch $5 Billion Private-Credit Fund', 'Tree Line Capital Partners LLC Closes Senior Secured Revolving Credit Facility Led by __TICKER__', 'Capital Southwest Announces Closing of $100 Million Secured Revolving Credit Facility']"
86,84,86_european_european shares_european stocks_european stock,"['european', 'european shares', 'european stocks', 'european stock', 'update european', 'stock futures', 'edge higher', 'edge', 'focus european', 'data european']","['European stocks edge higher; inflation data in focus ahead of Fed meeting', 'UPDATE 1-European shares kick off March on steady footing supported by strong China data', 'UPDATE 1-European stocks bounce back on earnings support']"
87,84,87_preview expect_expect_reports earnings_earnings preview,"['preview expect', 'expect', 'reports earnings', 'earnings preview', 'preview', 'report earnings', 'earnings friday', 'earnings', 'expect earnings', 'earnings reports']","['Preview: What to Expect From __COMPANY__ ’ Earnings Next Week', 'Preview: What to Expect From __COMPANY__ ’ Earnings on Friday', '__COMPANY__ Earnings Preview: What to Expect']"
88,83,88_quantum_computing_quantum computing_computing stocks,"['quantum', 'computing', 'quantum computing', 'computing stocks', 'ibm', 'bond trading', 'ibm quantum', 'breakthrough', 'ionq', 'computing stock']","['3 Quantum Computing Stocks with Long-Term Growth Potential', 'What Is One of the Best Quantum Computing Stocks for the Next 10 Years?', '11 Best Quantum Computing Stocks To Buy Now']"
89,83,89_stock moves_know stock_know_moves,"['stock moves', 'know stock', 'know', 'moves', 'moves know', 'jump turn', 'turn strength', 'strength seen', 'strength', 'stock']","['__COMPANY__ __TICKER__ Stock Moves -0.6%: What You Should Know', '__COMPANY__ __TICKER__ Stock Moves -1.3%: What You Should Know', '__COMPANY__ __TICKER__ Stock Moves -0.7%: What You Should Know']"
90,83,90_loan loss_higher rates_loan_profit,"['loan loss', 'higher rates', 'loan', 'profit', 'update profit', 'higher', 'loss', 'loss reserves', 'rates', 'provisions']","['UPDATE 2- __COMPANY__ profit sinks 46% on loan loss provisions, dealmaking slump', 'UPDATE 2- __COMPANY__ profit sinks 27% on loan loss provisions, dealmaking slump', 'UPDATE 2- __COMPANY__ profit misses on higher loan loss reserves, mortgage weakness']"
91,82,91_jones futures_dow jones_jones_dow,"['jones futures', 'dow jones', 'jones', 'dow', 'futures', 'today dow', 'dow amp', 'market today', '500 nasdaq', 'nasdaq']","['Stock market today: Dow, S&amp;P 500, Nasdaq futures nudge higher as Trump-EU trade deal kicks off huge week in markets', 'Stock market today: Dow, S&amp;P 500, Nasdaq futures nudge higher as Trump-EU trade deal kicks off huge week', 'Stock market today: Dow, S&amp;P 500, Nasdaq futures rise as Trump-EU trade deal kicks off huge week in markets']"
92,81,92_canadians_gen_poll_young,"['canadians', 'gen', 'poll', 'young', 'adults', 'survey', 'parents', 'gen canadians', 'half gen', 'fraud']","['If a recession hits, Canadians worry that fraud will be worse than the pandemic - a concern expressed by most Canadians in a new survey', 'Love or money? Half of Gen Z Canadians want a prenup: __TICKER__ survey', ""More than Half of Gen Z Canadians Feel Pressured to 'Fake' Financial Stability: __TICKER__ Survey""]"
93,80,93_press release_sanofi_press_release sanofi,"['press release', 'sanofi', 'press', 'release sanofi', 'release', 'multiple sclerosis', 'sclerosis', 'multiple', 'dupixent', 'fda']","['Press Release: Sanofi and Regeneron’s Dupixent approved as the first targeted medicine in the EU in over a decade for chronic spontaneous urticaria', 'Press Release: Sanofi provides update on tolebrutinib regulatory submission in non-relapsing secondary progressive multiple sclerosis', 'Press Release: Sanofi provides update on tolebrutinib in primary progressive multiple sclerosis']"
94,80,94_banks_banking crisis_big banks_crisis,"['banks', 'banking crisis', 'big banks', 'crisis', 'big', 'fail', 'banks banks', 'big fail', 'banks big', 'heard street']","['Is the Banking Crisis Over?', 'Big banks are close to getting one of biggest regulatory rollbacks since 2008', 'Big banks are closer to getting one of biggest regulatory rollbacks since 2008']"
95,80,95_merrill_merrill lynch_lynch_team,"['merrill', 'merrill lynch', 'lynch', 'team', 'advisor team', 'recruits', 'advisor', 'billion advisor', 'team merrill', 'recruits billion']","['__COMPANY__ Recruits $1 Billion Merrill Lynch Financial Advisor Team', '__TICKER__ Hires $700 Million Advisor Team From Merrill Lynch', '__TICKER__ Hires $1.6 Billion Advisor Team From Merrill Lynch']"
96,80,96_foundation_awards million_awards_grant,"['foundation', 'awards million', 'awards', 'grant', 'grants', 'million grant', 'foundation awards', 'nonprofits', 'million grants', 'million']","['__COMPANY__ Foundation Awards $7.5 Million to LISC NY to Expand Homeownership for Families of Color', '__COMPANY__ Foundation Awards $7.5 Million to LISC Virginia To Expand Homeownership for Families of Color', '__COMPANY__ Foundation Awards $7.5 Million to LISC Houston to Expand Homeownership for Families of Color']"
97,78,97_hong kong_kong_hong_mainland,"['hong kong', 'kong', 'hong', 'mainland', 'greater bay', 'bay', 'bay area', 'centre', 'greater', 'kong taiwan']","[""Hong Kong Wealth Management Market Outlook to 2030 | New Regulations Boost Transparency in Hong Kong's Wealth Management Sector, Enhancing Consumer Trust"", ""__COMPANY__ to leverage Hong Kong's finance hub status to grow wealth business in Asia, Greater Bay Area"", '__COMPANY__ picks __TICKER__ , __COMPANY__ to run $500 billion custody business in Hong Kong, Taiwan']"
98,78,98_dow stocks_dow_dow jones_jones,"['dow stocks', 'dow', 'dow jones', 'jones', 'performing', 'buy dow', 'undervalued dow', 'jones stocks', '2024 dow', 'best dow']","['The 3 Most Undervalued Dow Stocks to Buy in September 2023', 'The 3 Most Undervalued Dow Stocks to Buy in May 2024', 'The 3 Best Dow Stocks to Buy in May 2024']"
99,77,99_earnings q4_earnings q1_corp earnings_earnings q2,"['earnings q4', 'earnings q1', 'corp earnings', 'earnings q2', 'gmt', 'edited', 'edited transcript', 'conference presentation', 'earnings q3', 'gmt edited']","['Edited Transcript of WE.N earnings conference call or presentation 10-Nov-22 1:00pm GMT', 'Edited Transcript of 601939.SS earnings conference call or presentation 31-Aug-22 8:00am GMT', 'Edited Transcript of __TICKER__ .MC earnings conference call or presentation 28-Jul-22 8:00am GMT']"
100,77,100_etfs_etfs buy_quality etfs_active etfs,"['etfs', 'etfs buy', 'quality etfs', 'active etfs', 'growth etfs', 'like etfs', 'cash like', 'bank etfs', 'loved', 'etfs loved']","['5 Active ETFs Loved by Investors in 1H', '10 Best Financial and Fintech ETFs To Buy', '12 Best Financial and Fintech ETFs To Buy']"
101,75,101_49ers_chiefs_rams_qb,"['49ers', 'chiefs', 'rams', 'qb', 'raiders', 'roundup', 'panthers', 'jets', 'nfl', 'brock purdy']","['Brock Purdy helps 49ers cruise past Patriots', '49ers GM: Ready to pay, all-in on QB Brock Purdy', '49ers lose WRs Brandon Aiyuk, Deebo Samuel during loss to Chiefs']"
102,75,102_earnings highlights_highlights strong_highlights_2025 earnings,"['earnings highlights', 'highlights strong', 'highlights', '2025 earnings', 'highlights record', '2024 earnings', 'q1 2025', 'q3 2025', 'strong revenue', 'strong']","['The __COMPANY__ Group Inc __TICKER__ Q1 2025 Earnings Call Highlights: Strong Revenue Growth Amid ...', '__COMPANY__ AG __TICKER__ Q1 2025 Earnings Call Highlights: Strong Revenue Growth and Strategic ...', '__COMPANY__ Inc __TICKER__ Q3 2025 Earnings Call Highlights: Strong Revenue Growth and Strategic ...']"
103,75,103_analyst blog_zacks analyst_blog_blog highlights,"['analyst blog', 'zacks analyst', 'blog', 'blog highlights', 'zacks', 'highlights', 'analyst', 'highlights chase', 'bancorp', 'bancorp zacks']","['The Zacks Analyst Blog Highlights The __COMPANY__ , __COMPANY__ and __COMPANY__', 'The Zacks Analyst Blog Highlights __COMPANY__ , __COMPANY__ , __COMPANY__ , __COMPANY__', 'The Zacks Analyst Blog Highlights __COMPANY__ , __COMPANY__ , __COMPANY__ and __COMPANY__']"
104,75,104_robinhood_hood_robin hood_robin,"['robinhood', 'hood', 'robin hood', 'robin', 'investors conference', 'robinhood hood', 'robinhood stocks', 'robinhood stock', 'annual investors', 'robinhood markets']","['Robinhood Markets (HOOD) Up 0.6% Since Last Earnings Report: Can It Continue?', 'Robin Hood Announces Lineup for 9th Annual __COMPANY__ /Robin Hood Investors Conference', '3 Robinhood Stocks to Buy Right Now']"
105,74,105_dow_today dow_market today_stock market,"['dow', 'today dow', 'market today', 'stock market', 'dow ends', 'today', 'jones industrial', 'industrial average', 'trade dow', 'ends']","['U.S. stocks higher at close of trade; Dow Jones Industrial Average up 0.63%', 'U.S. stocks higher at close of trade; Dow Jones Industrial Average up 0.75%', 'U.S. stocks higher at close of trade; Dow Jones Industrial Average up 1.14%']"
106,73,106_smart money_money right_smart_money,"['smart money', 'money right', 'smart', 'money', 'right', 'did smart', 'correctly', 'money play', 'right piling', 'correctly did']","['Was The Smart Money Right About The __COMPANY__ Corporation __TICKER__ ?', 'Was The Smart Money Right About __COMPANY__ __TICKER__ ?', 'Was The Smart Money Right About The __COMPANY__ __TICKER__ ?']"
107,72,107_wall street_street_wall_street banks,"['wall street', 'street', 'wall', 'street banks', 'street wall', 'regulators demand', 'demand capital', 'creative regulators', 'gets creative', 'revival']","['RPT-INSIGHT-Wall Street gets creative as regulators demand more capital', 'Wall Street gets creative as regulators demand more capital', 'INSIGHT-Wall Street gets creative as regulators demand more capital']"
108,71,108_buy sell_stock buy_sell_buy,"['buy sell', 'stock buy', 'sell', 'buy', 'stock', 'sell philip', 'sell general', 'philip morris', 'philip', 'morris']","['Is Ford (F) Stock A Buy or Sell?', 'Is META Stock a Buy or Sell? Here’s My Call.', 'Is IBM Stock A Buy or Sell?']"
109,71,109_action lawsuit_alert_deadline_class action,"['action lawsuit', 'alert', 'deadline', 'class action', 'action', 'class', 'shareholder alert', 'lawsuit', 'faruqi', 'llp']","['SHAREHOLDER ALERT: Pomerantz Law Firm Reminds Shareholders with Losses on their Investment in __COMPANY__ AG of Class Action Lawsuit and Upcoming Deadline – __TICKER__', 'SHAREHOLDER ALERT: Pomerantz Law Firm Reminds Shareholders with Losses on their Investment in __COMPANY__ & Company of Class Action Lawsuit and Upcoming Deadline – __TICKER__', 'SHAREHOLDER ALERT: Pomerantz Law Firm Reminds Shareholders with Losses on their Investment in __COMPANY__ Inc. of Class Action Lawsuit and Upcoming Deadline – __TICKER__']"
110,70,110_china_property_china big_china banks,"['china', 'property', 'china big', 'china banks', 'chinese banks', 'banks', 'chinese', 'state banks', 'china state', 'mortgage boycott']","[""WRAPUP 3-China's big banks face fallout as pandemic forebearance expires"", ""China's big banks face fallout as pandemic forebearance expires"", 'China’s Big Four banks feel property pinch from failing loans']"
111,69,111_powell_chair powell_fed powell_fed chair,"['powell', 'chair powell', 'fed powell', 'fed chair', 'chair', 'fed', 'powell testimony', 'testimony', 'jerome powell', 'jerome']","[""BJ's earnings, Chair Powell's Jackson Hole speech: What to Watch"", '__COMPANY__ raises rate estimates following Fed Chair Powell’s testimony', 'Markets move higher at the open ahead of Fed Chair Powell’s testimony']"
112,68,112_companies_companies world_world_valuable,"['companies', 'companies world', 'world', 'valuable', 'biggest', '15 biggest', '15', '20', '25 biggest', '25']","['20 Most Valuable Financial Companies in the World', '15 Biggest Holding Companies in the World', '20 Most Valuable IT Companies In The World']"
113,68,113_wealthfront_robo_wealth_robo advisor,"['wealthfront', 'robo', 'wealth', 'robo advisor', 'wealthfront deal', 'wealth management', 'adviser wealthfront', 'robo adviser', 'wealth unit', 'metaverse']","['__TICKER__ Planned to Buy Robo-Advisor Wealthfront. Now the Deal’s Off.', '__TICKER__ Agrees to Buy Robo-Adviser Wealthfront for $1.4 Billion', '__TICKER__ calls off $1.4 billion deal to buy robo-adviser Wealthfront']"
114,68,114_retirement_401_participants_retirement savings,"['retirement', '401', 'participants', 'retirement savings', 'retirement income', 'private assets', 'saving retirement', 'management survey', 'plan sponsors', 'saving']","['__COMPANY__ Asset Management Releases 2022 Guide to Retirement, Exploring Key Issues Impacting Retirement Investors', '__COMPANY__ at Work Retirement Study Shows Plan Sponsors Prioritizing 401(k) Plan Design Amid Challenging Labor and Economic Conditions', '__COMPANY__ Helps 401k Participants in Retirement with SmartRetirement Plus, Incorporating a Protected Lifetime Income Solution from AIG Life &amp; Retirement']"
115,67,115_revenues_amp revenues_earnings amp_earnings decline,"['revenues', 'amp revenues', 'earnings amp', 'earnings decline', 'decline', 'expenses', 'earnings improve', 'revenues increase', 'increase', 'improve']","['Itau Unibanco Q1 Earnings &amp; Revenues Rise Y/Y, Expenses Up', '__TICKER__ Group Q2 Earnings &amp; Revenues Rise Y/Y, Expenses Decline', ""__COMPANY__ 's __TICKER__ Q4 Earnings &amp; Revenues Increase Y/Y""]"
116,67,116_vaccine_unvaccinated_vaccinated_require,"['vaccine', 'unvaccinated', 'vaccinated', 'require', 'vaccines', 'employees', 'unvaccinated employees', 'mandate', 'dose', 'vaccine mandate']","['UPDATE 1- __COMPANY__ to bar unvaccinated employees, clients from NY offices - source', 'Press Release: Sanofi’s high-dose influenza vaccine demonstrates superior protection for older adults against hospitalization vs standard-dose', ""Sanofi's high-dose influenza vaccine demonstrates superior protection for older adults against hospitalization vs standard-dose""]"
117,67,117_transactions shares_declaration transactions_declaration_transactions,"['transactions shares', 'declaration transactions', 'declaration', 'transactions', 'buyback declaration', 'group share', 'share buyback', '2023 group', 'buyback', 'share']","['__COMPANY__ Group: share buyback - declaration of transactions in own shares from 1 to 5 May 2023', '__COMPANY__ GROUP: Share buyback - declaration of transactions in own shares from 3 to 7 April 2023', '__COMPANY__ GROUP: Share buyback - declaration of transactions in own shares from 5 to 9 June 2023']"
118,67,118_profit_79_quarter profit_beats expectations,"['profit', '79', 'quarter profit', 'beats expectations', 'rises 79', 'profit doubles', 'quarterly profit', 'beats', 'profit beats', 'profits']","['UPDATE 2- __TICKER__ pretax profit rises 79% on recovery from pandemic damage', '__TICKER__ sounds cautious note for year ahead after booking quarterly profit rise', '__TICKER__ pretax profit rises 79% on recovery from pandemic damage']"
119,65,119_institutional_institutional owners_ownership_owners,"['institutional', 'institutional owners', 'ownership', 'owners', 'owners hold', 'favoured', 'favoured institutional', 'largely controlled', 'controlled institutional', 'institutional investors']","['With 77% ownership of the shares, __COMPANY__ &amp; Company ( __TICKER__ ) is heavily dominated by institutional owners', 'With 58% ownership of the shares, __COMPANY__ Corporation ( __TICKER__ ) is heavily dominated by institutional owners', 'With 71% ownership of the shares, __COMPANY__ Inc. ( __TICKER__ ) is heavily dominated by institutional owners']"
120,65,120_iphone_apple_aapl_apple stock,"['iphone', 'apple', 'aapl', 'apple stock', 'iphone 17', 'apple iphone', 'apple aapl', 'iphone maker', 'says apple', 'aapl stock']","['Apple Stock Rises. What the Google Ruling Means for the iPhone Maker.', ""AAPL: Apple' iPhone 17 Supercycle Could Drive Biggest Earnings Rebound Since 2021"", 'Apple stock is on fire but will it last?']"
121,65,121_oil_russian_russia_ukraine,"['oil', 'russian', 'russia', 'ukraine', 'russian supply', 'russia ukraine', 'oil rises', 'peace', 'oil prices', 'peace talks']","['Oil prices slip on hopes of Russia-Ukraine peace talks', 'Oil prices fall on Russia-Ukraine peace deal hopes', 'Oil prices fall amid progress on Russia-Ukraine peace talks']"
122,64,122_digital_platform_digital transformation_digital asset,"['digital', 'platform', 'digital transformation', 'digital asset', 'launches', 'asset custody', 'new digital', 'transformation', 'digital assets', 'platform digital']","['__COMPANY__ launches tech hub in Bahrain to develop its digital platforms', '__COMPANY__ Mellon launches digital asset custody platform', '__COMPANY__ Mellon Launches New Digital Asset Custody Platform']"
123,64,123_scandals_problem_remix_culture,"['scandals', 'problem', 'remix', 'culture', 'problems', 'corporate culture', 'making progress', 'scandal', 'stuck', 'tries']","['__COMPANY__ Moves Past Scandals By Fixing Customer Pain Points', ""__COMPANY__ 's system failures caused by corporate culture, third-party probe says"", ""UPDATE 4- __COMPANY__ 's corporate culture to blame for serial system failures, probe finds""]"
124,64,124_countries_cities_countries world_world,"['countries', 'cities', 'countries world', 'world', 'highest', '20 countries', 'countries highest', 'cities highest', '25', 'world 25']","['30 Most Air Polluted Countries in the World', '30 Countries with the Highest GDP in 2023', '20 Countries with Highest Interest Rates in 2024']"
125,64,125_axis bank_axis_india consumer_retail banking,"['axis bank', 'axis', 'india consumer', 'retail banking', 'banking business', 'german', 'business', 'consumer', 'retail', 'operations']","[""UPDATE 1-Axis Bank closing in on __COMPANY__ India's consumer business - sources"", ""Axis Bank closing in on __COMPANY__ India's consumer business - sources"", '__COMPANY__ to sell India consumer business to Axis Bank for $1.6 billion']"
126,64,126_week know_report rebound_day moving_rebound,"['week know', 'report rebound', 'day moving', 'rebound', 'moving average', 'know', 'weeks', 'earnings report', 'week', 'average']","['__COMPANY__ __TICKER__ Down 5% Since Last Earnings Report: Can It Rebound?', '__TICKER__ __TICKER__ Down 2.1% Since Last Earnings Report: Can It Rebound?', '__COMPANY__ __TICKER__ Down 9.1% Since Last Earnings Report: Can It Rebound?']"
127,62,127_abortion_travel_abortions_travel costs,"['abortion', 'travel', 'abortions', 'travel costs', 'cover', 'roe', 'supreme court', 'supreme', 'roe wade', 'ruling']","['UPDATE 2- __COMPANY__ to cover U.S. staff travel costs for out-of-state abortions -memo', '__COMPANY__ to cover U.S. staff travel costs for out-of-state abortions -memo', '__COMPANY__ will cover employee travel costs for abortions']"
128,62,128_best value_income stocks_best income_value stocks,"['best value', 'income stocks', 'best income', 'value stocks', 'stocks buy', 'best', 'buy april', 'value', '7th', 'buy july']","['Best Income Stocks to Buy for August 7th', 'Best Value Stocks to Buy for April 7th', 'Best Income Stocks to Buy for July 7th']"
129,62,129_texas_muni_texas muni_gun,"['texas', 'muni', 'texas muni', 'gun', 'muni deal', 'gun law', 'muni business', 'deal gun', 'power sellers', 'texas ag']","['Goldman Joins Pullback From Texas Muni Business After Gun Law', '__COMPANY__ , __COMPANY__ , __COMPANY__ See Texas Muni Business Halt After Gun Law', '__COMPANY__ Wins First Texas Muni-Bond Deal Since Gun Law Spat']"
130,62,130_key metrics_metrics_key_earnings key,"['key metrics', 'metrics', 'key', 'earnings key', 'look key', 'street estimates', 'metrics say', 'versus estimates', 'metrics versus', 'earnings taking']","['The __COMPANY__ __TICKER__ Q1 Earnings: Taking a Look at Key Metrics Versus Estimates', '__COMPANY__ __TICKER__ Q2 Earnings: Taking a Look at Key Metrics Versus Estimates', '__COMPANY__ __TICKER__ Q3 Earnings: Taking a Look at Key Metrics Versus Estimates']"
131,61,131_rosen_securities class_counsel_deadline securities,"['rosen', 'securities class', 'counsel', 'deadline securities', 'important', 'encourages', 'class action', 'investor counsel', 'securities', 'important deadline']","['ROSEN, GLOBAL INVESTOR COUNSEL, Encourages __COMPANY__ PLC Investors With Losses to Secure Counsel Before Important Deadline in Securities Class Action – __TICKER__', 'ROSEN, LEADING INVESTOR COUNSEL, Encourages __COMPANY__ PLC Investors to Secure Counsel Before Important Deadline in Securities Class Action – __TICKER__', 'ROSEN, GLOBAL INVESTOR COUNSEL, Encourages __COMPANY__ PLC Investors to Secure Counsel Before Important Deadline in Securities Class Action – __TICKER__']"
132,61,132_rides_efforts_aid amid_aid,"['rides', 'efforts', 'aid amid', 'aid', 'restructuring', 'strategic buyouts', 'buyouts', 'cost woes', 'woes', 'high costs']","['Streamlining Efforts &amp; NII Aid __COMPANY__ __TICKER__ Amid Cost Woes', 'Strategic Buyouts Aid __COMPANY__ __TICKER__ , High Costs Ail', ""__TICKER__ 's Restructuring Efforts &amp; High Rates Aid Amid Cost Woes""]"
133,61,133_inclusion_india_index_bond index,"['inclusion', 'india', 'index', 'bond index', 'indian bonds', 'bonds', 'index inclusion', 'indian', 'india bond', 'bond']","[""RPT-India to remain on alert for 'hot money' after bond index inclusion - official"", ""Cost of capital may come down after India's bond index inclusion- official"", ""India to remain on alert for 'hot money' after bond index inclusion - official""]"
134,61,134_making biggest_stocks making_biggest moves_making,"['making biggest', 'stocks making', 'biggest moves', 'making', 'moves midday', 'moves premarket', 'biggest', 'moves', 'midday', 'premarket']","['Stocks making the biggest moves premarket: Apple, Boeing, __COMPANY__ Chase and more', 'Stocks making the biggest moves midday: __COMPANY__ , __COMPANY__ , Bunge, Progressive and more', 'Stocks making the biggest moves premarket: __COMPANY__ Chase, Newmont, __COMPANY__ and more']"
135,60,135_earnings week_stocks reporting_reporting earnings_season,"['earnings week', 'stocks reporting', 'reporting earnings', 'season', 'earnings season', 'major earnings', 'earnings open', 'week', 'reporting', 'option volatility']","['7 Financial Stocks Reporting Earnings the Week of April 11', '7 Stocks Reporting Earnings The Week Of May 16', '7 Stocks Reporting Earnings the Week of May 2']"
136,60,136_quarter_2022 earnings_earnings review_quarter 2021,"['quarter', '2022 earnings', 'earnings review', 'quarter 2021', 'quarter 2022', '2021 earnings', 'earnings results', 'review announce', 'announce', 'announce quarter']","['__COMPANY__ Second Quarter 2022 Earnings Results', '__COMPANY__ Second Quarter 2021 Earnings Review', '__COMPANY__ Second Quarter 2022 Earnings Review']"
137,60,137_apollo_private credit_private_apollo global,"['apollo', 'private credit', 'private', 'apollo global', 'deal apollo', 'credit etf', 'private debt', 'apollo talks', 'stake novolex', 'apollo funds']","['UPDATE -- Apollo Funds to Acquire Majority Stake in Novolex', 'Apollo Funds to Acquire Majority Stake in Novolex', 'Apollo and __COMPANY__ to Launch Private Credit ETF']"
138,59,138_share buyback_buyback_repurchase_share,"['share buyback', 'buyback', 'repurchase', 'share', 'million common', 'common shares', 'share repurchase', 'completes share', 'repurchases', 'common']","['__TICKER__ completes share buyback programme', '__TICKER__ Bank Group Announces Intention to Repurchase for Cancellation up to 50 Million of its Common Shares', '__TICKER__ Bank Group Announces Intention to Repurchase for Cancellation up to 30 Million of its Common Shares']"
139,59,139_fraser_jane fraser_jane_ceo jane,"['fraser', 'jane fraser', 'jane', 'ceo jane', 'ceo fraser', 'ceo', 'fraser gets', '26 million', 'addresses managing', 'directors sources']","['__COMPANY__ CEO Jane Fraser pushes biggest overhaul in almost two decades', ""__COMPANY__ raises CEO Jane Fraser's 2023 pay by 6% to $26 million"", 'Can Jane Fraser save __COMPANY__ and herself?']"
140,59,140_directors_board directors_board_managing directors,"['directors', 'board directors', 'board', 'managing directors', 'managing', 'candidates election', 'new managing', 'nominates highly', 'election', 'nominates']","['Starboard Value Nominates Three Highly Qualified and Independent Candidates for Election to Algonquin Power’s Board of Directors', 'Macellum Nominates Ten Highly Qualified and Independent Candidates for Election to the Kohl’s Board of Directors', 'Engine Capital Nominates Three Highly Qualified and Independent Candidates for Election to Blucora’s Board of Directors']"
141,59,141_argentina_peso_milei_argentine,"['argentina', 'peso', 'milei', 'argentine', '20 billion', 'chile', '20b', 'imf', 'new imf', 'ypf']","['Argentina Investors Cheer Milei Victory, Brace for Peso Selloff', 'Exclusive: Elizabeth Warren Warns Banks Against Lending $20 Billion to Argentina', 'Elizabeth Warren Warns Banks Against Lending $20 Billion To Argentina']"
142,58,142_survey finds_survey_finds_business leaders,"['survey finds', 'survey', 'finds', 'business leaders', 'small', 'small business', 'holiday season', 'optimistic', 'holiday', 'leaders']","['Australian Business Leaders Remain Optimistic About Growth While Battling Inflation Challenges, Second Annual __COMPANY__ Survey Finds', 'New Union Bank Survey Finds U.S. Consumers Willing to Spend More to Support Small Businesses This Holiday Season, But Also Just as Likely to Shop at Large Retailers', 'New Union Bank Survey Finds U.S. Consumers Willing to Spend More to Support Small Businesses This Holiday Season']"
143,58,143_horizon_13 4b_4b_acquisition horizon,"['horizon', '13 4b', '4b', 'acquisition horizon', '13', 'brick', 'deal horizon', 'fhn', 'horizon deal', 'deal']","[""__TICKER__ -First Horizon extend 'outside date' for $13.4B proposed merger"", ""__TICKER__ 's $13.4B acquisition of First Horizon faces delayed closing"", ""What __TICKER__ Bank's $13.4B deal with First Horizon could mean for Charlotte operations""]"
144,57,144_spurs_warriors_nba_lakers,"['spurs', 'warriors', 'nba', 'lakers', 'clippers', 'wizards', 'rockets', 'wembanyama', 'nba roundup', 'mavs']","['Victor Wembanyama stands tall, Spurs top Bucks', 'NBA roundup: Lakers lose, Clippers win in return to action', ""Victor Wembanyama's late surge helps Spurs top Pelicans""]"
145,57,145_research reports_stock reports_analyst reports_reports,"['research reports', 'stock reports', 'analyst reports', 'reports', 'research', 'reports chase', 'amp', 'reports apple', 'reports nvidia', 'salesforce amp']","['Top Research Reports for Apple, Oracle &amp; __COMPANY__', 'Top Research Reports for __COMPANY__ Chase, Netflix &amp; AbbVie', 'Top Research Reports for NVIDIA, Netflix &amp; __COMPANY__']"
146,57,146_financial advisor_private wealth_joins_advisor,"['financial advisor', 'private wealth', 'joins', 'advisor', 'joins financial', 'joins private', 'york city', 'ca financial', 'join', 'wealth management']","['Jin Hu Joins __TICKER__ as a Financial Advisor in New York City', 'Daniel Gray Joins __TICKER__ Private Wealth Management as a Financial Advisor in Los Angeles, CA', 'Financial Advisor Michael Rubenstein Joins __TICKER__ Private Wealth Management']"
147,56,147_gold_project_meters_metres,"['gold', 'project', 'meters', 'metres', 'gold project', 'metals', 'drilling', 'high grade', 'copper', 'grade']","['Osisko Development Intercepts 57.29 g/t Gold Over 3.05 Meters, 625.95 g/t Gold Over 0.5 Meters and 15.26 g/t Gold Over 4.4 Meters in Lowhee Infill Drilling at Cariboo Gold Project', 'White Gold Corp. Files Technical Report Demonstrating Significant 44% Increase in Indicated Resources to 1,732,300 oz Gold (35.2 million tonnes grading 1.53 g/t) and 13.4% Increase in Inferred Resources to 1,265,900 oz Gold (32.2 million tonnes grading 1.22 g/t) at its Flagship White Gold Project, Yukon, Canada', 'White Gold Corp. Announces 44% Increase in Indicated Resources to 1,732,300 oz Gold and 13.4% Increase in Inferred Resources to 1,265,900 oz Gold at its Flagship White Gold Project, Yukon, Canada']"
148,56,148_q3_beats estimates_earnings beat_beat,"['q3', 'beats estimates', 'earnings beat', 'beat', 'estimates', 'q4', 'q4 profit', 'profit', 'profit increases', 'q1 profit']","['__COMPANY__ Q3 profit beats estimates with 40% profit jump, raises income outlook', 'The __COMPANY__ Corp. Q2 Profit Increases, Beats Estimates', '__COMPANY__ Q4 Profit Increases, Beats Estimates']"
149,56,149_twitter_musk_elon musk_elon,"['twitter', 'musk', 'elon musk', 'elon', 'musk twitter', 'twitter deal', 'billion twitter', 'musk tweets', 'tweets', 'twitter bid']","[""Elon Musk Twitter bid 'completely unserious': Legal expert"", 'A Timeline of How Elon Musk Became Twitter’s Most Influential Investor', 'Elon Musk’s Twitter deal rewards risk-taking at __COMPANY__']"
150,56,150_publishes_annual report_srep_annual general,"['publishes', 'annual report', 'srep', 'annual general', 'general meeting', 'annual', 'transparency', 'wide transparency', 'transparency exercise', 'notification']","['__TICKER__ reports outcome of 2021 EU-wide Transparency Exercise and Risk Assessment Report', '__TICKER__ publishes agenda for the Annual General Meeting of __TICKER__ Group AG on 5 April 2023 (Ad hoc announcement pursuant to Article 53 of the SIX Exchange Regulation Listing Rules)', '__TICKER__ publishes agenda for the Annual General Meeting of __TICKER__ Group AG on 6 April 2022']"
151,56,151_preferred stock_declares_stock dividends_preferred,"['preferred stock', 'declares', 'stock dividends', 'preferred', 'dividends', 'declares preferred', 'dividends declares', 'cumulative perpetual', 'perpetual preferred', 'declares dividends']","['__COMPANY__ Declares Preferred Stock Dividends for First Quarter 2023', '__COMPANY__ Declares Preferred Stock Dividends for Third Quarter 2023', '__COMPANY__ Declares Preferred Stock Dividends']"
152,56,152_ib_aid_earnings ib_hurt,"['ib', 'aid', 'earnings ib', 'hurt', 'ib hurt', 'trading aid', 'rates aid', 'higher rates', 'aid q4', 'trading']","['Higher Rates, Trading to Aid __COMPANY__ __TICKER__ Q4 Earnings, IB to Hurt', 'Trading to Aid __COMPANY__ __TICKER__ Q1 Earnings, IB to Hurt', ""Trading to Aid __COMPANY__ 's __TICKER__ Q4 Earnings, IB to Hurt""]"
153,56,153_gorman_james gorman_ted pick_ted,"['gorman', 'james gorman', 'ted pick', 'ted', 'james', 'pick', 'ceo gorman', 'ceo ted', 'gorman step', 'new ceo']","['__COMPANY__ chooses Ted Pick to replace James Gorman as CEO', 'UPDATE 3- __COMPANY__ says Ted Pick to replace James Gorman as CEO', '__COMPANY__ says Ted Pick to replace James Gorman as CEO']"
154,56,154_equities traded_traded american_depositary receipts_american depositary,"['equities traded', 'traded american', 'depositary receipts', 'american depositary', 'traded', 'trading european', 'european equities', 'receipts', 'equities', 'depositary']","['European Equities Traded in the US as American Depositary Receipts Edge Lower in Friday Trading', 'European Equities Traded in the US as American Depositary Receipts Rise in Wednesday Trading', 'European Equities Traded in the US as American Depositary Receipts Lower in Friday Trading']"
155,55,155_women_black women_black_million black,"['women', 'black women', 'black', 'million black', 'racial', 'initiative', 'racial equity', 'women announces', 'advance racial', 'philanthropic']","['__COMPANY__ Announces First Round Of Capital Investments and Philanthropic Grants to 1 Million Black Women', '__COMPANY__ One Million Black Women Announces Partnership With Echoing Green to Invest in Black Women Social Entrepreneurs and Accelerate Change', '__COMPANY__ Announces First Round of Capital Investments and Philanthropic Grants for One Million Black Women Initiative']"
156,55,156_esg_esg funds_new esg_securities lending,"['esg', 'esg funds', 'new esg', 'securities lending', 'following esg', 'investments policies', 'esg data', 'esg ratings', 'management following', 'managers esg']","['UPDATE 1-SEC charges __COMPANY__ Asset Management with not following ESG investments policies', 'US Republicans widen challenge to fund managers on ESG', 'SEC charges __COMPANY__ Asset Management with not following ESG investments policies']"
157,55,157_bragar eagel_bragar_squire_eagel,"['bragar eagel', 'bragar', 'squire', 'eagel', 'investors contact', 'firm bragar', 'contact firm', 'encourages investors', 'contact', 'squire reminds']","['Bragar Eagel &amp; Squire, P. __TICKER__ . Reminds Investors That Class Action Lawsuits Have Been Filed Against Yatsen, __COMPANY__ , and Warner Bros. and Encourages Investors to Contact the Firm', 'Bragar Eagel & Squire, P. __TICKER__ . Reminds Investors That Class Action Lawsuits Have Been Filed Against Carnival Corporation and __COMPANY__ and Encourages Investors to Contact the Firm', 'Bragar Eagel & Squire, P. __TICKER__ . Reminds Investors That Class Action Lawsuits Have Been Filed Against Verrica Pharmaceuticals and __COMPANY__ and Encourages Investors to Contact the Firm']"
158,55,158_wall st_st_stocks wall_st ends,"['wall st', 'st', 'stocks wall', 'st ends', 'wall', 'earnings stocks', 'st slips', 'st set', 'cues', 'cues stocks']","['US STOCKS-Wall St edges up; investors await earnings, Fed cues', 'US STOCKS-Wall St slips as investors await earnings, Fed cues', 'US STOCKS-Wall St ends higher; investors await earnings, Fed cues']"
159,54,159_asian stocks_asian_asia stocks_asian currencies,"['asian stocks', 'asian', 'asia stocks', 'asian currencies', 'markets wrap', 'wrap', 'asia', 'wrap asian', 'currencies', 'stocks drop']","['Asian Stocks Edge Higher in Thin Holiday Trading: Markets Wrap', 'Asian Stocks Drop After US Selloff, Dollar Steady: Markets Wrap', 'Asian Stocks Up, but Inflation Concerns Remain']"
160,52,160_bdc gsbd_gsbd_bdc_know bdc,"['bdc gsbd', 'gsbd', 'bdc', 'know bdc', 'estimates bdc', 'gsbd stock', 'know', 'gsbd rises', 'facts', 'stock bdc']","['__COMPANY__ BDC (GSBD) Beats Q3 Earnings and Revenue Estimates', '__COMPANY__ BDC (GSBD) Stock Moves -0.13%: What You Should Know', '__COMPANY__ BDC (GSBD) Beats Q2 Earnings Estimates']"
161,52,161_places_retire_places retire_best places,"['places', 'retire', 'places retire', 'best places', '15 best', 'live social', 'cities retire', 'couple live', 'social security', '15']","['15 Best Places to Retire in The World On Social Security', '15 Best Places to Retire in Japan', '15 Best Places to Retire Around the World']"
162,52,162_comments euro_euro_comments_poland zloty,"['comments euro', 'euro', 'comments', 'poland zloty', 'zloty', 'koruna', 'republic koruna', 'czech republic', 'czech', 'poland']","[""__TICKER__ Comments on Euro, Hungary's Forint, Poland's Zloty, Czech Republic's Koruna"", ""__TICKER__ Comments on Euro, Sterling, Poland's Zloty, Hungary's Forint, Czech Republic's Koruna"", ""__TICKER__ Comments on Euro, Sterling, Hungary's Forint, Poland's Zloty, Czech Republic's Koruna""]"
163,51,163_recession_ceo_soft landing_landing,"['recession', 'ceo', 'soft landing', 'landing', 'ceo says', 'ceo sees', 'soft', 'landing ceo', 'recession ceo', 'resilient']","['__COMPANY__ CEO: ‘The American consumer is very resilient’', 'Fed would struggle to achieve soft landing, __COMPANY__ CEO warns', ""__COMPANY__ CEO Sees a Soft Landing for the Economy. Consumers Are 'Still in the Game.'""]"
164,51,164_inflation_says inflation_transitory_inflation transitory,"['inflation', 'says inflation', 'transitory', 'inflation transitory', 'strategist says', 'strategist', 'economist', 'signs inflation', 'transitory survey', '2026 inflation']","['Inflation Reduction Act won’t have ‘big effects on either growth or inflation’: Economist', '72% of fund managers say inflation is transitory: __COMPANY__ survey', '72% say inflation is transitory: __COMPANY__ survey']"
165,51,165_saudi_dubai_saudi arabia_arabia,"['saudi', 'dubai', 'saudi arabia', 'arabia', 'uae', 'riyadh', 'expands dubai', 'private banking', 'hq', 'gulf']","['__COMPANY__ Mellon Obtains Regional Headquarters License in Saudi Arabia', '__COMPANY__ Hires __COMPANY__ Banker for Saudi Arabia Coverage Role', '__COMPANY__ Claws Its Way Back Into Saudi Arabia']"
166,51,166_bonus_bonuses_bonus pool_pool,"['bonus', 'bonuses', 'bonus pool', 'pool', 'bonus cap', 'banker bonus', 'banker bonuses', 'bankers', 'banker', 'return bonuses']","['UPDATE 2- __COMPANY__ investment bank bonus pool down less than 10% - source', '__COMPANY__ investment bank bonus pool down less than 10% - source', '__COMPANY__ to increase bonus pool for employees']"
167,50,167_bank stock_best bank_according analysts_european bank,"['bank stock', 'best bank', 'according analysts', 'european bank', 'according', 'best european', 'buy according', 'according billionaires', 'buy 2025', 'stock buy']","['Is __TICKER__ Holdings plc __TICKER__ the Best European Bank Stock to Buy According to Analysts?', 'Is __COMPANY__ PLC __TICKER__ the Best European Bank Stock to Buy According to Analysts?', 'Is Banco __COMPANY__ , S.A. __TICKER__ the Best European Bank Stock to Buy According to Analysts?']"
168,50,168_mortgage_mortgage business_hundreds mortgage_mortgages,"['mortgage', 'mortgage business', 'hundreds mortgage', 'mortgages', 'servicing', 'mortgage servicing', 'commercial mortgage', 'trimont', 'servicing business', 'hundreds']","['__COMPANY__ Enters into Agreement with Trimont to Sell the Non-Agency Third-Party Servicing Segment of its Commercial Mortgage Servicing Business', '__COMPANY__ Divesting Non-Agency Third-Party Commercial Mortgage Servicing Business to Trimont', '__COMPANY__ to sell its non-agency third-party Commercial Mortgage Servicing business to Trimont']"
169,50,169_messaging_whatsapp_apps_messaging apps,"['messaging', 'whatsapp', 'apps', 'messaging apps', 'fines', 'use', 'banned messaging', 'apps wall', 'use banned', 'messaging breaches']","['Wall Street to Pay $1.8 Billion in Fines Over Traders’ Use of Banned Messaging Apps', '__COMPANY__ Fined $200 Million Over Employees’ Use of WhatsApp and Other Messaging Apps', 'Biggest Banks Nearing $1 Billion Settlement Over Traders’ Use of WhatsApp, Other Banned Messaging Apps']"
170,49,170_prime_prime rate_increases prime_raises prime,"['prime', 'prime rate', 'increases prime', 'raises prime', 'percent', 'bank increases', 'prime lending', 'decreases prime', 'percent bank', 'rate 00']","['__COMPANY__ Bank Increases Prime Rate to 4.00 Percent', '__COMPANY__ Bank Increases Prime Rate to 8.00 Percent', '__COMPANY__ Bank Increases Prime Rate to 7.00 Percent']"
171,49,171_voting rights_voting_rights_amp voting,"['voting rights', 'voting', 'rights', 'amp voting', 'shares amp', 'rights 31', 'rights 30', '31', 'shares voting', '2022 shares']","['__COMPANY__ : shares &amp; voting rights as of 31 May 2022', '__COMPANY__ : shares &amp; voting rights as of 31 May 2024', '__COMPANY__ : shares &amp; voting rights as of 31 May 2025']"
172,49,172_chase reports_results chase_chase_financial results,"['chase reports', 'results chase', 'chase', 'financial results', 'expectations chase', 'expect chase', 'chase publishes', 'report including', 'including chairman', 'ceo letter']","['__COMPANY__ Chase Reports Third-Quarter 2025 Financial Results', '__COMPANY__ Chase Reports First-Quarter 2021 Financial Results', '__COMPANY__ Chase Reports Third-Quarter 2021 Financial Results']"
173,49,173_card_credit card_sapphire reserve_sapphire,"['card', 'credit card', 'sapphire reserve', 'sapphire', 'rewards', 'annual fee', 'cards', 'bonvoy', 'marriott bonvoy', 'platinum']","['__COMPANY__ Chase unveils new Sapphire Reserve card perks and $795 annual fee', 'Chase and Southwest Airlines® Introduce New Benefits on Southwest Rapid Rewards® Credit Cards', ""Chase's $795 Sapphire Reserve card signals a shift in the credit card perk wars""]"
174,48,174_minimum_wage_minimum wage_hourly,"['minimum', 'wage', 'minimum wage', 'hourly', 'minimum hourly', 'hourly wage', 'raises minimum', '25 2025', 'hour', 'wage 25']","['__COMPANY__ raises U.S. minimum hourly wage to $21', '__COMPANY__ to raise U.S. minimum hourly wage to $25 by 2025', '__COMPANY__ to Raise U.S. Minimum Hourly Wage to $25 by 2025']"
175,47,175_rupee_record low_indian rupee_rupee ends,"['rupee', 'record low', 'indian rupee', 'rupee ends', 'rbi', 'low', 'indian', 'inflows', 'modest inflows', 'rupee hits']","['Rupee hits record low on feeble foreign flows, drawing RBI to defend 90 level', 'Indian rupee, government bonds to track RBI decision', 'RBI Intervention Seen Averting Record Low for Rupee Before G-20']"
176,47,176_warner_netflix_warner bros_bros,"['warner', 'netflix', 'warner bros', 'bros', 'paramount', 'discovery', 'bros discovery', 'streaming', 'bid', 'disney']","['Paramount Skydance ups the stakes for Warner Bros. Discovery with hostile bid - update', 'Is the Netflix Deal to Buy Warner Bros. Already in Trouble?', 'Warner Bros. Discovery Stock Is Worth Watching']"
177,47,177_homebuyers_housing_bank survey_housing market,"['homebuyers', 'housing', 'bank survey', 'housing market', 'home', 'homeowners', 'time homebuyers', 'prospective', 'homebuilder sentiment', 'survey']","['First-time Homebuyers See Now as a Good Time to Buy Despite Market Uncertainty, __TICKER__ Bank Survey Finds', 'Nearly 75 Percent of First-time Homebuyers are Optimistic about the Current Housing Market, __TICKER__ Bank Survey Finds', 'First-time Homebuyers Daunted by Competitive Housing Market and Rising Home Prices but Lack Preparation, __TICKER__ Bank Survey Finds']"
178,47,178_indonesia_pmi shows_pmi_thai,"['indonesia', 'pmi shows', 'pmi', 'thai', 'thailand', 'sri lanka', 'lanka', 'sri', 'india', 'rupiah']","['Growth in India services sector slows to more than 2-year low in Jan, PMI shows', 'India business activity extends robust growth streak in August, PMI shows', 'India services growth hits 11-month high in July on stronger exports, PMI shows']"
179,47,179_regulators_rules_capital rules_capital requirements,"['regulators', 'rules', 'capital rules', 'capital requirements', 'requirements', 'capital', 'bank capital', 'rule', 'capital rule', 'leverage']","['The Fed backpedals—and unveils a scaled-back proposal for bank capital requirements', ""Market Chatter: Senator Warren Criticizes Regulators' Potential Leverage Rule Changes for Banks"", ""Update: Market Chatter: Senator Warren Criticizes Regulators' Potential Leverage Rule Changes for Banks""]"
180,47,180_asia_asia expansion_asia hiring_focus asia,"['asia', 'asia expansion', 'asia hiring', 'focus asia', 'middle east', 'asia middle', 'asia wealth', 'east', 'middle', 'asian']","['__COMPANY__ Targets Asia, Middle East for Wealth Ambitions', 'Update: Market Chatter: __TICKER__ Ups Scrutiny of Asia Clients Following 2023 Singapore Scandal', 'Market Chatter: __TICKER__ Ups Scrutiny of Asia Clients Following 2023 Singapore Scandal']"
181,47,181_option activity_activity_option_noteworthy,"['option activity', 'activity', 'option', 'noteworthy', 'notable', 'wednesday option', 'tuesday option', 'friday option', 'monday option', 'notable tuesday']","['Noteworthy Friday Option Activity: UNH, CRWD, __TICKER__', 'Noteworthy Friday Option Activity: __TICKER__ , CVS, GE', 'Notable Tuesday Option Activity: __TICKER__ , NOW, CEG']"
182,46,182_payment_payments_real time_dandelion,"['payment', 'payments', 'real time', 'dandelion', 'mellon', 'payment solutions', 'solutions', 'payment platform', 'global payment', 'collaborate']","[""__COMPANY__ , Euronet's Dandelion collaborate for cross-border payment capabilities"", '__COMPANY__ and Dandelion Collaborate to Transform Cross-Border Payments, Enabling Full Value, Near-Instant Payments into Digital Wallets Across the Globe', 'UnionPay Hosts Global Partners Conference 2025 - Innovations in Open Payments: Sharing Success in Payment Connectivity, Building a Connected Global Payment Network with the New Four-Party Model']"
183,46,183_archegos_nomura_archegos collapse_hit archegos,"['archegos', 'nomura', 'archegos collapse', 'hit archegos', 'archegos loss', 'archegos related', 'million archegos', 'sped', 'archegos losses', 'losses archegos']","[""__COMPANY__ 's role in Archegos collapse sped up block trade probes"", 'UPDATE 4- __COMPANY__ reveals $911 million Archegos loss as net profit jumps', '__COMPANY__ reveals $911 million Archegos loss as net profit jumps']"
184,46,184_branches_close_branch_philadelphia area,"['branches', 'close', 'branch', 'philadelphia area', 'area branches', 'branches close', 'area', 'philadelphia', 'permanently close', 'plans open']","['__COMPANY__ temporarily shutters 30% of its Philadelphia-area branches', '__COMPANY__ to close three more Philadelphia-area branches, including one in Montgomery County', '__COMPANY__ closes two more Philadelphia-area branches']"
185,46,185_jp morgan_jp_morgan_trade jp,"['jp morgan', 'jp', 'morgan', 'trade jp', 'explainer massive', 'morgan fund', 'fund markets', 'massive options', 'morgan stock', 'options trade']","['RPT-EXPLAINER-How a massive options trade by a JP Morgan fund can move markets', 'EXPLAINER-How a massive options trade by a JP Morgan fund can move markets', 'Explainer-How a massive options trade by a JP Morgan fund can move markets']"
186,46,186_revlon_revlon lenders_revlon transfer_million revlon,"['revlon', 'revlon lenders', 'revlon transfer', 'million revlon', 'errant', 'botched', '500 million', 'errant 500', 'revlon loan', 'freeze botched']","['__COMPANY__ in talks to recoup errant $500 million Revlon loan payment', 'Judge denies __COMPANY__ a longer freeze on botched Revlon transfer', '__COMPANY__ Wins Appeal On Errant $500 Million Revlon Loan Payment']"
187,45,187_teams_management teams_teams list_forbes,"['teams', 'management teams', 'teams list', 'forbes', 'named forbes', 'forbes best', 'list advisor', 'wealth management', 'state wealth', 'named']","['16 __TICKER__ advisor teams in the Philadelphia D. __TICKER__ . Wealth Management Market named to the Forbes Best-in-State Wealth Management Teams List', 'Eleven __TICKER__ Advisor Teams in Arizona Named to Forbes Best-in-State Wealth Management Teams List', 'Five __TICKER__ Advisor Teams in Arizona Named to the Forbes Best-In-State Wealth Management Teams List']"
188,45,188_10 stock_stock picks_picks_capital 10,"['10 stock', 'stock picks', 'picks', 'capital 10', 'portfolio 10', '10', 'capital', 'picks 10', 'new stock', 'cooperman']","['Billionaire DE Shaw’s Latest Portfolio: Top 10 Stock Picks', 'Brian Higgins’ King Street Capital Portfolio: Top 10 Stock Picks', 'Aquamarine Capital’s Top 10 Stock Picks']"
189,45,189_rating_buy rating_rating upgraded_stock rating,"['rating', 'buy rating', 'rating upgraded', 'stock rating', 'pt', 'maintains buy', 'maintains', 'upgraded', 'know rating', 'rating upgrade']","['__COMPANY__ Maintains Buy Rating on __COMPANY__ __TICKER__ Stock', '__COMPANY__ Raises PT on __COMPANY__ Inc. __TICKER__ ; Maintains ‘Buy’ Rating', '__COMPANY__ Maintains its __COMPANY__ Inc. __TICKER__ Buy Rating']"
190,45,190_ago_years ago_years_ago delivered,"['ago', 'years ago', 'years', 'ago delivered', 'invested years', 'invested', 'delivered', 'investing years', 'shareholders endured', 'loss investing']","['__COMPANY__ ( __TICKER__ ) shareholders have endured a 13% loss from investing in the stock five years ago', 'Those who invested in __COMPANY__ ( __TICKER__ ) three years ago are up 25%', 'Investing in __COMPANY__ ( __TICKER__ ) five years ago would have delivered you a 33% gain']"
191,45,191_recession_odds_probability_odds recession,"['recession', 'odds', 'probability', 'odds recession', 'chance', 'chance recession', '35', 'recession probability', '35 chance', 'recession risk']","['Goldman raises odds of US recession to 35%, predicts three interest rate cuts\u200b', '__COMPANY__ sees 35% chance of recession in 2 years', 'There is a 35% chance of a recession in 2 years: __COMPANY__']"
192,45,192_common stock_common_stock dividend_dividend common,"['common stock', 'common', 'stock dividend', 'dividend common', 'quarter dividend', 'corporation declares', 'increase quarterly', 'repurchase', 'repurchase program', 'percent']","['__COMPANY__ Corporation Declares First-Quarter Dividend on its Common Stock', '__COMPANY__ &amp; Company Increases Common Stock Dividend and Announces New $30 Billion Common Stock Repurchase Program', '__COMPANY__ Mellon Announces Intention to Increase Quarterly Common Stock Dividend by 10 Percent to $0.34 per Share and Authorization to Repurchase up to $6.0 Billion of Common Stock']"
193,45,193_boe_uk inflation_sterling_inflation,"['boe', 'uk inflation', 'sterling', 'inflation', 'uk', 'boe rate', 'bets sterling', 'bets', 'rate', 'rate cut']","['Sterling Rises After BOE Decision, But Gains Might Not Last', 'U.K. Data Are Key For Sterling Outlook After This Week’s BOE Rate Cut', 'UK Inflation Drop Clears Way for BOE Rate Cut']"
194,44,194_bank earnings_stocks earnings_big bank_earnings bank,"['bank earnings', 'stocks earnings', 'big bank', 'earnings bank', 'earnings', 'earnings friday', 'reports trading', 'lead reports', 'bank stocks', 'bank']","['Trading Bank Stocks on Earnings Reports: __COMPANY__ , __COMPANY__ , __COMPANY__', 'Bank Earnings Preview: __COMPANY__ and __COMPANY__', 'Big Bank earnings: __COMPANY__ , __COMPANY__ , __COMPANY__ beat estimates']"
195,44,195_2026_2026 stock_stock double_2026 unveils,"['2026', '2026 stock', 'stock double', '2026 unveils', 'stock 2022', 'wall worry', 'dollar stock', 'market 2026', 'stock year', 'high stock']","['This popular stock is +108% YTD. __COMPANY__ says more gains to come in 2026', '__COMPANY__ says ‘January effect’ will boost beaten-down stocks — these 3 could nab you rapid gains if a 2022 bounce comes true', '__COMPANY__ Strategist Says ‘Nice Tailwinds’ Will Boost Stock Market in 2026, Unveils One Catalyst That Could Drive Equities Higher']"
196,44,196_institutional_institutional owners_owners_institutional investors,"['institutional', 'institutional owners', 'owners', 'institutional investors', 'adds year', 'year losses', 'drop adds', 'past year', 'amp institutional', 'severe']","[""In the wake of __COMPANY__ 's ( __TICKER__ ) latest US$8.0b market cap drop, institutional owners may be forced to take severe actions"", ""__COMPANY__ Corporation's ( __TICKER__ ) recent 4.3% pullback adds to one-year year losses, institutional owners may take drastic measures"", ""__COMPANY__ Inc.'s ( __TICKER__ ) recent 5.2% pullback adds to one-year year losses, institutional owners may take drastic measures""]"
197,44,197_earnings report_report goldman_report earnings_report,"['earnings report', 'report goldman', 'report earnings', 'report', 'goldman earnings', 'rjf earnings', 'financial rjf', 'report raymond', 'report continue', 'rjf']","['Why Is __COMPANY__ __TICKER__ Up 5.1% Since Last Earnings Report?', 'Why Is __COMPANY__ __TICKER__ Up 8.1% Since Last Earnings Report?', 'Why Is __COMPANY__ __TICKER__ Down 0.2% Since Last Earnings Report?']"
198,44,198_stocks q3_amp brokerage_brokerage stocks_banking amp,"['stocks q3', 'amp brokerage', 'brokerage stocks', 'banking amp', 'diversified banks', 'vs rest', 'brokerage', 'stocks q2', 'rest', 'custody bank']","['Investment Banking &amp; Brokerage Stocks Q3 Recap: Benchmarking Charles Schwab ( __TICKER__ )', 'A Look Back at Investment Banking &amp; Brokerage Stocks’ Q3 Earnings: __COMPANY__ ( __TICKER__ ) Vs The Rest Of The Pack', 'Investment Banking &amp; Brokerage Stocks Q3 Recap: Benchmarking Jefferies ( __TICKER__ )']"
199,44,199_brazil_brazil economy_brazil inflation_south africa,"['brazil', 'brazil economy', 'brazil inflation', 'south africa', 'brazil economic', 'cycle', 'africa', 'rate', 'rate hike', 'hike']","['Brazil Inflation Slows More Than Expected as Rate Cuts Halt', 'Brazil Inflation Slowdown Falls Short Ahead of Key Rate Hike', 'Brazil’s Economy Grows More Than Expected as Interest Rate Falls']"
200,43,200_best momentum_momentum stocks_momentum_momentum stock,"['best momentum', 'momentum stocks', 'momentum', 'momentum stock', 'best', 'buy march', 'stocks buy', 'buy september', '14th best', '4th best']","['Best Momentum Stocks to Buy for April 4th', '15 Best Momentum Stocks To Invest In', 'How to Buy the Best Momentum Stocks Now']"
201,43,201_amazon_meta_amzn_meta platforms,"['amazon', 'meta', 'amzn', 'meta platforms', 'platforms meta', 'meat', 'amazon amzn', 'com amzn', 'platforms', 'facebook']","['Amazon.com, Inc. (AMZN) Among the 10 __COMPANY__ Tech Stocks to Buy', 'Is Meta Platforms (META) Among The Top __COMPANY__ Value Stocks?', 'Here’s What Wall Street Thinks About Meta Platforms, Inc (META)']"
202,43,202_overdraft_overdraft fees_fees_nsf,"['overdraft', 'overdraft fees', 'fees', 'nsf', 'nsf fees', 'overdraft fee', 'fee', 'reduce overdraft', '90', 'remove']","['__COMPANY__ to eliminate overdraft fees this summer', '__COMPANY__ to reduce overdraft fees this spring', '__COMPANY__ Overdraft Fees Fell 90% Since Last Year. This Is Why.']"
203,43,203_stock futures_futures_stock index_index futures,"['stock futures', 'futures', 'stock index', 'index futures', 'news live', 'stocks futures', 'market news', 'tap stock', 'updates stock', 'live updates']","['Stock market news live updates: Stock futures jump as earnings season picks up', 'Stock market news live updates: Stock futures edge higher amid bank results, retail sales data', 'Stock market news live updates: Stock futures edge higher ahead of jobs data, more Powell testimony']"
204,43,204_inflation_inflation data_hopes stocks_open higher,"['inflation', 'inflation data', 'hopes stocks', 'open higher', 'stocks wall', 'open', 'hopes', 'stocks rising', 'data', 'set open']","['Stocks Set to Open Higher on Fed Rate-Cut Optimism', 'Stocks Set to Open Higher on Fed Rate-Cut Hopes and Earnings Optimism', 'Stocks Set to Open Higher as Fed Rate-Cut Expectations Rise, U.S. Inflation Data Awaited']"
205,43,205_moving today_stocks moving_moving_moved today,"['moving today', 'stocks moving', 'moving', 'moved today', 'stocks moved', 'moved', 'today', 'today nvidia', 'today asml', 'today tesla']","['These Stocks Are Moving the Most Today: Credit Suisse, __TICKER__ , First Republic, and More', 'These Stocks Are Moving the Most Today: __COMPANY__ , __COMPANY__ , __COMPANY__ , Tesla, Apple, and More', 'These Stocks Are Moving the Most Today']"
206,42,206_cross yield_yield mark_shares cross_stock series,"['cross yield', 'yield mark', 'shares cross', 'stock series', 'preferred', 'preferred stock', 'cross', 'yieldboost', 'using options', 'mark']","[""__COMPANY__ 's Preferred Stock, Series 2 Shares Cross 6.5% Yield Mark"", ""__COMPANY__ 's Preferred Stock Series Z Shares Cross 6.5% Yield Mark"", ""__COMPANY__ 's Preferred Stock, Series O Shares Cross 6% Yield Mark""]"
207,42,207_know chase_chase amp_facts_chase,"['know chase', 'chase amp', 'facts', 'chase', 'know', 'facts note', 'broader', 'need know', 'facts chase', 'broader market']","['__COMPANY__ Chase &amp; Co. __TICKER__ Ascends While Market Falls: Some Facts to Note', '__COMPANY__ Chase &amp; Co. __TICKER__ Ascends But Remains Behind Market: Some Facts to Note', '__COMPANY__ Chase &amp; Co. __TICKER__ Stock Drops Despite Market Gains: Important Facts to Note']"
208,42,208_jobs_job cuts_slash_job,"['jobs', 'job cuts', 'slash', 'job', 'workforce', 'plans cut', 'cut', 'cuts', 'ib', 'plans']","['__COMPANY__ __TICKER__ to Cut Jobs in IB Division Amid Slowdown', '__COMPANY__ __TICKER__ to Slash Jobs in IB Division Amid Slump', '__COMPANY__ __TICKER__ to Slash Jobs in Its IB Division Amid Slump']"
209,41,209_moving markets_moving_markets_markets fed,"['moving markets', 'moving', 'markets', 'markets fed', 'markets earnings', 'markets bank', 'president trump', 'markets cpi', 'markets retail', 'markets big']","[""Retail Sales, Bitcoin ETFs, Goldman Reports - What's Moving Markets"", ""Big bank earnings, IEA report, Tesla prices - what's moving markets"", ""Big Tech Earnings, Energy Crisis, European Bank Earnings - What's Moving Markets""]"
210,41,210_recession_economy_recession fears_recession risks,"['recession', 'economy', 'recession fears', 'recession risks', 'worried recession', 'worried', 'economy right', 'recession key', 'recession watch', 'points economy']","['Worried About A Recession? These 10 States Have The Strongest, Most Recession-Proof Economies', 'The real risk of a recession, and other key points about the US economy right now', 'The real risk of recession, and other key points about the economy right now']"
211,41,211_china tech_china_crackdown_tech,"['china tech', 'china', 'crackdown', 'tech', 'tech rout', 'china crackdown', 'rout', 'rout deepens', 'crackdown makes', 'street chiefs']","['Even After $1.5 Trillion Rout, China Tech Traders See More Pain', 'China’s Tech Rout Deepens Amid Lockdown, Geopolitical Worries', 'China Tech Rout Deepens to $1.5 Trillion as Didi Emboldens Bears']"
212,41,212_amp p500_p500_p500 stocks_500 stocks,"['amp p500', 'p500', 'p500 stocks', '500 stocks', 'session', 'amp 500', 'index weight', 'today session', '500', 'session amp']","['Which S&amp;P500 stocks are the most active on Tuesday?', ""Curious about the most active S&amp;P500 stocks in today's session?"", ""These S&amp;P500 stocks are the most active in today's session""]"
213,41,213_stress_stress test_test_fed stress,"['stress', 'stress test', 'test', 'fed stress', 'stress tests', 'tests', 'test results', 'boost dividends', 'dividends', 'increase quarterly']","['__COMPANY__ Comments on Stress Test Results; Plans to Increase Quarterly Dividend to $0.22 per share', '__COMPANY__ Corporation Announces Preliminary Stress Capital Buffer Requirement, Intention to Increase Its Quarterly Common Stock Dividend to $0.57 Per Share and Release of Its 2021 Dodd-Frank Annual Stress Test Results', '__COMPANY__ and __COMPANY__ Boost Dividends After Fed Stress Tests']"
214,40,214_oil_china_chinese demand_demand,"['oil', 'china', 'chinese demand', 'demand', 'concerns oil', 'china stimulus', 'china covid', 'demand oil', 'oil steadies', 'oil advances']","['Oil Holds Gain With Mideast Conflict, China Stimulus in Focus', 'Oil Extends Gains on Middle East Conflict, China Stimulus Hopes', 'Oil Steadies as Investors Look to Improvement in Chinese Demand']"
215,40,215_dodgers_brewers_mlb_mlb roundup,"['dodgers', 'brewers', 'mlb', 'mlb roundup', 'mets', 'padres', 'phillies', 'wild card', 'shohei ohtani', 'ohtani']","['MLB roundup: Brewers win NL Central, then walk off Phillies', 'MLB roundup: Shohei Ohtani makes history as Dodgers clinch playoffs', ""MLB roundup: Shohei Ohtani sparks Dodgers' rally vs. Padres""]"
216,40,216_greensky_greensky sale_sell greensky_sixth street,"['greensky', 'greensky sale', 'sell greensky', 'sixth street', 'goldman greensky', 'sale greensky', 'sixth', 'sale', 'led consortium', 'street led']","['__COMPANY__ agrees to sell GreenSky to Sixth Street-led consortium', 'GREENSKY INVESTOR ALERT BY THE FORMER ATTORNEY GENERAL OF LOUISIANA: Kahn Swick &amp; Foti, LLC Investigates Adequacy of Price and Process in Proposed Sale of GreenSky, Inc. - GSKY', 'GREENSKY INVESTOR ALERT By the Former Attorney General of Louisiana: Kahn Swick &amp; Foti, LLC Investigates Adequacy of Price and Process in Proposed Sale of GreenSky, Inc. - GSKY']"
217,40,217_vs_goldman vs_bank stock_upside,"['vs', 'goldman vs', 'bank stock', 'upside', 'stock smarter', 'vs pnc', 'banking stock', 'performance compared', 'stock performance', 'smarter']","['__COMPANY__ vs. PNC Financial: Which Bank Stock Has More Upside?', 'Goldman vs. Evercore: Which Investment Banking Stock Is a Smarter Bet?', 'Goldman Vs Evercore: Which Investment Banking Stock is a Smarter Bet?']"
218,40,218_tender_cash tender_bank plc_tender offer,"['tender', 'cash tender', 'bank plc', 'tender offer', 'tender offers', 'offer', 'plc announces', 'offers consent', 'consent solicitations', 'solicitations']","['__COMPANY__ Bank PLC Updates Announcement of 6 Cash Tender Offers and Consent Solicitations', '__COMPANY__ Bank PLC Updates Announcement of 5 Cash Tender Offers and Consent Solicitations', '__COMPANY__ Bank PLC Updates Announcement of 3 Cash Tender Offers and Consent Solicitations']"
219,40,219_series preferred_preferred stock_redemption series_preferred,"['series preferred', 'preferred stock', 'redemption series', 'preferred', 'depositary shares', 'series', 'redemption', 'announces redemption', 'related depositary', 'stock related']","['__COMPANY__ &amp; Company Announces Full Redemption of its Series S Preferred Stock and Related Depositary Shares', '__COMPANY__ Announces Full Redemption of Its Series X Preferred Stock and Related Depositary Shares', '__COMPANY__ Announces Full Redemption of Its Series Z Preferred Stock and Related Depositary Shares']"
220,40,220_sofi_sofi stock_sofi technologies_buy sofi,"['sofi', 'sofi stock', 'sofi technologies', 'buy sofi', 'technologies', 'technologies stock', 'today sofi', 'sofi sofi', 'sell sofi', 'stock skyrockets']","['Why SoFi (SOFI) Stock Is Trading Up Today', 'Why SoFi (SOFI) Stock Is Up Today', 'Is SoFi Stock a Buy Now?']"
221,40,221_hydrogen_hydrogen stocks_energy stocks_energy,"['hydrogen', 'hydrogen stocks', 'energy stocks', 'energy', 'lithium stocks', 'solar stocks', 'green energy', 'lithium', 'solar', 'best hydrogen']","['The 3 Best Hydrogen Stocks to Buy for the Green Energy Revolution', '3 Hydrogen Stocks That Should Be on Every Investor’s Radar This Fall', 'The 3 Best Hydrogen Stocks to Buy in August']"
222,40,222_nii_ib_earnings beat_ib amp,"['nii', 'ib', 'earnings beat', 'ib amp', 'beat', 'amp trading', 'solid', 'solid ib', 'nii view', 'higher nii']","['__COMPANY__ __TICKER__ Q4 Earnings Beat Estimates on Solid Trading &amp; NII', '__COMPANY__ Tops Q1 Earnings Estimates on Solid IB &amp; NII, Stock Up', ""__COMPANY__ 's Q4 Earnings Beat on Robust IB &amp; Trading, Higher NII""]"
223,40,223_asset cap_cap_asset_cap lifted,"['asset cap', 'cap', 'asset', 'cap lifted', 'fed lifts', 'fed asset', 'lifts asset', 'lifted', 'lifting asset', 'lifting']","['US Federal Reserve lifts __COMPANY__ ’s asset cap', '__COMPANY__ Stock A Buy As Asset Cap Lifted?', 'Fed lifts __COMPANY__ ’s asset cap']"
224,39,224_amd_amd stock_chip_broadcom,"['amd', 'amd stock', 'chip', 'broadcom', 'avgo', 'strength chip', 'chip makers', 'broadcom avgo', 'ai chip', 'openai']","['AMD Stock Jumps Again After Upgrade. Why Its OpenAI Deal Has Wall Street So Excited.', 'AMD Stock Jumps After Upgrade. The Case to Buy Following OpenAI Deal.', 'AMD Stock Jumps as AI Chip Prices Soar Ahead of Q2 Earnings']"
225,39,225_zacks bull_bull bear_highlighted zacks_bear day,"['zacks bull', 'bull bear', 'highlighted zacks', 'bear day', 'highlighted', 'bear', 'bull', 'zacks', 'day', 'tri pointe']","['__COMPANY__ and Hertz Global have been highlighted as Zacks Bull and Bear of the Day', ""__COMPANY__ and Carter's have been highlighted as Zacks Bull and Bear of the Day"", 'AZEK and __COMPANY__ have been highlighted as Zacks Bull and Bear of the Day']"
226,39,226_raises_management raises_led asset_series funding,"['raises', 'management raises', 'led asset', 'series funding', 'led', 'raises billion', 'impact developers', 'developers fund', 'investment trufund', 'trufund impact']","[""Genesis Companies Receives Equity Investment from TruFund's Impact Developers Fund to Expand Capacity"", ""Lemor Development Group Receives Equity Investment from TruFund's Impact Developers Fund to Accelerate Growth"", ""Exact Capital Group Receives Equity Investment from TruFund's Impact Developers Fund to Accelerate Growth""]"
227,39,227_softbank_wireless_unicorn_wireless stock,"['softbank', 'wireless', 'unicorn', 'wireless stock', 'softbank buybacks', 'kitopi', 'loss softbank', 'value softbank', 'softbank leads', 'sale wireless']","['SoftBank Leads Funding to Vault Kitopi Past $1 Billion Value', 'SoftBank’s Sale of Wireless Stock Said to Draw Excess Demand', 'SoftBank Is Said to Get $12 Billion in Wireless Stock Orders']"
228,39,228_etf cash_announces etf_distributions_cash distributions,"['etf cash', 'announces etf', 'distributions', 'cash distributions', 'global asset', 'management announces', '2022 global', 'asset management', 'cash', '2023 global']","['__COMPANY__ Global Asset Management Inc. announces __COMPANY__ ETF cash distributions for June 2023', '__COMPANY__ Global Asset Management Inc. announces __COMPANY__ ETF cash distributions for June 2024', '__COMPANY__ Global Asset Management Inc. announces __COMPANY__ ETF cash distributions for July 2024']"
229,39,229_insiders_worth stock_worth_insiders sold,"['insiders', 'worth stock', 'worth', 'insiders sold', 'sold', '0m worth', 'earlier year', '0m', '6m worth', 'earlier']","['__COMPANY__ Inc. ( __TICKER__ ) insiders sold US$2.6m worth of stock, possibly signalling a downtrend', 'Insiders at __COMPANY__ Inc. ( __TICKER__ ) sold US$4.6m worth of stock, possibly indicating weakness in the future', 'Insiders at __COMPANY__ Inc. ( __TICKER__ ) sold US$2.6m worth of stock, possibly indicating weakness in the future']"
230,38,230_earnings season_season_q3 earnings_season kicks,"['earnings season', 'season', 'q3 earnings', 'season kicks', 'positively', 'q3', 'season gets', 'kicks', 'gets underway', 'kicks positively']","['The Q3 Earnings Season Kicks Off Positively', 'The Q2 Earnings Season Kicks Off', 'What Will the Q3 Earnings Season Show?']"
231,38,231_big banks_q2_q2 earnings_earnings big,"['big banks', 'q2', 'q2 earnings', 'earnings big', 'banks q4', 'banks', 'big', 'q1 results', 'q4', 'q4 earnings']","['PPI Moves Lower, Along with Big Banks on Q4 Earnings', ""Big banks' Q2 earnings to shed light on gloomy U.S. mortgage outlook"", 'Previewing __COMPANY__ and the Big Banks to Kick Off Q2 Earnings Season']"
232,38,232_investing radar_equity etf_radar_etf,"['investing radar', 'equity etf', 'radar', 'etf', 'cap equity', 'investing', 'strong etf', 'etf right', 'diversified return', 'russell']","['Should __COMPANY__ ActiveBeta U.S. Small Cap Equity ETF (GSSC) Be on Your Investing Radar?', 'Should __COMPANY__ Equal Weight U.S. Large Cap Equity ETF (GSEW) Be on Your Investing Radar?', 'Should __COMPANY__ Diversified Return U.S. Mid Cap Equity ETF (JPME) Be on Your Investing Radar?']"
233,38,233_action update_korsinsky llp_llp reminds_korsinsky,"['action update', 'korsinsky llp', 'llp reminds', 'korsinsky', 'levi korsinsky', 'shareholders class', 'levi', 'llp', 'actions behalf', 'behalf shareholders']","['CLASS ACTION UPDATE for __TICKER__ , XRAY, NVDA and AGN: Levi & Korsinsky, LLP Reminds Investors of Class Actions on Behalf of Shareholders', 'CLASS ACTION UPDATE for __TICKER__ and XRAY: Levi & Korsinsky, LLP Reminds Investors of Class Actions on Behalf of Shareholders', 'CLASS ACTION UPDATE for __TICKER__ , XRAY and AGN: Levi & Korsinsky, LLP Reminds Investors of Class Actions on Behalf of Shareholders']"
234,37,234_diversity_diversity inclusion_inclusion_scraps diversity,"['diversity', 'diversity inclusion', 'inclusion', 'scraps diversity', 'americas named', 'diversity policy', 'diversity goals', 'pledge', 'senior level', 'award diversity']","['__COMPANY__ Scraps Diversity Policy for Senior-Level Recruitment', '__COMPANY__ Americas Named 2021 Recipient of Markets Choice Award for Diversity, Inclusion &amp; Belonging', '__COMPANY__ Americas Named 2021 Recipient of Markets Choice Award for Diversity, Inclusion & Belonging']"
235,37,235_wharf_canary wharf_canary_london,"['wharf', 'canary wharf', 'canary', 'london', 'hq', 'headquarters', 'hudson yards', 'yards', 'tower', 'hudson']","['__TICKER__ to move global HQ from Canary Wharf to central London', '__TICKER__ to review Canary Wharf tower HQ, consider new London base', '__TICKER__ to review Canary Wharf HQ and consider new London base']"
236,37,236_javice_charlie javice_charlie_defrauding,"['javice', 'charlie javice', 'charlie', 'defrauding', 'founder charlie', 'startup founder', 'founder', 'legal', 'startup', 'javice legal']","['Startup Founder Charlie Javice Sentenced to More Than 7 Years for Defrauding __COMPANY__', 'Startup founder Charlie Javice pleads not guilty to charges of defrauding __COMPANY__', 'Startup founder Charlie Javice pleads not guilty to US charges of defrauding __COMPANY__']"
237,37,237_stab_notice_stab notice_new issues,"['stab', 'notice', 'stab notice', 'new issues', 'primary new', 'stabilization notice', 'stabilization', 'primary', 'pre stab', 'issues stab']","['CMA CGM S.A - __COMPANY__ Primary New Issues: STAB Notice - NO STAB Notice', '__COMPANY__ Primary New Issues: NO STAB Notice', '__COMPANY__ Primary New Issues: STAB Notice']"
238,36,238_cibc_profit estimates_wrapup_wrapup canada,"['cibc', 'profit estimates', 'wrapup', 'wrapup canada', 'canada', 'canada cibc', 'provisions', 'loan provisions', 'higher loan', 'canada beats']","[""WRAPUP 2-Canada's CIBC misses profit estimates as costs climb, __TICKER__ beats"", ""WRAPUP 1-Canada's __COMPANY__ , CIBC beat profit estimates; __TICKER__ misses on higher loan provisions"", ""WRAPUP 2-Canada's __COMPANY__ , CIBC beat profit estimates; __TICKER__ misses on higher loan provisions""]"
239,36,239_pre bell_bell_equity futures_traded funds,"['pre bell', 'bell', 'equity futures', 'traded funds', 'exchange traded', 'funds equity', 'pre', 'traded', 'exchange', 'higher pre']","['Exchange-Traded Funds, Equity Futures Higher Pre-Bell Wednesday Amid Interest Rate Cut Hopes', 'Exchange-Traded Funds, Equity Futures Higher Pre-Bell Wednesday Ahead of Fed Rate Decision', 'Exchange-Traded Funds, Equity Futures Higher Pre-Bell Tuesday Ahead of Jobs Report']"
240,36,240_good stock_good_stock buy_unitedhealth group,"['good stock', 'good', 'stock buy', 'unitedhealth group', 'buy', 'unitedhealth', 'buy unitedhealth', 'group unh', 'stock', 'unh']","['Is Wayfair Inc (W) A Good Stock To Buy?', 'Is KDP A Good Stock To Buy Now?', 'Is UnitedHealth Group Inc. (UNH) A Good Stock To Buy?']"
241,36,241_zelle_sues zelle_fraud_zelle scams,"['zelle', 'sues zelle', 'fraud', 'zelle scams', 'early warning', 'customers', 'scams', 'consumer watchdog', 'cfpb', 'cfpb drops']","['Zelle owner Early Warning Services exploring stablecoin for retail bank customers', ""New York sues Zelle, says security lapses led to 'rampant' consumer fraud"", 'New York sues Zelle, says security lapses led to ’rampant’ consumer fraud']"
242,36,242_penny stocks_penny_uk penny_market caps,"['penny stocks', 'penny', 'uk penny', 'market caps', 'stocks market', 'caps', 'uk', 'promising', 'promising picks', '2025 uk']","['UK Penny Stocks To Watch In September 2025', '3 UK Penny Stocks With Market Caps Over £200M', '3 UK Penny Stocks With Market Caps Up To £2B']"
243,36,243_retirement stocks_smartest stocks_smartest_million retirement,"['retirement stocks', 'smartest stocks', 'smartest', 'million retirement', 'want million', 'retirement', 'hold decades', 'decades want', 'right smartest', 'cheap stocks']","['Want $1 Million in Retirement? 5 Stocks to Buy Now and Hold for Decades', 'Want $1 Million in Retirement? 3 Stocks to Buy Now and Hold for Decades', 'Want $1 Million in Retirement? 3 Stocks to Buy Now and Hold for Decades.']"
244,36,244_barriers_scholarship_youth_global impact,"['barriers', 'scholarship', 'youth', 'global impact', 'impact challenge', 'hbcu', 'challenge', 'recipients', 'warriors', 'hbcu scholars']","['__COMPANY__ and Morehouse College Announce Inaugural Class of HBCU Scholars Program', 'No Barriers Warriors, __COMPANY__ Announce the ‘2018 Warrior Strong: The Journey Continues’ Team', 'No Barriers Warriors, __COMPANY__ Announce ‘2019 Warrior Strong: The Journey Continues’ Expedition Team']"
245,36,245_junior bankers_junior_bankers_young bankers,"['junior bankers', 'junior', 'bankers', 'young bankers', 'hours', 'pay junior', 'young', 'unit years', 'beaches', 'bankers memo']","['__COMPANY__ hikes pay for junior bankers despite tough year', '__COMPANY__ Tightens Oversight of Junior Bankers’ Hours', '__COMPANY__ to raise base pay for junior bankers - memo']"
246,35,246_southeast asia_southeast_asia_asia amp,"['southeast asia', 'southeast', 'asia', 'asia amp', 'sunak', 'rishi sunak', 'rishi', 'head', 'asia pacific', 'appoints']","[""__COMPANY__ 's Southeast Asia M&amp;A chief joining __COMPANY__ : sources"", ""__COMPANY__ 's Southeast Asia M&amp;A chief joining __COMPANY__ - sources"", ""__COMPANY__ 's Southeast Asia M&amp;A chief to head Raine's Southeast Asia coverage-sources""]"
247,35,247_bronstein gewirtz_bronstein_grossman_grossman llc,"['bronstein gewirtz', 'bronstein', 'grossman', 'grossman llc', 'gewirtz', 'gewirtz grossman', 'alert bronstein', 'llc reminds', 'llc', 'investors class']","['SHAREHOLDER ALERT: Bronstein, Gewirtz & Grossman, LLC Reminds Investors of Class Action Against The __COMPANY__ Group, Inc. __TICKER__ and Lead Plaintiff Deadline - - February 19, 2019', 'SHAREHOLDER ALERT- Bronstein, Gewirtz & Grossman, LLC Reminds Investors of Class Action Against The __COMPANY__ Group, Inc. __TICKER__ and Lead Plaintiff Deadline - February 19, 2019', '__TICKER__ Investor Alert: Bronstein, Gewirtz & Grossman, LLC Reminds __COMPANY__ & Company Investors of Class Action and Encourages Investors to Contact the Firm']"
248,35,248_office_office building_manhattan_headquarters,"['office', 'office building', 'manhattan', 'headquarters', 'building', 'irving', 'tower', 'opens new', 'beach county', 'believed tied']","['Exclusive: __COMPANY__ to sell downtown office building and renew big lease at another', 'DMN: Large mixed-use project believed to be tied to __COMPANY__ approved by Irving City Council', '__COMPANY__ leases additional floors in Palm Beach County office building']"
249,35,249_depositary_depositary bank_appointed depositary_appointed,"['depositary', 'depositary bank', 'appointed depositary', 'appointed', 'depositary receipt', 'receipt program', 'receipt', 'bank sponsored', 'gdr', 'sponsored american']","['__COMPANY__ Appointed as Depositary Bank for the Sponsored American Depositary Receipt Program of Hesai Group', '__COMPANY__ Appointed as Depositary Bank for the Sponsored American Depositary Receipt Program of Lotus Technology Inc.', '__COMPANY__ Appointed as Depositary Bank for the Sponsored American Depositary Receipt Program of Full Truck Alliance Co. Ltd.']"
250,35,250_market rally_rally_stock rally_rally stocks,"['market rally', 'rally', 'stock rally', 'rally stocks', 'stock market', 'financials shine', 'end market', 'resistance energy', 'stocks support', 'spark rally']","['Stock Market Rally Faces Key Summer Stretch. Its Fate Is in Trump’s Hands.', 'Consumer Spending Surge Sets Stage for Year-End Market Rally', 'Trump-fuelled stock market rally sends Wall Street profits to record highs']"
251,34,251_sharks_jackets_nhl roundup_nhl,"['sharks', 'jackets', 'nhl roundup', 'nhl', 'devils', 'penguins', 'blue jackets', 'roundup', 'blues', 'kings']","['NHL roundup: John Gibson shines as Ducks down Jackets', ""Alexander Wennberg's OT goal pulls Sharks past Jackets"", 'Mackenzie Blackwood gets best of former team as Sharks blank Devils']"
252,34,252_seng_hang seng_hang_seng bank,"['seng', 'hang seng', 'hang', 'seng bank', 'kong hang', 'privatize', 'hong kong', 'kong', 'hong', 'bank private']","[""__TICKER__ proposes $13.6 billion deal to take Hong Kong's Hang Seng Bank private"", ""__TICKER__ Proposes to Acquire, Privatize Hong Kong's Hang Seng Bank"", '__TICKER__ Makes Offer to Take Hang Seng Bank Private']"
253,34,253_corpgov_corpgov forum_palm beach_forum,"['corpgov', 'corpgov forum', 'palm beach', 'forum', 'palm', 'beach corpgov', 'beach', '5th palm', '5th', '3rd palm']","['5th Palm Beach CorpGov Forum Highlights &amp; Look Ahead', 'Proxy Season &amp; Beyond, 5th Palm Beach CorpGov Forum', 'Save the Date: 5th Palm Beach CorpGov Forum Nov 5-6']"
254,34,254_closes_equity fund_management closes_fund,"['closes', 'equity fund', 'management closes', 'fund', 'million series', 'oversubscribed', 'largest 2007', 'final close', 'fund largest', 'private equity']","['UPDATE 1- __COMPANY__ closes $9.7 bln private-equity fund, largest since 2007', '__COMPANY__ closes $9.7 billion private-equity fund, largest since 2007', '__COMPANY__ closes $9.7 bln private-equity fund, largest since 2007']"
255,34,255_micron_micron technology_mu_micron mu,"['micron', 'micron technology', 'mu', 'micron mu', 'micron stock', 'technology', 'micron gets', 'target event', 'technology rallied', 'technology mu']","['Why Micron Technology Rallied Today', 'Micron Technology, Inc. (MU): A Bull Case Theory', 'Bull of the Day: Micron Technology (MU)']"
256,34,256_favorite_institutional_favorite institutional_big guns,"['favorite', 'institutional', 'favorite institutional', 'big guns', 'ownership', 'favorite big', 'guns', 'institutional ownership', 'corporation favorite', 'institutional investors']","['With 85% institutional ownership, The __COMPANY__ Corporation ( __TICKER__ ) is a favorite amongst the big guns', 'With 87% institutional ownership, The __COMPANY__ Corporation ( __TICKER__ ) is a favorite amongst the big guns', 'With 58% institutional ownership, __COMPANY__ Corporation ( __TICKER__ ) is a favorite amongst the big guns']"
257,34,257_preview_earnings preview_q3_q3 2025,"['preview', 'earnings preview', 'q3', 'q3 2025', '2025 earnings', 'expect', 'report q3', 'q2', '2025 aide', 'q2 earnings']","['United Airlines Q3 2025 Earnings Preview', 'Prologis Q3 2025 Earnings Preview', '__COMPANY__ Q3 2025 Earnings Preview']"
258,34,258_solar_solar project_project_energy,"['solar', 'solar project', 'project', 'energy', 'projects', 'closes', 'energy closes', 'financing', 'million financing', 'storage projects']","['Origis Energy Closes $290 Million Financing for Swift Air Solar II and III Projects with Natixis CIB and __COMPANY__', 'SWIFT CURRENT ENERGY CLOSES PROJECT FINANCING ON 266 MW TRES BAHIAS SOLAR PROJECT IN SOUTHEAST TEXAS', 'Origis Energy closes financing for two solar projects in US']"
259,34,259_bank earnings_week inflation_know week_inflation data,"['bank earnings', 'week inflation', 'know week', 'inflation data', 'watch', 'fed commentary', 'watch week', 'inflation', 'earnings fed', 'week big']","['Big Bank earnings, CPI data, Fed commentary: What to Watch', 'Inflation data, bank earnings: What to know this week', 'Big bank earnings, Fed commentary: What to Watch Next Week']"
260,34,260_estimates chase_chase amp_amp q3_chase,"['estimates chase', 'chase amp', 'amp q3', 'chase', 'estimates', 'amp beats', 'revenue estimates', 'net income', 'earnings revenue', 'highlights strong']","['__COMPANY__ Chase &amp; Co __TICKER__ Q3 2024 Earnings Call Highlights: Strong Net Income Amid Rising ...', '__COMPANY__ Chase &amp; Co __TICKER__ Q3 2025 Earnings Call Highlights: Strong Revenue Growth Amid ...', 'Compared to Estimates, __COMPANY__ Chase &amp; Co. __TICKER__ Q1 Earnings: A Look at Key Metrics']"
261,34,261_french_macron_french stocks_france,"['french', 'macron', 'french stocks', 'france', 'confidence vote', 'left', 'left wing', 'election', 'le pen', 'wing']","['French Stocks Tumble as Government Calls Confidence Vote', ""French Stocks Fall After Left's Surprise Election Victory"", 'Macron, French Left-Wing Rivals Race to Stop Le Pen Momentum']"
262,34,262_consent order_occ_consent_order,"['consent order', 'occ', 'consent', 'order', 'confirms termination', 'termination', 'cfpb', '2015', 'terminated', 'confirms']","[""__COMPANY__ 's 2018 Compliance Consent Order by OCC Terminated"", '__COMPANY__ says US OCC terminated 2015 consent order', '__COMPANY__ Confirms Termination of 2018 OCC Compliance Consent Order']"
263,34,263_xai_musk_musk xai_elon musk,"['xai', 'musk', 'musk xai', 'elon musk', 'elon', 'debt', 'billion debt', 'xai raises', 'musk debt', 'says elon']","[""__COMPANY__ is raising over $5 billion debt for Elon Musk's xAI - report"", ""Elon Musk's xAI raises $5B each in new debt and equity: __COMPANY__"", ""Elon Musk's xAI raises yield on $5 billion debt offering""]"
264,34,264_downgrades_downgrade_downgraded shares_downgraded,"['downgrades', 'downgrade', 'downgraded shares', 'downgraded', 'downgrades shares', 'downgrade downgrades', 'gets downgrade', 'shares downgrades', 'falls downgrade', 'stock neutral']","['Alphabet, Facebook Shares Decline On __COMPANY__ Rating Downgrade Over Ad Revenue Growth Concerns: Bloomberg', ""How __COMPANY__ ' Downgrade and Trimmed Analyst Expectations Could Impact BJ's Wholesale Club (BJ) Investors"", 'Why __COMPANY__ Downgraded __COMPANY__ Shares']"
265,33,265_mitsubishi ufg_ufg_mitsubishi_ufg mitsubishi,"['mitsubishi ufg', 'ufg', 'mitsubishi', 'ufg mitsubishi', 'says mitsubishi', 'ufg comments', 'ufg notes', 'comments', 'central bank', 'central']","[""Mitsubishi UFG Comments on Sterling Ahead of Bank of England's Thursday Policy Decision"", 'Mitsubishi UFG Comments on Canada Dollar', ""Mitsubishi UFG Comments on Australian Dollar After The Central Bank's Policy Decision""]"
266,33,266_earnings growth_shareholder returns_year earnings_growth trails,"['earnings growth', 'shareholder returns', 'year earnings', 'growth trails', 'returns', 'trails', 'fall line', 'returns fall', 'week yearly', 'yearly returns']","['__COMPANY__ ( __TICKER__ ) sheds 3.8% this week, as yearly returns fall more in line with earnings growth', '__COMPANY__ ( __TICKER__ ) sheds 4.5% this week, as yearly returns fall more in line with earnings growth', '__COMPANY__ ( __TICKER__ ) sheds 9.3% this week, as yearly returns fall more in line with earnings growth']"
267,33,267_new strong_strong buy_buy stocks_strong,"['new strong', 'strong buy', 'buy stocks', 'strong', 'stocks march', 'stocks october', 'stocks january', 'stocks july', 'stocks oct', '14th new']","['New Strong Buy Stocks for July 2nd', 'New Strong Buy Stocks for January 14th', 'New Strong Buy Stocks for July 14']"
268,33,268_block trading_block_probes_probe,"['block trading', 'block', 'probes', 'probe', 'talks resolve', 'probes block', 'trading probes', 'wsj', 'leak', 'trading business']","['__COMPANY__ Confirms Federal Probes of Its Block-Trading Business', '__COMPANY__ in talks to resolve block trading probes', '__COMPANY__ in Talks to Resolve US Block Trading Probes']"
269,33,269_banking fees_q3 investment_investment banking_fees,"['banking fees', 'q3 investment', 'investment banking', 'fees', 'q3', 'q1', 'mid single', 'fees 30', '30 35', 'sees mid']","['UPDATE 1- __COMPANY__ says Q3 investment banking fees down 30%-35% for sector', '__COMPANY__ says Q3 investment banking fees down 30%-35% for sector', '__COMPANY__ sees mid-single-digit growth in Q3 investment-banking fees, CFO says']"
270,33,270_midday movers_movers_midday_premarket movers,"['midday movers', 'movers', 'midday', 'premarket movers', 'moderna', 'movers chase', 'delta air', 'moderna midday', 'movers roblox', 'amp midday']","['Midday Movers: __COMPANY__ , Delta Air Lines, Coinbase and More', 'Midday Movers: __COMPANY__ , __COMPANY__ , First Solar and More', 'Midday Movers: Twitter, __COMPANY__ , __COMPANY__ and More']"
271,32,271_rally_strong 2025_rally 2025_does,"['rally', 'strong 2025', 'rally 2025', 'does', 'leave room', 'rally leave', 'does strong', 'does recent', 'room', '2025 rally']","['Does Recent 35% Rally Leave Room for __TICKER__ Bank Shares to Grow in 2025?', 'Does the Recent __COMPANY__ Rally Still Leave Room for Further Gains in 2025?', 'Does __TICKER__ ’s Strong 2025 Rally Signal Room for More Gains After Digital Expansion News?']"
272,32,272_netflix_tesla netflix_tesla_netflix earnings,"['netflix', 'tesla netflix', 'tesla', 'netflix earnings', 'week netflix', 'reports tesla', 'watch', 'netflix tesla', 'week tesla', 'tesla earnings']","['Tesla, Netflix to report earnings this week', '__COMPANY__ , Tesla, Netflix: Earnings to watch on Wednesday', 'Earnings This Week: Tesla, Netflix, Procter &amp; Gamble']"
273,32,273_french_french tax_tax_french court,"['french', 'french tax', 'tax', 'french court', 'tax case', 'court', 'case', 'tax evasion', 'evasion', 'fine']","['__TICKER__ Penalties Slashed by Around $3 Billion in French Tax Case', ""French top court to rule mid-November on __TICKER__ ' tax evasion appeal"", '__TICKER__ to Pay Nearly $1 Billion to Settle French Tax Case']"
274,32,274_jobs_cuts investment_cuts staff_french bank,"['jobs', 'cuts investment', 'cuts staff', 'french bank', 'staff', 'cuts', 'jobs investment', 'investment bank', 'jobs cuts', 'cut 900']","['Big U.S. banks continue to add jobs as __COMPANY__ cuts staff', 'UPDATE 2-French bank __COMPANY__ to cut about 900 jobs at Paris head office', 'French bank __COMPANY__ to cut about 900 jobs at Paris head office']"
275,32,275_wealth_wealth management_management division_management,"['wealth', 'wealth management', 'management division', 'management', 'laying', 'division', 'infighting prized', 'hundreds wealth', 'infighting', 'prized wealth']","['__COMPANY__ Is Laying Off Several Hundred in Wealth-Management Division', 'UPDATE 2- __COMPANY__ laying off hundreds in wealth management unit, source says', '__COMPANY__ laying off hundreds in wealth management unit, source says']"
276,32,276_strategic moves_impacting portfolio_exits_nygren strategic,"['strategic moves', 'impacting portfolio', 'exits', 'nygren strategic', 'kahn brothers', 'strategic', 'impacting', 'portfolio', 'nygren', 'portfolio impact']","[""Bill Nygren's Strategic Moves: Constellation Brands Inc. Takes Center Stage with 1. ..."", 'Elfun Trusts Exits UnitedHealth Group Inc, Impacting Portfolio by -1.79%', ""Kahn Brothers' Strategic Moves: Significant Reduction in Assured Guaranty Ltd""]"
277,32,277_tariffs_tariffs china_china_trump tariffs,"['tariffs', 'tariffs china', 'china', 'trump tariffs', 'trump', 'xi', 'china vows', 'trade war', 'retaliates', 'china retaliates']","['Trump Tariff News: New Tariffs Begin, China Retaliates; Treasury Yields Spike While Delta, Walmart Pull Guidance', 'Trump Tariffs: China Deadline Nears. Goldman Says Consumers Will Soon Feel More Pain.', ""Trump threatens to pull out of Xi meeting, 'massive' new tariffs on China""]"
278,31,278_chase present_conference chase_hall innovation_hall,"['chase present', 'conference chase', 'hall innovation', 'hall', 'inducted', 'inducted chase', 'chase elects', 'chase hall', 'directors chase', 'chase']","['Grafana Labs Inducted into __COMPANY__ Chase Hall of Innovation', 'TigerGraph Inducted Into __COMPANY__ Chase Hall of Innovation', 'Sigma Inducted into __COMPANY__ Chase Hall of Innovation']"
279,31,279_report continue_continue earnings_continue_earnings report,"['report continue', 'continue earnings', 'continue', 'earnings report', 'report', 'corporation earnings', 'continue corporation', 'continue chase', 'earnings', 'amp earnings']","['The __COMPANY__ __TICKER__ Up 8% Since Last Earnings Report: Can It Continue?', '__COMPANY__ __TICKER__ Up 0.7% Since Last Earnings Report: Can It Continue?', '__COMPANY__ __TICKER__ Up 9.9% Since Last Earnings Report: Can It Continue?']"
280,31,280_meeting_meeting shareholders_general meeting_annual meeting,"['meeting', 'meeting shareholders', 'general meeting', 'annual meeting', 'dated', 'combined general', 'general', 'voting results', 'stockholders', 'annual']","['__COMPANY__ : Availability or consultation of the information relating to the combined General Meeting of Shareholders dated 22 May 2024', '__COMPANY__ : Availability or consultation of the information relating to the combined General Meeting of Shareholders dated 20 May 2025', '__COMPANY__ : Availability or consultation of the information relating to the combined General Meeting of Shareholders dated 23 May 2023']"
281,31,281_axa_lyxor_amundi_axa investment,"['axa', 'lyxor', 'amundi', 'axa investment', 'viva', 'viva wallet', 'investment managers', 'wallet', 'buy axa', 'cardif']","['__COMPANY__ in talks to buy AXA Investment Managers for 5.1 billion euros', '__COMPANY__ CARDIF COMPLETES THE ACQUISITION OF AXA INVESTMENT MANAGERS', '__COMPANY__ : Exclusive negotiation with Axa for the acquisition of Axa Investment Managers and a long-term partnership in asset management']"
282,31,282_reeves_rachel_rachel reeves_brexit,"['reeves', 'rachel', 'rachel reeves', 'brexit', 'bank tax', 'tax', 'deal brexit', 'reeves bank', 'habits change', 'reeves hikes']","[""Rachel Reeves' fiscal buffer doubles in leaked budget report"", 'Will your spending habits change if Rachel Reeves hikes taxes? How readers voted', 'Will your spending habits change if Rachel Reeves hikes taxes?']"
283,31,283_israel_gaza_iran_oil,"['israel', 'gaza', 'iran', 'oil', 'israel latest', 'israel iran', 'israeli', 'israel hamas', 'war', 'hamas']","['Oil Steadies After Surge as Israel Confirms Gaza Invasion Plan', 'Oil Extends Gain as Israel-Iran Conflict Stokes Supply Concerns', 'FTSE 100 LIVE: Stocks mixed as Israel and Hamas agree to first phase of Gaza peace deal']"
284,31,284_dbs_singapore_taiwan consumer_taiwan,"['dbs', 'singapore', 'taiwan consumer', 'taiwan', 'singapore dbs', 'business sources', 'consumer banking', 'asia consumer', 'singapore uob', 'business dbs']","['Singapore’s DBS to Buy __COMPANY__ Taiwan Consumer Bank Assets', '__COMPANY__ __TICKER__ Sells Taiwan Consumer Banking Business to DBS', '__COMPANY__ Sells Taiwan Consumer-Banking Business to Singapore’s DBS']"
285,31,285_caps_cap stocks_mega cap_small caps,"['caps', 'cap stocks', 'mega cap', 'small caps', 'mega', 'cap', 'small', 'undervalued small', 'cap stock', 'caps global']","['‘Small-Caps Set for Upside’: __COMPANY__ Suggests 2 Small-Cap Stocks for 2026', '3 Undervalued Small Caps In Global With Recent Insider Buying', '3 Mega-Cap Stocks That Concern Us']"
286,31,286_etns_ipath_etns announces_ipath etns,"['etns', 'ipath', 'etns announces', 'ipath etns', 'vix', 'ipath series', 'vix short', 'redemption ipath', '500 vix', 'futurestm']","['__COMPANY__ Announces a Reverse Split of the iPath® Series B S&amp;P 500® VIX Short-Term FuturesTM ETNs and the iPath® Series B S&amp;P 500® VIX Mid-Term FuturesTM ETNs', '__COMPANY__ Announces the Redemption of Six iPath® ETNs', '__COMPANY__ Announces the Redemption of 4 iPath® ETNs']"
287,31,287_intel_foundry_intel new_intc,"['intel', 'foundry', 'intel new', 'intc', 'kicks era', 'era industrial', 'questions intel', 'industrial policy', 'worry trump', 'trump intel']","[""Analysis-Investors worry Trump's Intel deal kicks off era of US industrial policy"", 'Analysis-Investors worry Trump’s Intel deal kicks off era of US industrial policy', 'Elliptic Labs and Intel Corporation Collaborate to Elevate Premium Laptop Experiences on Intel® Core® Ultra and Intel EvoTM Edition Platforms']"
288,31,288_extradition_huawei_meng_wanzhou,"['extradition', 'huawei', 'meng', 'wanzhou', 'meng wanzhou', 'huawei cfo', 'extradition case', 'evidence', 'huawei meng', 'cfo']","['UPDATE 1-Canada court rejects Huawei CFO push for publication ban on new evidence in U.S. extradition case', 'Canada court rejects Huawei CFO push for publication ban on new evidence in U.S. extradition case', ""Huawei's Meng Wanzhou opens new front in marathon extradition battle, seeking to admit new __TICKER__ evidence""]"
289,31,289_tokenized deposits_tokenized_deposits_digital,"['tokenized deposits', 'tokenized', 'deposits', 'digital', '5t', 'financial centers', 'mellon tests', 'daily payments', 'tests tokenized', '5t daily']","['__COMPANY__ ’s Tokenized Deposits Pilot Enters Regulatory Spotlight', '$55.8T Giant __COMPANY__ Mellon Tests Tokenized Deposits to Power $2.5T in Daily Payments', '__COMPANY__ Mellon Tests Tokenized Deposits to Facilitate $2.5T Daily Payments']"
290,31,290_inflows_detected_etf inflows_noteworthy etf,"['inflows', 'detected', 'etf inflows', 'noteworthy etf', 'etf inflow', 'inflow', 'etf', 'inflow alert', 'noteworthy', 'large inflows']","['DFIV, SHEL, __TICKER__ , B: Large Inflows Detected at ETF', 'IWR, COIN, HOOD, __TICKER__ : Large Inflows Detected at ETF', 'SPMO, __TICKER__ , GE, PM: Large Inflows Detected at ETF']"
291,30,291_invested_today invested_invested 000_ago,"['invested', 'today invested', 'invested 000', 'ago', 'years ago', '1000', 'invested 1000', '10 years', 'ago worth', 'ago today']","['If You Had Invested $1,000 In __COMPANY__ 10 Years Ago, This Is How Much You Would Have Today', ""If You'd Invested $1,000 in __TICKER__ 5 Years Ago, Here's How Much You'd Have Today"", ""If You'd Invested $1,000 in __COMPANY__ 5 Years Ago, Here's How Much You'd Have Today""]"
292,30,292_stock picks_15 stock_picks 2023_picks,"['stock picks', '15 stock', 'picks 2023', 'picks', 'picks 2024', 'portfolio holdings', '2023 15', 'picks 2026', 'picks 2022', '15']","['__COMPANY__ ’ Top 15 Stock Picks for 2023', '__COMPANY__ ’s Top 15 Stock Picks For 2023', '__COMPANY__ ’s 15 Stock Picks for 2023']"
293,30,293_wong_vincent wong_offices vincent_vincent,"['wong', 'vincent wong', 'offices vincent', 'vincent', 'wong reminds', 'important class', 'law offices', 'deadlines shareholder', 'action deadlines', 'deadlines']","['SHAREHOLDER ALERT: __TICKER__ MAR PRGO: The Law Offices of Vincent Wong Reminds Investors of Important Class Action Deadlines', 'SHAREHOLDER ALERT – PRTA MFGP __TICKER__ : The Law Offices of Vincent Wong Reminds Investors of Important Class Action Deadlines', 'SHAREHOLDER ALERT: __TICKER__ XRAY AGN: The Law Offices of Vincent Wong Reminds Investors of Important Class Action Deadlines']"
294,30,294_capital partners_partners completes_partners_completes investment,"['capital partners', 'partners completes', 'partners', 'completes investment', 'completes', 'infrastructure partners', 'partners capital', 'partners acquires', 'capital', 'infrastructure']","['__COMPANY__ Capital Partners Completes the Sale of Alliance Technical Group', '__COMPANY__ Capital Partners Completes Investment in SpendMend', '__COMPANY__ Capital Partners Completes Investment in Alliance Technical Group']"
295,30,295_honored entrepreneurship_entrepreneurship_honored_technologies honored,"['honored entrepreneurship', 'entrepreneurship', 'honored', 'technologies honored', 'autobooks', 'audien', 'autobooks honored', 'asapp', 'asapp honored', '2021 builders']","['Flywire Honored by __COMPANY__ for Entrepreneurship', 'Splash Honored by __COMPANY__ for Entrepreneurship', 'Aware Honored by __COMPANY__ for Entrepreneurship']"
296,30,296_natwest_uk retail_wind uk_retail bank,"['natwest', 'uk retail', 'wind uk', 'retail bank', 'strategic refresh', 'notifies customers', 'customers temporary', 'temporary industry', 'wide deposit', 'plans wind']","['__COMPANY__ to wind down UK retail bank', 'UPDATE 3- __COMPANY__ plans to wind down UK retail bank as part of strategic refresh', '__COMPANY__ plans to wind down UK retail bank as part of strategic refresh']"
297,30,297_share buyback_buyback program_buyback_share,"['share buyback', 'buyback program', 'buyback', 'share', 'cancellation purpose', 'euros share', 'million euros', 'programme', 'cancellation', 'program cancellation']","['Annoucement of the completion of __COMPANY__ ’s 914.1 million euros share buyback program for cancellation purpose', 'Completion of __COMPANY__ ’s 279.8 million euros share buyback program for cancellation purpose', 'Annoucement of the completion of __COMPANY__ ’s 440.5 million euros share buyback program for cancellation purpose']"
298,29,298_best credit_card deals_deals week_credit card,"['best credit', 'card deals', 'deals week', 'credit card', 'card', 'deals', 'credit cards', 'january best', 'best', 'cards']","['Best credit card deals of the week, 9 April', 'Best credit card deals of the week, 2 April', 'Best credit card deals of the week']"
299,29,299_buyback_billion buyback_buybacks_share buyback,"['buyback', 'billion buyback', 'buybacks', 'share buyback', 'share', 'buyback profit', 'share buybacks', 'buyback boosts', 'profit beats', 'buyback boost']","['__COMPANY__ sets $1.3 billion buyback after H1 profit beats handily', '__COMPANY__ Unveils New $1.3 Billion Buyback as Profit Beats', '__COMPANY__ Announces $1 Billion Buyback as Profit Beats']"
300,29,300_svb_svb collapse_sec_probing role,"['svb', 'svb collapse', 'sec', 'probing role', 'fed sec', 'goldman pays', 'sec probing', 'goldman pay', 'final days', 'probing']","['Fed, SEC Probing __COMPANY__ ’s Role in SVB’s Final Days', ""UPDATE 1-Fed, SEC probing __COMPANY__ 's role in Silicon Valley Bank’s final days - WSJ"", ""Fed, SEC probing __COMPANY__ 's role in Silicon Valley Bank’s final days - WSJ""]"
301,29,301_rates_rising rates_banks_rate soars,"['rates', 'rising rates', 'banks', 'rate soars', 'highest financial', 'soars highest', 'big banks', 'raise base', 'banks prime', 'higher rates']","[""Major U.S. banks raise base lending rate after Fed's interest rate move"", ""UPDATE 2-Big U.S. banks' prime rate soars to highest since financial crisis"", ""Big U.S. banks' prime rate soars to highest since financial crisis""]"
302,29,302_eaton vance_vance_eaton_special shareholder,"['eaton vance', 'vance', 'eaton', 'special shareholder', 'shareholder meeting', 'special', 'joint special', 'meeting eaton', 'vance closed', 'vance floating']","['Results of Joint Special Shareholder Meeting of Certain Eaton Vance Closed-End Funds', 'Results of Joint Special Shareholder Meeting of Eaton Vance Floating-Rate Income Trust, Eaton Vance New York Municipal Income Trust and Eaton Vance Senior Floating-Rate Trust', 'Results of Special Shareholder Meeting of Eaton Vance Floating-Rate Income Plus Fund (EFF) and Joint Special Shareholder Meeting of Eaton Vance Floating-Rate Income Trust (EFT), Eaton Vance New York Municipal Income Trust (EVY) and Eaton Vance Senior Floating-Rate Trust (EFR)']"
303,29,303_increasing dividend_increasing_announced increasing_announced,"['increasing dividend', 'increasing', 'announced increasing', 'announced', 'dividend', 'dividend increased', 'group increasing', 'increased', 'dividend 925', 'dividend 75']","['__COMPANY__ ( __TICKER__ ) Has Announced That It Will Be Increasing Its Dividend To $0.84', '__COMPANY__ ( __TICKER__ ) Has Announced That It Will Be Increasing Its Dividend To $0.63', '__COMPANY__ ( __TICKER__ ) Has Announced That It Will Be Increasing Its Dividend To $0.24']"
304,29,304_lon_stan_lon stan_plc lon,"['lon', 'stan', 'lon stan', 'plc lon', 'barc', 'lon barc', 'plc', 'invested lon', 'ago', 'institutional']","['__COMPANY__ PLC (LON:STAN) is favoured by institutional owners who hold 68% of the company', 'With 67% ownership, __COMPANY__ PLC (LON:STAN) boasts of strong institutional backing', 'With 66% ownership, __COMPANY__ PLC (LON:STAN) boasts of strong institutional backing']"
305,29,305_blackrock_80b_80 billion_hands blackrock,"['blackrock', '80b', '80 billion', 'hands blackrock', 'assets blackrock', '80b assets', 'assets', 'trillion assets', '80', 'hands']","['__COMPANY__ Shuts Down $80B Asset Arm -- Hands It All to BlackRock', '__COMPANY__ shifts $80B of assets for BlackRock to manage in wealth pact', '__COMPANY__ Hands BlackRock $80B Assets in Wealth Deal']"
306,29,306_gaap eps_gaap_eps_non gaap,"['gaap eps', 'gaap', 'eps', 'non gaap', 'beats', 'revenue', 'non', 'eps 78', 'misses', 'fy25']","['__TICKER__ Holdings Non-GAAP EPS of $0.78, revenue of $34.1B; reaffirms FY outlook', '__COMPANY__ Chase Non-GAAP EPS of $4.96 beats by $0.48, revenue of $45.7B beats by $1.66B', '__COMPANY__ Non-GAAP EPS of $2.78 beats by $0.13, revenue of $3.55B beats by $80M']"
307,29,307_cagr_cagr years_shareholders earned_earned,"['cagr', 'cagr years', 'shareholders earned', 'earned', 'outpaced earnings', 'cagr delivered', 'earnings growth', 'year period', 'cagr outpaced', 'delivered shareholders']","[""__COMPANY__ 's ( __TICKER__ ) 32% CAGR outpaced the company's earnings growth over the same five-year period"", ""__COMPANY__ 's ( __TICKER__ ) 29% CAGR outpaced the company's earnings growth over the same five-year period"", ""__COMPANY__ 's ( __TICKER__ ) 6.6% CAGR outpaced the company's earnings growth over the same five-year period""]"
308,29,308_loans_leveraged loans_leveraged_lending,"['loans', 'leveraged loans', 'leveraged', 'lending', 'higher capital', 'capital bar', 'dodges buyout', 'lending buyout', 'loan bullet', 'bar leveraged']","['__COMPANY__ ‘open for business’ in leveraged loans as rivals get stuck with losses', '__COMPANY__ Risks Higher Capital Bar for Leveraged Loans', '__COMPANY__ may face higher capital bar for leveraged loans']"
309,29,309_workplace_state workplace_study_equity compensation,"['workplace', 'state workplace', 'study', 'equity compensation', 'benefits', 'workplace financial', 'benefits study', 'financial benefits', 'work', 'financial wellness']","['__COMPANY__ at Work Unveils Second Annual State of the Workplace Financial Benefits Study', '__COMPANY__ at Work Unveils Equity Compensation Findings From Inaugural State of the Workplace Financial Benefits Study', '__COMPANY__ at Work Unveils Equity Compensation Findings from Second Annual State of the Workplace Financial Benefits Study']"
310,28,310_jim cramer_cramer_jim_stocks jim,"['jim cramer', 'cramer', 'jim', 'stocks jim', 'cramer stocks', '10 stocks', 'cramer 10', 'best jim', 'according jim', '10 jim']","['11 Best Jim Cramer Stocks to Buy Now', '10 Best Jim Cramer Stocks To Buy Today', '10 Best Jim Cramer Stocks to Buy Now']"
311,28,311_strategy daily_upgrade report_daily upgrade_validea,"['strategy daily', 'upgrade report', 'daily upgrade', 'validea', '2025 validea', 'benzinga', 'upgrades downgrades', 'daily', 'upgrade', 'benzinga upgrades']","['Validea John Neff Strategy Daily Upgrade Report - 7/3/2025', 'Validea Peter Lynch Strategy Daily Upgrade Report - 12/5/2025', 'Validea Peter Lynch Strategy Daily Upgrade Report - 6/7/2025']"
312,28,312_malaysia_1mdb_1mdb settlement_settlement,"['malaysia', '1mdb', '1mdb settlement', 'settlement', 'anwar', 'malaysia says', 'malaysia 1mdb', '1mdb scandal', 'premature', 'pm anwar']","['UPDATE 1- __COMPANY__ arbitration over 1MDB settlement ""premature"", Malaysia says', '__COMPANY__ arbitration over 1MDB settlement ""premature"", Malaysia says', '__COMPANY__ sues Malaysia over 1MDB settlement']"
313,28,313_upgraded strong_upgraded_strong buy_upgraded buy,"['upgraded strong', 'upgraded', 'strong buy', 'upgraded buy', 'buy know', 'buy does', 'mean stock', 'does mean', 'stock upgraded', 'strong']","['__COMPANY__ __TICKER__ Upgraded to Strong Buy: What Does It Mean for the Stock?', 'The __COMPANY__ __TICKER__ Upgraded to Strong Buy: What Does It Mean for the Stock?', '__TICKER__ __TICKER__ Upgraded to Strong Buy: What Does It Mean for the Stock?']"
314,28,314_boj_boj rate_timing_tiptoe rate,"['boj', 'boj rate', 'timing', 'tiptoe rate', 'boj gears', 'boj said', 'free hand', 'hand timing', 'gears hike', 'boj tiptoe']","['Trade deal clears way for BOJ to tiptoe back to rate hikes', 'Analysis-BOJ gears up to hike rates again but leaves free hand on timing', 'BOJ gears up to hike rates again but leaves free hand on timing']"
315,28,315_team joins_advisor team_million advisor_advisor,"['team joins', 'advisor team', 'million advisor', 'advisor', 'team', 'joins', 'billion advisor', 'york city', 'hartford', 'joins new']","['$700 Million Advisor Team Joins __TICKER__ in Hartford, Connecticut', '$215 million advisor team joins __TICKER__ in New York City', 'Six-Person Advisor Team Joins __TICKER__ in New York City']"
316,28,316_moynihan_ceo moynihan_brian moynihan_moynihan pay,"['moynihan', 'ceo moynihan', 'brian moynihan', 'moynihan pay', 'ceo brian', 'brian', 'moynihan sees', 'moynihan says', 'pay falls', 'means stress']","['__COMPANY__ Cut CEO Brian Moynihan’s Pay 6% in 2022', ""UPDATE 1- __COMPANY__ CEO Moynihan's pay falls to $29 million in 2023"", ""__COMPANY__ CEO Moynihan's pay falls to $29 million in 2023""]"
317,27,317_week high_52 week_stock hits_52,"['week high', '52 week', 'stock hits', '52', 'hits 52', 'hits', 'usd stock', 'high', 'usd', 'high right']","['__COMPANY__ Stock Hits 52-Week High: Is It Worth Buying Now?', '__COMPANY__ Mellon Stock Hits 52-Week High: Is This the Right Time to Invest?', '__COMPANY__ Stock Hits 52-Week High: Is This the Right Time to Buy?']"
318,27,318_openai_chatgpt_microsoft_startup gupshup,"['openai', 'chatgpt', 'microsoft', 'startup gupshup', 'chatter microsoft', 'banks 14', 'chatbot startup', 'openai hire', 'chatgpt users', 'gupshup']","['OpenAI forecasts 220 million paying ChatGPT users by 2030 - report', 'Update: Market Chatter: Microsoft, OpenAI Hire Investment Banks Over $14 Billion Investment Conversion', 'Market Chatter: Microsoft, OpenAI Hire Investment Banks Over $14 Billion Investment Conversion']"
319,27,319_registration_registration document_universal registration_document,"['registration', 'registration document', 'universal registration', 'document', 'universal', 'availability', 'document availability', 'financial report', 'document annual', 'amendment']","['__COMPANY__ : Availability of the first amendment to 2025 Universal Registration Document', '__COMPANY__ : Availability of the first amendment to the 2023 Universal Registration Document', '__COMPANY__ : Availability of the third amendment to the 2023 Universal Registration Document']"
320,27,320_fee income_fee_nii_income aid,"['fee income', 'fee', 'nii', 'income aid', 'hurt', 'nii amp', 'amp fee', 'nii fee', 'earnings nii', 'nir']","['Lower NII to Hurt __COMPANY__ Mellon __TICKER__ Q1 Earnings, Fee Income to Aid', 'Higher Fee Income to Aid __COMPANY__ Mellon __TICKER__ Q2 Earnings, NII to Hurt', ""NII &amp; Fee Income to Aid Fifth Third's Q3 Earnings, High Costs to Hurt""]"
321,27,321_northern trust_northern_trust_merger,"['northern trust', 'northern', 'trust', 'merger', 'potential merger', 'trust discuss', 'merger northern', 'discuss potential', 'discuss', 'eyes northern']","['__COMPANY__ approached Northern Trust to discuss potential merger, WSJ reports', '__COMPANY__ Mellon Approaches Northern Trust to Discuss Potential Merger', '__COMPANY__ Approached Northern Trust to Discuss Potential Merger']"
322,27,322_rowe_rowe price_price equity_equity income,"['rowe', 'rowe price', 'price equity', 'equity income', 'income fund', 'price', 'price group', 'alternative investments', 'results declared', 'declared total']","['The T Rowe Price Equity Income Fund Cuts DuPont, __COMPANY__', ""T Rowe Price Equity Income Fund's Top 4 1st-Quarter Trades"", ""The T Rowe Price Equity Income Fund's Top Buys""]"
323,27,323_mellon_mellon q1_earnings beat_rise mellon,"['mellon', 'mellon q1', 'earnings beat', 'rise mellon', 'aum', 'beat revenues', 'beat', 'mellon stock', 'amp aum', 'likely mellon']","['__COMPANY__ Mellon Gains on Q3 Earnings Beat, Revenues &amp; AUM Rise Y/Y', '__COMPANY__ Mellon Stock Gains on Q4 Earnings Beat, Revenues &amp; AUM Rise Y/Y', '__COMPANY__ Mellon __TICKER__ Q3 Earnings Beat, Revenues &amp; AUM Increase Y/Y']"
324,26,324_brainer_brainer stocks_right brainer_yield stocks,"['brainer', 'brainer stocks', 'right brainer', 'yield stocks', 'high yield', 'yield', 'right', 'brainer high', 'buy 000', 'right high']","['3 No-Brainer Stocks to Buy With $500 Right Now', '3 No-Brainer Stocks to Buy Right Now for Less than $100', '3 No-Brainer Stocks to Buy Right Now for Less Than $100']"
325,26,325_key drivers_drivers growth_drivers_new research,"['key drivers', 'drivers growth', 'drivers', 'new research', 'influences', 'market influences', 'analysis shows', 'influences renewed', 'recent analysis', 'outlook key']","['Recent Analysis Shows Ecolab, __COMPANY__ , Bristow Group, SCANA, Microsemi, and Wolverine World Wide Market Influences — Renewed Outlook, Key Drivers of Growth', 'Recent Analysis Shows __COMPANY__ , MarketAxess, Snap, Drive Shack, Kennametal, and Beazer Homes Market Influences — Renewed Outlook, Key Drivers of Growth', 'Recent Analysis Shows Virtusa, CenturyLink, J. __TICKER__ . Penney, L Brands, __COMPANY__ , and Sysco Market Influences — Renewed Outlook, Key Drivers of Growth']"
326,26,326_schwab_charles schwab_comments expected_expected impact,"['schwab', 'charles schwab', 'comments expected', 'expected impact', 'schwab stake', 'charles', 'impact charles', 'group comments', 'bank group', 'schwab corporation']","[""__TICKER__ Bank Group Comments on Expected Impact of the Charles Schwab Corporation's Second Quarter Earnings"", ""__TICKER__ Bank Group Comments on Expected Impact of the Charles Schwab Corporation's Third Quarter Earnings"", ""__TICKER__ Bank Group Comments on Expected Impact of the Charles Schwab Corporation's First Quarter Earnings""]"
327,26,327_options traders_options_stock options_traders know,"['options traders', 'options', 'stock options', 'traders know', 'stock don', 'traders', 'predicting spike', 'market predicting', 'traders betting', 'options market']","['Are Options Traders Betting on a Big Move in __COMPANY__ __TICKER__ Stock?', ""Do Options Traders Know Something About __COMPANY__ &amp; Company __TICKER__ Stock We Don't?"", ""Do Options Traders Know Something About __COMPANY__ __TICKER__ Stock We Don't?""]"
328,26,328_covid_covid 19_protocols_19,"['covid', 'covid 19', 'protocols', '19', 'covid protocols', 'lift covid', 'protocols memo', 'lift', 'offices covid', 'oral']","['UPDATE 3- __COMPANY__ to lift COVID protocols - memo', '__COMPANY__ to lift COVID protocols - memo', '__COMPANY__ to lift all COVID protocols - memo']"
329,26,329_xrp_prediction xrp_prediction_ripple,"['xrp', 'prediction xrp', 'prediction', 'ripple', 'reasons xrp', 'xrp price', 'xrp years', 'xrp hit', 'xrp buy', 'xrp worth']","['Prediction: XRP Will Be Worth This Much in 5 Years', 'Where Will XRP Be in 3 Years?', 'Where Will XRP Be in 5 Years?']"
330,26,330_ambac_billion settle_mortgage_settle,"['ambac', 'billion settle', 'mortgage', 'settle', 'mortgage case', 'settle mortgage', 'era mortgage', 'crisis era', 'pay 44', 'case']","['__TICKER__ to pay $1.44 billion to settle 2007 financial crisis-era mortgage fraud case, last of such cases', '__COMPANY__ to pay Ambac $1.84 billion to settle crisis-era mortgage case', '__TICKER__ to Pay $1.44 Billion to Settle Financial Crisis-Era Mortgage Case']"
331,25,331_relief_relief efforts_donates_hurricane,"['relief', 'relief efforts', 'donates', 'hurricane', 'efforts', '000 donation', 'donation', '250 000', 'humanitarian', 'support']","['__COMPANY__ announces $100,000 donation to support immediate humanitarian and relief efforts in Pakistan', '__TICKER__ DONATES $250,000 TO SUPPORT HURRICANE FIONA RELIEF EFFORTS', '__COMPANY__ announces $250,000 donation to support immediate Hurricane Fiona relief efforts']"
332,25,332_abu_dhabi_abu dhabi_dhabi bank,"['abu', 'dhabi', 'abu dhabi', 'dhabi bank', 'aramco', 'telegraph', 'aramco drops', 'dhabi adnoc', 'pipelines deal', 'public investment']","['First Abu Dhabi Bank backs away from __COMPANY__ bid', 'First Abu Dhabi Bank Explored Offer for __COMPANY__', 'First Abu Dhabi Bank and __COMPANY__ Announce Strategic Alliance']"
333,25,333_years investors_investors pleased_pleased_return years,"['years investors', 'investors pleased', 'pleased', 'return years', 'investors seen', 'return', 'past years', 'years', 'seen', 'past']","[""__COMPANY__ 's ( __TICKER__ ) investors will be pleased with their decent 86% return over the last three years"", ""__COMPANY__ 's ( __TICKER__ ) investors will be pleased with their decent 51% return over the last five years"", ""__COMPANY__ 's ( __TICKER__ ) investors will be pleased with their 28% return over the last three years""]"
334,25,334_scams_scam_victim_victims,"['scams', 'scam', 'victim', 'victims', 'fake', 'victims face', 'social media', 'lost', 'scammers', 'young adults']","['Social media scams using fake celebrities ‘will double this year’', ""Young adults are prime targets for fraud on social media, but many are too embarrassed to admit they've been a victim of a scam: __TICKER__ Survey"", 'One in four young adults falling victim to shopping scams on social media']"
335,25,335_earnings chase_chase host_host_host quarter,"['earnings chase', 'chase host', 'host', 'host quarter', 'quarter', 'calls review', 'quarter fourth', 'announces conference', 'review quarter', 'quarter quarter']","['__COMPANY__ Chase to Host First-Quarter 2023 Earnings Call', '__COMPANY__ Chase to Host Third-Quarter 2025 Earnings Call', '__COMPANY__ Chase to Host First-Quarter 2025 Earnings Call']"
336,25,336_outage_unable_customers unable_customers,"['outage', 'unable', 'customers unable', 'customers', 'outages', 'hit outage', 'thousands customers', 'online banking', 'thousands', 'online']","['__TICKER__ apologises after customers unable to access online banking and app', '__COMPANY__ outage leaves customers unable to feed newborn babies', '__COMPANY__ outage leaves customers unable to spend on card']"
337,25,337_china communist_communist party_communist_party jamie,"['china communist', 'communist party', 'communist', 'party jamie', 'dimon', 'joke', 'jamie dimon', 'jamie', 'party', 'outlast china']","['Jamie Dimon’s Latest ‘Joke’: __COMPANY__ Will Outlive China’s Communist Party', 'Jamie Dimon ‘Regrets’ Joke That __COMPANY__ Will Outlive China’s Communist Party', 'Jamie Dimon “Regrets” Joke That __COMPANY__ Will Outlive China’s Communist Party']"
338,25,338_tesla_tesla stock_awful_sales wall,"['tesla', 'tesla stock', 'awful', 'sales wall', 'vehicles tesla', 'awful ev', 'ev sales', 'isn worried', 'electric vehicles', 'street isn']","['Tesla Stock Is Stable Despite Awful EV Sales. Why Wall Street Isn’t Worried Yet.', 'Tesla Stock Falls After Awful EV Sales. Why Wall Street Isn’t Worried Yet.', ""Tesla Recalls Over 17K EVs Over Camera &amp; Seat Belt Issues, University Research Uncovers Unexpected Fluctuations In ChatGPT Capabilities, Juul Seeks FDA Nod For Next-Generation Vaporizer: Today's Top Stories""]"
339,25,339_investment institute_institute_wealth investments_mid year,"['investment institute', 'institute', 'wealth investments', 'mid year', 'outlook 2023', 'outlook', 'issues mid', 'investments issues', 'midyear outlook', 'global wealth']","['__COMPANY__ Investment Institute 2023 Midyear Outlook: Navigating end-of-cycle turbulence', ""__COMPANY__ Investment Institute: It's Time to Build Resilience and Capitalize on Opportunities"", '__COMPANY__ Investment Institute: It’s Time to Build Resilience and Capitalize on Opportunities']"
340,25,340_tsmc_chip demand_chip_samsung,"['tsmc', 'chip demand', 'chip', 'samsung', 'samsung profit', 'demand', 'estimates chip', 'tsmc sales', 'warning chip', 'strong chip']","['Samsung Earnings Top Estimates on Chip Demand, New Handsets', 'Samsung Profit Climbs With Strong Chip Demand, Pricey Phones', 'Samsung Profit Beats Estimates on Steady Chip Demand']"
341,25,341_bank stocks_rally_bank rally_regional,"['bank stocks', 'rally', 'bank rally', 'regional', 'regional bank', 'rally test', 'earnings rally', 'rally big', 'stock rally', 'rally bank']","['Bank Stocks: Bank Rally Gains As Yellen Says ""Banking System Is Sound""', 'A big bank rally is about to be put to the test', 'A big bank rally is about to be be put to the test']"
342,25,342_results conference_conference webcast_webcast corporation_webcast,"['results conference', 'conference webcast', 'webcast corporation', 'webcast', 'announces date', 'date release', 'corporation announces', 'date', 'financial results', 'release']","['__COMPANY__ Corporation Announces Date for Release of First-Quarter 2022 Financial Results and Conference Call Webcast', '__COMPANY__ Corporation ( __TICKER__ ) Announces Date for Release of First-Quarter 2025 Financial Results and Conference Call Webcast', '__COMPANY__ Corporation ( __TICKER__ ) Announces Date for Release of Third-Quarter 2025 Financial Results and Conference Call Webcast']"
343,25,343_awards_wins_innovation incubator_incubator,"['awards', 'wins', 'innovation incubator', 'incubator', 'award', 'innovation', 'finalists', 'wealth manager', 'barron industry', 'mmi barron']","['__COMPANY__ Innovation Incubator Announces 2023 Channel Partner Strategic Awards to Catalyze Innovation and Inclusion', '__COMPANY__ Wins Two 2025 Celent Model Wealth Manager Awards for Technology Innovation in Wealth Management', '__COMPANY__ ’s Portfolio Risk Platform Wins Celent Model Wealth Manager 2023 Award for Data &amp; Analytics']"
344,25,344_bank stocks_morning bank_stocks bank_stocks today,"['bank stocks', 'morning bank', 'stocks bank', 'stocks today', 'bank', 'banking storm', 'bank wednesday', 'amp ignore', 'celebrate return', 'comeback market']","['Strong October for Bank Stocks Bucks Negative Trend', 'StockBeat: Bank Stocks Flying as Tail Risks Recede', 'Bank Stocks Celebrate Return of M&amp;A, Ignore the Health of the Consumer']"
345,25,345_shareholders deadline_law offices_deadline alert_offices,"['shareholders deadline', 'law offices', 'deadline alert', 'offices', 'actions behalf', 'behalf shareholders', 'class actions', 'frank cruz', 'cruz reminds', 'offices frank']","['DEADLINE ALERT for __TICKER__ , U, OM: Law Offices of Howard G. Smith Reminds Investors of Class Actions on Behalf of Shareholders', 'DEADLINE ALERT for ZSAN and __TICKER__ : The Law Offices of Frank R. Cruz Reminds Investors of Class Actions on Behalf of Shareholders', 'DEADLINE ALERT for BMWYY and __TICKER__ : The Law Offices of Frank R. Cruz Reminds Investors of Class Actions on Behalf of Shareholders']"
346,25,346_savings_best savings_savings accounts_inflation rates,"['savings', 'best savings', 'savings accounts', 'inflation rates', 'accounts offer', 'offer inflation', 'accounts', 'savings account', 'offer', 'account']","['Best savings accounts that offer above-inflation rates: 4 October 2024', 'Best savings accounts that offer above-inflation rates, 3 January', 'Best savings accounts that offer above inflation rates']"
347,24,347_shares sink_shares fall_shares_sink,"['shares sink', 'shares fall', 'shares', 'sink', 'disappoint shares', 'shares drop', 'outlook shares', 'sudan', 'shares tumble', 'stock drops']","['__COMPANY__ shares sink as quarterly returns underwhelm investors', 'Domino’s Australia Shares Sink as CEO Plans Exit After One Year', 'Axsome Shares Sink After Canceling Broker Conference: __COMPANY__']"
348,24,348_french retail_french_cerberus_retail,"['french retail', 'french', 'cerberus', 'retail', 'retail banking', 'sale french', 'unit cerberus', 'retail unit', 'france', 'business france']","['__TICKER__ warns rate rises may scupper sale of French retail unit to Cerberus', '__TICKER__ in Final Talks to Sell French Retail Unit to Cerberus', '__TICKER__ Set to Announce Sale of French Retail Unit to Cerberus']"
349,24,349_obesity_weight loss_obesity drug_weight,"['obesity', 'weight loss', 'obesity drug', 'weight', 'wegovy', 'pill', 'drug', 'novo', 'loss pill', 'lilly']","[""Update: Market Chatter: Eli Lilly's Weight-Loss Pill May Get FDA Approval by Year-End"", 'Analysis-Wall Street sees new obesity pills as priced near Wegovy and Zepbound', 'Wall Street sees new obesity pills as priced near Wegovy and Zepbound']"
350,24,350_mellon report_results mellon_mellon reports_mellon,"['mellon report', 'results mellon', 'mellon reports', 'mellon', '2022 results', '2023 results', 'report quarter', 'results', 'quarter 2023', 'quarter 2022']","['__COMPANY__ Mellon Reports First Quarter 2022 Results', '__COMPANY__ Mellon to Report First Quarter 2023 Results on April 18, 2023', '__COMPANY__ Mellon to Report First Quarter 2022 Results on April 18, 2022']"
351,24,351_equities close_european equities_equities_close,"['equities close', 'european equities', 'equities', 'close', 'close higher', 'close lower', 'european', 'trading eurozone', 'wednesday trading', 'friday trading']","['European Equities Close Higher in Friday Trading; Novo Nordisk CEO to Step Down', 'European Equities Close Mostly Higher in Wednesday Trading; Eurozone Economy Expands Slightly', 'European Equities Close Mostly Higher in Wednesday Trading; Eurozone Q1 GDP Grows Faster Than Expected']"
352,24,352_charge offs_delinquencies_offs_charge,"['charge offs', 'delinquencies', 'offs', 'charge', 'card delinquencies', 'net charge', 'delinquency', 'credit pulse', 'card', 'card delinquency']","['__COMPANY__ credit card delinquencies, net charge-offs hold steady in July', 'Card delinquencies edge up, net charge-offs slide: July Credit Pulse', 'May Credit Pulse: card delinquencies, net charge-offs extend decline']"
353,24,353_usd_market size_reach usd_size,"['usd', 'market size', 'reach usd', 'size', '2034', '2032', 'testing', 'chromatography', 'reach', 'sns']","['Demand for Global Mass Spectrometry Market Size to Surpass USD 14.49 Billion by 2034, Exhibit a CAGR of 7.70% - Comprehensive Research Report by Zion Market Research', 'Nanotechnology Drug Delivery Market Projected to Reach USD 200.77 Billion by 2032, Owing to Prevalence of Chronic Diseases &amp; Advances in Nanomedicine – SNS Insider', 'Laboratory Supplies Market to Reach USD 76.8 Billion by 2032, Fueled by Rising Demand for Advanced Research Tools and Growing Biotech Investments – SNS Insider']"
354,24,354_ex goldman_1mdb_goldman banker_ex,"['ex goldman', '1mdb', 'goldman banker', 'ex', 'trial', 'corruption trial', 'banker', 'corruption', '1mdb corruption', '1mdb trial']","[""U.S. jury reaches verdict in ex-Goldman banker's 1MDB corruption trial"", 'Corruption trial opens for ex-Goldman banker in 1MDB scandal', ""UPDATE 1-Ex-Goldman banker's 1MDB corruption trial under way""]"
355,24,355_shares series_cumulative year_rate reset_nvcc,"['shares series', 'cumulative year', 'rate reset', 'nvcc', 'preferred shares', 'year rate', 'non cumulative', 'cumulative', 'reset', 'reset preferred']","['__COMPANY__ to redeem Non-Cumulative 5-Year Rate Reset First Preferred Shares, Series __TICKER__ and Non-Cumulative 5-Year Rate Reset First Preferred Shares, Series BM', '__TICKER__ Bank Announces Redemption of Non-Cumulative 5-Year Rate Reset Class A First Preferred Shares, Series 9 (NVCC)', '__TICKER__ Bank Announces Redemption of Non-Cumulative 5-Year Rate Reset Class A First Preferred Shares, Series 7 (NVCC)']"
356,24,356_dei_dei initiatives_dei efforts_policies,"['dei', 'dei initiatives', 'dei efforts', 'policies', 'dei policies', 'anti dei', 'dei policy', 'activist robby', 'doi new', 'downsizing dei']","[""'DOI' Is the New 'DEI' at __COMPANY__"", ""Conservative activist Robby Starbuck says __COMPANY__ a 'target' in crusade against corporate DEI policies"", 'Update: __COMPANY__ Downsizing DEI Efforts for US Operations']"
357,24,357_housing_student housing_acquires_estate investing,"['housing', 'student housing', 'acquires', 'estate investing', 'apartment', 'real estate', 'estate', 'single family', 'rental', 'scion']","['Kennedy Wilson and __COMPANY__ Asset Management Acquire 236-Unit Apartment Community in Seattle for $106.5 Million', 'Real Estate Fund Quietly Purchases Entire Community Of 233 Single-Family Rental Homes In Panama City, Florida', '__COMPANY__ Real Estate Investing and The Scion Group to Acquire University of Mississippi Student Housing Portfolio for $262 Million']"
358,23,358_option trade_option_options_option traders,"['option trade', 'option', 'options', 'option traders', 'return', 'net 16', 'return stock', 'trade return', 'earnings options', 'trade net']","['__COMPANY__ Option Trade Could Return 23% By Mid-April', 'Option Trade Offers 36% Return If __COMPANY__ Stock Follows This Historic Pattern', ""This Option Trade Could Net 16% On __COMPANY__ Earnings — But It's Risky""]"
359,23,359_ceo pay_pay rose_ceo compensation_ceo,"['ceo pay', 'pay rose', 'ceo compensation', 'ceo', 'million year', 'rose', 'pay', 'total pay', 'ceo paid', 'ceo total']","['__COMPANY__ CEO paid $34.5 million in 2022, Genesis files for bankruptcy, LIV Golf inks broadcasting deal', ""CORRECTED-UPDATE 1- __COMPANY__ CEO's total pay rose 13% to $39.4 mln in 2022"", ""__COMPANY__ CEO's total pay rose 13% to $39.4 million in 2022""]"
360,23,360_scott_officers_investigation_fiduciary,"['scott', 'officers', 'investigation', 'fiduciary', 'attorneys law', 'scott scott', 'breach fiduciary', 'directors officers', 'officers breach', 'law llp']","['CONTINUED INVESTIGATION ALERT REMINDER: Scott+Scott Attorneys at Law LLP Investigates The __COMPANY__ Group, Inc.’s Directors and Officers for Breach of Fiduciary Duties – __TICKER__', 'INVESTIGATION ALERT REMINDER: Scott+Scott Attorneys at Law LLP Investigates The __COMPANY__ Group, Inc.’s Directors and Officers for Breach of Fiduciary Duties – __TICKER__', 'CONTINUED INVESTIGATION ALERT REMINDER: Scott+Scott Attorneys at Law LLP Investigates __COMPANY__ ’s Directors and Officers for Breach of Fiduciary Duties – __TICKER__']"
361,23,361_regional banks_major regional_regional_deposits,"['regional banks', 'major regional', 'regional', 'deposits', 'high rates', 'major', 'banks major', 'banks watch', 'banks buy', 'banks']","['3 Major Regional Banks to Buy on Economic Growth, High Rates', '3 Major Regional Banks to Buy on High Rates, Economic Growth', '2 Major Regional Banks to Buy on High Rates, Economic Growth']"
362,23,362_powell_jones futures_iran_dow jones,"['powell', 'jones futures', 'iran', 'dow jones', 'jones', 'iran decision', 'dow', 'iran attack', 'today dow', 'decision dow']","[""Dow Jones Futures Pare Losses After Trump Says 'Two Weeks' For Iran Decision"", 'Dow Jones Futures: Trump Mulls Iran Attack; Powell In No Rush To Act', 'Dow Jones Futures Fall As Trump Mulls Iran Attack; Powell In No Rush To Act']"
363,23,363_earnings estimates_beat earnings_expected beat_stock higher,"['earnings estimates', 'beat earnings', 'expected beat', 'stock higher', 'estimates stock', 'estimates', 'estimates earnings', 'beat', 'estimates rising', 'ibkr']","['The __COMPANY__ Corporation __TICKER__ Expected to Beat Earnings Estimates: Can the Stock Move Higher?', '__COMPANY__ Corporation __TICKER__ Expected to Beat Earnings Estimates: Can the Stock Move Higher?', '__COMPANY__ __TICKER__ Expected to Beat Earnings Estimates: Can the Stock Move Higher?']"
364,23,364_adr_depositary bank_appointed_appointed depositary,"['adr', 'depositary bank', 'appointed', 'appointed depositary', 'program appointed', 'depositary', 'programme appointed', 'adr programme', 'adr program', 'programme']","['__COMPANY__ Appointed as Depositary Bank for Exscientia plc’s ADR Programme', '__COMPANY__ Appointed as Successor Depositary Bank for Banco __COMPANY__ S.A.’s ADR Programme', '__COMPANY__ Appointed as Depositary Bank for Arm Holdings plc’s ADR Programme']"
365,23,365_exit ban_banker_china_banker blocked,"['exit ban', 'banker', 'china', 'banker blocked', 'based banker', 'corruption probe', 'governor', 'doing business', 'bank governor', 'leaving']","['Missing Chinese Banker Fan Bao Detained as Part of Corruption Probe', 'China just put foreign banks on notice: Creating an internal Communist Party committee could be the cost of doing business', 'China names Zhang Qingsong as deputy central bank governor amid reshuffle']"
366,23,366_alluding_potential weakness_stock alluding_alluding potential,"['alluding', 'potential weakness', 'stock alluding', 'alluding potential', 'weakness insiders', 'weakness', 'insiders', 'sold', 'potential', 'group sold']","['Insiders At __COMPANY__ Sold US$6.0m In Stock, Alluding To Potential Weakness', 'Insiders At __COMPANY__ Sold US$1.6m In Stock, Alluding To Potential Weakness', 'Insiders At __COMPANY__ Group Sold US$16m In Stock, Alluding To Potential Weakness']"
367,23,367_zacks earnings_earnings preview_zacks_preview zacks,"['zacks earnings', 'earnings preview', 'zacks', 'preview zacks', 'preview', 'earnings trends', 'trends highlights', 'trends', 'highlights zacks', 'preview fedex']","['__COMPANY__ , __COMPANY__ and __COMPANY__ are part of Zacks Earnings Preview', '__COMPANY__ , __COMPANY__ , and __COMPANY__ are part of Zacks Earnings Preview', '__COMPANY__ and __COMPANY__ are part of Zacks Earnings Preview']"
368,23,368_frank_founder_frank founder_defrauding,"['frank', 'founder', 'frank founder', 'defrauding', 'fraud', 'aid startup', 'charges', 'charges frank', 'aid', 'accused fraud']","['Frank Founder Faces Criminal Fraud Charges Over __COMPANY__ Deal', ""UPDATE 4-US charges Frank financial aid startup's founder with defrauding __COMPANY__"", ""US charges Frank financial aid startup's founder with defrauding __COMPANY__""]"
369,23,369_liquidity_liquidity contract_half year_contract,"['liquidity', 'liquidity contract', 'half year', 'contract', 'year statement', 'statement', 'half', 'liquidity agreement', 'year liquidity', 'contract june']","['Publicis Groupe - Half-year liquidity contract statement', 'Publicis Groupe Half-Year Liquidity Contract Statement', '__COMPANY__ : Termination of the liquidity contract and half-year statement']"
370,23,370_mellon municipal_municipal bond_municipal_distribution,"['mellon municipal', 'municipal bond', 'municipal', 'distribution', 'bond infrastructure', 'distribution mellon', 'mellon', 'infrastructure fund', 'bond closed', 'fund announces']","['__COMPANY__ Mellon Municipal Bond Infrastructure Fund, Inc. ( __TICKER__ ) Announces Dividend', '__COMPANY__ Mellon Municipal Bond Infrastructure Fund, Inc. ( __TICKER__ ) Announces Distribution', '__COMPANY__ Mellon Municipal Bond Infrastructure Fund, Inc. ( __TICKER__ ) Declares Distribution and Announces Reduction in Monthly Distribution Amount']"
371,23,371_shares chase_today chase_today shares_chase falling,"['shares chase', 'today chase', 'today shares', 'chase falling', 'chase stock', 'falling today', 'higher chase', 'chase rising', 'chase', 'rising today']","['Why Shares of __COMPANY__ , __COMPANY__ Chase, and __COMPANY__ Are Falling Today', 'Why Shares of __COMPANY__ , __COMPANY__ , __COMPANY__ , and __COMPANY__ Chase Are Falling Today', 'Why Shares of __COMPANY__ , __COMPANY__ , and __COMPANY__ Chase Are Falling Today']"
372,23,372_charles river_river_charles_river ims,"['charles river', 'river', 'charles', 'river ims', 'ims', 'river development', 'alphasm', 'solution', 'streamline', 'platform charles']","['T. Rowe Price Expands Use of Cloud-Based Charles River® IMS', 'Charles River® and S&amp;P Global Market Intelligence Announce Collaboration to Streamline Primary Issuance in Charles River® IMS', 'Charles River and DirectBooks Announce Collaboration to Streamline Primary Issuance in Charles River IMS']"
373,23,373_q2 2025_earnings transcript_transcript_eps,"['q2 2025', 'earnings transcript', 'transcript', 'eps', '2025 beats', 'q2', 'transcript q2', '2025', 'dips earnings', 'beats eps']","['Earnings call transcript: __COMPANY__ Q2 2025 beats forecasts with strong earnings', 'Earnings call transcript: __COMPANY__ Q2 2025 Earnings Beat Expectations', 'Earnings call transcript: __COMPANY__ Q2 2025 beats EPS expectations']"
374,22,374_mortgage_mortgage rates_mortgage rate_cut mortgage,"['mortgage', 'mortgage rates', 'mortgage rate', 'cut mortgage', 'rate mortgage', 'hold deals', 'lender cut', 'sub', 'rates', 'rates ahead']","['__TICKER__ lowers mortgage rates as other lenders hold deals steady', '__TICKER__ hikes mortgage rates as other lenders hold deals', '__TICKER__ first major lender to cut mortgage rates']"
375,22,375_japan_japan stocks_korea_south korea,"['japan', 'japan stocks', 'korea', 'south korea', 'weigh tokyo', 'japan deal', 'slow japan', 'cases slow', 'tokyo shares', 'virus cases']","['South Korea, Japan Stocks Surge as US Levy Pause Fuels Optimism', 'Tokyo stocks gain as virus cases slow in Japan, but U.S.-China tensions weigh', 'Tokyo shares rise as virus cases slow in Japan, but U.S.-China tensions weigh']"
376,22,376_silicon valley_silicon_valley_valley bank,"['silicon valley', 'silicon', 'valley', 'valley bank', 'bank collapse', 'lose broker', 'licenses regulator', 'equity bankers', 'broker licenses', 'bankers lose']","['The Pain of Silicon Valley Bank’s Collapse Is Being Felt by These Depositors', 'Silicon Valley Bank collapse — everything you need to know right now: Morning Brief', '__COMPANY__ won big from the Silicon Valley Bank collapse']"
377,22,377_dip_buy dip_dip buy_bought dip,"['dip', 'buy dip', 'dip buy', 'bought dip', 'investors buy', 'buying dip', 'says buy', 'buying', 'bad market', 'chart says']","['Don’t ‘Buy the Dip’ With __COMPANY__ Stock', 'Buy the Dip on __COMPANY__ Chase Stock', 'Investors should buy the dip: __COMPANY__']"
378,22,378_press digest_digest_digest financial_press,"['press digest', 'digest', 'digest financial', 'press', 'financial times', 'times', 'british business', 'digest british', 'times june', 'times aug']","['PRESS DIGEST- Financial Times - June 10', 'PRESS DIGEST-Financial Times - Aug 5', 'PRESS DIGEST- Financial Times - June 5']"
379,22,379_european growth_insider ownership_high insider_growth companies,"['european growth', 'insider ownership', 'high insider', 'growth companies', 'insider', 'ownership', '2025 european', 'companies high', 'european', 'growth stocks']","['European Growth Companies With High Insider Ownership In September 2025', 'European Growth Companies With High Insider Ownership For September 2025', 'European Growth Companies With High Insider Ownership']"
380,22,380_union bank_bank bancorp_union_bancorp,"['union bank', 'bank bancorp', 'union', 'bancorp', 'banking alliance', 'zero banking', 'acquisition union', 'regulatory approval', 'acquisition', 'sale union']","['__TICKER__ completes sale of __TICKER__ Union Bank, N.A. to U.S. Bancorp', 'U.S. Bancorp Receives Full Regulatory Approval for Acquisition of __TICKER__ Union Bank; Deal Expected to Close December 1', 'U.S. Bancorp Receives U.S. Regulatory Approval for Acquisition of __TICKER__ Union Bank']"
381,22,381_ev_ev stocks_battery stocks_best battery,"['ev', 'ev stocks', 'battery stocks', 'best battery', '2023 ev', 'electric', 'battery', 'electric vehicle', 'best ev', 'vehicle']","['3 EV Stocks to Buy as the Electric Vehicle Market Revs Back Up', 'The 3 Best EV Stocks to Buy Now: September 2023', 'The 3 Best EV Stocks to Buy in July 2024']"
382,22,382_ping_break_shareholder ping_breakup,"['ping', 'break', 'shareholder ping', 'breakup', 'ping break', 'aggressive cost', 'ping breakup', 'break demands', 'breakup proposal', 'aggressive']","['__TICKER__ prepares defence against Ping An’s break-up demands', '__TICKER__ ’s chair hits back at Ping An break-up demands', ""Shareholder Ping An asks __TICKER__ for 'aggressive' cost cuts amid breakup push - FT""]"
383,22,383_mellon wealth_management named_wealth management_mellon,"['mellon wealth', 'management named', 'wealth management', 'mellon', 'regional director', 'management names', 'wealth', 'management appoints', 'client strategist', 'senior client']","['__COMPANY__ Mellon Wealth Management Named Chad Van Den Top Senior Client Strategist in Boston', '__COMPANY__ Mellon Wealth Management Named Patrice Wetzel Senior Client Strategist in Chicago', '__COMPANY__ Mellon Wealth Management Named David Heck Senior Client Strategist in Philadelphia']"
384,22,384_500 nasdaq_nasdaq_amp 500_500,"['500 nasdaq', 'nasdaq', 'amp 500', '500', '100 post', 'report amp', '500 dow', 'records', 'post record', 'nasdaq 100']","['S&amp;P 500 and Nasdaq 100 Post Record Highs Amid Signs of Trade Progress', 'S&amp;P 500 and Nasdaq 100 Post Record Highs on Hopes of Trade Deals', 'S&amp;P 500 and Nasdaq 100 Post Record Highs on Trade Deals']"
385,21,385_rba_australia_australian unemployment_australian,"['rba', 'australia', 'australian unemployment', 'australian', 'core inflation', 'rba rate', 'unemployment', 'cut case', 'australia job', 'australia core']","['Australia’s Core Inflation Breaks Above RBA Target Midpoint', 'Australia’s Job Gains Beat Expectations, Back RBA Rate View', 'Australia’s Job Gains Show Economy Absorbing RBA Rate Hikes']"
386,21,386_nortonlifelock_form nortonlifelock_nortonlifelock amendment_amendment form,"['nortonlifelock', 'form nortonlifelock', 'nortonlifelock amendment', 'amendment form', 'form', 'amendment', 'nortonlifelock form', 'lifelock', 'amendment nortonlifelock', 'nortonlifelock slips']","['FORM 8.3 - NORTONLIFELOCK INC. - AMENDMENT', 'Form 8.3 - NortonLifeLock Inc.- AMENDMENT', 'FORM 8.3 – NORTONLIFELOCK INC - AMENDMENT']"
387,21,387_tsb_sabadell_sabadell tsb_banco sabadell,"['tsb', 'sabadell', 'sabadell tsb', 'banco sabadell', 'tsb sabadell', 'spanish owner', 'tsb unit', 'tsb spanish', 'sabadell shareholders', 'bidders banco']","['Market Chatter: Banco __COMPANY__ Reaches Out to Banco de Sabadell About TSB Takeover', ""__COMPANY__ and __COMPANY__ are potential bidders for Banco Sabadell's TSB unit"", '__COMPANY__ and __COMPANY__ are potential bidders for Banco Sabadell’s TSB unit']"
388,21,388_cybersecurity_cybersecurity stocks_best cybersecurity_panw cybersecurity,"['cybersecurity', 'cybersecurity stocks', 'best cybersecurity', 'panw cybersecurity', '2024 cybersecurity', 'cybersecurity firm', 'stocks multibaggers', 'multibaggers', 'cybersecurity stock', 'multibaggers making']","['7 Cybersecurity Stocks to Buy Heading Into April', 'The 3 Best Cybersecurity Stocks to Buy in January 2024', 'The 3 Best Cybersecurity Stocks to Buy in December']"
389,21,389_ransomware_ransomware attack_attack_treasury market,"['ransomware', 'ransomware attack', 'attack', 'treasury market', 'attack china', 'hack', 'disrupted', 'disrupts', 'cyber', 'hackers']","['Ransomware attack on __COMPANY__ disrupts trades in US Treasury market', ""UPDATE 3-Ransomware attack on China's __COMPANY__ disrupts Treasury market trades"", ""Ransomware attack on China's __COMPANY__ disrupts Treasury market trades""]"
390,21,390_series funds_etf series_distributions etf_funds global,"['series funds', 'etf series', 'distributions etf', 'funds global', 'cash distributions', 'distributions', '2023 cash', 'global asset', 'management announces', 'series']","['__COMPANY__ Global Asset Management Inc. announces June 2023 cash distributions for ETF Series of __COMPANY__ Funds', '__COMPANY__ Global Asset Management Inc. announces September 2023 cash distributions for ETF Series of __COMPANY__ Funds', '__COMPANY__ Global Asset Management Inc. announces May 2023 cash distributions for ETF Series of __COMPANY__ Funds']"
391,21,391_earnings buy_sell hold_hold post_post,"['earnings buy', 'sell hold', 'hold post', 'post', 'hold', 'buying post', 'buy sell', 'q2 earnings', 'post q1', 'portfolio ahead']","['__COMPANY__ __TICKER__ : Buy, Sell, or Hold Post Q3 Earnings?', '__COMPANY__ __TICKER__ : Buy, Sell, or Hold Post Q1 Earnings?', '__COMPANY__ __TICKER__ : Buy, Sell, or Hold Post Q2 Earnings?']"
392,21,392_insider_insider sale_sells_000 shares,"['insider', 'insider sale', 'sells', '000 shares', 'shares insider', 'insider holdings', 'executive vice', 'holdings sold', 'vice', 'shares corporation']","['Insider Sale: Executive Vice President John Plansky Sells 12,200 Shares of __COMPANY__ ...', 'Insider Sale: Vice Chairman and CFO Eric Aboaf Sells 12,000 Shares of __COMPANY__ Corporation __TICKER__', 'Insider Sale: Vice Chairman and CFO Eric Aboaf Sells 7,000 Shares of __COMPANY__ Corporation __TICKER__']"
393,21,393_stocks hedge_hedge_hedge funds_funds,"['stocks hedge', 'hedge', 'hedge funds', 'funds', 'popular hedge', 'beats market', 'funds beats', 'dumping stocks', 'owned stocks', 'value hedge']","['20 Most Owned Stocks by Hedge Funds Now', '7 Stocks That Hedge Funds Are Dumping Now', 'The 7 Top Stocks That Hedge Funds Are Buying Now']"
394,21,394_strategic acquisition_corp strategic_shares corp_acquisition,"['strategic acquisition', 'corp strategic', 'shares corp', 'acquisition', 'corp', 'strategic', 'shares', 'acquisition shares', 'acquisition omnicom', 'acquisition packaging']","[""__COMPANY__ Corp's Strategic Acquisition of 3M Co Shares"", ""__COMPANY__ Corp's Strategic Acquisition of Shares in Universal Corp"", ""__COMPANY__ Corp's Strategic Acquisition of Shares in Ocugen Inc""]"
395,21,395_hong kong_kong_hong_kong property,"['hong kong', 'kong', 'hong', 'kong property', 'kong banks', 'home prices', 'rates hong', 'property deals', 'kong home', 'property']","['Hong Kong property deals surge anew in September on rate cut, buoyant stocks', 'Hong Kong property deals rise to 3-month high as buyers take advantage of rate cut', '__TICKER__ to raise mortgage rates in Hong Kong; property stocks fall']"
396,21,396_ex advisor_advisor_client_ex,"['ex advisor', 'advisor', 'client', 'ex', 'stealing', 'suspended', 'pleads guilty', 'pleads', 'alleged', 'stealing million']","['Ex- __TICKER__ Advisor Pleads Guilty to Fraud That Funded Multiple Romances', 'Ex- __COMPANY__ advisor in NC pleads guilty to $7M scheme used for European vacations, luxury cars', 'Ex- __COMPANY__ Advisor Pleads Guilty to $7 Million Fraud']"
397,21,397_spoofing_trial_gold trader_trader,"['spoofing', 'trial', 'gold trader', 'trader', 'traders convicted', 'ex traders', 'ex', 'traders', 'convicted', 'ex gold']","['Two former __COMPANY__ metals traders convicted at spoofing trial', 'Ex- __COMPANY__ Gold Trader Faces Final Trial in Spoofing Saga', 'Ex- __COMPANY__ Gold Trader Found Guilty in Spoofing Trial']"
398,21,398_feature highlights_ideas feature_zacks investment_investment ideas,"['feature highlights', 'ideas feature', 'zacks investment', 'investment ideas', 'feature', 'ideas', 'zacks', 'highlights', 'chase zacks', 'circle group']","['Zacks Investment Ideas feature highlights: __TICKER__ Group AG', 'Zacks Investment Ideas feature highlights: __TICKER__ Group', 'Zacks Investment Ideas feature highlights: __COMPANY__ and __COMPANY__ Chase']"
399,21,399_movers_biggest movers_movers financial_stock movers,"['movers', 'biggest movers', 'movers financial', 'stock movers', 'biggest', 'biggest pre', 'movers 10', '10 gainers', 'today biggest', 'biggest stock']","['Today’s Biggest Pre-Market Stock Movers: 10 Top Gainers and Losers on Friday', 'Today’s Biggest Pre-Market Stock Movers: 10 Top Gainers and Losers on Wednesday', 'Today’s Biggest Pre-Market Stock Movers: 10 Top Gainers and Losers on Tuesday']"
400,21,400_scharf_ceo charlie_charlie scharf_charlie,"['scharf', 'ceo charlie', 'charlie scharf', 'charlie', 'charles scharf', 'ceo charles', 'ceo', 'gets 20', 'scharf gets', '20 pay']","['__COMPANY__ CEO Charlie Scharf gets 20% pay raise in 2021', 'Statement from __COMPANY__ CEO Charlie Scharf', '__COMPANY__ to Name CEO Charlie Scharf Chairman']"
401,21,401_bank stocks_best bank_profitable bank_stocks buy,"['bank stocks', 'best bank', 'profitable bank', 'stocks buy', 'undervalued bank', '11', 'buy 11', 'buy according', '12 best', 'cheap bank']","['10 Best Bank Stocks to Buy According to Matthew Lindenbaum’s Basswood Capital', '12 Best Bank Stocks To Buy For Long-Term', '12 Best Bank Stocks to Buy Now']"
402,21,402_bets fare_fare did_fare_did hedge,"['bets fare', 'fare did', 'fare', 'did hedge', 'did', 'hedge funds', 'hedge', 'bets', 'funds betting', 'funds']","['How Did Hedge Funds’ ServiceNow Inc (NOW) Bets Fare?', 'How Did Hedge Funds’ AT&amp;T Inc. (T) Bets Fare?', 'How Did Hedge Funds’ __COMPANY__ Corporation __TICKER__ Bets Fare?']"
403,21,403_global advisors_asset_bridgewater_asset management,"['global advisors', 'asset', 'bridgewater', 'asset management', 'advisors', 'advisors study', 'bridgewater associates', 'global', 'management', 'multi asset']","['__COMPANY__ Global Advisors Expands Access to Bridgewater Associates’ All Weather Asset Allocation Approach', '__COMPANY__ Global Advisors Study Finds Assets in Model Portfolios Rising as Advisors Focus on Efficiency, Holistic Planning and Client Satisfaction', '__COMPANY__ Global Advisors Study: Advisors Capture Four Influential Investor Segments With A Combination of Old Fashioned Collaboration and Modern Technology']"
404,21,404_group reports_results bank_bank group_reports quarter,"['group reports', 'results bank', 'bank group', 'reports quarter', 'reports second', 'reports', 'quarter fiscal', 'results', 'quarter', '2025 bank']","['__TICKER__ Bank Group Reports Third Quarter 2025 Results', '__TICKER__ Bank Group Reports First Quarter 2025 Results', '__TICKER__ Bank Group Reports Second Quarter 2025 Results']"
405,21,405_spdr_global advisors_etf global_advisors,"['spdr', 'global advisors', 'etf global', 'advisors', 'spdr portfolio', 'spdr etfs', 'advisors enhances', 'advisors expands', 'etftm suite', 'expands fixed']","['__COMPANY__ Global Advisors Enhances SPDR® Portfolio ETFTM Suite With New Low-Cost Dividend ETF', '__COMPANY__ Global Advisors Expands its Low-Cost SPDR® Portfolio ETFTM Suite with Debut of the SPDR® Portfolio Treasury ETF', '__COMPANY__ Global Advisors Enhances its SPDR® Portfolio ETFTM Suite']"
406,21,406_profit drops_46 stock_drops 36_earnings crush,"['profit drops', '46 stock', 'drops 36', 'earnings crush', 'cloud earnings', '36 trading', 'slump casts', 'stock rises', 'trading slump', 'casts cloud']","['__COMPANY__ Profit Drops 46%. But the Stock Rises as Earnings Top Forecasts.', 'UPDATE 2- __COMPANY__ profit drops 36% as trading slump casts cloud over earnings', '__COMPANY__ profit drops 36% as trading slump casts cloud over earnings']"
407,21,407_moving markets_moving_chinese gdp_chinese,"['moving markets', 'moving', 'chinese gdp', 'chinese', 'markets', 'gdp netflix', 'markets chinese', 'chinese growth', 'china trade', 'china']","[""U.S. corporate earnings ahead, Chinese GDP underwhelms - what's moving markets"", ""Mid-East tensions, Chinese GDP, Netflix earnings - what's moving markets"", ""Chinese GDP, Netflix earnings, U.K. unemployment - what's moving markets""]"
408,21,408_order_debanking_trump_executive order,"['order', 'debanking', 'trump', 'executive order', 'banks discriminate', 'debanking trump', 'discriminate', 'political', 'big banks', 'banks politicized']","['Trump says banks discriminate against his supporters while White House prepares order', ""Trump expected to sign executive order putting pressure on big banks over 'politicized debanking'"", ""Trump signs executive order putting pressure on big banks over 'politicized debanking'""]"
409,20,409_etfs_etf_eth_100b inflows,"['etfs', 'etf', 'eth', '100b inflows', '000 etf', '401 market', '576', 'approval etfs', 'anti mag', '576 billion']","['A $576 Billion Stock-ETF Juggernaut Hit by Extreme Dislocations', '$1.7 trillion-dollar ETF giant __COMPANY__ says 401(k) market about to face new low-cost challenger', ""TWO ETF Roundtable Discussions at Capital Link's 15th Annual Closed-End Funds & Global ETFS Forum Thursday, April 21, 2016 in New York City""]"
410,20,410_executive present_group executive_advisory bank_media advisory,"['executive present', 'group executive', 'advisory bank', 'media advisory', 'conference media', 'media', 'bank group', 'advisory', 'present', 'executive']","['/R E P E A T -- MEDIA ADVISORY - __TICKER__ Bank Group Executive to Present at the __COMPANY__ Global Financial Services Conference/', 'MEDIA ADVISORY - __TICKER__ Bank Group Executive to Present at the __COMPANY__ Global Financial Services Conference', '/R E P E A T -- Media Advisory - __TICKER__ Bank Group Executive to Present at the __COMPANY__ Global Financial Services Conference/']"
411,20,411_crypto etfs_crypto_crypto etf_sec,"['crypto etfs', 'crypto', 'crypto etf', 'sec', 'bitcoin etf', 'bitcoin', 'etfs', 'offering staking', 'etfs offering', 'staking rewards']","['SEC X account compromised causing confusion over spot bitcoin ETFs: Yahoo Finance Live', 'SEC raises concerns over crypto ETFs offering staking rewards', 'SEC Flags Concerns on Crypto ETFs Offering Staking Rewards']"
412,20,412_market gains_gains know_know_sinks market,"['market gains', 'gains know', 'know', 'sinks market', 'gains', 'know sa', 'stock sinks', 'dips know', 'gains lags', 'market dips']","['The __COMPANY__ Corporation __TICKER__ Stock Sinks As Market Gains: What You Should Know', '__COMPANY__ __TICKER__ Stock Sinks As Market Gains: What You Should Know', '__TICKER__ __TICKER__ Stock Sinks As Market Gains: What You Should Know']"
413,20,413_honored_exceptional entrepreneurs_exceptional_entrepreneurs,"['honored', 'exceptional entrepreneurs', 'exceptional', 'entrepreneurs', 'innovators summit', 'builders innovators', 'builders', 'honored entrepreneurship', 'innovators', 'entrepreneurship']","['Highstreet Insurance Partners Honored by __COMPANY__ for Entrepreneurship: Scott Wick, Founder and CEO Among the Most Exceptional Entrepreneurs at 2022 Builders and Innovators Summit', 'Censia Honored by __COMPANY__ for Entrepreneurship; Joanna Riley, CEO Among the Most Exceptional Entrepreneurs at 2023 Builders and Innovators Summit', 'Rescale Honored by __COMPANY__ for Entrepreneurship, Joris Poort, Founder and CEO, Among the Most Exceptional Entrepreneurs at 2023 Builders and Innovators Summit']"
414,20,414_colombia_petro_leftist_peru,"['colombia', 'petro', 'leftist', 'peru', 'election', 'colombia election', 'peru president', 'candidate', 'friendly', 'finance chief']","['Colombia Cabinet Shake-Up Vaults Petro Ally to Finance Post', 'Colombia Candidate Petro Seeks Global Anti-Oil Bloc (Repeat)', 'Leftist Petro Claims Victory in Colombia’s Presidency Election']"
415,20,415_stock dividends_declares_dividends declares_dividends,"['stock dividends', 'declares', 'dividends declares', 'dividends', 'dividend declares', 'declares second', 'declares fourth', 'declares quarter', 'interim dividend', '2022 stock']","['__COMPANY__ Declares Fourth-Quarter 2022 Stock Dividends', '__COMPANY__ Declares Second Quarter 2025 Stock Dividends', '__COMPANY__ Declares Fourth Quarter 2025 Stock Dividends']"
416,20,416_airlines_southwest airlines_american airlines_southwest,"['airlines', 'southwest airlines', 'american airlines', 'southwest', 'airbnb', 'airlines aal', 'aal', 'airlines stock', 'constructive', 'bookings']","['Southwest Airlines Stock Is a Buy on Increased Airline Bookings', ""Penalty Warranted For Southwest Airlines' Flight Fiasco, Amazon Leverages Generative AI for Holiday Ad Boost, McDonald's Q3 Earnings: Today's Top Stories"", 'Southwest Airlines, American Airlines See Gains; Financials Slip in Market Highlights']"
417,20,417_market news_2025 stock_news_news jul,"['market news', '2025 stock', 'news', 'news jul', 'jul', 'stock market', '2022 stock', 'news oct', 'jul 15', 'oct 16']","['Stock Market News for Jul 16, 2025', 'Stock Market News for Jul 1, 2025', 'Stock Market News for Jul 15, 2025']"
418,20,418_largest banks_banks world_best banks_25 largest,"['largest banks', 'banks world', 'best banks', '25 largest', 'largest', '20 largest', 'banks asset', 'asset size', 'banks high', '2024 20']","['25 Largest Banks in the US by Asset Size', '20 Largest Banks in The World by Market Cap', '25 Largest Banks in the World by Assets']"
419,20,419_oracle_cloud_ai fueled_sending,"['oracle', 'cloud', 'ai fueled', 'sending', 'soar 144', 'awesome', 'sending stock', 'richest man', 'quarter stuns', 'revenue set']","['Oracle stock jumps after CEO says AI-fueled cloud revenue set to soar to $144 billion', ""Oracle's 'truly awesome' quarter stuns Wall Street, sending stock up 40% and making Ellison world's richest man"", ""Oracle's 'truly awesome' quarter stuns Wall Street, sending stock up 36% and making Ellison world's richest man""]"
420,20,420_4th quarter_4th_quarter trades_trades,"['4th quarter', '4th', 'quarter trades', 'trades', '1st quarter', '1st', 'valueact', 'quarter', 'trades 1st', 'quarter hillman']","[""ValueAct's Top 5 Trades of the 4th Quarter"", ""David Herro's Top 5 4th-Quarter Trades"", ""Kahn Brothers' Top 4th-Quarter Trades""]"
421,20,421_loans_risk transfers_loan_loan risk,"['loans', 'risk transfers', 'loan', 'loan risk', 'loans major', 'auto', 'auto loans', 'personal loans', 'default', 'transfer']","['Update: Market Chatter: __COMPANY__ Testing Demand for Synthetic Risk Transfers for Over $6 Billion in Loans', 'Update: Market Chatter: __COMPANY__ Tightens Loan Terms for Investors Buying Significant Risk Transfers', '‘Finances are getting tighter’: US car repossessions surge as more Americans default on auto loans']"
422,20,422_madoff_madoff case_madoff lawsuit_hit madoff,"['madoff', 'madoff case', 'madoff lawsuit', 'hit madoff', 'ruling madoff', 'madoff fraud', 'provision', 'billion provision', 'billion hit', 'ruling']","['__TICKER__ to take $1.1 billion hit after court ruling in Madoff case', '__TICKER__ to Book $1.1 Billion Provision Related to Madoff Case', '__TICKER__ to book $1.1 billion provision after Luxembourg court ruling in Madoff case']"
423,20,423_net result_result_posts_net,"['net result', 'result', 'posts', 'net', 'million posts', 'million strong', 'strong income', 'risk costs', 'million', 'costs posts']","['__TICKER__ posts 4Q2020 net result of €727 million, FY2020 net result of €2,485 million', '__TICKER__ posts 4Q2021 net result of €945 million, FY2021 net result of €4,776 million', '__TICKER__ posts 4Q2023 net result of €1,558 million and full-year 2023 net result of €7,287 million']"
424,20,424_klein law_klein_firm reminds_behalf shareholders,"['klein law', 'klein', 'firm reminds', 'behalf shareholders', 'class actions', 'actions behalf', 'law firm', 'behalf', 'actions', 'investors class']","['The Klein Law Firm Reminds Investors of Class Actions on Behalf of Shareholders of __TICKER__ , XRAY and AGN', 'The Klein Law Firm Reminds Investors of Class Actions on Behalf of Shareholders of ANW, __TICKER__ and QCOM', 'The Klein Law Firm Reminds Investors of Class Actions on Behalf of Shareholders of ORA and __TICKER__']"
425,20,425_2023 battered_2022 targets_2022 recover_2026 challenge,"['2023 battered', '2022 targets', '2022 recover', '2026 challenge', '2025 snowflake', '2024 2023', '2023 2022', '2023 heading', '2023 plans', '2023 plunge']","['__COMPANY__ : Trump’s 2026 challenge is America First without market fallout', 'Corporate and international travel to rebound strong in 2022: __COMPANY__', 'Transportation Sector Poised for 2026 Recovery After Freight Recession, __COMPANY__ Says']"
426,20,426_results media_group release_quarter financial_advisory bank,"['results media', 'group release', 'quarter financial', 'advisory bank', 'media advisory', 'media', 'bank group', 'advisory', 'release', 'financial results']","['Media Advisory - __TICKER__ Bank Group to release third quarter financial results', 'Media Advisory - __TICKER__ Bank Group to release third-quarter financial results', 'Media Advisory - __TICKER__ Bank Group to release first quarter financial results']"
427,19,427_at1_at1 bonds_bonds credit_at1 bond,"['at1', 'at1 bonds', 'bonds credit', 'at1 bond', 'suisse takeover', 'suisse wipeout', 'bonds', 'wipeout', 'bond credit', 'credit suisse']","['UPDATE 1- __TICKER__ starts selling first AT1 bonds since Credit Suisse takeover', '__TICKER__ launches first AT1 bonds since Credit Suisse takeover', '__TICKER__ sells first AT1 bonds since Credit Suisse takeover']"
428,19,428_analysts target_target price_stock wall_street analysts,"['analysts target', 'target price', 'stock wall', 'street analysts', 'analysts', 'target', 'price', 'wall street', 'wall', 'street']","[""What Are Wall Street Analysts' Target Price for PepsiCo Stock?"", ""What Are Wall Street Analysts' Target Price for NIKE Stock?"", ""What Are Wall Street Analysts' Target Price for __COMPANY__ Stock?""]"
429,19,429_vanguard_etf_vanguard etf_etf buy,"['vanguard', 'etf', 'vanguard etf', 'etf buy', 'vanguard value', 'market sell', 'etf help', 'crash vanguard', 'etf simplest', 'etf outperform']","['The Smartest ETF to Buy With $500 Today Is the Vanguard Value ETF (VTV) -- No Matter Where the Market Goes Next', 'Is the Vanguard Value ETF the Simplest Way to Consistently Collect More Passive Income Than the S&amp;P 500?', 'Vanguard Growth ETF vs. Vanguard Value ETF: Which ETF Will Outperform in 2026?']"
430,19,430_signalling caution_insiders sell_signalling_possibly signalling,"['signalling caution', 'insiders sell', 'signalling', 'possibly signalling', 'stock possibly', 'possibly', 'caution', 'insiders', 'caution insiders', 'caution group']","['__COMPANY__ Insiders Sell US$1.6m Of Stock, Possibly Signalling Caution \\', '__COMPANY__ Insiders Sell US$4.1m Of Stock, Possibly Signalling Caution', '__COMPANY__ Insiders Sell US$3.1m Of Stock, Possibly Signalling Caution']"
431,19,431_japanese bonds_japan_japan bond_10 year,"['japanese bonds', 'japan', 'japan bond', '10 year', '30 year', 'election japanese', 'bonds', 'bluebay', 'japanese', 'year sale']","['Japan’s Benchmark 10-Year Bond Yield May Surge to 2% This Year, Eurizon’s Jen Says', 'Japan’s Bonds Pass 10-Year Supply Test as 30-Year Sale Looms', 'Japan Bond Rout Touches New Pain Point as 10-Year Yield Rises']"
432,19,432_climb sink_analysts predicting_stock climb_sink wall,"['climb sink', 'analysts predicting', 'stock climb', 'sink wall', 'predicting', 'sink', 'climb', 'street analysts', 'analysts', 'wall street']","['Are Wall Street Analysts Predicting Vistra Stock Will Climb or Sink?', 'Are Wall Street Analysts Predicting Intel Stock Will Climb or Sink?', 'Are Wall Street Analysts Predicting Apple Stock Will Climb or Sink?']"
433,19,433_ca_dividend ca_increasing dividend_increasing,"['ca', 'dividend ca', 'increasing dividend', 'increasing', 'announced', 'announced increasing', 'increased ca', 'year ca', 'dividend increased', 'dividend']","['__COMPANY__ ( __TICKER__ ) Has Announced That It Will Be Increasing Its Dividend To CA$1.38', '__COMPANY__ ( __TICKER__ ) Has Announced That It Will Be Increasing Its Dividend To CA$1.35', '__COMPANY__ ( __TICKER__ ) Has Announced That It Will Be Increasing Its Dividend To CA$1.20']"
434,19,434_strategic reduction_corp strategic_holdings corp_reduction,"['strategic reduction', 'corp strategic', 'holdings corp', 'reduction', 'strategic', 'corp', 'holdings', 'strategic adjustment', 'corp holdings', 'adjustment']","[""__COMPANY__ Corp's Strategic Reduction in Hasbro Inc Holdings"", ""__COMPANY__ Corp's Strategic Reduction in Nordstrom Inc Holdings"", ""__COMPANY__ Corp's Strategic Reduction in M/I Homes Inc Holdings""]"
435,19,435_labor market_labor_flush workers_hiring,"['labor market', 'labor', 'flush workers', 'hiring', 'flush', 'sense', 'slowdown', 'sharp', 'jobs', 'workers']","['‘Job-huggers’ sense trouble brewing in the jobs market as __COMPANY__ flags wage growth stalling for switchers for the first time since 2010', 'Labor market may soon be flush with workers', 'Viewpoint: Labor market will be flush with workers — soon']"
436,19,436_investor conference_virtual investor_conferences_investor conferences,"['investor conference', 'virtual investor', 'conferences', 'investor conferences', 'investor', 'conference', 'virtual', 'technology virtual', 'events highlights', 'participate']","['AI &amp; Technology Virtual Investor Conference: Presentations Now Available for Online Viewing', 'BacTech Environmental to Present at the AI &amp; Technology Virtual Investor Conference October 28th', 'AI &amp; Technology Virtual Investor Conference Agenda Announced for October 28th']"
437,19,437_stock able_insiders_able_market cap,"['stock able', 'insiders', 'able', 'market cap', 'insiders sold', 'hedge losses', 'able offset', 'able hedge', 'offset losses', 'cap declines']","[""As __COMPANY__ &amp; Company's ( __TICKER__ )) market cap dropped by US$6.4b, insiders who sold US$1.0m worth of stock were able to offset their losses"", ""As __COMPANY__ 's ( __TICKER__ )) market cap dropped by US$15b, insiders who sold US$14m worth of stock were able to offset their losses"", ""As __COMPANY__ 's ( __TICKER__ )) market cap dropped by US$7.3b, insiders who sold US$14m worth of stock were able to offset their losses""]"
438,19,438_lifts amp_target 600_year end_end target,"['lifts amp', 'target 600', 'year end', 'end target', '500 year', '500 target', 'target', '500 annual', 'amp 500', 'annual target']","['__COMPANY__ cuts S&amp;P 500 year-end target to 3,600', '__TICKER__ lifts S&amp;P 500 annual target to 6,600', ""__COMPANY__ lifts S&amp;P 500's year-end target to 4,600""]"
439,19,439_reserve release_release boost_reserve_release,"['reserve release', 'release boost', 'reserve', 'release', 'boost profit', 'update profit', 'estimates reserve', 'profit', 'profit reserve', 'expectations reserve']","['__COMPANY__ profit beats expectations on reserve release boost', 'UPDATE 2- __COMPANY__ profit more than doubles on reserve release boost', 'UPDATE 2- __COMPANY__ profit beats expectations on reserve release boost']"
440,19,440_chicago_chicago marathon_marathon_record breaking,"['chicago', 'chicago marathon', 'marathon', 'record breaking', '2024 chicago', 'field', 'chicago economy', 'breaking', 'welcome', '43rd']","['__COMPANY__ Chicago Marathon Generates Record-Breaking $386 Million for Chicago Economy in 2022', '__COMPANY__ Chicago Marathon Creates Record Breaking $547 Million Impact on Chicago Economy in 2023', 'Record-Breaking Field Anticipated for 2024 __COMPANY__ Chicago Marathon']"
441,19,441_customers_fake accounts_fake_accidentally,"['customers', 'fake accounts', 'fake', 'accidentally', 'accounts', 'accounts pay', 'customers hit', 'accidentally double', 'debited', 'debited customers']","['Ooops: __COMPANY__ Accidentally Double-Debited Customers', '__COMPANY__ Fined Over Junk Fees, Fake Accounts. Customers Get $100M Payout', '__COMPANY__ to pay more than $100M for illegally charging junk fees, opening fake accounts']"
442,19,442_amp strategic_strategic acquisition_chase amp_strategic,"['amp strategic', 'strategic acquisition', 'chase amp', 'strategic', 'shares chase', 'strategic reduction', 'acquisition', 'reduction', 'holdings chase', 'chase']","[""__COMPANY__ Chase &amp; Co's Strategic Acquisition in Kyverna Therapeutics Inc"", ""__COMPANY__ Chase &amp; Co's Strategic Acquisition in Microchip Technology Inc"", ""__COMPANY__ Chase &amp; Co's Strategic Acquisition in H World Group Ltd""]"
443,19,443_tariffs_tariffs stocks_tariff_trump tariffs,"['tariffs', 'tariffs stocks', 'tariff', 'trump tariffs', 'stock gains', 'fear', 'climb tariff', 'concerns déjà', 'cheer amid', 'déjà vu']","[""Trump's tariffs and the tax bill are splitting the stock market. Here's the playbook for investors, according to __COMPANY__ ."", 'Stock Market Cheer Amid Trump Tariffs Is Masking a Deeper Fear. Here’s What.', 'It’s Déjà Vu for Option Traders as Markets Calm Into Tariffs Day']"
444,19,444_overweight_overweight rating_underweight_rating,"['overweight', 'overweight rating', 'underweight', 'rating', 'equalweight', 'rating upgrades', 'equalweight rating', 'stock equalweight', 'reiterates overweight', 'stock underweight']","['Bizlink stock maintains Overweight rating at __COMPANY__ on 800G AEC growth', 'Piper Sandler reiterates Overweight rating on __COMPANY__ stock, cites turnaround', 'Disney stock down after __COMPANY__ analyst reiterates Overweight rating']"
445,19,445_pershing_mellon pershing_mellon_pershing announces,"['pershing', 'mellon pershing', 'mellon', 'pershing announces', 'wove', 'optimal asset', 'pershing launches', 'optimal', 'management platform', 'management mellon']","[""__COMPANY__ Mellon's Pershing Announces First-Of-Its-Kind Advisory Solution"", ""__COMPANY__ Mellon's Pershing to Acquire Optimal Asset Management"", ""__COMPANY__ Mellon's Pershing Launches New Business Unit, Pershing X(SM), to be led by Ainslie Simmonds""]"
446,19,446_nickel_lme_nickel market_tycoon,"['nickel', 'lme', 'nickel market', 'tycoon', 'nickel crisis', 'lme nickel', 'bags', 'rocks', 'squeeze', 'unlikely']","['LME Nickel Drops by 15% Limit, Narrowing Gap With Shanghai Price', '__COMPANY__ Owned the LME ‘Nickel’ That Was Actually Bags of Stones', 'U.K. to Review LME Operations After Nickel Market Turmoil']"
447,19,447_mexico_grupo méxico_méxico_grupo,"['mexico', 'grupo méxico', 'méxico', 'grupo', 'narrative grupo', 'mexico central', 'betterware', 'betterware mexico', 'méxico evolving', 'meeting mexico']","['What Recent Analyst Shifts Mean For Grupo México’s Evolving Valuation Story', 'Why The Narrative Around Grupo México Is Shifting After Recent Analyst Updates', 'How the Narrative Around Grupo México Is Evolving Amid New Analyst Targets and Market Shifts']"
448,18,448_savings_yield savings_savings account_savings accounts,"['savings', 'yield savings', 'savings account', 'savings accounts', 'apple', 'account', 'high yield', 'accounts apple', 'apple launches', 'accounts']","['Apple launches high-yield savings account with 4.15% rate', 'Apple Launches a New High-Yield Savings Account', 'Apple Launches High-Yield Savings Account']"
449,18,449_shafir_mark shafir_chief mark_retire,"['shafir', 'mark shafir', 'chief mark', 'retire', 'amp chief', 'chief', 'shafir retire', 'grisi', 'grisi new', 'veteran amp']","['__COMPANY__ M&amp;A Co-Chief Mark Shafir Intends to Retire', ""UPDATE 2- __COMPANY__ 's veteran M&amp;A chief Mark Shafir to retire"", ""__COMPANY__ 's veteran M&amp;A chief Mark Shafir to retire""]"
450,18,450_latino_chase commits_households chase_hispanic latino,"['latino', 'chase commits', 'households chase', 'hispanic latino', 'hispanic', 'households', 'black', 'commits', 'commits 30', 'chase committing']","['__COMPANY__ Chase Committing $8.4 Million to Improve Household Stability for Black, Hispanic and Latino and Other Underserved Households', '__COMPANY__ Chase Committing $15 Million to Increase the Supply of Climate Resilient Affordable Housing for Black, Hispanic and Latino Households', '__COMPANY__ Chase Committing $12 Million to Increase Homeownership Opportunities for Black, Hispanic and Latino Households']"
451,18,451_blockchain_tokenized_ethereum_ethereum collateral,"['blockchain', 'tokenized', 'ethereum', 'ethereum collateral', 'fund ethereum', 'securitize', 'collateral', 'tokenized money', 'public blockchain', 'bitcoin ethereum']","['__COMPANY__ ’s Kinexys Connects With Public Blockchain on Ondo Chain Testnet Debut', '__COMPANY__ to Launch Tokenized Money-Market Fund on Ethereum Seeding $100M in Capital: WSJ', '__COMPANY__ Digital, Vanguard and Symbiont Complete First Live Trade for Foreign Exchange Forward Contracts Leveraging Revolutionary Blockchain Technology and Smart Contracts']"
452,18,452_index etf_management announces_announces final_bond index,"['index etf', 'management announces', 'announces final', 'bond index', 'corporate bond', 'final', 'asset management', 'etf asset', 'reinvested', 'annual reinvested']","['__COMPANY__ Global Asset Management Inc. announces final details on maturity of __COMPANY__ Target 2023 Corporate Bond Index ETF', '__COMPANY__ Global Asset Management Inc. announces final details on maturity of __COMPANY__ Target 2022 Corporate Bond Index ETF', '__COMPANY__ Global Asset Management Inc. announces final details on maturity of __COMPANY__ Target 2021 Corporate Bond Index ETF']"
453,18,453_rail_leasing_billion rail_leasing business,"['rail', 'leasing', 'billion rail', 'leasing business', 'leasing unit', 'sell billion', 'railcar', 'railcar business', 'equipment leasing', 'rail leasing']","['__COMPANY__ to sell rail leasing business', '__COMPANY__ to sell assets of rail equipment leasing unit', '__COMPANY__ to Sell $4.4 Billion Rail Equipment Leasing Business']"
454,18,454_unionization_union_vote_employees vote,"['unionization', 'union', 'vote', 'employees vote', 'vote favor', 'branch', 'workers', 'employees', 'favor unionization', 'branch workers']","['Second __COMPANY__ branch employees vote in favor of a union', '__COMPANY__ employees vote in favor of unionization', 'UPDATE 3- __COMPANY__ employees vote in favor of unionization']"
455,18,455_polish_stake polish_erste_erste group,"['polish', 'stake polish', 'erste', 'erste group', 'kkr', 'stake', 'billion market', 'firm pne', 'polish unit', 'later business']","['__COMPANY__ to offload 49% stake in Polish business to Erste for €7bn', 'Poland Buy Now Pay Later Business Report 2025: A $2.8 Billion Market by 2030 Featuring Twisto, Klarna, PayPo, __COMPANY__ , Allegro, mBank, __COMPANY__ , __TICKER__ Bank Slaski, Alior Bank, and Revolut', '__COMPANY__ to Sell Stake in Polish Subsidiary for Around $473 Million After Erste Group Deal']"
456,18,456_crackdown economic_attracting larger_crimes attracting_larger banks,"['crackdown economic', 'attracting larger', 'crimes attracting', 'larger banks', 'including natwest', 'economic crimes', 'switching current', 'banks broke', 'uk crackdown', 'current']","['Five banks broke competition law over gilts, UK watchdog provisionally finds', 'Update: New UK Crackdown on Economic Crimes Attracting Several Larger Banks, Including NatWest, __COMPANY__', 'New UK Crackdown on Economic Crimes Attracting Several Larger Banks, Including NatWest, __COMPANY__']"
457,18,457_palantir_palantir stock_pltr_pltr stock,"['palantir', 'palantir stock', 'pltr', 'pltr stock', 'palantir palantir', 'focus raises', 'exposure magnifies', 'government roots', 'government exposure', 'cliff dive']","['Palantir Stock Is a Buy on the Dip After This Recent Selloff', 'Palantir Just Expanded Its SOMPO Partnership. What Does That Mean for PLTR Stock?', 'Palantir Stock ( __TICKER__ ): Should You Buy the Post-Earnings Dip?']"
458,18,458_host earnings_host_schedules_conference calls,"['host earnings', 'host', 'schedules', 'conference calls', 'quarterly investor', 'earnings host', 'holdings host', 'furnishings host', 'schedules quarterly', 'earnings september']","['__COMPANY__ Corp. to Host Earnings Call', '__COMPANY__ , Inc. to Host Earnings Call', '__COMPANY__ to Host Earnings Call']"
459,18,459_bank england_england_raise rates_england poised,"['bank england', 'england', 'raise rates', 'england poised', 'rates', 'mann', 'england mann', 'poised hold', 'uk rates', 'high bank']","['Bank of England poised to hold interest rates as retail sales jump', 'Bank of England poised to raise interest rates to 4.25% despite Credit Suisse chaos', 'Bank of England poised to hold UK interest rates amid Trump trade war']"
460,18,460_earnings snapshot_snapshot_snapshot banco_snapshot q1,"['earnings snapshot', 'snapshot', 'snapshot banco', 'snapshot q1', 'snapshot goldman', 'snapshot fiscal', 'snapshot q2', 'snapshot q3', 'snapshot q4', 'fiscal q1']","['__COMPANY__ : Q2 Earnings Snapshot', '__COMPANY__ : Q3 Earnings Snapshot', '__TICKER__ : Q3 Earnings Snapshot']"
461,18,461_activision_microsoft activision_microsoft_activision deal,"['activision', 'microsoft activision', 'microsoft', 'activision deal', 'deal microsoft', 'microsoft buys', 'activision microsoft', 'latest moving', '69 billion', 'buys activision']","['A big win for Microsoft’s Activision deal', ""Bank earnings ahead, Microsoft-Activision deal latest - what's moving markets"", ""Bank earnings, Microsoft-Activision deal latest - what's moving markets""]"
462,18,462_coreweave_coreweave stock_crwv_coreweave crwv,"['coreweave', 'coreweave stock', 'crwv', 'coreweave crwv', 'crwv stock', 'coreweave shares', 'magnetar', 'stock coreweave', 'sell hold', 'stock soars']","['CoreWeave (CRWV) Climbs 22.6% on ‘Buy’ From __COMPANY__', 'Is CoreWeave Stock a Buy, Sell, or Hold for January 2026?', 'Magnetar Financial sells CoreWeave (CRWV) shares worth $55.4 million']"
463,18,463_500 target_amp 500_500_target 2026,"['500 target', 'amp 500', '500', 'target 2026', 'strategists', 'target', 'confident', 'amp', 'lowers', '500 global']","['__COMPANY__ Lowers S&amp;P 500 Target as Market Uncertainty and Tech Selloff Weigh', 'Analyst revamps S&amp;P 500 target through 2026', '__COMPANY__ issues stark new S&amp;P 500 target through 2026']"
464,17,464_gets dealmaking_recovered tariff_street recovered_street,"['gets dealmaking', 'recovered tariff', 'street recovered', 'street', 'tariff tumult', 'boom boosts', 'wall street', 'dealmaking boost', 'wall', 'recovered']","['Wall Street boom boosts profits at __COMPANY__', '__COMPANY__ gets a dealmaking boost as Wall Street recovered from tariff tumult', '__COMPANY__ gets a dealmaking boost, showing how Wall Street recovered from tariff tumult']"
465,17,465_yieldmax_yieldmax etfs_etfs announces_ulty,"['yieldmax', 'yieldmax etfs', 'etfs announces', 'ulty', 'announces distributions', 'distributions', 'slty', 'lfgy', 'etfs', 'smcy']","['YieldMax® ETFs Announces Distributions on ULTY, MARO, SLTY, BABO, DIPS and Others', 'YieldMax® ETFs Announces Distributions on WNTR, MSTY, ULTY, SLTY, SMCY, and Others', 'YieldMax® ETFs Announces Distributions on SMCY, WNTR, ULTY, MSTY, LFGY, and Others']"
466,17,466_stock earnings_reported results_2024 stock_reported,"['stock earnings', 'reported results', '2024 stock', 'reported', 'beats eps', 'gr beats', '2023 stock', 'beats revenue', 'gr', 'eps beats']","['__TICKER__ Stock Earnings: __TICKER__ Gr Beats EPS, Beats Revenue for Q2 2024', '__TICKER__ Stock Earnings: __TICKER__ Gr Beats EPS, Beats Revenue for Q1 2024', '__TICKER__ Stock Earnings: __COMPANY__ Gr Beats EPS, Beats Revenue for Q1 2024']"
467,17,467_ytd_month buy_right time_buy stock,"['ytd', 'month buy', 'right time', 'buy stock', 'time buy', 'ytd right', 'gains 13', '10 month', 'ytd buy', 'month']","['__COMPANY__ Shares Rise 10.5% in a Month: Should You Buy the Stock?', '__COMPANY__ Shares Soar 31.6% YTD: Is Now the Right Time to Buy?', '__COMPANY__ Rises 32.3% YTD: Is it the Right Time to Buy the Stock?']"
468,17,468_year deal_lhp_sign_rhp,"['year deal', 'lhp', 'sign', 'rhp', 'deal reports', 'quakes sign', 'reports mets', 'mets lhp', 'lhp sean', 'sign rhp']","['White Sox signing LHP Martin Perez to 1-year deal', 'Reports: Mets LHP Sean Manaea declines $13.5M option for 2025', 'Reports: Mets, LHP Sean Manaea reach 3-year, $75M deal']"
469,17,469_brown brothers_brothers_brown_brothers harriman,"['brown brothers', 'brothers', 'brown', 'brothers harriman', 'harriman', 'brothers unit', 'harriman investor', 'investor services', 'acquire brown', 'buy brown']","['__COMPANY__ to Buy Brown Brothers Harriman’s Investor Services Arm for $3.5 Billion', ""__COMPANY__ to acquire Brown Brothers Harriman's Investor Services business for $3.5 billion in cash"", '__COMPANY__ to Acquire Brown Brothers Harriman Investor Services']"
470,17,470_flash_flash crash_crash_london trading,"['flash', 'flash crash', 'crash', 'london trading', 'error flash', '2022 flash', 'stock slides', 'trader', 'error', 'bank plummet']","['__COMPANY__ Says Trader Made Error Behind Flash Crash in Europe Stocks', '__COMPANY__ ’s London Trading Desk Behind European ‘Flash Crash’', 'That __COMPANY__ flash crash revisited']"
471,17,471_nvcc subordinated_subordinated_nvcc_subordinated debentures,"['nvcc subordinated', 'subordinated', 'nvcc', 'subordinated debentures', 'trust iv', 'iv', 'debentures', 'capital trust', 'redemption capital', 'iv announces']","['__TICKER__ Bank Group to Issue NVCC Subordinated Debentures', '__TICKER__ Announces Pricing of Japanese Yen NVCC Subordinated Debentures', '__TICKER__ announces pricing of Japanese yen NVCC subordinated debentures']"
472,17,472_draftkings_alibaba stock_draftkings stock_stock bargain,"['draftkings', 'alibaba stock', 'draftkings stock', 'stock bargain', 'bargain', 'alibaba', 'bet draftkings', 'analyst halves', '435 past', '150 bought']","['DraftKings Up in Volatile Trade After Analyst More Than Halves Target', 'It’s Time to Back Away From DraftKings Stock', 'A Bet on Draftkings Stock Is Not Worth the Risk']"
473,17,473_cap stocks_cap_large cap_best large,"['cap stocks', 'cap', 'large cap', 'best large', 'large', 'small cap', '10 large', '10 small', 'cap value', 'buy 15']","['15 Best Large-Cap Value Stocks To Buy', '15 Best Large-Cap Stocks to Buy in 2024', '12 Best Large Cap Stocks To Buy Now']"
474,17,474_kong staff_quarantine_hong kong_kong,"['kong staff', 'quarantine', 'hong kong', 'kong', 'hong', 'covid', 'staff', 'kong covid', 'covid 19', 'coronavirus']","[""Hong Kong's Covid rules make it harder to retain staff, JP Morgan boss warns"", '__COMPANY__ to reimburse Hong Kong staff up to US$5,000 for quarantine stay', ""__COMPANY__ 's Dimon says Hong Kong's COVID-19 rules make it harder to retain staff""]"
475,17,475_today bank_stock roundup_usb_bank stock,"['today bank', 'stock roundup', 'usb', 'bank stock', 'roundup', 'focus bank', 'focus business', 'moving usb', 'usb focus', 'stocks schw']","['Bank Stock Roundup: Expansion Plans of USB, __TICKER__ , __TICKER__ &amp; Asset Cap on __TICKER__ in Focus', 'Bank Stock Roundup: __TICKER__ , TFC, __TICKER__ , USB in Focus on Business Restructuring Efforts', 'Bank Stock Roundup: __TICKER__ , __TICKER__ , USB in Focus on Business Expansion Efforts']"
476,17,476_ant international_cross border_border_ant,"['ant international', 'cross border', 'border', 'ant', 'blockchain based', 'cross', 'blockchain', 'wallet', 'international', 'global wallet']","['Swift pilots blockchain payments with Ant International and __TICKER__ in cross-border test', 'Ant International and __TICKER__ Test New Cross-Border Payments Solution Using Tokenised Deposits on Swift’s Network and Powered by ISO 20022', 'Ant International, __TICKER__ join forces on blockchain-based cross-border payment settlements']"
477,17,477_fired_flight_sues_accused urinating,"['fired', 'flight', 'sues', 'accused urinating', 'aboard flight', 'aboard', 'fellow passenger', 'passenger aboard', 'urinating fellow', 'new delhi']","['__COMPANY__ banker fired over meal loses wrongful termination lawsuit', '__COMPANY__ has fired an executive accused of urinating on a fellow passenger aboard a flight to New Delhi', '__COMPANY__ has fired a VP accused of urinating on a fellow passenger aboard a flight to New Delhi']"
478,17,478_pnc_group pnc_services group_pnc financial,"['pnc', 'group pnc', 'services group', 'pnc financial', 'bancorp usb', 'pnc earnings', 'usb', 'mtb', 'corporation mtb', 'bank corporation']","['The PNC Financial Services Group (PNC) Up 9.6% Since Last Earnings Report: Can It Continue?', 'The PNC Financial Services Group (PNC) Up 3.2% Since Last Earnings Report: Can It Continue?', 'The PNC Financial Services Group (PNC) Down 6.3% Since Last Earnings Report: Can It Rebound?']"
479,17,479_dividends_announce dividend_banks fuel_bank monster,"['dividends', 'announce dividend', 'banks fuel', 'bank monster', 'boom uk', 'boost isn', 'beat second', 'banks healthy', 'boosted dividends', 'double boost']","['UK dividends beat second quarter expectations in dramatic bounce-back', ""2 of our banks just boosted their dividends. Here's how their increases stack up versus our other names"", 'General Mills and Micron Raised Their Dividends. Banks Should Be Lifting Theirs Soon, Too.']"
480,17,480_know stocks_things know_things_focus things,"['know stocks', 'things know', 'things', 'focus things', 'stocks edge', 'know', 'edge', 'edge higher', 'stocks nudge', 'focus']","['Stocks Edge Lower Into Earnings Rush, Twitter, __TICKER__ , Microsoft, Google In Focus - 5 Things You Must Know', 'Stocks Edge Higher, Nvidia, Moderna, eBay, __COMPANY__ In Focus - Five Things To Know', 'Stocks Edge Lower, Retail Sales, Bank Earnings, Caterpillar And Elon Musk In Focus - Five Things To Know']"
481,17,481_stock market_average stock_market just_signals big,"['stock market', 'average stock', 'market just', 'signals big', '2026 wall', 'market return', 'outlook stocks', 'just did', 'market stock', '2026']","[""Here's the Average Stock Market Return in the Last 10 Years and Wall Street's Surprising Forecast for 2025"", 'The Stock Market Just Did Something for the 16th Time Since 1950. It Usually Signals a Big Move in the Next Year.', 'The Stock Market Just Did Something for the 6th Time in 75 Years. History Says It Signals a Big Move in the Second Half of 2025.']"
482,17,482_racial_audit_racial equity_equity audit,"['racial', 'audit', 'racial equity', 'equity audit', 'party racial', 'audits', 'firm conduct', 'hires law', 'equity audits', 'racial audit']","['__COMPANY__ to commission third-party racial equity audit in diversity push', '__COMPANY__ hires law firm to conduct third-party racial equity audit', '__COMPANY__ to Commission Third-Party Racial Equity Audit']"
483,17,483_canadian pension_pension plans_pension_canadian,"['canadian pension', 'pension plans', 'pension', 'canadian', 'services canadian', 'investor services', 'amp treasury', 'investor amp', 'treasury services', 'returns']","['Canadian __TICKER__ pension plans post positive first half: __COMPANY__ Investor &amp; Treasury Services', 'Canadian __TICKER__ pension plans return -10.3% in 2022', ""__COMPANY__ Investor Services' Canadian pension plans near flat in Q2 2024""]"
484,17,484_chase freedom_freedom_categories_freedom announces,"['chase freedom', 'freedom', 'categories', 'freedom announces', 'quarterly categories', 'gas stations', 'stores', 'select', 'stations', 'cash categories']","['Chase Freedom® Announces Gas Stations and Home Improvement Stores as Quarterly Categories in Q2', 'Chase Freedom® Announces Q3 2021 Quarterly Categories – Grocery Stores and Select Streaming Services', 'Chase Freedom® Announces Q3 2023 Quarterly Categories – Select Live Entertainment, Gas Stations and Electric Vehicle Charging']"
485,17,485_commercial bank_investment bank_banking_banks restructures,"['commercial bank', 'investment bank', 'banking', 'banks restructures', 'banking help', 'banking steep', 'banking ncr', 'banking channel', 'bank leader', 'capital simplifies']","['__COMPANY__ Sees New Clients Soar at Commercial Bank Amid Regional Woes', 'NCR to Improve Self-Service Banking Channel for __COMPANY__ Bank', ""__COMPANY__ 's new regional commercial bank leader wants to grow investment bank capabilities""]"
486,17,486_broader_broader market_facts_dips broader,"['broader', 'broader market', 'facts', 'dips broader', 'markets know', 'broader markets', 'market key', 'key facts', 'facts note', 'know']","['The __COMPANY__ Corporation __TICKER__ Dips More Than Broader Markets: What You Should Know', '__COMPANY__ __TICKER__ Dips More Than Broader Markets: What You Should Know', '__COMPANY__ __TICKER__ Dips More Than Broader Market: What You Should Know']"
487,17,487_swiss_swiss banking_swiss bank_switzerland,"['swiss', 'swiss banking', 'swiss bank', 'switzerland', 'swiss regulator', 'swiss government', 'regulator', 'authorities banks', 'bring naratil', 'calls stronger']","['Swiss regulator FINMA calls for stronger powers to oversee banks', 'Exclusive-Swiss authorities, banks mull new rules to prevent bank runs -sources', ""__TICKER__ Makes Progress in Resolvability But Crisis Plan Not Yet 'Executable,' Swiss Regulator Says""]"
488,17,488_beats expectations_expectations quarter_earnings beats_earnings eps,"['beats expectations', 'expectations quarter', 'earnings beats', 'earnings eps', 'expectations', '2024 earnings', 'expectations second', 'quarter 2024', 'eps beats', 'eps']","['__COMPANY__ First Quarter 2025 Earnings: EPS Beats Expectations', '__COMPANY__ Third Quarter 2024 Earnings: EPS Beats Expectations', '__COMPANY__ Second Quarter 2024 Earnings: EPS Beats Expectations']"
489,17,489_pts wall_street opens_pts_opens,"['pts wall', 'street opens', 'pts', 'opens', 'dow 150', 'opens mixed', 'wild surge', 'surge wall', 'dow', 'dow 20']","['Wall Street Opens Flat Amid Concern Over Hedge Fund Fiasco; Dow up 20 Pts', 'Wall Street Opens Higher As Market Recovers Nerve; Dow up 150 Pts', 'Wall Street Opens Mixed as Peace Hopes Falter; Dow up 150 Pts']"
490,17,490_files form_form 10_chase files_10 quarter,"['files form', 'form 10', 'chase files', '10 quarter', 'quarter ended', 'ended', 'files', 'form', 'ended june', 'ended march']","['__COMPANY__ Chase Files Form 10-Q for the Quarter Ended March 31, 2023', '__COMPANY__ Chase Files Form 10-Q for the Quarter Ended June 30, 2023', '__COMPANY__ Chase Files Form 10-Q for the Quarter Ended June 30, 2025']"
491,17,491_zacks industry_industry outlook_outlook highlights_zacks,"['zacks industry', 'industry outlook', 'outlook highlights', 'zacks', 'industry', 'highlights', 'outlook', 'highlights chase', 'highlights zacks', 'evercore zacks']","['Zacks Industry Outlook Highlights __TICKER__ , __TICKER__ , __COMPANY__ and __COMPANY__', 'Zacks Industry Outlook Highlights __TICKER__ , __TICKER__ and __COMPANY__', 'Zacks Industry Outlook Highlights __TICKER__ , __COMPANY__ and __COMPANY__']"
492,16,492_dividend announces_doubles dividend_buyback_restores,"['dividend announces', 'doubles dividend', 'buyback', 'restores', '12bn doubles', 'sets buyback', 'restores quarterly', '12bn', 'dividend sets', 'quarterly dividend']","['__COMPANY__ boosts buyback to $12bn and doubles dividend', 'UPDATE 2- __TICKER__ restores quarterly dividend, sets buyback as profit triples', '__TICKER__ restores quarterly dividend, sets buyback as profit triples']"
493,16,493_musk_elon musk_elon_tesla,"['musk', 'elon musk', 'elon', 'tesla', 'tesla shares', 'billion tesla', 'tesla stock', 'doge', 'tesla traders', 'teslas exxon']","['Elon Musk Offloads $4 Billion of Tesla Shares, Pledges No More Sales', ""Elon Musk Praises Quality of Made in China Teslas, Exxon Eyes Double Output With New Fracking Tech, Netflix Shareholders Vote Against Fat Exec. Pay: Today's Top Stories"", ""Meta's Threads Prepares To Counter Elon Musk's X, Tesla Data Breach Affects Over 75K People, Medical Properties Trust's Prospect Medical Deal On Hold: Today's Top Stories""]"
494,16,494_year old_dividend investor_shares stock_dividends shares,"['year old', 'dividend investor', 'shares stock', 'dividends shares', '000 month', 'old', 'month dividends', 'retiree', 'earning', 'dividends']","[""Early Retiree Making $170,00 a Year in Dividends Shares Top 7 Stock Picks, Says 'I've Zero Regrets'"", ""60-Year-Old Retiree Earning $6,000 Per Month in Dividends Reveals Stock Portfolio – 'I Read and Research Daily'"", ""59-Year-Old Earning $15,000 a Month in Dividends Shares Top 4 Stock Picks – 'Lot of Frugal Living the Last 30 Years'""]"
495,16,495_rivian_rivian stock_rivn_r2,"['rivian', 'rivian stock', 'rivn', 'r2', 'rivian automotive', 'rivn stock', 'today rivian', 'automotive', 'vehicle', 'stock rating']","['RIVN Stock: Should You Give Rivian Automotive a Seat in Your Portfolio?', 'Why Rivian Stock Popped Today', 'Rivian Stock Alert: Why Is RIVN Still Plunging Today?']"
496,16,496_pfd_shs_declares_dividend corporation,"['pfd', 'shs', 'declares', 'dividend corporation', 'series declares', 'dp', 'dp pfd', 'dep', 'non cum', 'ncum']","['__COMPANY__ Corporation Deposit Shs Perp Pfd Shs Series E declares $0.3081 dividend', '__COMPANY__ &amp; Company Non Cum Perp Conv Pfd Registered Shs A Series L declares $18.75 dividend', '__COMPANY__ Corp Depositary Shs Repr Non-Cum Perp Red Pfd Registered Shs Ser -HH- declares $0.3618 dividend']"
497,16,497_asia_headcount_bankers asia_boost asia,"['asia', 'headcount', 'bankers asia', 'boost asia', 'banking headcount', 'asia pacific', 'trim investing', 'lays 25', '25 bankers', 'corporate banking']","['__COMPANY__ to boost Asia private banking headcount by over 100 this year - sources', 'UPDATE 2- __COMPANY__ , __COMPANY__ trim investing banking headcount in Asia -sources', '__COMPANY__ , __COMPANY__ trim investing banking headcount in Asia -sources']"
498,16,498_worthless_jamie dimon_jamie_dimon,"['worthless', 'jamie dimon', 'jamie', 'dimon', 'bitcoin worthless', 'bitcoin', 'dimon called', 'worthless amid', 'called bitcoin', 'crypto bull']","['Jamie Dimon Once Called Bitcoin a ‘Fraud.’ Now, __COMPANY__ Is Quietly Making Blockchain History and Betting This ‘Crypto Winter’ Will Be Short-Lived.', 'JP Morgan CEO Jamie Dimon says ‘bitcoin is worthless’ amid crypto bull run', '__COMPANY__ CEO Jamie Dimon says ‘bitcoin is worthless’ amid crypto bull run']"
499,16,499_investment banking_profit jumps_profit exceeds_jumps investment,"['investment banking', 'profit jumps', 'profit exceeds', 'jumps investment', 'robust investment', 'expectations robust', 'exceeds expectations', 'banking', 'banking strength', 'profit']","['UPDATE 1- __COMPANY__ profit jumps on investment banking boost', '__COMPANY__ profit exceeds expectations on robust investment banking', 'UPDATE 1- __COMPANY__ profit exceeds expectations on robust investment banking']"
500,16,500_amp ratings_stock analyst_estimates amp_analyst estimates,"['amp ratings', 'stock analyst', 'estimates amp', 'analyst estimates', 'ratings', 'estimates', 'analyst', 'corporation stock', 'energy stock', 'amp']","['Mastercard Stock: Analyst Estimates &amp; Ratings', 'News Stock: Analyst Estimates &amp; Ratings', '__COMPANY__ Stock: Analyst Estimates &amp; Ratings']"
501,16,501_sanofi enxtpa_enxtpa_sanofi_recent share,"['sanofi enxtpa', 'enxtpa', 'sanofi', 'recent share', 'valuation', 'enxtpa exploring', 'share price', 'valuation recent', 'positive phase', 'valuation amid']","['Sanofi (ENXTPA: __TICKER__ ): Assessing Valuation After Recent Share Price Weakness', 'Sanofi (ENXTPA: __TICKER__ ): Revisiting Valuation After a Recent Share Price Rebound', 'Sanofi (ENXTPA: __TICKER__ ): Exploring Valuation Following Recent Share Price Momentum']"
502,16,502_year surge_surge_late consider_2025 surge,"['year surge', 'surge', 'late consider', '2025 surge', 'surge 2025', 'price surge', '61', 'surge priced', 'late', 'consider']","['Is It Too Late To Consider __COMPANY__ After Its 559% Five Year Surge?', 'Is It Too Late to Consider __COMPANY__ After Its 127.9% Three Year Surge?', 'Is It Too Late To Consider __COMPANY__ After Its 61% One Year Surge?']"
503,16,503_eqt private_parexel_eqt_private equity,"['eqt private', 'parexel', 'eqt', 'private equity', 'equity asset', 'private', 'equity', 'management parexel', 'parexel eqt', 'equity investment']","['EQT Private Equity and __COMPANY__ Asset Management Complete Acquisition of Parexel', 'Parexel to be Acquired by EQT Private Equity and __COMPANY__ Asset Management', 'Parexel 被 EQT Private Equity 及 __COMPANY__ Asset Management 收購']"
504,16,504_week release_ahead week_grow know_surprise coming,"['week release', 'ahead week', 'grow know', 'surprise coming', 'expected grow', 'know ahead', 'earnings expected', 'estimate revisions', 'industry solid', 'coming earnings']","[""__COMPANY__ __TICKER__ Earnings Expected to Grow: What to Know Ahead of Next Week's Release"", ""The __COMPANY__ Corporation __TICKER__ Earnings Expected to Grow: What to Know Ahead of Next Week's Release"", ""__COMPANY__ Corporation __TICKER__ Earnings Expected to Grow: What to Know Ahead of Next Week's Release""]"
505,16,505_coinbase_coinbase stock_coinbase earnings_slump coinbase,"['coinbase', 'coinbase stock', 'coinbase earnings', 'slump coinbase', 'crypto firm', '10 21', 'broken slump', 'break slump', 'bitcoin falling', 'assets bitcoin']","['Coinbase’s Earnings Beat Signals That the Crypto Firm Has Broken Out of Its Slump', 'Coinbase Stock Wobbles as Analyst Warns Gains From Bitcoin ETF Might Disappoint', ""Analyst Says Coinbase 'A Waste Of Time', Taylor Swift's Concert Fiasco Under DOJ Probe, Shopify Clocks Record Black Friday Sales: Top Stories Monday, Nov. 28""]"
506,16,506_chinese stocks_chinese_investor mood_china stock,"['chinese stocks', 'chinese', 'investor mood', 'china stock', 'mood', 'china stocks', 'china tech', 'stocks rally', 'china', 'concerns spoil']","['Delisting Chinese Stocks? Why BIDU, VIPS and TME Stocks Continue to Fall', 'Chinese Stocks in US Jump as New Stimulus Lifts Investor Mood', 'Chinese Stocks Slump as Economic Concerns Spoil Investor Mood']"
507,16,507_archegos_hwang_archegos collapse_archegos banks,"['archegos', 'hwang', 'archegos collapse', 'archegos banks', 'businesses bloomberg', 'banks risk', 'management controls', 'archegos indictment', 'ndas swaps', 'questions banks']","['UPDATE 1-Big banks face probe over NDAs in swaps, clearing businesses, Bloomberg reports', ""UPDATE 1-Archegos indictment raises fresh questions over banks' risk management controls"", ""Archegos indictment raises fresh questions over banks' risk management controls""]"
508,16,508_personal_lines_credit lines_credit score,"['personal', 'lines', 'credit lines', 'credit score', 'lines credit', 'personal credit', 'personal lines', 'score', 'account closures', 'credit canceled']","['What to know if your __COMPANY__ personal line of credit is canceled and ‘I am done with the suburbs. I want a small, liberal town or city with a walkable downtown’: Where should my family move?', '__COMPANY__ Is Shutting Down Credit Lines -- and Your Credit Score Could Be Affected', 'Elizabeth Warren blasts __COMPANY__ for ending personal lines of credit — here’s why that decision could hurt your credit score']"
509,16,509_americas hires_equity research_americas_research analyst,"['americas hires', 'equity research', 'americas', 'research analyst', 'director senior', 'senior equity', 'managing director', 'hires', 'research', 'director']","['__COMPANY__ Americas Hires Yaron Kinar as Managing Director and Senior Equity Research Analyst Covering the Insurance Sector', '__COMPANY__ Americas Hires Lloyd Walmsley as Managing Director and Senior Equity Research Analyst Covering the Internet Sector', '__COMPANY__ Americas Hires Nick Setyan as Managing Director and Senior Equity Research Analyst Covering the Restaurant Sector']"
510,16,510_com featured_zacks com_featured highlights_featured,"['com featured', 'zacks com', 'featured highlights', 'featured', 'com', 'highlights include', 'zacks', 'include', 'highlights', 'motors unum']","['Zacks.com featured highlights __COMPANY__ , General Motors, Unum, StoneCo and Varex', 'Zacks.com featured highlights include Netflix, __COMPANY__ and Dycom', 'Zacks.com featured highlights include NVIDIA, Alphabet and __COMPANY__ Chase']"
511,16,511_upside left_left stock_soars upside_left,"['upside left', 'left stock', 'soars upside', 'left', 'upside', 'soars', 'stock soars', 'equity upside', 'bma soars', 'buzz lifts']","['__COMPANY__ __TICKER__ Soars 6.1%: Is Further Upside Left in the Stock?', '__COMPANY__ __TICKER__ Soars 5.2%: Is Further Upside Left in the Stock?', '__COMPANY__ __TICKER__ Soars 9.2%: Is Further Upside Left in the Stock?']"
512,16,512_hires goldman_taps goldman_goldman names_goldman,"['hires goldman', 'taps goldman', 'goldman names', 'goldman', 'friedland', 'veteran friedland', 'super group', 'chief diversity', 'goldman veteran', 'diversity officer']","['__COMPANY__ hires Goldman veteran Friedland to co-lead North America', ""UPDATE 1- __COMPANY__ hires Goldman's chief diversity officer"", ""__COMPANY__ hires Goldman's chief diversity officer""]"
513,16,513_burry_michael burry_michael_big short,"['burry', 'michael burry', 'michael', 'big short', 'stocks michael', 'short investor', 'investor michael', 'short', 'burry bets', 'looking deep']","['Big Short’s Michael Burry Is Betting On These 11 Stocks', 'Michael Burry of ‘The Big Short’ gambles on regional bank stocks', '""Big Short"" investor Michael Burry bets against Oracle']"
514,16,514_stock trades_trades tuesday_trades_trades thursday,"['stock trades', 'trades tuesday', 'trades', 'trades thursday', '10 stocks', 'monday 10', 'wednesday stock', 'trades monday', 'monday', 'thursday']","['4 Top Stock Trades for Thursday: SQ, __TICKER__ , MELI, PANW', '5 Top Stock Trades for Tuesday: PINS, __TICKER__ , AMD', '5 Top Stock Trades for Tuesday: __TICKER__ , XPEV, PANW, XOM, ARKK']"
515,16,515_lab_cohort_startups_multicultural innovation,"['lab', 'cohort', 'startups', 'multicultural innovation', 'inclusive ventures', 'ventures lab', 'cohort multicultural', 'accelerator', 'innovation lab', 'growth lab']","['__COMPANY__ Hosts Summer Cohort Of Its Multicultural Innovation Lab And Demo Day', '__COMPANY__ Selects 8 Startups for 6th Cohort of Multicultural Innovation Lab Supporting Diverse Founders', '__COMPANY__ Selects 8 Startups for 7th Cohort of Multicultural Innovation Lab Supporting Diverse Founders']"
516,15,516_investor day_day_investor_day host,"['investor day', 'day', 'investor', 'day host', '2025 investor', 'host investor', '2022 investor', 'host', 'day priorities', 'day november']","['__COMPANY__ to host Investor Day', '/R E P E A T -- __COMPANY__ to host Investor Day/', ""__COMPANY__ 's 2025 Investor Day""]"
517,15,517_quinn_announce changes_level soon_management level,"['quinn', 'announce changes', 'level soon', 'management level', 'ceo kicks', 'elhedery', 'changes management', 'soon ceo', 'succession race', 'ceo']","['__TICKER__ Chief Quinn, architect of sweeping overhaul, announces surprise exit', '__TICKER__ to announce changes to next management level soon - CEO', 'UPDATE 1- __TICKER__ to announce changes to next management level soon - CEO']"
518,15,518_carvana_spotify_cvna_carvana cvna,"['carvana', 'spotify', 'cvna', 'carvana cvna', 'spot carvana', 'spotify technology', 'technology spot', 'compelling risk', 'count activist', 'abbott draws']","['Carvana (CVNA) Gains Buy Rating from __TICKER__ Alongside S&amp;P 500 Inclusion', 'Was The Smart Money Right About Carvana Co. (CVNA)?', ""Spotify To Downsize Employee Count, Activist Investor Elliott Invests Multibillion Dollars In Salesforce, Abbott Draws DOJ Investigation On Baby Formula Plant Shutdown: Today's Top Stories""]"
519,15,519_kuznicki law_kuznicki_law pllc_pllc announces,"['kuznicki law', 'kuznicki', 'law pllc', 'pllc announces', 'pllc', 'announces class', 'deadline kuznicki', 'filing deadline', 'behalf shareholders', 'actions behalf']","['FILING DEADLINE--Kuznicki Law PLLC Announces Class Actions on Behalf of Shareholders of __TICKER__ , TS, NVDA and DXC', 'FILING DEADLINE--Kuznicki Law PLLC Announces Class Action on Behalf of Shareholders of __COMPANY__ PLC - __TICKER__', 'FILING DEADLINE--Kuznicki Law PLLC Announces Class Actions on Behalf of Shareholders of __TICKER__ , XRAY, NVDA and AGN']"
520,15,520_data center_center utah_deal texas_financing deal,"['data center', 'center utah', 'deal texas', 'financing deal', 'utah', 'loan', 'center', 'million loan', 'ai data', 'ft reports']","['Banks Loan $2 Billion to Build a 100-Acre AI Data Center in Utah', '__COMPANY__ , Starwood Property Trust Provide $2 Billion Loan for AI Data Center in Utah', '__COMPANY__ and __TICKER__ near $22 billion data center financing deal in Texas, FT reports']"
521,15,521_omicron_covid_variant_covid 19,"['omicron', 'covid', 'variant', 'covid 19', 'omicron variant', 'supply chains', 'coronavirus', 'chains', '19', 'amazon reveals']","['Stock market is at risk of a correction if the COVID-19 Delta variant causes this to happen', ""'Very little evidence' Omicron variant will impact restaurant demand: Analyst"", 'Asia Pacific Supply Chains Remain Resilient, but COVID-19 Resulting in a Broader Rethink, says new __COMPANY__ -EIU Report']"
522,15,522_davos_davos 2023_fed dominate_ai trump,"['davos', 'davos 2023', 'fed dominate', 'ai trump', 'dominate davos', 'tariffs fed', 'forum davos', 'davos 2025', 'crypto trump', 'davos mag']","['Mag 7, crypto, AI, Trump, tariffs, Fed, and everything else that will dominate Davos', ""'Magnificent 7,' crypto, Trump coin, AI, Trump, tariffs, Fed, and everything else that will dominate Davos"", 'Mag 7, crypto, Trump coin, AI, Trump, tariffs, Fed, and everything else that will dominate Davos']"
523,15,523_sustainable_sustainable signals_sustainable finance_new survey,"['sustainable', 'sustainable signals', 'sustainable finance', 'new survey', 'signals new', 'survey shows', 'sustainable investing', 'signals', 'survey', 'global survey']","['__COMPANY__ Sustainable Signals: Global Survey Shows Institutional Investors Maintain Positive Outlook on Sustainable Investing', '__COMPANY__ Sustainable Signals: New Survey Shows Value Creation Drives Corporate Sustainability Strategies Globally', '__COMPANY__ Sustainable Signals: New Survey Shows Opportunities Exist for Asset Managers to Better Meet Asset Owner Sustainable Investing Needs']"
524,15,524_private credit_private_credit fears_credit,"['private credit', 'private', 'credit fears', 'credit', '639b', '4b loan', '1929', 'beat private', 'bravo 10', 'boom default']","[""How Blue Owl found itself at the middle of Wall Street's latest private credit fears"", 'Rowan Says People ‘Lost Their Minds’ Over Private Credit Fears', ""Private Credit Just Crushed Wall Street--$4B Loan Fuels Thoma Bravo's $10.6B Boeing Buyout""]"
525,15,525_fannie_freddie_fannie freddie_freddie public,"['fannie', 'freddie', 'fannie freddie', 'freddie public', 'says fannie', 'fannie mae', 'mae', 'raise 30', 'mae freddie', 'public end']","['Trump says Fannie and Freddie will go public by end of year and raise $30 billion: Report', 'Trump administration says Fannie and Freddie will go public by end of year and raise $30 billion: Report', 'Trump administration says Fannie and Freddie will go public by end of year and raise $30 billion']"
526,15,526_energy_european energy_energy crunch_price cap,"['energy', 'european energy', 'energy crunch', 'price cap', 'energy prices', 'energy crisis', 'prices', 'winter', 'power', 'crunch']","['EU Leaders Quash Calls for Fast Fixes to Solve Energy Crisis', 'European Energy Prices Surge to Records as Supply Crisis Spreads', 'European Energy Majors Gain as Prices Rise, Inventories Run Low']"
527,15,527_2021 shares_voting rights_voting_rights,"['2021 shares', 'voting rights', 'voting', 'rights', 'rights 31', 'shares voting', 'amp voting', 'shares amp', '31', 'rights 30']","['__COMPANY__ : shares &amp; voting rights as of 31 July 2021', '__COMPANY__ : shares &amp; voting rights as of 31 October 2021', '__COMPANY__ : shares and voting rights as of 31 May 2021']"
528,15,528_lawsuit investors_investors shares_announced shareholders_shareholders foundation,"['lawsuit investors', 'investors shares', 'announced shareholders', 'shareholders foundation', 'lawsuit', 'shares group', 'dismissal', 'announced', 'foundation lawsuit', 'foundation']","['Lawsuit for Investors in shares of The __COMPANY__ Group, Inc. ( __TICKER__ ) against Directors announced by Shareholders Foundation', 'Update in Lawsuit for Investors in shares of the __COMPANY__ Group, Inc. ( __TICKER__ ) announced by Shareholders Foundation', 'Lawsuit for Investors in shares of The __COMPANY__ Group, Inc. ( __TICKER__ ) announced by Shareholders Foundation']"
529,15,529_disclosure regulatory_regulatory capital_regulatory_disclosure,"['disclosure regulatory', 'regulatory capital', 'regulatory', 'disclosure', 'capital requirements', 'requirements', 'cfo santomassimo', 'hurdles cfo', '1st january', 'santomassimo']","['__COMPANY__ : Disclosure of regulatory capital requirements effective from 1 January 2026', '__COMPANY__ : Disclosure of regulatory capital requirements effective from 1st January 2024', '__COMPANY__ : Disclosure of regulatory capital requirements as from 1st January 2023']"
530,15,530_supermarkets plc_wm morrison_form wm_morrison supermarkets,"['supermarkets plc', 'wm morrison', 'form wm', 'morrison supermarkets', 'supermarkets', 'wm', 'morrison', 'mail amp', 'trust plc', 'general trust']","['Form 8.3 - WM Morrison Supermarkets PLC - Amendment', 'Form 8.3 - WM Morrison Supermarkets plc - Amendment', 'Form 8.3 - WM MORRISON SUPERMARKETS PLC - Amendment']"
531,15,531_branches_closures_branch closures_bank branches,"['branches', 'closures', 'branch closures', 'bank branches', '000 uk', 'branches 2025', 'bank closing', 'banks close', 'locations', 'closing']","['More than 6,000 UK bank branches closed with Yorkshire hit the hardest', '__TICKER__ Bank is closing more branches in 2025: See the full list of 51 doomed locations across 13 states', 'More than 6,000 UK bank branches now gone in nine years of ‘disastrous’ closures']"
532,15,532_inflation_fed inflation_fed needs_lower inflation,"['inflation', 'fed inflation', 'fed needs', 'lower inflation', 'fed', 'inflation fed', 'year high', '40 year', 'downshifting rates', 'convincing things']","['US Inflation Isn’t on Smooth Glide Path to 2%, Fed’s Barkin Says', '‘Weaker job growth and lower inflation’: It’s all lining up perfectly for a Fed cut in December', 'Markets Are Reacting to Jobs Over Inflation. Why the Fed Needs More Convincing and 5 Other Things to Know Today.']"
533,15,533_pay larger_larger dividend_dividend year_larger,"['pay larger', 'larger dividend', 'dividend year', 'larger', 'passed checks', 'checks pay', 'passed', 'checks', 'pay', 'dividend pay']","['__COMPANY__ ( __TICKER__ ) Will Pay A Larger Dividend Than Last Year At $0.28', '__COMPANY__ ( __TICKER__ ) Will Pay A Larger Dividend Than Last Year At US$0.57', '__COMPANY__ ( __TICKER__ ) Will Pay A Larger Dividend Than Last Year At $0.30']"
534,15,534_defined week_stocks defined_defined_week score,"['defined week', 'stocks defined', 'defined', 'week score', 'netflix twitter', 'week', 'score', 'netflix', 'chase pepsi', 'chipotle netflix']","['Twitter, __COMPANY__ , Etsy: Stocks That Defined the Week', '__COMPANY__ , Lululemon, Disney: Stocks That Defined the Week', 'Microsoft, __COMPANY__ , Netflix: Stocks That Defined the Week']"
535,15,535_tender_cash tender_tender offer_certain senior,"['tender', 'cash tender', 'tender offer', 'certain senior', 'subsidiary certain', 'notes mellon', 'certain', 'offer wholly', 'owned subsidiary', 'wholly']","['__COMPANY__ Mellon Announces Expiration Date Results of Cash Tender Offer by its Wholly Owned Subsidiary for Certain of its Senior Notes', '__COMPANY__ Mellon Announces Any and All Cash Tender Offer by its Wholly Owned Subsidiary for Certain of its Senior Notes', '__COMPANY__ Mellon Announces Pricing of Any and All Cash Tender Offer by its Wholly Owned Subsidiary for Certain of its Senior Notes']"
536,15,536_profit usd_article 53_ad hoc_announcement pursuant,"['profit usd', 'article 53', 'ad hoc', 'announcement pursuant', 'pursuant article', 'listing rules', 'hoc', 'hoc announcement', 'exchange regulation', '53 exchange']","['__TICKER__ : 2Q22 net profit of USD 2.1bn, 18.9% return on CET1 capital (Ad hoc announcement pursuant to Article 53 of the SIX Exchange Regulation Listing Rules)', '__TICKER__ : 2022 net profit of USD 7.6bn, 17.0% return on CET1 capital (Ad hoc announcement pursuant to Article 53 of the SIX Exchange Regulation Listing Rules)', '__TICKER__ : 1Q22 net profit of USD 2.1bn, 19.0% return on CET1 capital (Ad hoc announcement pursuant to Article 53 of the SIX Exchange Regulation Listing Rules)']"
537,15,537_jobs china_tech jobs_500 tech_cuts china,"['jobs china', 'tech jobs', '500 tech', 'cuts china', 'china tech', 'cut 500', 'tech centers', 'roles china', 'rout sources', 'unit staff']","['__COMPANY__ to cut 3,500 jobs at China tech centers', '__COMPANY__ to cut 3,500 tech jobs in China in global revamp', '__COMPANY__ To Cut Around 3,500 Tech Jobs In China Under Global Restructuring']"
538,15,538_hartnett_hartnett sees_hartnett says_stock rally,"['hartnett', 'hartnett sees', 'hartnett says', 'stock rally', 'hartnett warns', 'stocks hartnett', 'stock bubble', 'rally', 'wilson says', 'says stocks']","['__COMPANY__ ’s Hartnett Says Magnificent 7 Stock Bubble Is Still Growing', '__COMPANY__ ’s Hartnett Sees Stock Rally Extending as Growth Bets Surge', '__COMPANY__ ’s Hartnett Sees Risk of Stock Bubble on Fed Pivot, Tax Cuts']"
539,15,539_52 week_run continue_high run_week high,"['52 week', 'run continue', 'high run', 'week high', '52', 'hit 52', 'continue', 'run', 'week', 'hits 52']","['The __COMPANY__ Corporation __TICKER__ Hit a 52 Week High, Can the Run Continue?', '__COMPANY__ __TICKER__ Hits 52-Week High, Can the Run Continue?', '__COMPANY__ __TICKER__ Hit a 52 Week High, Can the Run Continue?']"
540,15,540_grow buy_expected grow_earnings visibility_visibility,"['grow buy', 'expected grow', 'earnings visibility', 'visibility', 'earnings expected', 'expected', 'grow', 'buy corporation', 'buy buy', 'estimates buy']","['__COMPANY__ Corporation __TICKER__ Earnings Expected to Grow: Should You Buy?', '__COMPANY__ __TICKER__ Earnings Expected to Grow: Should You Buy?', '__TICKER__ __TICKER__ Earnings Expected to Grow: Should You Buy?']"
541,15,541_management pulse_pulse survey_pulse_survey reveals,"['management pulse', 'pulse survey', 'pulse', 'survey reveals', 'reveals', 'survey', 'wealth management', 'sentiment', 'optimism wealth', 'reveals investor']","['__COMPANY__ Wealth Management Pulse Survey Reveals Majority of Retail Investors Bearish', '__COMPANY__ Wealth Management Pulse Survey Reveals Investors Grow Bearish on the Market', '__COMPANY__ Wealth Management Pulse Survey Reveals Growing Investor Optimism']"
542,15,542_expected decline_decline earnings_earnings expected_earnings preview,"['expected decline', 'decline earnings', 'earnings expected', 'earnings preview', 'preview corporation', 'preview', 'decline', 'expected', 'preview q2', 'preview q3']","['Earnings Preview: __COMPANY__ Corporation __TICKER__ Q3 Earnings Expected to Decline', 'Earnings Preview: __COMPANY__ Corporation __TICKER__ Q4 Earnings Expected to Decline', 'Earnings Preview: The __COMPANY__ Corporation __TICKER__ Q4 Earnings Expected to Decline']"
543,15,543_street rises_cloud wall_boom casts_rises big,"['street rises', 'cloud wall', 'boom casts', 'rises big', 'end trading', 'casts cloud', 'wall street', 'wall', 'earnings season', 'street']","['US STOCKS-Wall Street rises as big banks kick off earnings season', 'End of trading boom casts cloud over Wall Street bank earnings', 'REFILE-End of trading boom casts cloud over Wall Street bank earnings']"
544,15,544_piven_brower_brower piven_alert brower,"['piven', 'brower', 'brower piven', 'alert brower', '000 investment', 'contact brower', 'piven lead', 'excess 100', 'losses excess', 'excess']","['SHAREHOLDER ALERT: Brower Piven Notifies Investors of Class Action Lawsuit And Encourages Those Who Have Losses In Excess Of $100,000 From Investment In __COMPANY__ & Company ( __TICKER__ ) To Contact Brower Piven Before The Lead Plaintiff Deadline', 'SHAREHOLDER ALERT: Brower Piven Encourages Investors Who Have Losses In Excess Of $100,000 From Investment In __COMPANY__ & Company ( __TICKER__ ) To Contact Brower Piven Before The Lead Plaintiff Deadline In Class Action Lawsuit', 'SHAREHOLDER ALERT: Brower Piven Encourages Investors Who Have Losses In Excess Of $100,000 From Investment In __COMPANY__ & Company To Contact Brower Piven Before The Lead Plaintiff Deadline In Class Action Lawsuit – __TICKER__']"
545,15,545_india_india strategy_ownership india_shriram,"['india', 'india strategy', 'ownership india', 'shriram', 'shriram finance', 'stake india', 'talks', '2023 helped', 'ecosystem ownership', '360 deal']","['__TICKER__ ’s Talks for Stake in India Consumer Lender Said to Hit Snag', ""__TICKER__ in talks for $2.6 billion stake in India's Shriram Finance, Economic Times reports"", ""Could Media Rumors About Shriram Finance Highlight a Shift in __TICKER__ 's ( __TICKER__ ) India Strategy?""]"
546,15,546_consolidated_summary expectations_consolidated research_performance indications,"['consolidated', 'summary expectations', 'consolidated research', 'performance indications', 'analysis key', 'indications', 'fundamental analysis', 'key performance', 'research 2018', '2018 summary']","['Consolidated Research: 2018 Summary Expectations for At Home Group, __COMPANY__ , Curis, Novavax, HNI, and Freshpet — Fundamental Analysis, Key Performance Indications', 'Consolidated Research: 2018 Summary Expectations for Humana, DexCom, Royal Dutch Shell, First Connecticut, __COMPANY__ , and Equifax — Fundamental Analysis, Key Performance Indications', 'Consolidated Research: 2018 Summary Expectations for Dow Chemical, __COMPANY__ , New York Community, Frontier Communications, TAL Education Group, and Ekso Bionics — Fundamental Analysis, Key Performance Indications']"
547,15,547_fido_authentication_fido alliance_certified,"['fido', 'authentication', 'fido alliance', 'certified', 'alliance announces', 'alliance', 'fido authentication', 'fido certified', 'authentication products', 'docomo']","[""FIDO Alliance Announces 72 Certified Authentication Products Are Now Available, Featuring the First FIDO Solutions for Apple's Touch ID on iOS 9"", 'eBay Joins FIDO Alliance and Announces FIDO Certified Open Source Authentication Server and Android Client', 'FIDO Alliance Announces 62 Authentication Products Are Now FIDO(R) Certified']"
