trial,fold,random_seed,n_neighbors,n_components,min_cluster_size,min_samples,ngram_range,n_topics,cv_val,npmi_val,topic_diversity,intra_topic_similarity,inter_topic_similarity,fit_seconds
1,1,42,10,4,8,1,"(1, 2)",22,0.46961559520125057,-0.13601944950330788,0.9181818181818182,0.40985314760889324,0.4697343409061432,6.590862399985781
1,2,42,10,4,8,1,"(1, 2)",67,0.5244036999425802,-0.015869334150716303,0.8955223880597015,0.49214917067754066,0.3927256762981415,8.879926800000248
1,3,42,10,4,8,1,"(1, 2)",106,0.4883068507130823,-0.09473322869482885,0.869811320754717,0.46740111594016737,0.396756112575531,38.770134899998084
2,1,42,10,4,8,2,"(1, 2)",22,0.46792258982356155,-0.131538377198399,0.9181818181818182,0.4119758449849628,0.4594144821166992,6.025179400021443
2,2,42,10,4,8,2,"(1, 2)",59,0.5330282662774951,-0.012287113373670519,0.9016949152542373,0.49380644367021675,0.3825036585330963,9.037839600001462
2,3,42,10,4,8,2,"(1, 2)",102,0.5023453294912148,-0.059136273834616906,0.8794117647058823,0.4763175936978917,0.3810065984725952,38.275196700007655
3,1,42,10,4,8,4,"(1, 2)",17,0.4764942490011043,-0.15641538746385186,0.9352941176470588,0.3970757600139169,0.4368073642253876,5.998178799985908
3,2,42,10,4,8,4,"(1, 2)",53,0.5116155314887149,-0.04733889934586679,0.8905660377358491,0.47740214080252547,0.3939352333545685,8.854015899996739
3,3,42,10,4,8,4,"(1, 2)",87,0.508420417752476,-0.059967562491276306,0.8804597701149425,0.4802185327975781,0.3949596881866455,38.537427700008266
4,1,42,10,4,8,6,"(1, 2)",14,0.49458270287442946,-0.12224212876349791,0.9214285714285714,0.41828340930598124,0.45847415924072266,5.999494099989533
4,2,42,10,4,8,6,"(1, 2)",46,0.4957063473604596,-0.0637807761364564,0.8956521739130435,0.47327592857182027,0.38680851459503174,8.832459800003562
4,3,42,10,4,8,6,"(1, 2)",80,0.5438321844690975,-0.033283489684038596,0.88875,0.48426293167803025,0.3902338743209839,38.774599299998954
5,1,42,10,4,12,1,"(1, 2)",16,0.38687691155220083,-0.25475965010281193,0.8875,0.3724394043286641,0.5403609275817871,5.975840800005244
5,2,42,10,4,12,1,"(1, 2)",44,0.5056851671641887,-0.033613609097711813,0.9136363636363637,0.44587417466695917,0.42687931656837463,8.803085399995325
5,3,42,10,4,12,1,"(1, 2)",70,0.49586870222631013,-0.078861836207197,0.8628571428571429,0.4527044883414881,0.4526479244232178,39.27389869999024
6,1,42,10,4,12,2,"(1, 2)",16,0.3848773080328825,-0.24894857999310452,0.8875,0.3794150948524475,0.520447850227356,5.988816700002644
6,2,42,10,4,12,2,"(1, 2)",42,0.5273320842251279,-0.01195390857479385,0.9095238095238095,0.4480205799748258,0.41172781586647034,8.738402599992696
6,3,42,10,4,12,2,"(1, 2)",67,0.4832263075490263,-0.08924767826579351,0.8820895522388059,0.44910228392109275,0.43691810965538025,38.746100799995475
7,1,42,10,4,12,4,"(1, 2)",12,0.42818712708246,-0.24947966864097093,0.9083333333333333,0.3742888520161311,0.5057451128959656,5.982001099997433
7,2,42,10,4,12,4,"(1, 2)",38,0.48902701811059845,-0.09368508312305106,0.8973684210526316,0.4388812663587364,0.4349246025085449,8.827824500011047
7,3,42,10,4,12,4,"(1, 2)",60,0.5174606215822478,-0.05255936389872123,0.8983333333333333,0.46028354816269457,0.42945951223373413,38.41043270000955
8,1,42,10,4,12,6,"(1, 2)",7,0.4318258510048171,-0.21048138490042878,0.9285714285714286,0.3609711400100163,0.6330277323722839,5.9072266000148375
8,2,42,10,4,12,6,"(1, 2)",35,0.4865184080647012,-0.08896525630076407,0.9085714285714286,0.4337403489386334,0.4335651397705078,8.76188700000057
8,3,42,10,4,12,6,"(1, 2)",53,0.5502567137901595,-0.005582056783835696,0.909433962264151,0.45539336594251484,0.43867969512939453,38.282141200004844
9,1,42,10,4,16,1,"(1, 2)",11,0.449562839142367,-0.23647011426362632,0.8909090909090909,0.34698645770549774,0.5964699983596802,5.972648399998434
9,2,42,10,4,16,1,"(1, 2)",29,0.46369801851877,-0.07925142376214772,0.896551724137931,0.41073965923539524,0.4624011516571045,8.646817500004545
9,3,42,10,4,16,1,"(1, 2)",53,0.45703131078195824,-0.10890240789395153,0.8981132075471698,0.4230281541160509,0.47190698981285095,38.232242800004315
10,1,42,10,4,16,2,"(1, 2)",2,0.4345676076885695,-0.10260806900938377,0.95,0.32864347100257874,0.7076141834259033,6.259694999986095
10,2,42,10,4,16,2,"(1, 2)",28,0.45063042687448224,-0.07883753969218137,0.9071428571428571,0.40649632630603655,0.4571245312690735,8.714441300020553
10,3,42,10,4,16,2,"(1, 2)",51,0.4798424937306083,-0.09125292861001653,0.903921568627451,0.4277009866675552,0.44719043374061584,38.36460239998996
11,1,42,10,4,16,4,"(1, 2)",2,0.4345676076885695,-0.10260806900938377,0.95,0.333056315779686,0.6962183117866516,5.840343199990457
11,2,42,10,4,16,4,"(1, 2)",32,0.4639943098879387,-0.10357440411066357,0.915625,0.43098234697695703,0.43765127658843994,8.68286800000351
11,3,42,10,4,16,4,"(1, 2)",45,0.5074394024296028,-0.04948836940384272,0.9266666666666666,0.4416602662829466,0.4538872241973877,38.87427270002081
12,1,42,10,4,16,6,"(1, 2)",6,0.43400809866239953,-0.17244601391074924,0.9,0.3642885436614354,0.6498940587043762,6.260648700001184
12,2,42,10,4,16,6,"(1, 2)",7,0.6284683760067579,0.1237857443088856,0.9,0.4357694259711674,0.47973084449768066,9.201627100002952
12,3,42,10,4,16,6,"(1, 2)",41,0.5143178664663755,-0.02501161590881778,0.9341463414634147,0.42736429921010644,0.469433069229126,40.83440089999931
13,1,42,10,4,24,1,"(1, 2)",2,0.4345676076885695,-0.10260806900938377,0.95,0.33029139041900635,0.7099037170410156,6.091401699988637
13,2,42,10,4,24,1,"(1, 2)",5,0.5534660365915551,0.008365308919281422,0.88,0.37852352261543276,0.607167661190033,8.740421800001059
13,3,42,10,4,24,1,"(1, 2)",29,0.4952967829991338,-0.06908849894081469,0.9344827586206896,0.39354015835400286,0.5543384552001953,39.83479439999792
14,1,42,10,4,24,2,"(1, 2)",2,0.4345676076885695,-0.10260806900938377,0.95,0.32864347100257874,0.7076141834259033,6.171844299999066
14,2,42,10,4,24,2,"(1, 2)",4,0.530509182305785,0.013716047426775508,0.85,0.3428391069173813,0.6331862807273865,8.921340000000782
14,3,42,10,4,24,2,"(1, 2)",28,0.5013616433488879,-0.051994932141706016,0.9321428571428572,0.40245516172477175,0.5476980805397034,39.773656500008656
15,1,42,10,4,24,4,"(1, 2)",2,0.4345676076885695,-0.10260806900938377,0.95,0.333056315779686,0.6962183117866516,6.131626799993683
15,2,42,10,4,24,4,"(1, 2)",4,0.530509182305785,0.013716047426775508,0.85,0.33976275473833084,0.6343815326690674,8.986144199996488
15,3,42,10,4,24,4,"(1, 2)",27,0.4759921620042094,-0.05729019650470001,0.9259259259259259,0.3990762244772028,0.5191051959991455,39.39687299999059
16,1,42,10,4,24,6,"(1, 2)",5,0.4340900596016466,-0.20170737375713124,0.92,0.3341771960258484,0.6947697401046753,5.841655600001104
16,2,42,10,4,24,6,"(1, 2)",5,0.5595221585750155,0.029243068860428555,0.88,0.37606244087219237,0.6078943610191345,8.470154599985108
16,3,42,10,4,24,6,"(1, 2)",28,0.4835953192620615,-0.06654899839783832,0.925,0.4043225369283131,0.5166351199150085,39.7490083000157
17,1,42,10,4,32,1,"(1, 2)",2,0.4345676076885695,-0.10260806900938377,0.95,0.33029139041900635,0.7099037170410156,6.43720599997323
17,2,42,10,4,32,1,"(1, 2)",4,0.530509182305785,0.013716047426775508,0.85,0.3428391069173813,0.6331862807273865,9.059058999991976
17,3,42,10,4,32,1,"(1, 2)",23,0.48088981546821424,-0.11688075455671319,0.9391304347826087,0.3682521957418193,0.5783610343933105,38.9526223000139
18,1,42,10,4,32,2,"(1, 2)",2,0.4345676076885695,-0.10260806900938377,0.95,0.32864347100257874,0.7076141834259033,6.127646400011145
18,2,42,10,4,32,2,"(1, 2)",4,0.530509182305785,0.013716047426775508,0.85,0.3428391069173813,0.6331862807273865,8.624876599991694
18,3,42,10,4,32,2,"(1, 2)",4,0.49851481645226026,0.03437148525873139,0.925,0.40355557948350906,0.5482586026191711,39.68768999999156
19,1,42,10,4,32,4,"(1, 2)",2,0.4345676076885695,-0.10260806900938377,0.95,0.333056315779686,0.6962183117866516,6.036708799976623
19,2,42,10,4,32,4,"(1, 2)",4,0.530509182305785,0.013716047426775508,0.85,0.33976275473833084,0.6343815326690674,8.820746599987615
19,3,42,10,4,32,4,"(1, 2)",4,0.49851481645226026,0.03437148525873139,0.925,0.40355557948350906,0.5482586026191711,41.09894330002135
20,1,42,10,4,32,6,"(1, 2)",3,0.5108977764113555,-0.1793484341254646,0.9666666666666667,0.3116885721683502,0.6699512600898743,6.272528100002091
20,2,42,10,4,32,6,"(1, 2)",4,0.530509182305785,0.013716047426775508,0.85,0.33976275473833084,0.6343815326690674,8.689068699983181
20,3,42,10,4,32,6,"(1, 2)",4,0.49851481645226026,0.03437148525873139,0.925,0.40584832429885864,0.5474563837051392,39.67804669999168
21,1,42,10,6,8,1,"(1, 2)",23,0.4631923920370709,-0.18091574012868702,0.9304347826086956,0.43018386309797113,0.4442262053489685,6.2054860000207555
21,2,42,10,6,8,1,"(1, 2)",66,0.5091496479605341,-0.07447422985731278,0.8742424242424243,0.4850848871800635,0.3837960958480835,9.037401600013254
21,3,42,10,6,8,1,"(1, 2)",106,0.535079832539704,-0.03722607811540473,0.8688679245283019,0.46638848452450155,0.4074256122112274,39.296437399985734
22,1,42,10,6,8,2,"(1, 2)",22,0.4633237557028066,-0.16294851316084466,0.9318181818181818,0.4366782988820757,0.41630789637565613,6.097861199988984
22,2,42,10,6,8,2,"(1, 2)",59,0.534833108185724,-0.032338987845639426,0.8949152542372881,0.5018883137678614,0.38623085618019104,9.21781689999625
22,3,42,10,6,8,2,"(1, 2)",100,0.5455190027334887,-0.015287305959878676,0.874,0.4826847251591294,0.3945978581905365,38.885662600019714
23,1,42,10,6,8,4,"(1, 2)",14,0.49038011904264883,-0.1860128963131716,0.95,0.4098080637363287,0.4609229862689972,5.9935320999938995
23,2,42,10,6,8,4,"(1, 2)",48,0.5145684087271957,-0.04413845415272941,0.90625,0.4860818769250597,0.40144315361976624,9.232275999995181
23,3,42,10,6,8,4,"(1, 2)",91,0.5410319543584976,-0.026354824733649994,0.8857142857142857,0.48774787936455166,0.38477811217308044,39.05199979999452
24,1,42,10,6,8,6,"(1, 2)",9,0.548909369917561,-0.07571604716027873,0.9555555555555556,0.41539301309320664,0.49885374307632446,5.999325499986298
24,2,42,10,6,8,6,"(1, 2)",47,0.5032902603042175,-0.050987923670998025,0.902127659574468,0.4804516762495041,0.39108264446258545,8.890819800028112
24,3,42,10,6,8,6,"(1, 2)",84,0.5603215497414431,-0.02061921859924986,0.8892857142857142,0.4873379977544149,0.3822548985481262,39.30921179999132
25,1,42,10,6,12,1,"(1, 2)",15,0.42867554843876843,-0.2815537975365985,0.9133333333333333,0.38828086654345195,0.532570481300354,6.004833399987547
25,2,42,10,6,12,1,"(1, 2)",41,0.5203376147292482,-0.03917850789438421,0.8975609756097561,0.43598977848887444,0.45143887400627136,8.83147309999913
25,3,42,10,6,12,1,"(1, 2)",67,0.5199046790332925,-0.033630731130162794,0.8597014925373134,0.46762275053904606,0.4427715241909027,38.94200360000832
26,1,42,10,6,12,2,"(1, 2)",14,0.43565674194224807,-0.2839212461061428,0.9071428571428571,0.39932335913181305,0.502233624458313,5.982328900019638
26,2,42,10,6,12,2,"(1, 2)",39,0.5383480467097418,-0.021148422928912385,0.9153846153846154,0.4469089181842031,0.4354119896888733,8.865859299985459
26,3,42,10,6,12,2,"(1, 2)",66,0.5310742772520574,-0.03064213292296359,0.8651515151515151,0.4721776663310944,0.42761242389678955,38.668621399992844
27,1,42,10,6,12,4,"(1, 2)",9,0.43850064935172434,-0.2878868205700748,0.9222222222222223,0.3599792768557866,0.6004161238670349,5.960548800008837
27,2,42,10,6,12,4,"(1, 2)",35,0.5099995671706306,-0.053443337417182504,0.9142857142857143,0.4558614641427994,0.42507484555244446,8.81384970000363
27,3,42,10,6,12,4,"(1, 2)",63,0.5182542719730829,-0.04584316744385795,0.8809523809523809,0.4623668506741524,0.41337552666664124,38.771203999989666
28,1,42,10,6,12,6,"(1, 2)",6,0.44668401668814894,-0.26244387243620065,0.9333333333333333,0.3407304560144742,0.6667762994766235,5.928169299993897
28,2,42,10,6,12,6,"(1, 2)",32,0.4719820571445401,-0.07526182828789721,0.90625,0.44630630780011415,0.44411998987197876,8.784857699996792
28,3,42,10,6,12,6,"(1, 2)",58,0.5353146115300745,-0.028933552215277478,0.9051724137931034,0.46300970099189065,0.4226199686527252,39.16630969999824
29,1,42,10,6,16,1,"(1, 2)",11,0.4275810968275681,-0.29387121780949726,0.9181818181818182,0.36255066096782684,0.5717449188232422,5.998515899991617
29,2,42,10,6,16,1,"(1, 2)",31,0.48291795950632654,-0.10040251770242321,0.9032258064516129,0.41182438260124576,0.4907306730747223,8.791079699993134
29,3,42,10,6,16,1,"(1, 2)",54,0.5006773241863144,-0.0562756412431193,0.8740740740740741,0.44669356827552503,0.46321946382522583,38.619347999978345
30,1,42,10,6,16,2,"(1, 2)",11,0.436472783295125,-0.29832710588804917,0.9272727272727272,0.37142623554576526,0.548387348651886,6.001570299995365
30,2,42,10,6,16,2,"(1, 2)",28,0.4607517209533345,-0.11934019052546664,0.9107142857142857,0.4178150605272364,0.4815552830696106,8.72570640000049
30,3,42,10,6,16,2,"(1, 2)",53,0.5043553059960525,-0.058206144097567844,0.8830188679245283,0.45000083863735196,0.44832807779312134,38.70159399998374
31,1,42,10,6,16,4,"(1, 2)",2,0.4345676076885695,-0.10260806900938377,0.95,0.3315471038222313,0.6960088014602661,5.867429000005359
31,2,42,10,6,16,4,"(1, 2)",7,0.6241425745900006,0.10887305863663767,0.9,0.4349184674876077,0.4778905212879181,9.157463599985931
31,3,42,10,6,16,4,"(1, 2)",47,0.5003353209521791,-0.05143492079400944,0.8914893617021277,0.44738608793072077,0.4548191726207733,39.22711680000066
32,1,42,10,6,16,6,"(1, 2)",6,0.44668401668814894,-0.26244387243620065,0.9333333333333333,0.3407304560144742,0.6667762994766235,6.368398599995999
32,2,42,10,6,16,6,"(1, 2)",7,0.6241425745900006,0.10887305863663767,0.9,0.4396164502416338,0.47791168093681335,8.887033500010148
32,3,42,10,6,16,6,"(1, 2)",45,0.5064025758885242,-0.04228049035958562,0.92,0.4401896372437477,0.45627474784851074,38.44395490002353
33,1,42,10,6,24,1,"(1, 2)",2,0.4345676076885695,-0.10260806900938377,0.95,0.3286439999938011,0.7013648748397827,5.917419000004884
33,2,42,10,6,24,1,"(1, 2)",5,0.5534660365915551,0.008365308919281422,0.88,0.37188228964805603,0.6080740094184875,8.865331100008916
33,3,42,10,6,24,1,"(1, 2)",31,0.5273651675260517,-0.06795221746846763,0.9,0.4115801215171814,0.5448076128959656,38.501674700004514
34,1,42,10,6,24,2,"(1, 2)",2,0.4345676076885695,-0.10260806900938377,0.95,0.3287176787853241,0.7032623887062073,5.908700400002999
34,2,42,10,6,24,2,"(1, 2)",4,0.530509182305785,0.013716047426775508,0.85,0.3373446837067604,0.6334543824195862,8.682832999998936
34,3,42,10,6,24,2,"(1, 2)",29,0.5227892715642447,-0.061120417436654556,0.906896551724138,0.4116138273051807,0.5357359051704407,38.4640003000095
35,1,42,10,6,24,4,"(1, 2)",5,0.4466603358990577,-0.21860035645240283,0.92,0.34339895844459534,0.7042204141616821,6.140055399999255
35,2,42,10,6,24,4,"(1, 2)",4,0.530509182305785,0.013716047426775508,0.85,0.33628203719854355,0.6290347576141357,8.602182599977823
35,3,42,10,6,24,4,"(1, 2)",29,0.5318550832259056,-0.0547582510391309,0.9137931034482759,0.41975181986545695,0.5028236508369446,38.681182200001786
36,1,42,10,6,24,6,"(1, 2)",5,0.45997051861335586,-0.23569123283889115,0.92,0.34145627319812777,0.6926244497299194,5.966304200002924
36,2,42,10,6,24,6,"(1, 2)",4,0.530509182305785,0.013716047426775508,0.85,0.33628203719854355,0.6290347576141357,8.586707100010244
36,3,42,10,6,24,6,"(1, 2)",30,0.5252370594449223,-0.049401308682176175,0.92,0.41923223932584125,0.49282106757164,38.79908820000128
37,1,42,10,6,32,1,"(1, 2)",2,0.4345676076885695,-0.10260806900938377,0.95,0.3286439999938011,0.7013648748397827,5.911975399998482
37,2,42,10,6,32,1,"(1, 2)",4,0.530509182305785,0.013716047426775508,0.85,0.3373446837067604,0.6334543824195862,8.584231200016802
37,3,42,10,6,32,1,"(1, 2)",25,0.5200965767126852,-0.04575738848516574,0.888,0.40237073302268983,0.5529016256332397,38.49376859999029
38,1,42,10,6,32,2,"(1, 2)",2,0.4345676076885695,-0.10260806900938377,0.95,0.3287176787853241,0.7032623887062073,5.877893800003221
38,2,42,10,6,32,2,"(1, 2)",4,0.530509182305785,0.013716047426775508,0.85,0.3373446837067604,0.6334543824195862,8.582177000003867
38,3,42,10,6,32,2,"(1, 2)",23,0.5023404786888198,-0.0685955184194482,0.8956521739130435,0.40240812042485113,0.5563926696777344,38.49067030000151
39,1,42,10,6,32,4,"(1, 2)",5,0.4466603358990577,-0.21860035645240283,0.92,0.34339895844459534,0.7042204141616821,6.03214000002481
39,2,42,10,6,32,4,"(1, 2)",4,0.530509182305785,0.013716047426775508,0.85,0.33628203719854355,0.6290347576141357,8.513847299996996
39,3,42,10,6,32,4,"(1, 2)",22,0.49170278810071033,-0.11376512255243715,0.9318181818181818,0.382766222411936,0.560916543006897,38.752212899998995
40,1,42,10,6,32,6,"(1, 2)",5,0.45997051861335586,-0.23569123283889115,0.92,0.34145627319812777,0.6926244497299194,6.1484256999974605
40,2,42,10,6,32,6,"(1, 2)",4,0.530509182305785,0.013716047426775508,0.85,0.33628203719854355,0.6290347576141357,8.680573799996637
40,3,42,10,6,32,6,"(1, 2)",19,0.4997400017848717,-0.09606230917608288,0.9263157894736842,0.38520046284324244,0.5582135915756226,38.21214889999828
41,1,42,10,8,8,1,"(1, 2)",22,0.48624160450589315,-0.1386728126883981,0.9090909090909091,0.4232690510424701,0.4529561698436737,6.014710200019181
41,2,42,10,8,8,1,"(1, 2)",56,0.5443028941910694,-0.0252054495588939,0.8839285714285714,0.48042146675288677,0.41267409920692444,8.773375499993563
41,3,42,10,8,8,1,"(1, 2)",105,0.5264207004600654,-0.03132750953834012,0.8657142857142858,0.47857057735804587,0.3884968161582947,38.73701639997307
42,1,42,10,8,8,2,"(1, 2)",19,0.445286610296598,-0.21111311870778965,0.9315789473684211,0.3998052462151176,0.46557679772377014,6.006754900008673
42,2,42,10,8,8,2,"(1, 2)",55,0.5392222996614183,-0.02522469378900022,0.8854545454545455,0.4898709128511713,0.40415072441101074,8.823467899987008
42,3,42,10,8,8,2,"(1, 2)",95,0.5135296168710578,-0.04557578338661693,0.8978947368421053,0.4684634206018278,0.3972155451774597,38.6681702999922
43,1,42,10,8,8,4,"(1, 2)",17,0.47021922815169065,-0.1515502726409884,0.9411764705882353,0.4034207360818982,0.4209909737110138,6.004880500026047
43,2,42,10,8,8,4,"(1, 2)",52,0.49684957857955153,-0.06788678857856317,0.9076923076923077,0.491635540790028,0.3642836809158325,8.824194799992256
43,3,42,10,8,8,4,"(1, 2)",88,0.540398583080908,-0.018576723114200208,0.8977272727272727,0.4870901847187477,0.39362967014312744,38.464967000007164
44,1,42,10,8,8,6,"(1, 2)",16,0.47268870160515125,-0.15146038906468062,0.91875,0.426258663336436,0.4079810678958893,5.992184600007022
44,2,42,10,8,8,6,"(1, 2)",47,0.5185719489067638,-0.03317083121407637,0.9191489361702128,0.5014183025807142,0.3573465645313263,8.794077099999413
44,3,42,10,8,8,6,"(1, 2)",82,0.5260027294533811,-0.04383118692623969,0.8951219512195122,0.48752180272585727,0.3840143382549286,38.72736069999519
45,1,42,10,8,12,1,"(1, 2)",13,0.38085832426483557,-0.2581968722811539,0.9230769230769231,0.36281150579452515,0.5612015128135681,5.941904399980558
45,2,42,10,8,12,1,"(1, 2)",37,0.4743783163434387,-0.11731735171543439,0.9081081081081082,0.44199045767655243,0.44194668531417847,8.732501399994362
45,3,42,10,8,12,1,"(1, 2)",63,0.5289058155215304,-0.033968868098954996,0.8857142857142857,0.45059471457235273,0.4512057900428772,38.63138390000677
46,1,42,10,8,12,2,"(1, 2)",13,0.39230591570848056,-0.24717494459799091,0.9230769230769231,0.3680475400044368,0.5316224694252014,5.996063799975673
46,2,42,10,8,12,2,"(1, 2)",37,0.48440146625253805,-0.09511622677418526,0.9108108108108108,0.45578921888325663,0.43138107657432556,8.821989699994447
46,3,42,10,8,12,2,"(1, 2)",63,0.5295188388959801,-0.037583857333168554,0.8968253968253969,0.45366506182378336,0.4385839104652405,38.57881969999289
47,1,42,10,8,12,4,"(1, 2)",9,0.38994867327521,-0.27521452441055977,0.9333333333333333,0.3510924246576097,0.5691201686859131,5.950562899990473
47,2,42,10,8,12,4,"(1, 2)",33,0.4778561890345965,-0.09467603489665032,0.906060606060606,0.45200319452719256,0.4341624081134796,8.948284599988256
47,3,42,10,8,12,4,"(1, 2)",57,0.5360334721900876,-0.02573836007661197,0.9052631578947369,0.45909666960889645,0.43635326623916626,38.781316900014644
48,1,42,10,8,12,6,"(1, 2)",7,0.41985583574927154,-0.20548144240856722,0.9,0.37389080226421356,0.5847645998001099,5.904565100005129
48,2,42,10,8,12,6,"(1, 2)",31,0.4788727063022865,-0.07902608015878827,0.9193548387096774,0.45288215279579164,0.43642187118530273,8.740463499998441
48,3,42,10,8,12,6,"(1, 2)",59,0.5294366200600265,-0.04783574325179651,0.9084745762711864,0.46109212780820913,0.42763614654541016,38.77211429999443
49,1,42,10,8,16,1,"(1, 2)",11,0.3895115854144063,-0.26994324974219475,0.9272727272727272,0.34406581114638934,0.5948737263679504,5.963919899979373
49,2,42,10,8,16,1,"(1, 2)",25,0.4609608857956883,-0.14435903744255346,0.916,0.40762233912944795,0.49152323603630066,8.687922499986598
49,3,42,10,8,16,1,"(1, 2)",52,0.5184965486892084,-0.03919392765142002,0.9096153846153846,0.43601389492259307,0.46737343072891235,38.77915980000398
50,1,42,10,8,16,2,"(1, 2)",10,0.39805049751958954,-0.23543585519826643,0.91,0.34653041809797286,0.5845471024513245,6.081030900008045
50,2,42,10,8,16,2,"(1, 2)",25,0.45674980009718935,-0.14733338526485507,0.92,0.4116270840167999,0.4796784520149231,8.769655000010971
50,3,42,10,8,16,2,"(1, 2)",50,0.5232777894953807,-0.024348464917970568,0.918,0.4430847818754157,0.4613337218761444,38.71045689997845
51,1,42,10,8,16,4,"(1, 2)",6,0.44185777997779646,-0.21845932354202927,0.9166666666666666,0.36184730877478916,0.6542099118232727,5.883720899990294
51,2,42,10,8,16,4,"(1, 2)",24,0.463019995206652,-0.13699591990870782,0.9208333333333333,0.4152262272934119,0.4852156639099121,8.707283400028246
51,3,42,10,8,16,4,"(1, 2)",47,0.5197046342827502,-0.01437680830204043,0.9276595744680851,0.44673774280446643,0.45340776443481445,38.578731400019024
52,1,42,10,8,16,6,"(1, 2)",6,0.44294843506502674,-0.2110917212889166,0.9,0.37006815274556476,0.6316491365432739,5.949855299986666
52,2,42,10,8,16,6,"(1, 2)",25,0.44474194018062213,-0.10485967498768284,0.948,0.42873427644371986,0.46725594997406006,8.958175300009316
52,3,42,10,8,16,6,"(1, 2)",46,0.5261482627342559,-0.03557741851969867,0.9326086956521739,0.45940458256265393,0.451680988073349,38.35818609999842
53,1,42,10,8,24,1,"(1, 2)",7,0.3991030551911066,-0.29946870729362135,0.9142857142857143,0.32966544372694834,0.6675785779953003,6.095450699998764
53,2,42,10,8,24,1,"(1, 2)",18,0.42776124228356216,-0.20318724403478314,0.9055555555555556,0.36649463325738907,0.5888007283210754,8.6816902999999
53,3,42,10,8,24,1,"(1, 2)",30,0.516041367333686,-0.059550690480893446,0.9266666666666666,0.4201296937876734,0.5218709707260132,38.63776060001692
54,1,42,10,8,24,2,"(1, 2)",2,0.3732743920124131,-0.1636692392008768,0.95,0.3255666270852089,0.7153774499893188,5.849090400006389
54,2,42,10,8,24,2,"(1, 2)",17,0.42505311901461534,-0.16853093452907367,0.9117647058823529,0.36448923279257384,0.5745269656181335,8.876924499985762
54,3,42,10,8,24,2,"(1, 2)",28,0.5061336284953478,-0.06541211980247229,0.9285714285714286,0.40860730188864247,0.5085541009902954,38.241289500001585
55,1,42,10,8,24,4,"(1, 2)",3,0.5134944376345008,-0.16845377162372085,0.9666666666666667,0.3165020098288854,0.6710348725318909,5.939893500006292
55,2,42,10,8,24,4,"(1, 2)",17,0.4445101732525782,-0.14726769768920614,0.9117647058823529,0.37522626273772297,0.5715108513832092,8.603602400020463
55,3,42,10,8,24,4,"(1, 2)",28,0.48617024010335813,-0.06714376729142083,0.9392857142857143,0.4111598815236773,0.4943409264087677,38.33062370002153
56,1,42,10,8,24,6,"(1, 2)",3,0.5134944376345008,-0.16845377162372088,0.9666666666666667,0.31401089827219647,0.6592667102813721,5.919653300021309
56,2,42,10,8,24,6,"(1, 2)",17,0.41579858923375873,-0.12165061097744816,0.9294117647058824,0.3916655112715328,0.55827397108078,8.652311600017129
56,3,42,10,8,24,6,"(1, 2)",5,0.5843366565863274,0.08372912032910994,0.94,0.4341996371746063,0.5259231328964233,38.3244071000081
57,1,42,10,8,32,1,"(1, 2)",2,0.3732743920124131,-0.1636692392008768,0.95,0.3273540586233139,0.7215610146522522,5.876032000000123
57,2,42,10,8,32,1,"(1, 2)",13,0.37241713932368375,-0.21126418587819773,0.8846153846153846,0.3620106142300826,0.616966187953949,8.62661959999241
57,3,42,10,8,32,1,"(1, 2)",21,0.46169518370413376,-0.09667020542162032,0.9238095238095239,0.38792034415971666,0.5749599933624268,38.05605809998815
58,1,42,10,8,32,2,"(1, 2)",2,0.3732743920124131,-0.1636692392008768,0.95,0.3255666270852089,0.7153774499893188,5.849537299975054
58,2,42,10,8,32,2,"(1, 2)",13,0.3759155749314051,-0.20353059914077026,0.8846153846153846,0.36533334163519054,0.609820544719696,8.613792100019054
58,3,42,10,8,32,2,"(1, 2)",4,0.49851481645226026,0.03437148525873142,0.925,0.4030233100056648,0.5464186668395996,37.96126569999615
59,1,42,10,8,32,4,"(1, 2)",3,0.5134944376345008,-0.16845377162372085,0.9666666666666667,0.3165020098288854,0.6710348725318909,5.980864199984353
59,2,42,10,8,32,4,"(1, 2)",14,0.3859792524926523,-0.18130204411516562,0.9071428571428571,0.3695205748081207,0.59512859582901,8.796251000021584
59,3,42,10,8,32,4,"(1, 2)",4,0.49851481645226026,0.03437148525873142,0.925,0.4016200751066208,0.5465813279151917,38.05781209998531
60,1,42,10,8,32,6,"(1, 2)",3,0.5134944376345008,-0.16845377162372088,0.9666666666666667,0.31401089827219647,0.6592667102813721,5.90423099999316
60,2,42,10,8,32,6,"(1, 2)",12,0.38706237743472016,-0.14940845706875133,0.9083333333333333,0.35780151188373566,0.5817014575004578,8.569180600024993
60,3,42,10,8,32,6,"(1, 2)",4,0.49851481645226026,0.03437148525873142,0.925,0.4016200751066208,0.5465813279151917,37.966803700022865
61,1,42,30,4,8,1,"(1, 2)",23,0.45658212017340544,-0.12506461922408504,0.9521739130434783,0.4981373112935286,0.2976183295249939,6.320291499985615
61,2,42,30,4,8,1,"(1, 2)",57,0.47673972131204356,-0.08673612153344984,0.8859649122807017,0.5063452551762263,0.33908510208129883,9.502980399993248
61,3,42,30,4,8,1,"(1, 2)",91,0.5191166315575162,-0.06632245929360371,0.8934065934065935,0.47964264274533114,0.34551265835762024,39.848492099990835
62,1,42,30,4,8,2,"(1, 2)",21,0.42914039742927723,-0.16521059557725737,0.9523809523809523,0.5256458024183909,0.3269393742084503,6.308654899999965
62,2,42,30,4,8,2,"(1, 2)",54,0.490143843288048,-0.06708226566939209,0.9,0.5251111185976437,0.32637396454811096,9.424753300001612
62,3,42,30,4,8,2,"(1, 2)",83,0.518486113195715,-0.06824191236584065,0.8831325301204819,0.48437161116223587,0.3553626537322998,39.46628910000436
63,1,42,30,4,8,4,"(1, 2)",17,0.4449968566572943,-0.1399426590612019,0.9588235294117647,0.5491319916078022,0.331272155046463,6.210336699994514
63,2,42,30,4,8,4,"(1, 2)",47,0.5020525253485322,-0.030330667321433247,0.8978723404255319,0.5428876380125681,0.32652825117111206,9.34979390000808
63,3,42,30,4,8,4,"(1, 2)",72,0.5545819396858297,-0.030620055402080598,0.8944444444444445,0.48524383703867596,0.3589876890182495,39.77498140002717
64,1,42,30,4,8,6,"(1, 2)",12,0.5099927223525983,-0.052104259576399053,0.9416666666666667,0.5364183813333512,0.40743905305862427,6.248596000019461
64,2,42,30,4,8,6,"(1, 2)",45,0.4997494289340379,-0.03201864473566273,0.92,0.5540380108924139,0.31587353348731995,9.328734700015048
64,3,42,30,4,8,6,"(1, 2)",66,0.5452467287423821,-0.0341174478356767,0.8848484848484849,0.5058460882369508,0.3566277027130127,39.32467489998089
65,1,42,30,4,12,1,"(1, 2)",17,0.3664024816878746,-0.24052014309464953,0.9588235294117647,0.4428841173648834,0.34493905305862427,6.2524261999933515
65,2,42,30,4,12,1,"(1, 2)",42,0.47479664855701215,-0.07811826448963335,0.9095238095238095,0.4903928123671433,0.36323317885398865,9.451959199999692
65,3,42,30,4,12,1,"(1, 2)",62,0.5379063234114912,-0.057760613115948184,0.885483870967742,0.4746213572205238,0.39616474509239197,43.433795799996005
66,1,42,30,4,12,2,"(1, 2)",11,0.3895432283242808,-0.2495159757402208,0.9272727272727272,0.4573137973036085,0.47970929741859436,6.544665100023849
66,2,42,30,4,12,2,"(1, 2)",42,0.47622174939284495,-0.08268724029680848,0.919047619047619,0.49836788795612474,0.3483865559101105,9.65598680000403
66,3,42,30,4,12,2,"(1, 2)",59,0.5347109744214681,-0.05134747524726702,0.888135593220339,0.47290901748501524,0.4033418893814087,40.737842100003036
67,1,42,30,4,12,4,"(1, 2)",9,0.42863194364970536,-0.1446104671234967,0.9222222222222223,0.48493689112365246,0.48378631472587585,6.323609099985333
67,2,42,30,4,12,4,"(1, 2)",39,0.4720593782455284,-0.05672343480873587,0.9205128205128205,0.5110315045584803,0.32667073607444763,9.3748176000081
67,3,42,30,4,12,4,"(1, 2)",52,0.5570146832413134,-0.008087578142185895,0.8942307692307693,0.4811652075985204,0.3911548852920532,40.26566149998689
68,1,42,30,4,12,6,"(1, 2)",8,0.44998803666252696,-0.16927807298545555,0.9,0.48395385486739023,0.4575950503349304,6.768346199998632
68,2,42,30,4,12,6,"(1, 2)",35,0.49610913367752424,-0.03741326579502399,0.9428571428571428,0.5193683620956209,0.3051154315471649,9.585786599986022
68,3,42,30,4,12,6,"(1, 2)",49,0.5662481876838537,7.476048082417457e-05,0.8979591836734694,0.4889098873192614,0.3905208706855774,39.890773300023284
69,1,42,30,4,16,1,"(1, 2)",12,0.4011286724370451,-0.23266733354097902,0.9416666666666667,0.44404467940330505,0.3819931149482727,6.653704099997412
69,2,42,30,4,16,1,"(1, 2)",33,0.42808364034558327,-0.1137807652006465,0.9242424242424242,0.46483838081359863,0.37380799651145935,9.28336489998037
69,3,42,30,4,16,1,"(1, 2)",44,0.5149540752116063,-0.08968469884069981,0.9159090909090909,0.4487756388752084,0.4166400730609894,41.146642799983965
70,1,42,30,4,16,2,"(1, 2)",11,0.409596772829925,-0.23744205345409955,0.9363636363636364,0.4697935240609305,0.46440091729164124,7.246916500007501
70,2,42,30,4,16,2,"(1, 2)",31,0.4200514686244572,-0.12159364890025404,0.932258064516129,0.4736091092876766,0.33981990814208984,9.188766300008865
70,3,42,30,4,16,2,"(1, 2)",41,0.5199644253024418,-0.07873299829368843,0.9121951219512195,0.44935681351593565,0.41174980998039246,39.97323420000612
71,1,42,30,4,16,4,"(1, 2)",8,0.4098881744362951,-0.20324873662070753,0.925,0.47210794048649923,0.4820980727672577,6.292503400007263
71,2,42,30,4,16,4,"(1, 2)",25,0.4404867574070591,-0.09588151355026873,0.94,0.4900292876888724,0.3210747241973877,9.660959500004537
71,3,42,30,4,16,4,"(1, 2)",40,0.507045180595223,-0.05884136618634076,0.9175,0.467079586452908,0.4085462987422943,41.22282429999905
72,1,42,30,4,16,6,"(1, 2)",4,0.4794429558318496,-0.25092537588638464,0.9,0.36391789466142654,0.5421755313873291,6.448904299992137
72,2,42,30,4,16,6,"(1, 2)",4,0.5415164167256576,0.07114840064040251,0.975,0.4133053347468376,0.44121527671813965,9.143330599996261
72,3,42,30,4,16,6,"(1, 2)",38,0.5110615713138178,-0.0474897517993485,0.9236842105263158,0.4640816061033143,0.41464754939079285,42.30001949999132
73,1,42,30,4,24,1,"(1, 2)",7,0.4475431968882243,-0.253679042298031,0.9285714285714286,0.39801493287086487,0.45555052161216736,6.922985700017307
73,2,42,30,4,24,1,"(1, 2)",3,0.5440880603137198,0.049136443184959334,0.9,0.33963566025098163,0.631108820438385,9.665098400000716
73,3,42,30,4,24,1,"(1, 2)",31,0.49840083917178546,-0.08500017686843957,0.9129032258064517,0.4320651465846646,0.48194271326065063,41.308485600020504
74,1,42,30,4,24,2,"(1, 2)",5,0.46258143578910227,-0.25526971216117367,0.92,0.37444849610328673,0.5577261447906494,6.122963600006187
74,2,42,30,4,24,2,"(1, 2)",3,0.5440880603137198,0.049136443184959334,0.9,0.34458471337954205,0.6301264762878418,9.086178199999267
74,3,42,30,4,24,2,"(1, 2)",30,0.4845680325225305,-0.09329901302612337,0.9133333333333333,0.43141670165390805,0.45409995317459106,38.9631821999792
75,1,42,30,4,24,4,"(1, 2)",3,0.5054048269322164,-0.1949548735619203,0.9666666666666667,0.36445166170597076,0.5541042685508728,6.143661800015252
75,2,42,30,4,24,4,"(1, 2)",2,0.3365578097689642,-0.21110923650681923,0.95,0.28079424798488617,0.6974995136260986,9.414139599975897
75,3,42,30,4,24,4,"(1, 2)",27,0.48203806161151563,-0.07346787059325961,0.9148148148148149,0.43321490508538707,0.43216472864151,39.22631200001342
76,1,42,30,4,24,6,"(1, 2)",4,0.4794429558318496,-0.25092537588638464,0.9,0.36391789466142654,0.5421755313873291,6.129700099991169
76,2,42,30,4,24,6,"(1, 2)",2,0.3365578097689642,-0.21110923650681923,0.95,0.27933669090270996,0.696654200553894,9.165773499989882
76,3,42,30,4,24,6,"(1, 2)",23,0.5097349777730945,-0.016587529230163777,0.9217391304347826,0.4330537833950736,0.4725792706012726,43.32696189999115
77,1,42,30,4,32,1,"(1, 2)",4,0.43641659050806525,-0.20605593449569093,0.9,0.377685371786356,0.5930548310279846,6.194927600008668
77,2,42,30,4,32,1,"(1, 2)",2,0.3365578097689642,-0.21110923650681923,0.95,0.2777705192565918,0.7030965089797974,9.242984099983005
77,3,42,30,4,32,1,"(1, 2)",4,0.6397535687471131,0.18014626910491943,0.925,0.3711443804204464,0.598423421382904,39.151071400003275
78,1,42,30,4,32,2,"(1, 2)",4,0.4396186184875259,-0.21246493206439565,0.9,0.36361071467399597,0.591627836227417,6.1322188999911305
78,2,42,30,4,32,2,"(1, 2)",2,0.3365578097689642,-0.21110923650681923,0.95,0.2777705192565918,0.7030965089797974,9.04744059999939
78,3,42,30,4,32,2,"(1, 2)",4,0.6397535687471131,0.18014626910491943,0.925,0.37473809719085693,0.6021888852119446,40.42785619999631
79,1,42,30,4,32,4,"(1, 2)",3,0.5054048269322164,-0.1949548735619203,0.9666666666666667,0.36445166170597076,0.5541042685508728,6.653351500019198
79,2,42,30,4,32,4,"(1, 2)",2,0.3365578097689642,-0.21110923650681923,0.95,0.28079424798488617,0.6974995136260986,9.34967160000815
79,3,42,30,4,32,4,"(1, 2)",4,0.6478888417327088,0.15116373197560484,0.95,0.3728916123509407,0.5978385806083679,41.47585930000059
80,1,42,30,4,32,6,"(1, 2)",4,0.4794429558318496,-0.25092537588638464,0.9,0.36391789466142654,0.5421755313873291,6.964080699981423
80,2,42,30,4,32,6,"(1, 2)",2,0.3365578097689642,-0.21110923650681923,0.95,0.27933669090270996,0.696654200553894,9.524529300018912
80,3,42,30,4,32,6,"(1, 2)",4,0.6397535687471131,0.18014626910491943,0.925,0.37194619700312614,0.5981610417366028,41.02236529998481
81,1,42,30,6,8,1,"(1, 2)",23,0.47085063181299563,-0.12036312056050176,0.9434782608695652,0.5461130440235138,0.3161023259162903,6.900790400017286
81,2,42,30,6,8,1,"(1, 2)",57,0.45846122177030646,-0.10691526582402161,0.8859649122807017,0.5365922172864278,0.3461976647377014,10.127364399988437
81,3,42,30,6,8,1,"(1, 2)",90,0.5227325171360114,-0.05781105465773807,0.8788888888888889,0.49368783376984676,0.3431214392185211,41.6485176999995
82,1,42,30,6,8,2,"(1, 2)",22,0.44884199808789643,-0.18021581421792238,0.9409090909090909,0.5145181675752004,0.31639379262924194,6.687597799987998
82,2,42,30,6,8,2,"(1, 2)",51,0.46197354178418754,-0.09106721906374977,0.8901960784313725,0.5423080164194107,0.33429545164108276,9.751063399977284
82,3,42,30,6,8,2,"(1, 2)",84,0.5194397850240074,-0.053121353545157415,0.8845238095238095,0.5091626714257633,0.332258015871048,41.73250250000274
83,1,42,30,6,8,4,"(1, 2)",17,0.4318333071419443,-0.13190326719397816,0.9352941176470588,0.5666632711887359,0.30854737758636475,6.433438300009584
83,2,42,30,6,8,4,"(1, 2)",46,0.47368329031282247,-0.04781653576219425,0.9021739130434783,0.5376152050766078,0.335256427526474,10.203840100002708
83,3,42,30,6,8,4,"(1, 2)",72,0.5280234636992888,-0.04497059720770358,0.9069444444444444,0.5083154932576783,0.33973756432533264,41.786769600003026
84,1,42,30,6,8,6,"(1, 2)",13,0.4454280010607021,-0.11547033225679823,0.9461538461538461,0.49861229820684955,0.33084866404533386,6.434218100010185
84,2,42,30,6,8,6,"(1, 2)",41,0.46496394862212803,-0.07243257068905579,0.9146341463414634,0.5426360707391392,0.348428875207901,9.98492410001927
84,3,42,30,6,8,6,"(1, 2)",68,0.5276250584779887,-0.03638603583990328,0.9073529411764706,0.5069854335582002,0.34530743956565857,42.57981599998311
85,1,42,30,6,12,1,"(1, 2)",16,0.3708831827603831,-0.288044695425407,0.90625,0.48300922458822076,0.36129671335220337,6.911116600007517
85,2,42,30,6,12,1,"(1, 2)",34,0.4527779426638638,-0.09444377000959477,0.9,0.49041985511779784,0.36079493165016174,10.133767599996645
85,3,42,30,6,12,1,"(1, 2)",62,0.5390601581226536,-0.04423622834880672,0.8870967741935484,0.4724560175456253,0.38996607065200806,41.964309600007255
86,1,42,30,6,12,2,"(1, 2)",15,0.38138914352135217,-0.2943227190036429,0.9333333333333333,0.48187261007048865,0.3693956136703491,6.543230799987214
86,2,42,30,6,12,2,"(1, 2)",33,0.4519646469104871,-0.09037929730859437,0.8939393939393939,0.5033516854047775,0.36144235730171204,9.79726949997712
86,3,42,30,6,12,2,"(1, 2)",61,0.5324649963162028,-0.042967461222373785,0.8852459016393442,0.48548985110676807,0.37029755115509033,42.16162470000563
87,1,42,30,6,12,4,"(1, 2)",10,0.44659039138877177,-0.17745420593303968,0.94,0.50869400203228,0.35095974802970886,6.470569999975851
87,2,42,30,6,12,4,"(1, 2)",32,0.46549660348543154,-0.06316112466431743,0.915625,0.4882352971716931,0.3588569164276123,9.569631199992727
87,3,42,30,6,12,4,"(1, 2)",55,0.5521626678887274,-0.034362278473447014,0.9036363636363637,0.48714978750361954,0.3664833605289459,40.96847219998017
88,1,42,30,6,12,6,"(1, 2)",10,0.3891979680981349,-0.18974809183627195,0.93,0.46521976590156555,0.3464450240135193,6.333000799990259
88,2,42,30,6,12,6,"(1, 2)",30,0.45930503642620024,-0.08255636068774445,0.93,0.5207046061754227,0.3513571619987488,9.447230599995237
88,3,42,30,6,12,6,"(1, 2)",49,0.5480777146783482,-0.00882216439675198,0.9102040816326531,0.4738154195249081,0.395754337310791,40.77163840000867
89,1,42,30,6,16,1,"(1, 2)",10,0.42113136419795716,-0.25313912297648167,0.9,0.4463861882686615,0.46436554193496704,6.950438700005179
89,2,42,30,6,16,1,"(1, 2)",29,0.4169011554715435,-0.10616776058037401,0.906896551724138,0.46973929057518643,0.37771275639533997,9.866821700008586
89,3,42,30,6,16,1,"(1, 2)",45,0.5047407048675133,-0.08366794228343587,0.9088888888888889,0.45427840221218946,0.3975682854652405,41.279014700005064
90,1,42,30,6,16,2,"(1, 2)",9,0.40501946254760324,-0.23073265595627568,0.9111111111111111,0.4735505415333642,0.4490116834640503,6.371637199976249
90,2,42,30,6,16,2,"(1, 2)",27,0.4281536769143634,-0.08339110818006074,0.9,0.4790874959334083,0.3726007640361786,9.48809950001305
90,3,42,30,6,16,2,"(1, 2)",43,0.5039037623886844,-0.08959584455180007,0.9069767441860465,0.4555148184299469,0.381876140832901,40.94964970002184
91,1,42,30,6,16,4,"(1, 2)",10,0.44659039138877177,-0.17745420593303968,0.94,0.50869400203228,0.35095974802970886,6.638961799995741
91,2,42,30,6,16,4,"(1, 2)",24,0.4616792990037422,-0.05007352166134466,0.9458333333333333,0.49578386019257936,0.3618517220020294,9.734431999997469
91,3,42,30,6,16,4,"(1, 2)",34,0.5206464741704874,-0.050994222514605045,0.9382352941176471,0.4396726979363349,0.4006507694721222,39.999684799986426
92,1,42,30,6,16,6,"(1, 2)",3,0.5188781654213938,-0.18327832474315708,0.9333333333333333,0.35824649532636005,0.5524752736091614,6.276114400010556
92,2,42,30,6,16,6,"(1, 2)",3,0.6121373932931545,0.16796020611562948,1.0,0.45145027836163837,0.40799322724342346,9.744351700006519
92,3,42,30,6,16,6,"(1, 2)",33,0.5125206148012426,-0.023961653701683277,0.9272727272727272,0.44076917972415686,0.40458327531814575,40.97131869997247
93,1,42,30,6,24,1,"(1, 2)",6,0.4254692661234382,-0.2644957487005764,0.9,0.3914702186981837,0.5356042981147766,6.283478600002127
93,2,42,30,6,24,1,"(1, 2)",17,0.43650052224939506,-0.10078722242260803,0.9235294117647059,0.43523583867970633,0.5037320256233215,9.477463000017451
93,3,42,30,6,24,1,"(1, 2)",33,0.5131196382897092,-0.08103431683057594,0.9030303030303031,0.4443043651002826,0.4337793290615082,40.474231899977894
94,1,42,30,6,24,2,"(1, 2)",6,0.4330697030733499,-0.272548914717584,0.9166666666666666,0.4324299097061157,0.5038623213768005,6.262083200010238
94,2,42,30,6,24,2,"(1, 2)",15,0.4356053436228729,-0.09792508749668638,0.9133333333333333,0.43006929968084606,0.45506569743156433,9.379336300014984
94,3,42,30,6,24,2,"(1, 2)",29,0.5099099643484636,-0.06977913182761497,0.9448275862068966,0.43115465508566964,0.416019469499588,40.28732719999971
95,1,42,30,6,24,4,"(1, 2)",3,0.4856340024475336,-0.17360436796351528,0.9,0.34354745348294574,0.5446240901947021,6.310148499993375
95,2,42,30,6,24,4,"(1, 2)",7,0.44216205051257684,-0.05454747235493924,0.9,0.39220633677073885,0.4852846562862396,9.31987300000037
95,3,42,30,6,24,4,"(1, 2)",27,0.5276395144857929,-0.030455494908721452,0.9333333333333333,0.4341964942437631,0.43679308891296387,39.92173259999254
96,1,42,30,6,24,6,"(1, 2)",4,0.4285706472365586,-0.1843903997477201,0.9,0.3869418352842331,0.5412107706069946,6.27302629998303
96,2,42,30,6,24,6,"(1, 2)",11,0.4491652030250402,-0.0427579179529112,0.9090909090909091,0.42119654742154206,0.48767971992492676,9.341018400009489
96,3,42,30,6,24,6,"(1, 2)",26,0.49612195264755826,-0.07206380905458312,0.9307692307692308,0.4141399482121834,0.43178457021713257,40.00832249998348
97,1,42,30,6,32,1,"(1, 2)",4,0.4727235365881165,-0.25220698916710493,0.9,0.38143712282180786,0.5468907356262207,6.453351200005272
97,2,42,30,6,32,1,"(1, 2)",11,0.44733901433635914,-0.09333401395498803,0.9,0.39339554580775177,0.5280500054359436,9.558021100005135
97,3,42,30,6,32,1,"(1, 2)",19,0.4592790874260109,-0.08541559393658998,0.9210526315789473,0.4048667157951154,0.5053800940513611,40.4164327000035
98,1,42,30,6,32,2,"(1, 2)",3,0.5042236198825126,-0.2045283645892185,0.9,0.3594571650028229,0.5368469953536987,6.28926719998708
98,2,42,30,6,32,2,"(1, 2)",11,0.4396859087104259,-0.08671162331338177,0.9,0.3944896324114366,0.5108550190925598,9.62599540001247
98,3,42,30,6,32,2,"(1, 2)",19,0.46119168187993465,-0.08879714347974828,0.9263157894736842,0.4041165042864649,0.48290979862213135,40.51050189998932
99,1,42,30,6,32,4,"(1, 2)",3,0.4856340024475336,-0.17360436796351528,0.9,0.34354745348294574,0.5446240901947021,6.287591200001771
99,2,42,30,6,32,4,"(1, 2)",6,0.44714711173884975,-0.032144551236991725,0.8833333333333333,0.35372406244277954,0.5603800415992737,9.25141959998291
99,3,42,30,6,32,4,"(1, 2)",20,0.5057993266343377,-0.039498684305061996,0.935,0.4169004499912262,0.48104915022850037,40.059491799998796
100,1,42,30,6,32,6,"(1, 2)",3,0.5188781654213938,-0.18327832474315708,0.9333333333333333,0.35824649532636005,0.5524752736091614,6.254360800026916
100,2,42,30,6,32,6,"(1, 2)",10,0.44652143172572484,-0.056710853448250144,0.91,0.41641207635402677,0.4829385578632355,9.331987899990054
100,3,42,30,6,32,6,"(1, 2)",19,0.5125073871940732,-0.05425649588883724,0.9105263157894737,0.4122480577544162,0.4992172420024872,40.321764600026654
101,1,42,30,8,8,1,"(1, 2)",21,0.45191898477891845,-0.19773082000132086,0.9142857142857143,0.5177596668402354,0.35183635354042053,6.471510800009128
101,2,42,30,8,8,1,"(1, 2)",58,0.4634927574918066,-0.09444751364201666,0.8724137931034482,0.5639382640520731,0.3213582932949066,9.528051100001903
101,3,42,30,8,8,1,"(1, 2)",92,0.5171395561725735,-0.05452607981190063,0.8956521739130435,0.5083005076104944,0.3540121912956238,40.44942799999262
102,1,42,30,8,8,2,"(1, 2)",18,0.46901182425290955,-0.15257263896110185,0.9444444444444444,0.5529520213603973,0.3246874511241913,6.457097699982114
102,2,42,30,8,8,2,"(1, 2)",53,0.46909914136971603,-0.08390438373501753,0.8716981132075472,0.5617110744118691,0.32672569155693054,9.719751900003757
102,3,42,30,8,8,2,"(1, 2)",80,0.5300821288951433,-0.0469626950843809,0.89625,0.509069732427597,0.35442429780960083,41.04227050000918
103,1,42,30,8,8,4,"(1, 2)",15,0.4425205430184091,-0.12063283054400638,0.96,0.5829546695405786,0.273074209690094,6.499778600002173
103,2,42,30,8,8,4,"(1, 2)",44,0.4721718500908265,-0.0669446385496662,0.8909090909090909,0.5792107550161225,0.3042747378349304,9.633894300000975
103,3,42,30,8,8,4,"(1, 2)",69,0.5368223610396463,-0.050256331356312425,0.9043478260869565,0.5141613865676133,0.36624258756637573,41.560740600019926
104,1,42,30,8,8,6,"(1, 2)",11,0.49185560078443585,-0.03992033962334958,0.9454545454545454,0.5293933004140854,0.36544209718704224,6.58862580001005
104,2,42,30,8,8,6,"(1, 2)",40,0.47372952138233065,-0.05780268336420557,0.9175,0.5616422403942455,0.29186174273490906,9.789430199976778
104,3,42,30,8,8,6,"(1, 2)",62,0.5231025981638756,-0.03603535596786631,0.896774193548387,0.5043903750677904,0.37677663564682007,41.05423740000697
105,1,42,30,8,12,1,"(1, 2)",11,0.47401990302036445,-0.21323238999086458,0.9363636363636364,0.47522139218118453,0.47848251461982727,6.703107900015311
105,2,42,30,8,12,1,"(1, 2)",40,0.46803541208529875,-0.08836063853975605,0.8825,0.5180750941591603,0.3433648347854614,9.929615800007014
105,3,42,30,8,12,1,"(1, 2)",56,0.5102978357388886,-0.04047940183955107,0.8767857142857143,0.48258448924337116,0.41779470443725586,42.4511252999946
106,1,42,30,8,12,2,"(1, 2)",11,0.4686596287262509,-0.2104899555169575,0.9363636363636364,0.5278426259756088,0.40407636761665344,6.830663300002925
106,2,42,30,8,12,2,"(1, 2)",38,0.4729550394184682,-0.06938973509031068,0.8842105263157894,0.5250930339097977,0.3373768925666809,9.40629389998503
106,3,42,30,8,12,2,"(1, 2)",52,0.5222527662598091,-0.034124422300849874,0.8769230769230769,0.4864125920666589,0.41860899329185486,42.51349599999958
107,1,42,30,8,12,4,"(1, 2)",8,0.46209394356653477,-0.144936832648266,0.925,0.523314293473959,0.4049975574016571,6.802806599996984
107,2,42,30,8,12,4,"(1, 2)",32,0.4579670633816769,-0.07163012192084614,0.90625,0.5201477201088615,0.30942848324775696,9.621256300015375
107,3,42,30,8,12,4,"(1, 2)",52,0.5272797388016338,-0.047101354790321306,0.8903846153846153,0.491242725224722,0.40350142121315,40.245569399994565
108,1,42,30,8,12,6,"(1, 2)",7,0.465487744808625,-0.15391204417678145,0.9428571428571428,0.43708345932619913,0.4422968029975891,6.319633700011764
108,2,42,30,8,12,6,"(1, 2)",28,0.4466532950927825,-0.09543558066197741,0.9285714285714286,0.5077217683196068,0.32872962951660156,9.351370199990924
108,3,42,30,8,12,6,"(1, 2)",45,0.5436894839882296,0.0063308310664986454,0.88,0.47917876955939503,0.40929827094078064,40.35046929999953
109,1,42,30,8,16,1,"(1, 2)",9,0.4646056731394027,-0.27804464239122567,0.9333333333333333,0.4513942854745047,0.5155727863311768,6.314135299995542
109,2,42,30,8,16,1,"(1, 2)",30,0.4292663477112153,-0.12254175825113507,0.92,0.4774963862222174,0.35752466320991516,9.42065229997388
109,3,42,30,8,16,1,"(1, 2)",42,0.49268498273100403,-0.07014972908345941,0.9095238095238095,0.44433216227067485,0.4416378438472748,40.15446009999141
110,1,42,30,8,16,2,"(1, 2)",9,0.4564332898223776,-0.27509300262504444,0.9222222222222223,0.5071399211883545,0.4404781758785248,6.4225813999946695
110,2,42,30,8,16,2,"(1, 2)",29,0.43261584284820886,-0.11370384042013318,0.9310344827586207,0.47212808714671567,0.36319947242736816,9.416578599979402
110,3,42,30,8,16,2,"(1, 2)",42,0.5067398447320058,-0.061937270646768704,0.9071428571428571,0.4555630692177349,0.4316313564777374,40.44987529999344
111,1,42,30,8,16,4,"(1, 2)",6,0.46280071841960196,-0.14258435690551344,0.95,0.4851719041665395,0.43678537011146545,6.24744649999775
111,2,42,30,8,16,4,"(1, 2)",4,0.5415164167256576,0.07114840064040251,0.975,0.41252224892377853,0.4446183145046234,9.159224200004246
111,3,42,30,8,16,4,"(1, 2)",40,0.5168800145407281,-0.04455983758669878,0.9125,0.4717099517583847,0.41631925106048584,40.69491140000173
112,1,42,30,8,16,6,"(1, 2)",5,0.37860249292299997,-0.23692227993869933,0.94,0.39471929967403413,0.5186231732368469,6.342754099983722
112,2,42,30,8,16,6,"(1, 2)",4,0.5415164167256576,0.07114840064040251,0.975,0.4133053347468376,0.44121527671813965,9.223161100002471
112,3,42,30,8,16,6,"(1, 2)",36,0.5105487073064565,-0.02401037579539713,0.9194444444444444,0.4589944226401193,0.41699734330177307,39.884528199996566
113,1,42,30,8,24,1,"(1, 2)",5,0.4955637697238579,-0.29868997937578623,0.92,0.3632017016410828,0.5988566875457764,6.220092500007013
113,2,42,30,8,24,1,"(1, 2)",5,0.5534660365915551,0.008365308919281422,0.88,0.41549577116966246,0.5745248794555664,9.415348800015636
113,3,42,30,8,24,1,"(1, 2)",29,0.4700087462398605,-0.09307589976420486,0.9241379310344827,0.4252195187977382,0.4792022407054901,40.07898990000831
114,1,42,30,8,24,2,"(1, 2)",5,0.4836902196676533,-0.2960632092291255,0.94,0.39141045808792113,0.5610650181770325,6.426977999974042
114,2,42,30,8,24,2,"(1, 2)",2,0.3365578097689642,-0.21110923650681923,0.95,0.2777705192565918,0.7030965089797974,9.175046899996232
114,3,42,30,8,24,2,"(1, 2)",29,0.47570840126334574,-0.08175548765933122,0.9241379310344827,0.4388800925678677,0.4703763425350189,40.126913599990075
115,1,42,30,8,24,4,"(1, 2)",4,0.43841104269642817,-0.1961049928887753,0.925,0.34613099694252014,0.60906583070755,6.256445800012443
115,2,42,30,8,24,4,"(1, 2)",2,0.3365578097689642,-0.21110923650681923,0.95,0.2777705192565918,0.7030965089797974,9.185597700008657
115,3,42,30,8,24,4,"(1, 2)",29,0.4820919999422247,-0.06200187279404058,0.9137931034482759,0.4542960904795548,0.44189998507499695,39.81104329999653
116,1,42,30,8,24,6,"(1, 2)",5,0.37860249292299997,-0.23692227993869933,0.94,0.39471929967403413,0.5186231732368469,6.216228100005537
116,2,42,30,8,24,6,"(1, 2)",2,0.3365578097689642,-0.21110923650681923,0.95,0.27933669090270996,0.696654200553894,9.095448699983535
116,3,42,30,8,24,6,"(1, 2)",25,0.45187719839511375,-0.09211980789585165,0.94,0.4214554214477539,0.4434812366962433,41.037115699989954
117,1,42,30,8,32,1,"(1, 2)",5,0.4955637697238579,-0.29868997937578623,0.92,0.3632017016410828,0.5988566875457764,6.547406500001671
117,2,42,30,8,32,1,"(1, 2)",2,0.3365578097689642,-0.21110923650681923,0.95,0.27973824739456177,0.7035249471664429,9.291109999991022
117,3,42,30,8,32,1,"(1, 2)",21,0.45018839676443506,-0.10236386264837337,0.9238095238095239,0.4148808135872796,0.5056405067443848,40.297697699978016
118,1,42,30,8,32,2,"(1, 2)",5,0.4836902196676533,-0.2960632092291255,0.94,0.39141045808792113,0.5610650181770325,6.319152600015514
118,2,42,30,8,32,2,"(1, 2)",2,0.3365578097689642,-0.21110923650681923,0.95,0.2777705192565918,0.7030965089797974,9.515902200015262
118,3,42,30,8,32,2,"(1, 2)",21,0.4431141978149787,-0.10168750609953481,0.919047619047619,0.42143899770010085,0.49628007411956787,41.38197270000819
119,1,42,30,8,32,4,"(1, 2)",4,0.43841104269642817,-0.1961049928887753,0.925,0.34613099694252014,0.60906583070755,6.4912507999979425
119,2,42,30,8,32,4,"(1, 2)",2,0.3365578097689642,-0.21110923650681923,0.95,0.2777705192565918,0.7030965089797974,9.794764299993403
119,3,42,30,8,32,4,"(1, 2)",18,0.4319845090227035,-0.08718573279137355,0.9222222222222223,0.4181072894069884,0.5063435435295105,41.09295749999001
120,1,42,30,8,32,6,"(1, 2)",4,0.44027687249028835,-0.22587984957817786,0.925,0.3675965406000614,0.5680446028709412,6.3623883000109345
120,2,42,30,8,32,6,"(1, 2)",2,0.3365578097689642,-0.21110923650681923,0.95,0.27933669090270996,0.696654200553894,9.361221600003773
120,3,42,30,8,32,6,"(1, 2)",18,0.4459851406713083,-0.06674590905749027,0.9388888888888889,0.41504847672250533,0.4647575914859772,41.12360510000144
121,1,42,50,4,8,1,"(1, 2)",19,0.3978357243960935,-0.1836480202263484,0.9,0.5442820257610745,0.31979191303253174,6.615700700000161
121,2,42,50,4,8,1,"(1, 2)",58,0.49676550060111646,-0.05566968101824032,0.8896551724137931,0.5841629440369813,0.2942468225955963,10.62970900000073
121,3,42,50,4,8,1,"(1, 2)",88,0.5503701423058467,-0.043670229035773674,0.865909090909091,0.49451096303630293,0.3314228951931,43.78560400000424
122,1,42,50,4,8,2,"(1, 2)",17,0.42467134790373556,-0.1700695893716176,0.9117647058823529,0.6029957880576452,0.3078543543815613,6.887440999998944
122,2,42,50,4,8,2,"(1, 2)",52,0.4994599582442085,-0.033598695065265076,0.9038461538461539,0.5834309474418038,0.2851559817790985,9.788163599994732
122,3,42,50,4,8,2,"(1, 2)",82,0.5129426703382572,-0.07396708869629957,0.8731707317073171,0.5272401699832842,0.32705944776535034,41.06394590000855
123,1,42,50,4,8,4,"(1, 2)",14,0.44504459939409075,-0.12243383602989842,0.9285714285714286,0.5663594504197439,0.22354528307914734,6.489260000002105
123,2,42,50,4,8,4,"(1, 2)",48,0.5321590202039386,-0.019455842833672438,0.9,0.6257246943081126,0.28174880146980286,9.791173600009643
123,3,42,50,4,8,4,"(1, 2)",71,0.5549486806449742,-0.03788812762709356,0.8915492957746479,0.5449738651514053,0.3099249601364136,40.457360299973516
124,1,42,50,4,8,6,"(1, 2)",12,0.503356934142118,-0.024757227300387624,0.9583333333333334,0.6128105103969574,0.3724849820137024,6.503820299985819
124,2,42,50,4,8,6,"(1, 2)",41,0.5030298751171806,-0.02657765703258072,0.9292682926829269,0.5898742553065804,0.3115583658218384,9.741342900000745
124,3,42,50,4,8,6,"(1, 2)",59,0.576627458558427,0.007133442714478092,0.8864406779661017,0.549131064755576,0.31516045331954956,41.103336500003934
125,1,42,50,4,12,1,"(1, 2)",11,0.40698260604766523,-0.25303955449426435,0.9181818181818182,0.5197214148938656,0.3852306604385376,6.4370660000131465
125,2,42,50,4,12,1,"(1, 2)",41,0.4431745162186752,-0.13370514764531394,0.9073170731707317,0.5496920006615775,0.30403852462768555,9.957575400010683
125,3,42,50,4,12,1,"(1, 2)",62,0.5408738411260191,-0.042264489370324294,0.8806451612903226,0.49373062747590085,0.3711014986038208,40.71464730001753
126,1,42,50,4,12,2,"(1, 2)",10,0.40577703004818255,-0.23615796963275346,0.91,0.5490610599517822,0.3421732783317566,6.434793199994601
126,2,42,50,4,12,2,"(1, 2)",37,0.4808737843706451,-0.06789162523571653,0.9216216216216216,0.5521606966853142,0.2887173593044281,9.682753100001719
126,3,42,50,4,12,2,"(1, 2)",56,0.5339947435800365,-0.036864682019641284,0.8928571428571429,0.5166611004443395,0.35557395219802856,40.92174169997452
127,1,42,50,4,12,4,"(1, 2)",11,0.4127124086546029,-0.18643882517539517,0.9090909090909091,0.5525003969669342,0.22993837296962738,6.5223182999761775
127,2,42,50,4,12,4,"(1, 2)",31,0.4921181681562558,-0.049948138782017086,0.9387096774193548,0.5657009780406952,0.30578020215034485,9.759785300004296
127,3,42,50,4,12,4,"(1, 2)",49,0.5500690966471208,-0.009877460866423052,0.9,0.5196075898569983,0.3486684262752533,40.55111569998553
128,1,42,50,4,12,6,"(1, 2)",7,0.41075441550212904,-0.20032604145971986,0.9428571428571428,0.5176464915275574,0.5212710499763489,6.451517500041518
128,2,42,50,4,12,6,"(1, 2)",28,0.49451609626665755,-0.03113302429135061,0.9535714285714286,0.5535718500614166,0.32068589329719543,9.609486799978185
128,3,42,50,4,12,6,"(1, 2)",45,0.571988715945552,0.013415350342580302,0.9,0.5194413670722176,0.3617490231990814,40.46062849997543
129,1,42,50,4,16,1,"(1, 2)",10,0.42421303820219647,-0.2513928772091304,0.91,0.5197214148938656,0.3852306604385376,6.436168200045358
129,2,42,50,4,16,1,"(1, 2)",27,0.42154016451233833,-0.1341261870076562,0.9296296296296296,0.5331417351961136,0.3198351562023163,9.65516879997449
129,3,42,50,4,16,1,"(1, 2)",46,0.5276572693416505,-0.058170344280408896,0.9,0.4611291648485722,0.39258840680122375,40.56159340002341
130,1,42,50,4,16,2,"(1, 2)",9,0.4204544062191994,-0.2486277171955108,0.9111111111111111,0.518708074092865,0.3890615403652191,6.409825999988243
130,2,42,50,4,16,2,"(1, 2)",26,0.4739301877710363,-0.060693538439353246,0.9346153846153846,0.5250271605817896,0.3101543188095093,9.565533999993932
130,3,42,50,4,16,2,"(1, 2)",43,0.5119725868029221,-0.06601265028004714,0.9162790697674419,0.47558347632487613,0.3696562647819519,40.545990300015546
131,1,42,50,4,16,4,"(1, 2)",7,0.42119518027778685,-0.21389743858722646,0.9142857142857143,0.5102476874987284,0.40018346905708313,6.458423300005961
131,2,42,50,4,16,4,"(1, 2)",4,0.5415164167256576,0.07114840064040251,0.975,0.3988274037837982,0.45338523387908936,9.491823000018485
131,3,42,50,4,16,4,"(1, 2)",40,0.5212935463691256,-0.02656698078837958,0.93,0.49352223332971334,0.36163759231567383,40.34906870004488
132,1,42,50,4,16,6,"(1, 2)",5,0.39536984440534334,-0.14170365967346804,0.92,0.46812812983989716,0.49728965759277344,6.458680499985348
132,2,42,50,4,16,6,"(1, 2)",4,0.5415164167256576,0.07114840064040251,0.975,0.40185800939798355,0.45295974612236023,9.652893599995878
132,3,42,50,4,16,6,"(1, 2)",35,0.536322834508657,-0.025852282541171768,0.9228571428571428,0.48334344029426574,0.3749888241291046,40.798204399994574
133,1,42,50,4,24,1,"(1, 2)",5,0.39167340110804294,-0.25503348892018834,0.94,0.4303388074040413,0.4187966287136078,6.826976899988949
133,2,42,50,4,24,1,"(1, 2)",2,0.3127254280761004,-0.20771946559883198,0.95,0.26754018664360046,0.7214092016220093,9.485943600011524
133,3,42,50,4,24,1,"(1, 2)",29,0.49768355754183324,-0.0704878414191893,0.9275862068965517,0.42620465711311056,0.44238942861557007,41.73409830004675
134,1,42,50,4,24,2,"(1, 2)",5,0.36899524757434243,-0.22913165213419226,0.94,0.44486428797245026,0.4228680431842804,6.619874299969524
134,2,42,50,4,24,2,"(1, 2)",2,0.3127254280761004,-0.20771946559883198,0.95,0.27370427548885345,0.7246692776679993,9.554573900008108
134,3,42,50,4,24,2,"(1, 2)",28,0.4867003379642142,-0.060263257310126286,0.9285714285714286,0.4308367004761329,0.42034247517585754,40.79073150001932
135,1,42,50,4,24,4,"(1, 2)",5,0.36710699103332506,-0.2380013794320635,0.92,0.4134869650006294,0.4578515291213989,6.927511400019284
135,2,42,50,4,24,4,"(1, 2)",2,0.3127254280761004,-0.20771946559883198,0.95,0.27410128712654114,0.7189878225326538,9.668403699994087
135,3,42,50,4,24,4,"(1, 2)",3,0.5268930793600575,0.048527440328740866,0.9666666666666667,0.3524680435657501,0.5669927000999451,40.59808849997353
136,1,42,50,4,24,6,"(1, 2)",5,0.39536984440534334,-0.14170365967346804,0.92,0.46812812983989716,0.49728965759277344,6.515469500038307
136,2,42,50,4,24,6,"(1, 2)",2,0.3127254280761004,-0.207719465598832,0.95,0.27410128712654114,0.7189878225326538,9.993198300013319
136,3,42,50,4,24,6,"(1, 2)",3,0.5268930793600575,0.048527440328740866,0.9666666666666667,0.35523395737012226,0.5694641470909119,39.409717299975455
137,1,42,50,4,32,1,"(1, 2)",4,0.4715296414129077,-0.2272950002669176,0.95,0.4303388074040413,0.4348181188106537,6.306430600001477
137,2,42,50,4,32,1,"(1, 2)",2,0.3127254280761004,-0.20771946559883198,0.95,0.26754018664360046,0.7214092016220093,9.254183600016404
137,3,42,50,4,32,1,"(1, 2)",3,0.5268930793600575,0.048527440328740866,0.9666666666666667,0.3461703260739644,0.569890022277832,39.06901250005467
138,1,42,50,4,32,2,"(1, 2)",4,0.43437796818368757,-0.20622053580627148,0.95,0.44486428797245026,0.4228680431842804,6.324120600009337
138,2,42,50,4,32,2,"(1, 2)",2,0.3127254280761004,-0.20771946559883198,0.95,0.27370427548885345,0.7246692776679993,9.308761599997524
138,3,42,50,4,32,2,"(1, 2)",3,0.5268930793600575,0.048527440328740866,0.9666666666666667,0.3454281985759735,0.5708392262458801,39.46673980000196
139,1,42,50,4,32,4,"(1, 2)",4,0.4634816927728107,-0.21900623158313745,0.95,0.4168951213359833,0.4642251431941986,6.236500700004399
139,2,42,50,4,32,4,"(1, 2)",2,0.3127254280761004,-0.20771946559883198,0.95,0.27410128712654114,0.7189878225326538,9.2517080999678
139,3,42,50,4,32,4,"(1, 2)",3,0.5268930793600575,0.048527440328740866,0.9666666666666667,0.3524680435657501,0.5669927000999451,39.24843800003873
140,1,42,50,4,32,6,"(1, 2)",4,0.45074235280870106,-0.20178293959637741,0.9,0.46812812983989716,0.49728965759277344,6.256961300037801
140,2,42,50,4,32,6,"(1, 2)",2,0.3127254280761004,-0.207719465598832,0.95,0.27410128712654114,0.7189878225326538,9.305041899962816
140,3,42,50,4,32,6,"(1, 2)",3,0.5268930793600575,0.048527440328740866,0.9666666666666667,0.35523395737012226,0.5694641470909119,39.04785390000325
141,1,42,50,6,8,1,"(1, 2)",23,0.45739216423283,-0.23023209555498322,0.9304347826086956,0.5451387139883909,0.3076073229312897,6.487237200024538
141,2,42,50,6,8,1,"(1, 2)",52,0.5054126554516106,-0.0501352687677473,0.8807692307692307,0.5986058761676153,0.3124970495700836,9.676612499984913
141,3,42,50,6,8,1,"(1, 2)",87,0.5164133771239525,-0.05804485207700106,0.8758620689655172,0.5420946264266968,0.3163371682167053,39.771475000015926
142,1,42,50,6,8,2,"(1, 2)",19,0.48934798263086315,-0.17546709083640816,0.9263157894736842,0.5579484522342681,0.3110545873641968,6.407564399996772
142,2,42,50,6,8,2,"(1, 2)",46,0.4758964076619749,-0.09023202249088351,0.8847826086956522,0.5918676441624051,0.3085845708847046,9.71986690000631
142,3,42,50,6,8,2,"(1, 2)",78,0.5049094668398307,-0.05811675471664671,0.8884615384615384,0.5563267530365423,0.29960376024246216,39.861456600017846
143,1,42,50,6,8,4,"(1, 2)",15,0.485228592031204,-0.11613868168750277,0.9333333333333333,0.6161915626790788,0.28303104639053345,6.389518300013151
143,2,42,50,6,8,4,"(1, 2)",44,0.47275751998581594,-0.06448768709405128,0.9045454545454545,0.6115377106164631,0.27618932723999023,9.667718299955595
143,3,42,50,6,8,4,"(1, 2)",68,0.5240793056246535,-0.041442167272900426,0.8926470588235295,0.5590312287211419,0.2955349385738373,39.895680899964646
144,1,42,50,6,8,6,"(1, 2)",13,0.46784012763379035,-0.1002778204227949,0.9692307692307692,0.6542507529258728,0.2682337760925293,6.3783573000109755
144,2,42,50,6,8,6,"(1, 2)",39,0.49657801370133203,-0.054425376447220425,0.9282051282051282,0.6095710011089549,0.29084137082099915,9.650931500014849
144,3,42,50,6,8,6,"(1, 2)",63,0.5388828504136842,-0.04043413993341278,0.8968253968253969,0.5621095809497332,0.31396543979644775,39.53799350000918
145,1,42,50,6,12,1,"(1, 2)",14,0.4234218993024594,-0.2754434693132274,0.9285714285714286,0.5167483356263902,0.321010559797287,6.352815299993381
145,2,42,50,6,12,1,"(1, 2)",34,0.46171245715910064,-0.09345949191203116,0.9058823529411765,0.5410015909444719,0.32767927646636963,9.613836399978027
145,3,42,50,6,12,1,"(1, 2)",57,0.4991718143492652,-0.05597283859213747,0.8912280701754386,0.5097635416757493,0.3528943955898285,39.9489722000435
146,1,42,50,6,12,2,"(1, 2)",13,0.4169202810144412,-0.25716612783994175,0.9384615384615385,0.5013970798916287,0.3298385441303253,6.355759700003546
146,2,42,50,6,12,2,"(1, 2)",36,0.451924833073212,-0.11677297999600132,0.9055555555555556,0.5472099128223601,0.31346026062965393,9.711950599972624
146,3,42,50,6,12,2,"(1, 2)",53,0.5162619471118756,-0.03073660726424871,0.8943396226415095,0.5236177199926132,0.3453901410102844,39.491902900044806
147,1,42,50,6,12,4,"(1, 2)",8,0.42282245921660344,-0.22675603855270482,0.925,0.5830608989511218,0.398678183555603,6.300076900050044
147,2,42,50,6,12,4,"(1, 2)",4,0.5415164167256576,0.07114840064040251,0.975,0.4100896716117859,0.4480910301208496,9.546886799973436
147,3,42,50,6,12,4,"(1, 2)",46,0.5368708111121647,-0.012496424029437089,0.8978260869565218,0.5338498897412244,0.34616225957870483,39.51038960000733
148,1,42,50,6,12,6,"(1, 2)",9,0.41554129955282487,-0.21881606263339537,0.9444444444444444,0.6054996848106384,0.2989538609981537,6.310641699994449
148,2,42,50,6,12,6,"(1, 2)",4,0.5415164167256576,0.07114840064040251,0.975,0.40921930968761444,0.44897016882896423,9.455563199997414
148,3,42,50,6,12,6,"(1, 2)",48,0.554174883887622,-0.027847148996103563,0.8958333333333334,0.5432822125298636,0.3475876748561859,39.290483099990524
149,1,42,50,6,16,1,"(1, 2)",11,0.42659330252086286,-0.2825349244200344,0.9454545454545454,0.49220958054065705,0.3391648828983307,6.333501700020861
149,2,42,50,6,16,1,"(1, 2)",30,0.4466814968360692,-0.115955567117414,0.9166666666666666,0.5124821145283548,0.33509063720703125,9.637742599996272
149,3,42,50,6,16,1,"(1, 2)",41,0.471794070958048,-0.08710055494420195,0.926829268292683,0.45032855101994107,0.38749492168426514,39.431414299993776
150,1,42,50,6,16,2,"(1, 2)",10,0.43454683367162367,-0.26465344631148296,0.95,0.5113409273326397,0.3697749078273773,6.330634499958251
150,2,42,50,6,16,2,"(1, 2)",25,0.41547564912492074,-0.11192985837327213,0.912,0.5061298608779907,0.33985912799835205,9.858796100015752
150,3,42,50,6,16,2,"(1, 2)",40,0.4755092418425043,-0.07389690505474736,0.9325,0.46169949539246097,0.37102651596069336,39.35338349995436
151,1,42,50,6,16,4,"(1, 2)",8,0.42282245921660344,-0.22675603855270482,0.925,0.5830608989511218,0.398678183555603,6.287038500013296
151,2,42,50,6,16,4,"(1, 2)",4,0.5415164167256576,0.07114840064040251,0.975,0.4100896716117859,0.4480910301208496,9.370624800038058
151,3,42,50,6,16,4,"(1, 2)",37,0.48206380974372015,-0.05066758191503632,0.9405405405405406,0.47987186908721924,0.3574851453304291,39.58312460000161
152,1,42,50,6,16,6,"(1, 2)",7,0.3856814478645888,-0.23903492705448756,0.9571428571428572,0.5825353801250458,0.3064461350440979,6.300640899979044
152,2,42,50,6,16,6,"(1, 2)",4,0.5415164167256576,0.07114840064040251,0.975,0.40921930968761444,0.44897016882896423,9.390140999981668
152,3,42,50,6,16,6,"(1, 2)",36,0.5238488033762168,-0.05518294052654185,0.9388888888888889,0.49338612577010843,0.3726780414581299,39.682909499970265
153,1,42,50,6,24,1,"(1, 2)",7,0.41962473989687005,-0.26466021198719936,0.9428571428571428,0.47901124755541485,0.3688180148601532,6.351909099961631
153,2,42,50,6,24,1,"(1, 2)",2,0.3365578097689642,-0.21110923650681923,0.95,0.26312679052352905,0.7087208032608032,9.351055700040888
153,3,42,50,6,24,1,"(1, 2)",33,0.4582259378713775,-0.09245789229133806,0.9363636363636364,0.4428513752562659,0.40887904167175293,39.80222420004429
154,1,42,50,6,24,2,"(1, 2)",6,0.41764610753699566,-0.2881042379947319,0.9333333333333333,0.4427158311009407,0.3943461775779724,6.30814099998679
154,2,42,50,6,24,2,"(1, 2)",2,0.3365578097689642,-0.21110923650681923,0.95,0.2712938040494919,0.7056398391723633,9.354800900036935
154,3,42,50,6,24,2,"(1, 2)",26,0.4815329151897579,-0.04884981199946629,0.926923076923077,0.4547073692083359,0.4216979444026947,39.560587399988435
155,1,42,50,6,24,4,"(1, 2)",5,0.4218256855125719,-0.24813979953851292,0.92,0.5500288784503937,0.41856512427330017,6.3640833999961615
155,2,42,50,6,24,4,"(1, 2)",2,0.3365578097689642,-0.21110923650681923,0.95,0.2729053646326065,0.7081317901611328,9.321632999985013
155,3,42,50,6,24,4,"(1, 2)",27,0.49579967496965743,-0.00809139075416118,0.9296296296296296,0.48008272310961847,0.41814836859703064,39.67945890000556
156,1,42,50,6,24,6,"(1, 2)",5,0.41698806950573636,-0.24869077382789312,0.94,0.5410724073648453,0.4067009389400482,6.268357200024184
156,2,42,50,6,24,6,"(1, 2)",2,0.3365578097689642,-0.21110923650681923,0.95,0.2711646407842636,0.702139139175415,9.351920299988706
156,3,42,50,6,24,6,"(1, 2)",21,0.5026678167627863,-0.02229294364880365,0.9,0.48200218826532365,0.43165886402130127,39.61716610001167
157,1,42,50,6,32,1,"(1, 2)",5,0.438038454615191,-0.29501192259660136,0.92,0.4388286769390106,0.48877015709877014,6.323742399981711
157,2,42,50,6,32,1,"(1, 2)",2,0.3365578097689642,-0.21110923650681923,0.95,0.26312679052352905,0.7087208032608032,9.616426999971736
157,3,42,50,6,32,1,"(1, 2)",4,0.6151444482995903,0.14630531204953068,0.925,0.3744751885533333,0.5905086994171143,39.45393979997607
158,1,42,50,6,32,2,"(1, 2)",5,0.43137466547843023,-0.2892746638232103,0.92,0.4351903982460499,0.434915155172348,6.296250500017777
158,2,42,50,6,32,2,"(1, 2)",2,0.3365578097689642,-0.21110923650681923,0.95,0.2712938040494919,0.7056398391723633,9.393076900043525
158,3,42,50,6,32,2,"(1, 2)",4,0.6151444482995903,0.14630531204953068,0.925,0.3743407875299454,0.5891086459159851,39.01154570002109
159,1,42,50,6,32,4,"(1, 2)",5,0.4218256855125719,-0.24813979953851292,0.92,0.5500288784503937,0.41856512427330017,6.3766722999862395
159,2,42,50,6,32,4,"(1, 2)",2,0.3365578097689642,-0.21110923650681923,0.95,0.2729053646326065,0.7081317901611328,9.390136600006372
159,3,42,50,6,32,4,"(1, 2)",4,0.6151444482995903,0.14630531204953068,0.925,0.3783308193087578,0.5912913680076599,39.08915170002729
160,1,42,50,6,32,6,"(1, 2)",4,0.4332452034328742,-0.19812347446325518,0.95,0.4309190697968006,0.4097551107406616,6.3051298999926075
160,2,42,50,6,32,6,"(1, 2)",2,0.3365578097689642,-0.21110923650681923,0.95,0.2711646407842636,0.702139139175415,9.38358760002302
160,3,42,50,6,32,6,"(1, 2)",4,0.6151444482995903,0.14630531204953068,0.925,0.3802773356437683,0.5841474533081055,38.924274799996056
161,1,42,50,8,8,1,"(1, 2)",17,0.4675411512956756,-0.1737261191956154,0.9411764705882353,0.5480815768241882,0.3063131272792816,6.352324099978432
161,2,42,50,8,8,1,"(1, 2)",58,0.4905418514252991,-0.07415481881041788,0.8879310344827587,0.5972525747049422,0.33649319410324097,9.835759599984158
161,3,42,50,8,8,1,"(1, 2)",82,0.5130537215959335,-0.05874050465266314,0.8804878048780488,0.5325767511258954,0.3288919925689697,39.428089200053364
162,1,42,50,8,8,2,"(1, 2)",17,0.45536080452075267,-0.16362065603283268,0.9411764705882353,0.5611032942930857,0.29235532879829407,6.3490068999817595
162,2,42,50,8,8,2,"(1, 2)",53,0.5049082073859922,-0.03928504933438365,0.9018867924528302,0.6099261686205864,0.31573811173439026,9.568539200001396
162,3,42,50,8,8,2,"(1, 2)",79,0.5192780510768258,-0.06329964152182349,0.9,0.5437570959329605,0.3135698437690735,39.710647900006734
163,1,42,50,8,8,4,"(1, 2)",16,0.4607223696996346,-0.0836530372416654,0.93125,0.5406341254711151,0.254690021276474,6.335301099985372
163,2,42,50,8,8,4,"(1, 2)",40,0.5196103466023501,-0.004314990249507771,0.92,0.5946736680833917,0.3034288287162781,9.573737900005654
163,3,42,50,8,8,4,"(1, 2)",65,0.5413704336955055,-0.02240990427468832,0.8923076923076924,0.5394307963157955,0.31231823563575745,39.37468499998795
164,1,42,50,8,8,6,"(1, 2)",14,0.49428599235427945,-0.07361634369221591,0.95,0.5549526115258535,0.2935309112071991,6.3377663000137545
164,2,42,50,8,8,6,"(1, 2)",38,0.49662245676901456,-0.02942852393120765,0.9157894736842105,0.6033232475028318,0.29886943101882935,9.910726900037844
164,3,42,50,8,8,6,"(1, 2)",64,0.5550566262237857,-0.007352216580501199,0.88125,0.5586863046183306,0.3161676824092865,40.4644258999615
165,1,42,50,8,12,1,"(1, 2)",11,0.4242444771516199,-0.28195424011139947,0.9454545454545454,0.4835580322477553,0.3723441958427429,6.3992654999601655
165,2,42,50,8,12,1,"(1, 2)",35,0.46065529668417277,-0.09644301605804628,0.8971428571428571,0.537916340326008,0.33600711822509766,10.101282400020864
165,3,42,50,8,12,1,"(1, 2)",55,0.5067632438327407,-0.05020510554979694,0.8945454545454545,0.5262073037170228,0.35524746775627136,39.88512330001686
166,1,42,50,8,12,2,"(1, 2)",12,0.38171031408912665,-0.2876793026541014,0.95,0.5296484265062544,0.29349958896636963,6.678916100005154
166,2,42,50,8,12,2,"(1, 2)",33,0.47765203038236165,-0.05145038557639251,0.9121212121212121,0.5437961675618824,0.32321053743362427,10.283237800002098
166,3,42,50,8,12,2,"(1, 2)",51,0.533057912941489,-0.005444874494568989,0.8941176470588236,0.5265170805156231,0.3482729196548462,40.791877200012095
167,1,42,50,8,12,4,"(1, 2)",9,0.3856207618718772,-0.20450413069873044,0.9333333333333333,0.42237802488463266,0.32596293091773987,6.648954399977811
167,2,42,50,8,12,4,"(1, 2)",30,0.4899710760906656,-0.01434587147689344,0.93,0.5460686245385338,0.323981374502182,10.440415499964729
167,3,42,50,8,12,4,"(1, 2)",50,0.5495672167359112,-0.015526589048443793,0.9,0.5272351633279752,0.3375599980354309,42.020518900011666
168,1,42,50,8,12,6,"(1, 2)",9,0.4060436583437407,-0.1848607087285931,0.9333333333333333,0.4813033163547516,0.3084653615951538,6.611468699993566
168,2,42,50,8,12,6,"(1, 2)",4,0.5415164167256576,0.07114840064040251,0.975,0.4097643867135048,0.44568005204200745,9.643764599983115
168,3,42,50,8,12,6,"(1, 2)",47,0.5625785484521096,0.013009502573563153,0.8914893617021277,0.5282868552539084,0.3495023250579834,41.69863220001571
169,1,42,50,8,16,1,"(1, 2)",11,0.4101507357995436,-0.2758863783201938,0.9363636363636364,0.4944176541434394,0.3348822593688965,6.670914100017399
169,2,42,50,8,16,1,"(1, 2)",25,0.42636829066296406,-0.08867895535592288,0.924,0.4970284362634023,0.34646284580230713,9.878960700007156
169,3,42,50,8,16,1,"(1, 2)",40,0.481361959626825,-0.06767248268214614,0.9275,0.4597959433283125,0.3927372097969055,41.65664399997331
170,1,42,50,8,16,2,"(1, 2)",10,0.38261595925655334,-0.28944639620653995,0.95,0.4933975748717785,0.29213425517082214,6.615661400021054
170,2,42,50,8,16,2,"(1, 2)",20,0.44712186103815466,-0.0673104684977038,0.93,0.4884417960420251,0.3611549139022827,9.877425399958156
170,3,42,50,8,16,2,"(1, 2)",37,0.49823380872135414,-0.03690321762836728,0.9351351351351351,0.46284257372220355,0.3893129527568817,41.78026339999633
171,1,42,50,8,16,4,"(1, 2)",9,0.3856207618718772,-0.20450413069873044,0.9333333333333333,0.42237802488463266,0.32596293091773987,6.901686700002756
171,2,42,50,8,16,4,"(1, 2)",4,0.5415164167256576,0.07114840064040251,0.975,0.4092605262994766,0.4447556436061859,9.688044900016394
171,3,42,50,8,16,4,"(1, 2)",40,0.5360650217559526,-0.020916372218631945,0.9275,0.4936047958977082,0.36431291699409485,41.629698499978986
172,1,42,50,8,16,6,"(1, 2)",8,0.4212572123352669,-0.16759895038099293,0.9375,0.4813033163547516,0.3703797459602356,6.6363289000000805
172,2,42,50,8,16,6,"(1, 2)",4,0.5415164167256576,0.07114840064040251,0.975,0.4097643867135048,0.44568005204200745,9.658572400046978
172,3,42,50,8,16,6,"(1, 2)",35,0.541076573954599,0.030297421314481685,0.9257142857142857,0.48918462892373404,0.3702799379825592,41.63389490003465
173,1,42,50,8,24,1,"(1, 2)",6,0.4180203560614353,-0.2805171376444658,0.9333333333333333,0.4350799222787221,0.43186983466148376,6.705792900000233
173,2,42,50,8,24,1,"(1, 2)",2,0.3127254280761004,-0.20771946559883198,0.95,0.26446986198425293,0.7313863039016724,9.755833800008986
173,3,42,50,8,24,1,"(1, 2)",31,0.46688396355727624,-0.060840273559106164,0.9387096774193548,0.4560367526679203,0.40908104181289673,41.86656880000373
174,1,42,50,8,24,2,"(1, 2)",6,0.3974278489255872,-0.2879044281420376,0.9333333333333333,0.4767874479293823,0.3660242259502411,6.628915499954019
174,2,42,50,8,24,2,"(1, 2)",2,0.3127254280761004,-0.20771946559883198,0.95,0.26662343740463257,0.7231810092926025,9.693123000033665
174,3,42,50,8,24,2,"(1, 2)",28,0.47797565235849065,-0.06807565581798211,0.9428571428571428,0.452305693179369,0.39336082339286804,41.62513160001254
175,1,42,50,8,24,4,"(1, 2)",5,0.40765875305478205,-0.24214150925789504,0.92,0.375573655962944,0.49746188521385193,6.495933400001377
175,2,42,50,8,24,4,"(1, 2)",2,0.3127254280761004,-0.20771946559883198,0.95,0.26938316226005554,0.6997800469398499,9.425703899993096
175,3,42,50,8,24,4,"(1, 2)",29,0.5189965529564458,-0.04859922508789587,0.9448275862068966,0.46733962535858153,0.37846291065216064,39.49855320004281
176,1,42,50,8,24,6,"(1, 2)",5,0.42970471476794214,-0.22819073031177464,0.94,0.40908859968185424,0.4581390917301178,6.35329289996298
176,2,42,50,8,24,6,"(1, 2)",2,0.3127254280761004,-0.20771946559883198,0.95,0.27174142003059387,0.7144627571105957,9.864005899988115
176,3,42,50,8,24,6,"(1, 2)",4,0.6397535687471131,0.18014626910491946,0.925,0.3735906258225441,0.5950655341148376,41.315784300037194
177,1,42,50,8,32,1,"(1, 2)",5,0.436195055013935,-0.3102720626640968,0.92,0.42269283533096313,0.49137139320373535,6.4848466999828815
177,2,42,50,8,32,1,"(1, 2)",2,0.3127254280761004,-0.20771946559883198,0.95,0.26446986198425293,0.7313863039016724,9.55111100000795
177,3,42,50,8,32,1,"(1, 2)",24,0.4626855517461251,-0.08135337364722611,0.9333333333333333,0.44640973728636035,0.4236789643764496,41.43693839997286
178,1,42,50,8,32,2,"(1, 2)",5,0.42107797226568566,-0.30581870692506063,0.92,0.429991626739502,0.4359457492828369,6.534820500004571
178,2,42,50,8,32,2,"(1, 2)",2,0.3127254280761004,-0.20771946559883198,0.95,0.26662343740463257,0.7231810092926025,9.669240199960768
178,3,42,50,8,32,2,"(1, 2)",21,0.4830957712539028,-0.04719173697923725,0.9285714285714286,0.44537505365553354,0.4070557951927185,41.184431999980006
179,1,42,50,8,32,4,"(1, 2)",4,0.42260301636594744,-0.21564985359985345,0.95,0.37788740172982216,0.49301037192344666,6.576546200027224
179,2,42,50,8,32,4,"(1, 2)",2,0.3127254280761004,-0.20771946559883198,0.95,0.26938316226005554,0.6997800469398499,9.608277500024997
179,3,42,50,8,32,4,"(1, 2)",4,0.6478888417327088,0.15116373197560487,0.95,0.37305712699890137,0.591591477394104,40.94907440000679
180,1,42,50,8,32,6,"(1, 2)",4,0.4716977155629361,-0.1862633798272192,0.95,0.4192516803741455,0.43715035915374756,6.55801470001461
180,2,42,50,8,32,6,"(1, 2)",2,0.3127254280761004,-0.20771946559883198,0.95,0.27174142003059387,0.7144627571105957,9.676924399973359
180,3,42,50,8,32,6,"(1, 2)",4,0.6397535687471131,0.18014626910491946,0.925,0.3735906258225441,0.5950655341148376,39.26878189999843
181,1,42,70,4,8,1,"(1, 2)",25,0.41421241716894774,-0.18548415829756948,0.936,0.5945211410522461,0.22793757915496826,6.555451899999753
181,2,42,70,4,8,1,"(1, 2)",57,0.5033006845805761,-0.049039036010561296,0.8982456140350877,0.5495459319729554,0.3245672583580017,9.866320199973416
181,3,42,70,4,8,1,"(1, 2)",87,0.5214010312722499,-0.05170304197501115,0.8689655172413793,0.5529159196587496,0.3414771556854248,40.415840499976184
182,1,42,70,4,8,2,"(1, 2)",23,0.4338890375888247,-0.14666023299739867,0.9608695652173913,0.6781259775161743,0.23475363850593567,6.849693999974988
182,2,42,70,4,8,2,"(1, 2)",52,0.5043296980331524,-0.0369595673675459,0.8884615384615384,0.6203950782616933,0.3045332431793213,9.971606699982658
182,3,42,70,4,8,2,"(1, 2)",78,0.5061491947712141,-0.06729208639854901,0.8666666666666667,0.5785480068951119,0.31905654072761536,39.84874689998105
183,1,42,70,4,8,4,"(1, 2)",9,0.4561686212083992,-0.12150360189052482,0.9444444444444444,0.5354000389575958,0.34328824281692505,6.569977500010282
183,2,42,70,4,8,4,"(1, 2)",45,0.49013393843360775,-0.05790363511141503,0.8911111111111111,0.6837528028658458,0.2998006045818329,9.9181557999691
183,3,42,70,4,8,4,"(1, 2)",66,0.5362242090390676,-0.011652719365819844,0.8939393939393939,0.5776518806815147,0.3188096880912781,41.3415053000208
184,1,42,70,4,8,6,"(1, 2)",9,0.4405595577398487,-0.09939736213606758,0.9555555555555556,0.5370388229688009,0.3143046200275421,6.64962199999718
184,2,42,70,4,8,6,"(1, 2)",40,0.5138760805021221,-0.010982573617886056,0.9075,0.6142947804182768,0.29935264587402344,10.10192659997847
184,3,42,70,4,8,6,"(1, 2)",59,0.5363369280422573,-0.013690976154171022,0.8983050847457628,0.5931167332455516,0.33461400866508484,44.26574960001744
185,1,42,70,4,12,1,"(1, 2)",13,0.3873305928059415,-0.25595621396542856,0.9384615384615385,0.47647713124752045,0.2709496319293976,7.256657599995378
185,2,42,70,4,12,1,"(1, 2)",39,0.4667241179825693,-0.06553863281738713,0.9102564102564102,0.5140404142439365,0.33403387665748596,9.980290099978447
185,3,42,70,4,12,1,"(1, 2)",64,0.5287074180180216,-0.05095019655169172,0.875,0.5179825682531704,0.345061719417572,40.1320578000159
186,1,42,70,4,12,2,"(1, 2)",12,0.4186716672741491,-0.21847963190190997,0.9416666666666667,0.5247583488623301,0.3415411114692688,6.6466504000127316
186,2,42,70,4,12,2,"(1, 2)",33,0.47200785756127656,-0.057912391922203085,0.9303030303030303,0.5450186928113302,0.30787229537963867,9.881692000024486
186,3,42,70,4,12,2,"(1, 2)",59,0.5315223644888437,-0.05159780473385925,0.8796610169491526,0.5577087877569972,0.32183992862701416,40.137564299977385
187,1,42,70,4,12,4,"(1, 2)",8,0.44373755796969794,-0.1334544928266245,0.9375,0.5354000389575958,0.34328824281692505,6.379976299998816
187,2,42,70,4,12,4,"(1, 2)",32,0.4520219392885036,-0.07802853247613811,0.953125,0.5482272058725357,0.31486594676971436,9.927462999999989
187,3,42,70,4,12,4,"(1, 2)",50,0.5485294206856083,-0.015570729443981855,0.902,0.5663282457859286,0.3192809224128723,42.816843900014646
188,1,42,70,4,12,6,"(1, 2)",6,0.4063267183364238,-0.17599705359046358,0.9333333333333333,0.46294456720352173,0.3472554385662079,6.871816300030332
188,2,42,70,4,12,6,"(1, 2)",31,0.4855719367668791,-0.01953019963153951,0.9419354838709677,0.5647219916184744,0.30638587474823,10.2539892999921
188,3,42,70,4,12,6,"(1, 2)",43,0.5524703418596941,0.007353906416758311,0.9116279069767442,0.5563857800194195,0.34675735235214233,41.64416429999983
189,1,42,70,4,16,1,"(1, 2)",10,0.4453149235633972,-0.24854812432349335,0.94,0.4760817885398865,0.29947373270988464,6.715178100042976
189,2,42,70,4,16,1,"(1, 2)",28,0.4626239824155617,-0.07157749467684642,0.9321428571428572,0.48916126003390864,0.34496885538101196,10.008046499977354
189,3,42,70,4,16,1,"(1, 2)",42,0.5189743592123429,-0.07981048347281328,0.9261904761904762,0.4540981773672433,0.3629629909992218,42.1766013999586
190,1,42,70,4,16,2,"(1, 2)",9,0.47001702080219654,-0.22184679311315178,0.9333333333333333,0.5247583488623301,0.3279173672199249,6.9738380999770015
190,2,42,70,4,16,2,"(1, 2)",28,0.46489810411344784,-0.06566053756212184,0.9428571428571428,0.5184725295094883,0.31976932287216187,10.197023499989882
190,3,42,70,4,16,2,"(1, 2)",44,0.5198280282350363,-0.07220221807054077,0.925,0.5143808658633914,0.3443816602230072,42.564724800002296
191,1,42,70,4,16,4,"(1, 2)",6,0.42917715971148546,-0.17472852848615283,0.9166666666666666,0.523860476911068,0.3754197657108307,6.87601090001408
191,2,42,70,4,16,4,"(1, 2)",4,0.5415164167256576,0.07114840064040251,0.975,0.4142257794737816,0.44327640533447266,9.935917700000573
191,3,42,70,4,16,4,"(1, 2)",33,0.5411261212548464,-0.022318671111995477,0.9393939393939394,0.4881780016422272,0.34803369641304016,42.63358899997547
192,1,42,70,4,16,6,"(1, 2)",6,0.4063267183364238,-0.17599705359046358,0.9333333333333333,0.46294456720352173,0.3472554385662079,7.1108147999621
192,2,42,70,4,16,6,"(1, 2)",4,0.5415164167256576,0.07114840064040251,0.975,0.41720210760831833,0.4418319761753082,10.133960200008005
192,3,42,70,4,16,6,"(1, 2)",33,0.5390595421153634,0.0024166908031099596,0.9454545454545454,0.5218379627103391,0.35749080777168274,42.74597749998793
193,1,42,70,4,24,1,"(1, 2)",5,0.46549680984816283,-0.23738419020158,0.94,0.49358561635017395,0.3937954008579254,6.715400099987164
193,2,42,70,4,24,1,"(1, 2)",2,0.3127254280761004,-0.20771946559883198,0.95,0.2815280854701996,0.7881017923355103,9.974967400019523
193,3,42,70,4,24,1,"(1, 2)",31,0.5248746419479643,-0.07396341089239472,0.9258064516129032,0.4377056161562602,0.39801162481307983,42.90372549998574
194,1,42,70,4,24,2,"(1, 2)",5,0.4764072587212823,-0.24827163655545936,0.94,0.4081614427268505,0.3730047345161438,6.90935819997685
194,2,42,70,4,24,2,"(1, 2)",2,0.3127254280761004,-0.20771946559883198,0.95,0.2855924665927887,0.7406576871871948,10.0734422999667
194,3,42,70,4,24,2,"(1, 2)",28,0.5152465731926049,-0.06538249733923086,0.925,0.48099776195443195,0.3668399751186371,43.296711699978914
195,1,42,70,4,24,4,"(1, 2)",5,0.4378545215981153,-0.19892037233595297,0.94,0.48619932929674786,0.38080278038978577,6.656872100022156
195,2,42,70,4,24,4,"(1, 2)",2,0.3127254280761004,-0.20771946559883198,0.95,0.27940379083156586,0.7086471319198608,9.874627400015015
195,3,42,70,4,24,4,"(1, 2)",26,0.48225927148449166,-0.05352685935930526,0.9384615384615385,0.47741699360665824,0.36138269305229187,42.11648070003139
196,1,42,70,4,24,6,"(1, 2)",2,0.47989681114755645,-0.1040824216747342,1.0,0.3681088387966156,0.42450273036956787,6.977264600049239
196,2,42,70,4,24,6,"(1, 2)",2,0.3127254280761004,-0.20771946559883198,0.95,0.2770897150039673,0.7140817046165466,10.24526410002727
196,3,42,70,4,24,6,"(1, 2)",3,0.5268930793600575,0.048527440328740866,0.9666666666666667,0.34357255697250366,0.5676290988922119,42.44576380000217
197,1,42,70,4,32,1,"(1, 2)",4,0.46485897921988395,-0.16617026503072058,0.925,0.43543635308742523,0.4428854286670685,6.768211500020698
197,2,42,70,4,32,1,"(1, 2)",2,0.3127254280761004,-0.20771946559883198,0.95,0.2815280854701996,0.7881017923355103,9.952573699993081
197,3,42,70,4,32,1,"(1, 2)",3,0.5268930793600575,0.048527440328740866,0.9666666666666667,0.34475385149319965,0.5729798674583435,42.62356229999568
198,1,42,70,4,32,2,"(1, 2)",4,0.46485897921988395,-0.16617026503072063,0.925,0.4116203673183918,0.4176444113254547,7.012566999997944
198,2,42,70,4,32,2,"(1, 2)",2,0.3127254280761004,-0.20771946559883198,0.95,0.2855924665927887,0.7406576871871948,10.181611000036355
198,3,42,70,4,32,2,"(1, 2)",3,0.5268930793600575,0.048527440328740866,0.9666666666666667,0.3477762242158254,0.5726559162139893,41.98476279998431
199,1,42,70,4,32,4,"(1, 2)",2,0.4510617591072965,-0.1390710972692201,1.0,0.3258586525917053,0.5006468892097473,6.755469399970025
199,2,42,70,4,32,4,"(1, 2)",2,0.3127254280761004,-0.20771946559883198,0.95,0.27940379083156586,0.7086471319198608,10.435418399982154
199,3,42,70,4,32,4,"(1, 2)",3,0.5268930793600575,0.048527440328740866,0.9666666666666667,0.3505074481169383,0.5648890733718872,41.83215239999117
200,1,42,70,4,32,6,"(1, 2)",2,0.47989681114755645,-0.1040824216747342,1.0,0.3681088387966156,0.42450273036956787,6.603601299982984
200,2,42,70,4,32,6,"(1, 2)",2,0.3127254280761004,-0.20771946559883198,0.95,0.2770897150039673,0.7140817046165466,9.759698199981358
200,3,42,70,4,32,6,"(1, 2)",3,0.5268930793600575,0.048527440328740866,0.9666666666666667,0.34357255697250366,0.5676290988922119,40.93345399998361
201,1,42,70,6,8,1,"(1, 2)",20,0.4157975783064776,-0.25554306340764704,0.915,0.5682503581047058,0.2837449908256531,6.762626599986106
201,2,42,70,6,8,1,"(1, 2)",53,0.47251197564077374,-0.09693028314419322,0.8924528301886793,0.5992611878448062,0.32011541724205017,10.236190899973735
201,3,42,70,6,8,1,"(1, 2)",85,0.5326314342867383,-0.04224145288685985,0.8858823529411765,0.5871512981561514,0.30106911063194275,42.76058699999703
202,1,42,70,6,8,2,"(1, 2)",19,0.4078674692803571,-0.22151185448639688,0.9210526315789473,0.600032389163971,0.2632283866405487,6.674078600015491
202,2,42,70,6,8,2,"(1, 2)",49,0.5142142549217602,-0.0347150532994036,0.8816326530612245,0.5971790201523725,0.3027980625629425,10.622349000012036
202,3,42,70,6,8,2,"(1, 2)",77,0.5402487805652945,-0.0238184422777244,0.8896103896103896,0.6034619779356064,0.2827121913433075,43.18975950003369
203,1,42,70,6,8,4,"(1, 2)",11,0.5237302913626223,-0.05291189718128657,0.9363636363636364,0.6234545608361562,0.3430335819721222,6.913460700016003
203,2,42,70,6,8,4,"(1, 2)",43,0.49082675484187976,-0.024059902876168587,0.913953488372093,0.6123773008584976,0.3080770969390869,10.364446300023701
203,3,42,70,6,8,4,"(1, 2)",64,0.538322392714002,-0.025287398199538257,0.89375,0.6128538049036457,0.3049237132072449,42.58007999998517
204,1,42,70,6,8,6,"(1, 2)",7,0.4866738841863209,-0.11741669838691296,0.9285714285714286,0.48259350657463074,0.31431517004966736,7.136213599995244
204,2,42,70,6,8,6,"(1, 2)",39,0.48799372336051994,-0.049594757317299995,0.9230769230769231,0.6216669678688049,0.31848886609077454,10.551781799993478
204,3,42,70,6,8,6,"(1, 2)",59,0.5246997239799424,-0.02427797269558744,0.9,0.6131489098072052,0.31960970163345337,43.007338999945205
205,1,42,70,6,12,1,"(1, 2)",9,0.4605554661647315,-0.1916849089268016,0.9333333333333333,0.4638500511646271,0.4349321126937866,7.093438500014599
205,2,42,70,6,12,1,"(1, 2)",36,0.4923562874691676,-0.06572999217458339,0.9222222222222223,0.5868048071861267,0.3302157521247864,10.682848899974488
205,3,42,70,6,12,1,"(1, 2)",55,0.5278333751507309,-0.05769792949800873,0.9,0.5406068205833435,0.32932236790657043,42.72913550003432
206,1,42,70,6,12,2,"(1, 2)",7,0.4180247236546831,-0.1800942150484309,0.9,0.46695129076639813,0.41627049446105957,7.2009285999811254
206,2,42,70,6,12,2,"(1, 2)",34,0.5096191535089439,-0.039745087857761145,0.9323529411764706,0.585112061103185,0.3112475275993347,10.447255999955814
206,3,42,70,6,12,2,"(1, 2)",53,0.5118283057249837,-0.069466144365393,0.9,0.5454497896134853,0.3149483799934387,43.102151400002185
207,1,42,70,6,12,4,"(1, 2)",7,0.44061506071774215,-0.17192665319919964,0.9142857142857143,0.5839490115642547,0.3162602186203003,6.930151999986265
207,2,42,70,6,12,4,"(1, 2)",28,0.4794326853609386,-0.04937173463443677,0.9464285714285714,0.5841790556907653,0.3126608729362488,10.044207200000528
207,3,42,70,6,12,4,"(1, 2)",49,0.5232101908164718,-0.04062642296380748,0.9081632653061225,0.5521387393985476,0.3183545470237732,43.031436799967196
208,1,42,70,6,12,6,"(1, 2)",7,0.4866738841863209,-0.11741669838691296,0.9285714285714286,0.48259350657463074,0.31431517004966736,6.753694300015923
208,2,42,70,6,12,6,"(1, 2)",25,0.5067314850447099,0.0019626417962025924,0.964,0.5887743214766185,0.3234030306339264,10.468412999995053
208,3,42,70,6,12,6,"(1, 2)",43,0.5385361082226627,0.006341314202465616,0.9023255813953488,0.5729332913955053,0.339840829372406,41.91237520001596
209,1,42,70,6,16,1,"(1, 2)",7,0.4606034032160325,-0.20139706158605655,0.9285714285714286,0.4638500511646271,0.4349321126937866,6.830593699996825
209,2,42,70,6,16,1,"(1, 2)",22,0.4417023909959331,-0.09828508540098482,0.9363636363636364,0.51747704239992,0.3179158568382263,10.027489800006151
209,3,42,70,6,16,1,"(1, 2)",45,0.4928043711169545,-0.08477825585484657,0.9111111111111111,0.485893797661577,0.3440573215484619,42.0363437999622
210,1,42,70,6,16,2,"(1, 2)",6,0.39291656222693355,-0.17580516424454287,0.9166666666666666,0.4537039756774902,0.4101060926914215,6.981217199994717
210,2,42,70,6,16,2,"(1, 2)",21,0.45422933345753197,-0.08028734645635441,0.9380952380952381,0.5355097032510318,0.3388081192970276,10.094819899997674
210,3,42,70,6,16,2,"(1, 2)",41,0.5033332842441907,-0.07232926847497104,0.9121951219512195,0.478883972125394,0.3216552734375,42.65432819997659
211,1,42,70,6,16,4,"(1, 2)",6,0.4192719554671691,-0.1662763420871064,0.9333333333333333,0.54196547716856,0.2946621775627136,6.7555988999665715
211,2,42,70,6,16,4,"(1, 2)",20,0.47827253897102545,0.002493587275635012,0.94,0.5424495614491976,0.32872727513313293,10.025720099976752
211,3,42,70,6,16,4,"(1, 2)",35,0.5076631315858502,-0.03727099466709764,0.94,0.49286115169525146,0.33808234333992004,42.494988800026476
212,1,42,70,6,16,6,"(1, 2)",5,0.44314988382082615,-0.25494483561239495,0.94,0.48259350657463074,0.3911978006362915,7.003139399981592
212,2,42,70,6,16,6,"(1, 2)",19,0.47232537309273104,-0.020079237397891702,0.9578947368421052,0.5573087586806371,0.32846567034721375,10.074424599995837
212,3,42,70,6,16,6,"(1, 2)",31,0.536318191321118,0.0035650985101608663,0.9419354838709677,0.5170530180136362,0.35555559396743774,42.47104150004452
213,1,42,70,6,24,1,"(1, 2)",5,0.4200879257726827,-0.23787993287766335,0.92,0.4092958942055702,0.44751453399658203,6.98545739997644
213,2,42,70,6,24,1,"(1, 2)",2,0.3127254280761004,-0.20771946559883198,0.95,0.2843109518289566,0.6938707828521729,9.932734499976505
213,3,42,70,6,24,1,"(1, 2)",29,0.5135772282127921,-0.026432209900183332,0.9275862068965517,0.4661745667457581,0.39514654874801636,41.73584929999197
214,1,42,70,6,24,2,"(1, 2)",5,0.39513907125495307,-0.21315317139155782,0.92,0.40871744602918625,0.42695122957229614,6.662701900000684
214,2,42,70,6,24,2,"(1, 2)",2,0.3127254280761004,-0.20771946559883198,0.95,0.27806028723716736,0.6906510591506958,9.861818699981086
214,3,42,70,6,24,2,"(1, 2)",28,0.5172224068797656,-0.024221802644073195,0.9321428571428572,0.4687037604550521,0.36470723152160645,42.323953600018285
215,1,42,70,6,24,4,"(1, 2)",5,0.40449615547593876,-0.206891712634189,0.92,0.44219228625297546,0.32736432552337646,6.993078899977263
215,2,42,70,6,24,4,"(1, 2)",2,0.3127254280761004,-0.207719465598832,0.95,0.27819859981536865,0.6992902755737305,9.945461299968883
215,3,42,70,6,24,4,"(1, 2)",28,0.489105815689943,-0.04687053705800547,0.9321428571428572,0.4809603276460067,0.3633422553539276,42.04000049998285
216,1,42,70,6,24,6,"(1, 2)",5,0.44314988382082615,-0.25494483561239495,0.94,0.48259350657463074,0.3911978006362915,7.1429453999735415
216,2,42,70,6,24,6,"(1, 2)",2,0.3127254280761004,-0.207719465598832,0.95,0.2752945125102997,0.6957123279571533,10.54351340001449
216,3,42,70,6,24,6,"(1, 2)",4,0.5556245168547954,0.02682403312345283,0.925,0.3697298541665077,0.5995628237724304,40.76469450001605
217,1,42,70,6,32,1,"(1, 2)",5,0.4200879257726827,-0.23787993287766335,0.92,0.4092958942055702,0.44751453399658203,6.533984099980444
217,2,42,70,6,32,1,"(1, 2)",2,0.3127254280761004,-0.20771946559883198,0.95,0.2843109518289566,0.6938707828521729,10.17615349998232
217,3,42,70,6,32,1,"(1, 2)",22,0.4571684096151229,-0.06063371935483732,0.9181818181818182,0.43828806564921424,0.3988034427165985,40.33417050004937
218,1,42,70,6,32,2,"(1, 2)",4,0.42599744095328285,-0.21452811565446667,0.9,0.407804399728775,0.4528902471065521,6.4947998999850824
218,2,42,70,6,32,2,"(1, 2)",2,0.3127254280761004,-0.20771946559883198,0.95,0.27806028723716736,0.6906510591506958,9.67350290005561
218,3,42,70,6,32,2,"(1, 2)",21,0.44919744467347816,-0.08249543906400322,0.9238095238095239,0.42549198552181844,0.3910128176212311,39.90109489997849
219,1,42,70,6,32,4,"(1, 2)",2,0.3616697551109187,-0.2382788688093186,0.95,0.32750068604946136,0.4995644688606262,6.416637100046501
219,2,42,70,6,32,4,"(1, 2)",2,0.3127254280761004,-0.207719465598832,0.95,0.27819859981536865,0.6992902755737305,9.641810100001749
219,3,42,70,6,32,4,"(1, 2)",2,0.6157453276122169,0.21958241030294193,1.0,0.374350406229496,0.5368221998214722,39.404971899988595
220,1,42,70,6,32,6,"(1, 2)",4,0.48750209528428234,-0.25969115157180084,0.975,0.47937728961308795,0.3878049850463867,6.405791700002737
220,2,42,70,6,32,6,"(1, 2)",2,0.3127254280761004,-0.207719465598832,0.95,0.2752945125102997,0.6957123279571533,9.925674099999014
220,3,42,70,6,32,6,"(1, 2)",2,0.6157453276122169,0.21958241030294193,1.0,0.374350406229496,0.5368221998214722,40.1065448000445
221,1,42,70,8,8,1,"(1, 2)",17,0.4788754708366272,-0.1432498930341757,0.9470588235294117,0.5786145985126495,0.27820444107055664,6.6008524999488145
221,2,42,70,8,8,1,"(1, 2)",52,0.47413694723695915,-0.09200959588941877,0.9019230769230769,0.5850241914391517,0.3000965118408203,9.881301500019617
221,3,42,70,8,8,1,"(1, 2)",86,0.5214743136392308,-0.0565938462389453,0.8639534883720931,0.5970813209140623,0.3088233470916748,40.75103450001916
222,1,42,70,8,8,2,"(1, 2)",15,0.4899508750810193,-0.12650358777767043,0.9333333333333333,0.5922761112451553,0.2589130103588104,6.563686700013932
222,2,42,70,8,8,2,"(1, 2)",46,0.4531101177108149,-0.116256895114603,0.9065217391304348,0.6110472712251875,0.2782477140426636,9.96400060004089
222,3,42,70,8,8,2,"(1, 2)",78,0.5049845385568575,-0.06993632540252143,0.8730769230769231,0.6117608032443307,0.29028910398483276,42.75615969998762
223,1,42,70,8,8,4,"(1, 2)",14,0.4586686710462729,-0.07626408090756577,0.9714285714285714,0.6843087502888271,0.27027279138565063,6.959607400000095
223,2,42,70,8,8,4,"(1, 2)",41,0.5063678852100766,-0.032853177391689956,0.9170731707317074,0.6221764736315784,0.32136258482933044,10.540418600023258
223,3,42,70,8,8,4,"(1, 2)",69,0.5157292312281253,-0.05875138529331475,0.8884057971014493,0.6132304002841313,0.2969728708267212,40.76675130001968
224,1,42,70,8,8,6,"(1, 2)",12,0.47099293518826696,-0.05366164024079603,0.95,0.7129132151603699,0.22776013612747192,6.636586199980229
224,2,42,70,8,8,6,"(1, 2)",37,0.4726262766441211,-0.03852358680678069,0.927027027027027,0.6202451744500328,0.3120371997356415,10.08729629998561
224,3,42,70,8,8,6,"(1, 2)",63,0.545917791221598,-0.019323833996585695,0.8968253968253969,0.6185987229858126,0.30538663268089294,41.22432779998053
225,1,42,70,8,12,1,"(1, 2)",11,0.4428730623257653,-0.21560708676980314,0.9454545454545454,0.5689265131950378,0.28763988614082336,6.562497000035364
225,2,42,70,8,12,1,"(1, 2)",31,0.4519316507610874,-0.09593658907055251,0.9161290322580645,0.5341899081280357,0.29611966013908386,9.846365800010972
225,3,42,70,8,12,1,"(1, 2)",55,0.5259012996027035,-0.030611190764236493,0.8836363636363637,0.5437271814135944,0.3373729884624481,40.935519300051965
226,1,42,70,8,12,2,"(1, 2)",10,0.40747497456143095,-0.25847967649212394,0.92,0.5404519637425741,0.26351165771484375,6.795032599999104
226,2,42,70,8,12,2,"(1, 2)",31,0.44498578174152553,-0.10079991968743844,0.9129032258064517,0.5719050634652376,0.2787171006202698,9.999203399987891
226,3,42,70,8,12,2,"(1, 2)",53,0.5029910862865108,-0.046666894854920586,0.8867924528301887,0.5611201217097621,0.3208054304122925,41.289022999990266
227,1,42,70,8,12,4,"(1, 2)",9,0.3634538833245007,-0.2022063534321225,0.9444444444444444,0.657929261525472,0.2781403064727783,6.599786399980076
227,2,42,70,8,12,4,"(1, 2)",4,0.5415164167256576,0.07114840064040251,0.975,0.41785694658756256,0.43934598565101624,9.763358700030949
227,3,42,70,8,12,4,"(1, 2)",51,0.5256363823239787,-0.03170199322782415,0.903921568627451,0.5632842779159546,0.32450559735298157,41.467690900026355
228,1,42,70,8,12,6,"(1, 2)",7,0.4328266983040111,-0.19197696998264593,0.9142857142857143,0.6047368422150612,0.3519788086414337,6.677961500012316
228,2,42,70,8,12,6,"(1, 2)",24,0.4420196121053123,-0.06784013809062946,0.9583333333333334,0.553121275135449,0.33412033319473267,9.897852800029796
228,3,42,70,8,12,6,"(1, 2)",42,0.5314212615872845,-0.007466449719086161,0.9166666666666666,0.5460121796048921,0.3491469919681549,41.37729470001068
229,1,42,70,8,16,1,"(1, 2)",7,0.48038744054511423,-0.23057040414554203,0.9285714285714286,0.5590510155473437,0.38887569308280945,6.530687000020407
229,2,42,70,8,16,1,"(1, 2)",26,0.4317013613665673,-0.0900616028577589,0.9346153846153846,0.5095995296450222,0.31296390295028687,9.93057470000349
229,3,42,70,8,16,1,"(1, 2)",44,0.4805021042682402,-0.07389584703269271,0.9136363636363637,0.49544432759284973,0.3451118469238281,40.94629500003066
230,1,42,70,8,16,2,"(1, 2)",6,0.44608655077169423,-0.22836713157662444,0.9333333333333333,0.5050142928957939,0.3733699917793274,6.556087899953127
230,2,42,70,8,16,2,"(1, 2)",24,0.4276329780194747,-0.07405781683029349,0.9375,0.525106631219387,0.3020753264427185,9.859080399968661
230,3,42,70,8,16,2,"(1, 2)",40,0.47034117943738496,-0.07458629617196218,0.92,0.5026988816261292,0.3471807539463043,40.77996889996575
231,1,42,70,8,16,4,"(1, 2)",6,0.37493710686135645,-0.15577466826669584,0.9333333333333333,0.5694584250450134,0.3153676986694336,6.536988299980294
231,2,42,70,8,16,4,"(1, 2)",4,0.5415164167256576,0.07114840064040251,0.975,0.41785694658756256,0.43934598565101624,9.760596500011161
231,3,42,70,8,16,4,"(1, 2)",34,0.5046469417149213,-0.025069764164317405,0.9382352941176471,0.48738717574339646,0.3409036099910736,41.0410666000098
232,1,42,70,8,16,6,"(1, 2)",6,0.4311622925977785,-0.18365942831996238,0.9166666666666666,0.6047368422150612,0.3519788086414337,6.553272399993148
232,2,42,70,8,16,6,"(1, 2)",21,0.44497483654483705,-0.02409539197251032,0.9571428571428572,0.5337836811175714,0.33916038274765015,9.847567499964498
232,3,42,70,8,16,6,"(1, 2)",33,0.5113304224096313,0.0014688036486570633,0.9393939393939394,0.5025783658027649,0.35495755076408386,41.18375899997773
233,1,42,70,8,24,1,"(1, 2)",5,0.4549861770432413,-0.2830795897241316,0.92,0.5273577868938446,0.38693803548812866,6.504955600015819
233,2,42,70,8,24,1,"(1, 2)",2,0.3365578097689642,-0.21110923650681923,0.95,0.2863128334283829,0.6903997659683228,9.888119900017045
233,3,42,70,8,24,1,"(1, 2)",28,0.4613142339323399,-0.06424428796102745,0.9321428571428572,0.48686999341715936,0.3833451569080353,40.97517980000703
234,1,42,70,8,24,2,"(1, 2)",5,0.4579921468981234,-0.27633559696976095,0.92,0.4252377152442932,0.3999299108982086,6.5280457000480965
234,2,42,70,8,24,2,"(1, 2)",2,0.3127254280761004,-0.20771946559883198,0.95,0.2852579653263092,0.7194200754165649,9.874187899986282
234,3,42,70,8,24,2,"(1, 2)",27,0.4668344626369489,-0.06028145597248461,0.9259259259259259,0.48345856013752164,0.376889705657959,40.24106570001459
235,1,42,70,8,24,4,"(1, 2)",5,0.32864249380270705,-0.20369578220236143,0.92,0.5263786464929581,0.31962424516677856,6.4299490000121295
235,2,42,70,8,24,4,"(1, 2)",2,0.3365578097689642,-0.21110923650681923,0.95,0.28843991458415985,0.6890002489089966,9.963388700038195
235,3,42,70,8,24,4,"(1, 2)",26,0.47366020748059595,-0.04373224366548566,0.9230769230769231,0.4905110526652563,0.37796202301979065,40.39114510000218
236,1,42,70,8,24,6,"(1, 2)",5,0.4140332929398274,-0.24960898344375132,0.92,0.5223997433980306,0.37833842635154724,6.749837399984244
236,2,42,70,8,24,6,"(1, 2)",2,0.3127254280761004,-0.20771946559883198,0.95,0.27592161297798157,0.71993488073349,9.604739399976097
236,3,42,70,8,24,6,"(1, 2)",2,0.6157453276122169,0.21958241030294193,1.0,0.3905845433473587,0.5063599348068237,40.12502320000203
237,1,42,70,8,32,1,"(1, 2)",5,0.4549861770432413,-0.2830795897241316,0.92,0.5273577868938446,0.38693803548812866,6.420800100022461
237,2,42,70,8,32,1,"(1, 2)",2,0.3365578097689642,-0.21110923650681923,0.95,0.2863128334283829,0.6903997659683228,9.611507299996447
237,3,42,70,8,32,1,"(1, 2)",22,0.43989257540969934,-0.09396535359066212,0.9136363636363637,0.47424316876812983,0.42020124197006226,40.772374299995136
238,1,42,70,8,32,2,"(1, 2)",5,0.4579921468981234,-0.27633559696976095,0.92,0.4252377152442932,0.3999299108982086,6.487778000009712
238,2,42,70,8,32,2,"(1, 2)",2,0.3127254280761004,-0.20771946559883198,0.95,0.2852579653263092,0.7194200754165649,10.372571600019
238,3,42,70,8,32,2,"(1, 2)",2,0.6157453276122169,0.21958241030294193,1.0,0.3905845433473587,0.5063599348068237,40.415275599982124
239,1,42,70,8,32,4,"(1, 2)",2,0.34833981652259327,-0.23999008392168264,0.95,0.3502005487680435,0.4554041028022766,6.448972100042738
239,2,42,70,8,32,4,"(1, 2)",2,0.3365578097689642,-0.21110923650681923,0.95,0.28843991458415985,0.6890002489089966,9.613602400000673
239,3,42,70,8,32,4,"(1, 2)",2,0.6157453276122169,0.21958241030294193,1.0,0.3905845433473587,0.5063599348068237,40.40622479998274
240,1,42,70,8,32,6,"(1, 2)",2,0.36472813859995845,-0.24581396763256033,0.95,0.43070879578590393,0.3810752332210541,6.4970277000102215
240,2,42,70,8,32,6,"(1, 2)",2,0.3127254280761004,-0.20771946559883198,0.95,0.27592161297798157,0.71993488073349,9.623993500019424
240,3,42,70,8,32,6,"(1, 2)",2,0.6157453276122169,0.21958241030294193,1.0,0.3905845433473587,0.5063599348068237,40.360535499989055
241,1,42,90,4,8,1,"(1, 2)",22,0.4400619605365419,-0.2135877733941003,0.9045454545454545,0.6502017498016357,0.2993153929710388,6.737875699996948
241,2,42,90,4,8,1,"(1, 2)",52,0.4672887720593853,-0.08101838056931572,0.9076923076923077,0.6157707289645546,0.286751389503479,10.090206400025636
241,3,42,90,4,8,1,"(1, 2)",80,0.5378676620616104,-0.04258914953942962,0.87,0.5627795297365922,0.3017258942127228,41.16700640000636
242,1,42,90,4,8,2,"(1, 2)",14,0.43203329652531874,-0.22339366253838325,0.9285714285714286,0.5251087173819542,0.24398212134838104,6.591823199996725
242,2,42,90,4,8,2,"(1, 2)",46,0.4645011701807387,-0.0966852756942052,0.9021739130434783,0.6299493666738272,0.28903070092201233,10.374310800048988
242,3,42,90,4,8,2,"(1, 2)",75,0.5122191370531386,-0.06820217732468599,0.8733333333333333,0.5872465843955675,0.30794209241867065,41.05325549998088
243,1,42,90,4,8,4,"(1, 2)",14,0.5102046998508187,-0.11851872942856832,0.9357142857142857,0.7167754918336868,0.297983855009079,6.665415800001938
243,2,42,90,4,8,4,"(1, 2)",44,0.4768720462564692,-0.057952535727206,0.9113636363636364,0.6118719761188214,0.291123628616333,10.107084700022824
243,3,42,90,4,8,4,"(1, 2)",70,0.5274856487488832,-0.043599320595307425,0.8971428571428571,0.6065971298563865,0.316610723733902,40.85550400003558
244,1,42,90,4,8,6,"(1, 2)",2,0.668153137033134,0.1309506025433424,1.0,0.5817032903432846,0.40593045949935913,6.516821299970616
244,2,42,90,4,8,6,"(1, 2)",39,0.48095506114284325,-0.05665352352753773,0.9102564102564102,0.6333065489927928,0.32894060015678406,10.00927480001701
244,3,42,90,4,8,6,"(1, 2)",61,0.5542670664100262,0.019643124699011295,0.8934426229508197,0.6210806002574307,0.30762261152267456,40.90303849999327
245,1,42,90,4,12,1,"(1, 2)",10,0.3945663017160223,-0.22441494574717172,0.92,0.5067568346858025,0.3230119049549103,6.592040100018494
245,2,42,90,4,12,1,"(1, 2)",40,0.4464287672546868,-0.10484737254921789,0.9025,0.5699892590443293,0.31414929032325745,10.010343200003263
245,3,42,90,4,12,1,"(1, 2)",61,0.5215372137513239,-0.06389426726471455,0.8704918032786885,0.5350406927031439,0.3232458531856537,41.239293900027405
246,1,42,90,4,12,2,"(1, 2)",9,0.45474180124938296,-0.24839924816363068,0.9111111111111111,0.4283841798702876,0.3159210681915283,6.607389700016938
246,2,42,90,4,12,2,"(1, 2)",38,0.43883029663227596,-0.11359811120237348,0.9026315789473685,0.5791057149569193,0.3012530207633972,10.090281799959484
246,3,42,90,4,12,2,"(1, 2)",57,0.5133069031527446,-0.08234859208191463,0.8719298245614036,0.5469438955187798,0.3178551495075226,40.97218610002892
247,1,42,90,4,12,4,"(1, 2)",7,0.4625661968151626,-0.22031474707150664,0.9285714285714286,0.5890302509069443,0.2687136232852936,6.542282400012482
247,2,42,90,4,12,4,"(1, 2)",30,0.46662923771795495,-0.07298423081423987,0.94,0.5691351890563965,0.31659364700317383,9.972785799996927
247,3,42,90,4,12,4,"(1, 2)",48,0.5329077005954342,-0.02733049164175109,0.8916666666666667,0.5673249279459317,0.33962175250053406,40.89830450003501
248,1,42,90,4,12,6,"(1, 2)",7,0.47502229389976686,-0.11008858207125709,0.9142857142857143,0.0,0.21382351219654083,6.526011399982963
248,2,42,90,4,12,6,"(1, 2)",27,0.486045781564012,-0.052124904665181306,0.9444444444444444,0.584891894033977,0.33223602175712585,9.984689000004437
248,3,42,90,4,12,6,"(1, 2)",44,0.5347206812503202,0.003190987806318238,0.8977272727272727,0.5870293799255576,0.327194482088089,41.52301330002956
249,1,42,90,4,16,1,"(1, 2)",8,0.41324112202919,-0.19371394214561488,0.925,0.5088812212149302,0.3296794295310974,6.56888129998697
249,2,42,90,4,16,1,"(1, 2)",27,0.4145967263429865,-0.11753770440350604,0.9333333333333333,0.5279198046773672,0.3367363512516022,9.931616800022312
249,3,42,90,4,16,1,"(1, 2)",49,0.4973896785562835,-0.08488777350103457,0.889795918367347,0.4956808141593275,0.3256598711013794,40.59772510000039
250,1,42,90,4,16,2,"(1, 2)",8,0.4569665966471867,-0.2415564997518844,0.925,0.44830893476804096,0.3418201804161072,6.570924800005741
250,2,42,90,4,16,2,"(1, 2)",24,0.45009054930959863,-0.0728510726063417,0.9291666666666667,0.5416372795899709,0.3154067099094391,9.945494399988092
250,3,42,90,4,16,2,"(1, 2)",45,0.5133943199781513,-0.09196868421070525,0.8955555555555555,0.5048219767110101,0.33086666464805603,40.92423979996238
251,1,42,90,4,16,4,"(1, 2)",6,0.4151009919514048,-0.21674879114962872,0.9333333333333333,0.511030375957489,0.23077666759490967,6.5200908000115305
251,2,42,90,4,16,4,"(1, 2)",20,0.47685113643389426,-0.04512902890063889,0.94,0.540625647856639,0.316545307636261,9.909181199967861
251,3,42,90,4,16,4,"(1, 2)",34,0.5439814776028443,-0.036036367633631286,0.9088235294117647,0.534783348441124,0.3414310812950134,40.758262799994554
252,1,42,90,4,16,6,"(1, 2)",7,0.47502229389976686,-0.11008858207125709,0.9142857142857143,0.0,0.21382351219654083,6.538824399991427
252,2,42,90,4,16,6,"(1, 2)",3,0.5404574313669729,0.022247414717896246,0.9666666666666667,0.42737631996472675,0.5184745788574219,10.071970199991483
252,3,42,90,4,16,6,"(1, 2)",32,0.5397583861775263,-0.02793108680603911,0.915625,0.545245800614357,0.3274468183517456,42.24388280004496
253,1,42,90,4,24,1,"(1, 2)",6,0.3702545703255616,-0.22454887248714417,0.95,0.3914158493280411,0.3336468040943146,7.0918168000062
253,2,42,90,4,24,1,"(1, 2)",2,0.35618929580557923,-0.1825989481566041,0.95,0.2835445702075958,0.7005695700645447,9.982498899975326
253,3,42,90,4,24,1,"(1, 2)",31,0.43712364238880974,-0.14824179143537355,0.8935483870967742,0.4491513988801411,0.33436402678489685,41.828559099987615
254,1,42,90,4,24,2,"(1, 2)",5,0.41998710285179525,-0.21292232075647205,0.94,0.38807301223278046,0.23607277870178223,7.057545899995603
254,2,42,90,4,24,2,"(1, 2)",2,0.3561892958055793,-0.1825989481566041,0.95,0.3054610788822174,0.7110140323638916,10.303539999993518
254,3,42,90,4,24,2,"(1, 2)",26,0.4625654169359225,-0.11165284644013594,0.8923076923076924,0.4613591082394123,0.34474414587020874,40.721936299989466
255,1,42,90,4,24,4,"(1, 2)",5,0.42096312028601857,-0.249344687532124,0.94,0.46502581238746643,0.1360391080379486,6.767300499952398
255,2,42,90,4,24,4,"(1, 2)",2,0.3561892958055793,-0.1825989481566041,0.95,0.28403225541114807,0.7163662910461426,10.338670999975875
255,3,42,90,4,24,4,"(1, 2)",24,0.47433370974557604,-0.080121589749229,0.9208333333333333,0.5048718601465225,0.3517385721206665,42.062724499963224
256,1,42,90,4,24,6,"(1, 2)",5,0.4087208775305404,-0.13062902982563068,0.94,0.8230298757553101,0.26853451132774353,7.094709499971941
256,2,42,90,4,24,6,"(1, 2)",2,0.35618929580557923,-0.1825989481566041,0.95,0.29784536361694336,0.7342815399169922,10.379949700029101
256,3,42,90,4,24,6,"(1, 2)",6,0.498998930649638,0.00785565504893792,0.9166666666666666,0.4284572700659434,0.5711277723312378,41.817796399991494
257,1,42,90,4,32,1,"(1, 2)",2,0.3948536712266816,-0.23059996288074497,1.0,0.2955242991447449,0.44112423062324524,6.963923899980728
257,2,42,90,4,32,1,"(1, 2)",2,0.35618929580557923,-0.1825989481566041,0.95,0.2835445702075958,0.7005695700645447,10.165502000018023
257,3,42,90,4,32,1,"(1, 2)",3,0.5344101058698699,0.04283270927726118,0.9666666666666667,0.369041641553243,0.5473701357841492,40.693476300046314
258,1,42,90,4,32,2,"(1, 2)",2,0.39485367122668147,-0.23059996288074502,1.0,0.30110880732536316,0.4058194160461426,6.738101800030563
258,2,42,90,4,32,2,"(1, 2)",2,0.3561892958055793,-0.1825989481566041,0.95,0.3054610788822174,0.7110140323638916,10.313472200010438
258,3,42,90,4,32,2,"(1, 2)",3,0.5344101058698699,0.04283270927726118,0.9666666666666667,0.3795268734296163,0.5316522717475891,41.26167640002677
259,1,42,90,4,32,4,"(1, 2)",2,0.361601516516458,-0.19924361503066185,1.0,0.35378050804138184,0.253442645072937,7.2599393999553286
259,2,42,90,4,32,4,"(1, 2)",2,0.3561892958055793,-0.1825989481566041,0.95,0.28403225541114807,0.7163662910461426,10.007685200020205
259,3,42,90,4,32,4,"(1, 2)",3,0.5344101058698699,0.04283270927726118,0.9666666666666667,0.3795898457368215,0.5317308306694031,42.10710590000963
260,1,42,90,4,32,6,"(1, 2)",4,0.4755852159747317,-0.12062190449784302,0.95,0.8230298757553101,0.26853451132774353,7.131194700021297
260,2,42,90,4,32,6,"(1, 2)",2,0.35618929580557923,-0.1825989481566041,0.95,0.29784536361694336,0.7342815399169922,10.450286699982826
260,3,42,90,4,32,6,"(1, 2)",6,0.498998930649638,0.00785565504893792,0.9166666666666666,0.4284572700659434,0.5711277723312378,40.01646710000932
261,1,42,90,6,8,1,"(1, 2)",15,0.5030202514884585,-0.11224254462876593,0.9333333333333333,0.5433071884844038,0.3330186605453491,6.6914021000266075
261,2,42,90,6,8,1,"(1, 2)",50,0.4969997665167146,-0.06324477424098417,0.886,0.5926656424999237,0.3174334168434143,10.348709999991115
261,3,42,90,6,8,1,"(1, 2)",82,0.5325881737287157,-0.0329859631351501,0.8731707317073171,0.5877593802288175,0.3102641999721527,42.158070400008
262,1,42,90,6,8,2,"(1, 2)",15,0.4685095492890806,-0.10569240786534626,0.94,0.6042661070823669,0.2987877428531647,6.827862599981017
262,2,42,90,6,8,2,"(1, 2)",46,0.48661936657472166,-0.07506618257134541,0.8978260869565218,0.5973957379659017,0.30895930528640747,10.253074300009757
262,3,42,90,6,8,2,"(1, 2)",76,0.5433208449019334,-0.027553598181959352,0.8842105263157894,0.6096452091421399,0.2949482202529907,41.80773679999402
263,1,42,90,6,8,4,"(1, 2)",12,0.4988945264117101,-0.03503699478494101,0.9333333333333333,0.6500240713357925,0.2404651939868927,6.917822300049011
263,2,42,90,6,8,4,"(1, 2)",41,0.4761840720344835,-0.06897879014128622,0.9170731707317074,0.6388360778490703,0.31347694993019104,10.53330619999906
263,3,42,90,6,8,4,"(1, 2)",63,0.54583238475514,-0.002658411966256064,0.8888888888888888,0.621901966058291,0.31685617566108704,41.79494459996931
264,1,42,90,6,8,6,"(1, 2)",9,0.5405284949102671,-0.026967949464851246,0.9222222222222223,0.5987234264612198,0.2351228892803192,6.837773300008848
264,2,42,90,6,8,6,"(1, 2)",38,0.5026833422860112,-0.030257948006430876,0.9263157894736842,0.6184869408607483,0.3262026309967041,10.265206200012472
264,3,42,90,6,8,6,"(1, 2)",55,0.5722908857744536,0.032495151551819694,0.8836363636363637,0.6390987453253373,0.31415316462516785,41.07715129997814
265,1,42,90,6,12,1,"(1, 2)",10,0.4457396551364582,-0.1846741169990661,0.94,0.5205615290573665,0.2839921712875366,6.799440999981016
265,2,42,90,6,12,1,"(1, 2)",35,0.4633415199401696,-0.07238351973535441,0.9085714285714286,0.5607227314920986,0.3091691732406616,10.346286799991503
265,3,42,90,6,12,1,"(1, 2)",59,0.5212105450811826,-0.05142017593632522,0.864406779661017,0.5488061080376307,0.33632931113243103,41.57368570001563
266,1,42,90,6,12,2,"(1, 2)",10,0.44673514648072166,-0.1881481197671923,0.93,0.5645461777846018,0.3089909851551056,6.854540300031658
266,2,42,90,6,12,2,"(1, 2)",34,0.46510447992672377,-0.08461191696726685,0.9176470588235294,0.5797975028262419,0.3014163374900818,10.44189620000543
266,3,42,90,6,12,2,"(1, 2)",55,0.5415507622954807,-0.017366248700527914,0.8745454545454545,0.5802509210727833,0.3211059868335724,41.552023000025656
267,1,42,90,6,12,4,"(1, 2)",9,0.43378368120265454,-0.17163172153381076,0.9111111111111111,0.5858368674914042,0.2718380391597748,6.744535000005271
267,2,42,90,6,12,4,"(1, 2)",30,0.4847653954294245,-0.059052413577056706,0.9433333333333334,0.597411455710729,0.3111530840396881,10.270195999997668
267,3,42,90,6,12,4,"(1, 2)",46,0.5401491887443517,0.010773703836890488,0.8913043478260869,0.5888084554672242,0.33815833926200867,41.34113770001568
268,1,42,90,6,12,6,"(1, 2)",7,0.4510504292398134,-0.15653797301127007,0.9142857142857143,0.4611583352088928,0.2643289864063263,6.964482000039425
268,2,42,90,6,12,6,"(1, 2)",3,0.5404574313669729,0.022247414717896246,0.9666666666666667,0.42017385363578796,0.5080516934394836,10.356363200000487
268,3,42,90,6,12,6,"(1, 2)",43,0.536940053239446,0.005092264485827426,0.9046511627906977,0.6013991418092147,0.3300398886203766,42.21477440005401
269,1,42,90,6,16,1,"(1, 2)",10,0.4457396551364582,-0.1846741169990661,0.94,0.5205615290573665,0.2839921712875366,6.665913700009696
269,2,42,90,6,16,1,"(1, 2)",30,0.45239427660817766,-0.08534962716807637,0.92,0.5490309726446867,0.30963146686553955,10.154316700005438
269,3,42,90,6,16,1,"(1, 2)",46,0.48023964263717905,-0.09925437373510597,0.8978260869565218,0.5206546004001911,0.33685338497161865,40.47008699999424
270,1,42,90,6,16,2,"(1, 2)",10,0.44673514648072166,-0.1881481197671923,0.93,0.5645461777846018,0.3089909851551056,6.641151599993464
270,2,42,90,6,16,2,"(1, 2)",29,0.4629536030871367,-0.08872793618968741,0.9310344827586207,0.5752797238528728,0.314127117395401,10.173658400017302
270,3,42,90,6,16,2,"(1, 2)",41,0.49324639631250033,-0.060254328017218674,0.9097560975609756,0.5451125204563141,0.32404929399490356,40.38311870000325
271,1,42,90,6,16,4,"(1, 2)",7,0.44942572405245607,-0.1685399769927789,0.9142857142857143,0.5021427869796753,0.31426671147346497,6.606814699945971
271,2,42,90,6,16,4,"(1, 2)",3,0.5404574313669729,0.022247414717896246,0.9666666666666667,0.4176930288473765,0.5072502493858337,10.30054879997624
271,3,42,90,6,16,4,"(1, 2)",35,0.5023846981023886,-0.018779184514771268,0.9371428571428572,0.547549344599247,0.34924858808517456,40.61550449999049
272,1,42,90,6,16,6,"(1, 2)",6,0.4087888702537295,-0.1661406097885464,0.9166666666666666,0.46044018864631653,0.2621118128299713,6.898032500001136
272,2,42,90,6,16,6,"(1, 2)",3,0.5404574313669729,0.022247414717896246,0.9666666666666667,0.42017385363578796,0.5080516934394836,10.30739909998374
272,3,42,90,6,16,6,"(1, 2)",29,0.5268224478355175,0.018781993486355945,0.9448275862068966,0.5578921801514096,0.34501564502716064,40.93306319997646
273,1,42,90,6,24,1,"(1, 2)",5,0.42723131002597325,-0.21607336041764086,0.92,0.41855042427778244,0.32322919368743896,6.813718300021719
273,2,42,90,6,24,1,"(1, 2)",2,0.3561892958055793,-0.1825989481566041,0.95,0.26949042081832886,0.709215521812439,10.01974080002401
273,3,42,90,6,24,1,"(1, 2)",2,0.6157453276122169,0.21958241030294193,1.0,0.41024447977542877,0.5075280666351318,41.41773420001846
274,1,42,90,6,24,2,"(1, 2)",5,0.4270607793471958,-0.21996076310728627,0.94,0.4444674253463745,0.4229329526424408,6.737812000035774
274,2,42,90,6,24,2,"(1, 2)",2,0.3561892958055793,-0.1825989481566041,0.95,0.273855060338974,0.7036902904510498,10.23158100002911
274,3,42,90,6,24,2,"(1, 2)",2,0.6157453276122169,0.21958241030294193,1.0,0.41024447977542877,0.5075280666351318,41.08272200002102
275,1,42,90,6,24,4,"(1, 2)",2,0.4440552700913357,-0.14799211333415288,1.0,0.32043594121932983,0.5373369455337524,6.91363550000824
275,2,42,90,6,24,4,"(1, 2)",2,0.3561892958055793,-0.1825989481566041,0.95,0.2845658212900162,0.6837981343269348,10.177000700030476
275,3,42,90,6,24,4,"(1, 2)",2,0.6157453276122169,0.21958241030294193,1.0,0.41024447977542877,0.5075280666351318,40.971199100022204
276,1,42,90,6,24,6,"(1, 2)",4,0.48984501563524546,-0.21103505799918879,0.975,0.4082013765970866,0.35373783111572266,6.651362799981143
276,2,42,90,6,24,6,"(1, 2)",2,0.3561892958055793,-0.1825989481566041,0.95,0.28979185223579407,0.6964801549911499,10.277828000020236
276,3,42,90,6,24,6,"(1, 2)",2,0.6157453276122169,0.21958241030294193,1.0,0.41024447977542877,0.5075280666351318,41.70038280001609
277,1,42,90,6,32,1,"(1, 2)",4,0.42213076895640633,-0.22811275517895113,0.9,0.4003645107150078,0.537906289100647,6.87996899994323
277,2,42,90,6,32,1,"(1, 2)",2,0.3561892958055793,-0.1825989481566041,0.95,0.26949042081832886,0.709215521812439,10.238308599975426
277,3,42,90,6,32,1,"(1, 2)",2,0.6157453276122169,0.21958241030294193,1.0,0.41024447977542877,0.5075280666351318,41.211649300006684
278,1,42,90,6,32,2,"(1, 2)",4,0.4210480673105531,-0.23432112073429645,0.9,0.40829867869615555,0.5256077647209167,7.034111900022253
278,2,42,90,6,32,2,"(1, 2)",2,0.3561892958055793,-0.1825989481566041,0.95,0.273855060338974,0.7036902904510498,10.169513600005303
278,3,42,90,6,32,2,"(1, 2)",2,0.6157453276122169,0.21958241030294193,1.0,0.41024447977542877,0.5075280666351318,40.55886940000346
279,1,42,90,6,32,4,"(1, 2)",2,0.4440552700913357,-0.14799211333415288,1.0,0.32043594121932983,0.5373369455337524,7.243797899980564
279,2,42,90,6,32,4,"(1, 2)",2,0.3561892958055793,-0.1825989481566041,0.95,0.2845658212900162,0.6837981343269348,10.245124600012787
279,3,42,90,6,32,4,"(1, 2)",2,0.6157453276122169,0.21958241030294193,1.0,0.41024447977542877,0.5075280666351318,41.206072100030724
280,1,42,90,6,32,6,"(1, 2)",2,0.44405527009133583,-0.14799211333415288,1.0,0.33239080011844635,0.3589361310005188,6.781772700021975
280,2,42,90,6,32,6,"(1, 2)",2,0.3561892958055793,-0.1825989481566041,0.95,0.28979185223579407,0.6964801549911499,10.148924700042699
280,3,42,90,6,32,6,"(1, 2)",2,0.6157453276122169,0.21958241030294193,1.0,0.41024447977542877,0.5075280666351318,40.66808660002425
281,1,42,90,8,8,1,"(1, 2)",19,0.46338640146098564,-0.18854321770815452,0.9315789473684211,0.6084140837192535,0.2535657286643982,7.106603700027335
281,2,42,90,8,8,1,"(1, 2)",52,0.4430222508488463,-0.12890315711352246,0.8961538461538462,0.6204686682475241,0.3015362322330475,10.718561699963175
281,3,42,90,8,8,1,"(1, 2)",82,0.49301130112777103,-0.09657917580309153,0.8707317073170732,0.5980062142891043,0.3134911060333252,42.07694440003252
282,1,42,90,8,8,2,"(1, 2)",18,0.447444222585599,-0.16437593176141244,0.9166666666666666,0.6278903143746513,0.22833853960037231,6.742824400018435
282,2,42,90,8,8,2,"(1, 2)",50,0.42727796205986146,-0.13326062535136862,0.908,0.6374585827191671,0.3017737865447998,10.18863109999802
282,3,42,90,8,8,2,"(1, 2)",71,0.5193508131822557,-0.04756756878092142,0.8760563380281691,0.6038978781018939,0.30273953080177307,41.22046899999259
283,1,42,90,8,8,4,"(1, 2)",14,0.42616351398094493,-0.1840893047535354,0.9428571428571428,0.6897621750831604,0.2093251347541809,6.768657099979464
283,2,42,90,8,8,4,"(1, 2)",43,0.4790566458931332,-0.0625574592827919,0.9093023255813953,0.6403194926679134,0.3009837567806244,10.482650200021453
283,3,42,90,8,8,4,"(1, 2)",62,0.5646340537137702,-0.007102454627836851,0.8709677419354839,0.625628972692149,0.304309606552124,41.103514799964614
284,1,42,90,8,8,6,"(1, 2)",9,0.5709473986565295,-0.012963943473389535,0.9444444444444444,0.6024842411279678,0.21462471783161163,6.726337699976284
284,2,42,90,8,8,6,"(1, 2)",36,0.5184418067680485,0.011410547470893987,0.925,0.6557358279824257,0.3143598437309265,10.194687300012447
284,3,42,90,8,8,6,"(1, 2)",59,0.5549549857889188,-0.018061707516151385,0.8864406779661017,0.6170462266756938,0.3315785825252533,41.81576430000132
285,1,42,90,8,12,1,"(1, 2)",12,0.3669041090651904,-0.25882797213024017,0.9416666666666667,0.5564429499208927,0.2720644176006317,6.841254500031937
285,2,42,90,8,12,1,"(1, 2)",40,0.4632613194594869,-0.09738686518224778,0.9,0.5792890101671219,0.3064531981945038,10.255430600023828
285,3,42,90,8,12,1,"(1, 2)",55,0.49254784984434824,-0.07781729491032845,0.8745454545454545,0.561740210940761,0.34452763199806213,41.4876246000058
286,1,42,90,8,12,2,"(1, 2)",12,0.3510850462603548,-0.2622127224322748,0.9416666666666667,0.5649525175491968,0.2332524210214615,6.706837399979122
286,2,42,90,8,12,2,"(1, 2)",34,0.4612300945609222,-0.07766261900089245,0.9088235294117647,0.6186745166778564,0.2973424792289734,10.599963400047272
286,3,42,90,8,12,2,"(1, 2)",49,0.5099595510820385,-0.049605088782354534,0.8918367346938776,0.5435890014524813,0.3372022807598114,43.273838700028136
287,1,42,90,8,12,4,"(1, 2)",8,0.4566245251130444,-0.12748641575928066,0.9375,0.5515027344226837,0.296719491481781,6.906716400000732
287,2,42,90,8,12,4,"(1, 2)",29,0.46937618735379455,-0.05932435878893409,0.9310344827586207,0.617906371752421,0.30195116996765137,10.330678900005296
287,3,42,90,8,12,4,"(1, 2)",48,0.5300290387676205,-0.019605329027743878,0.8895833333333333,0.587214612535068,0.3456023931503296,41.275264299998526
288,1,42,90,8,12,6,"(1, 2)",7,0.5099402399233783,-0.09309281658270878,0.9428571428571428,0.5514448980490366,0.25106295943260193,6.8051459999987856
288,2,42,90,8,12,6,"(1, 2)",25,0.4760916648136026,-0.009179060441304681,0.944,0.5808687508106232,0.3210271894931793,10.461119399988092
288,3,42,90,8,12,6,"(1, 2)",43,0.5627800499647702,0.006306142261434279,0.8953488372093024,0.58220708828706,0.35098668932914734,42.18941480002832
289,1,42,90,8,16,1,"(1, 2)",10,0.3844833437861722,-0.26590506484855503,0.94,0.5480300400938306,0.2974766194820404,6.819491800037213
289,2,42,90,8,16,1,"(1, 2)",26,0.4396159299797967,-0.0991631728904771,0.9192307692307692,0.5364271029829979,0.31265366077423096,10.303976900002453
289,3,42,90,8,16,1,"(1, 2)",40,0.46784221282333893,-0.08379068755276367,0.915,0.5216366284423404,0.3708525598049164,43.612676099990495
290,1,42,90,8,16,2,"(1, 2)",9,0.3444842396419886,-0.28740420493571994,0.9444444444444444,0.4994917273521423,0.25672367215156555,6.854085200000554
290,2,42,90,8,16,2,"(1, 2)",23,0.42997055296297365,-0.08472292093825969,0.9260869565217391,0.5861026815005711,0.3084033131599426,10.372691700002179
290,3,42,90,8,16,2,"(1, 2)",39,0.48133536700705915,-0.06651843191821595,0.9102564102564102,0.5140307649322178,0.3552877604961395,43.226256699999794
291,1,42,90,8,16,4,"(1, 2)",7,0.4529949199544057,-0.108534529800143,0.9428571428571428,0.4807802811264992,0.2714793384075165,7.525037499959581
291,2,42,90,8,16,4,"(1, 2)",22,0.43998956819372753,-0.03698882955295005,0.9363636363636364,0.5668201859180744,0.3297465741634369,10.53356349997921
291,3,42,90,8,16,4,"(1, 2)",35,0.5230673513489892,-0.00439218214244213,0.9285714285714286,0.557665386547645,0.34850990772247314,45.44362340000225
292,1,42,90,8,16,6,"(1, 2)",6,0.45481279301600375,-0.18079088079579375,0.9333333333333333,0.5514448980490366,0.33330416679382324,7.362650600029156
292,2,42,90,8,16,6,"(1, 2)",20,0.44983159938576545,-0.03246422423231004,0.95,0.548493321125324,0.3267015814781189,10.509061100019608
292,3,42,90,8,16,6,"(1, 2)",33,0.5419845333833749,0.025924925069658024,0.9242424242424242,0.5475125041874972,0.3541877269744873,43.99627010000404
293,1,42,90,8,24,1,"(1, 2)",6,0.34828197045022763,-0.3337359567258551,0.95,0.41858624666929245,0.39550790190696716,7.299344600003678
293,2,42,90,8,24,1,"(1, 2)",3,0.5407877981414485,0.0030420618849944514,0.9,0.33658557136853534,0.6356867551803589,10.103643200010993
293,3,42,90,8,24,1,"(1, 2)",25,0.45284087012440005,-0.06826039646734042,0.916,0.5147184956641424,0.3884289860725403,42.190758600016125
294,1,42,90,8,24,2,"(1, 2)",6,0.3466232521036379,-0.332945284062485,0.95,0.41668596863746643,0.331442266702652,7.043955100001767
294,2,42,90,8,24,2,"(1, 2)",3,0.5220272639447141,0.016869164397407283,0.8666666666666667,0.3400368293126424,0.6245473027229309,10.346955800021533
294,3,42,90,8,24,2,"(1, 2)",2,0.6157453276122169,0.21958241030294193,1.0,0.3905845433473587,0.5063599348068237,42.694274899957236
295,1,42,90,8,24,4,"(1, 2)",5,0.4120208796591254,-0.22371045163949085,0.92,0.4285451074441274,0.340890496969223,6.904488899977878
295,2,42,90,8,24,4,"(1, 2)",2,0.3127254280761004,-0.207719465598832,0.95,0.2960929274559021,0.6811959743499756,9.844141200010199
295,3,42,90,8,24,4,"(1, 2)",2,0.6157453276122169,0.21958241030294193,1.0,0.3885977640748024,0.5205825567245483,42.09024740004679
296,1,42,90,8,24,6,"(1, 2)",5,0.4409726536450746,-0.2389566254221866,0.92,0.4693920115629832,0.36406266689300537,6.976899900007993
296,2,42,90,8,24,6,"(1, 2)",2,0.3561892958055793,-0.1825989481566041,0.95,0.2700449675321579,0.731797456741333,10.09322370000882
296,3,42,90,8,24,6,"(1, 2)",2,0.6157453276122169,0.21958241030294193,1.0,0.38620905578136444,0.5222532749176025,44.17926860001171
297,1,42,90,8,32,1,"(1, 2)",4,0.4155954190782369,-0.3135266352055404,0.95,0.4074588865041733,0.4013519287109375,6.785064900002908
297,2,42,90,8,32,1,"(1, 2)",3,0.5407877981414485,0.0030420618849944514,0.9,0.33658557136853534,0.6356867551803589,10.424972300010268
297,3,42,90,8,32,1,"(1, 2)",2,0.6157453276122169,0.21958241030294193,1.0,0.3905845433473587,0.5063599348068237,43.32370550004998
298,1,42,90,8,32,2,"(1, 2)",4,0.4149662379386965,-0.31493844131119947,0.95,0.40602947274843854,0.3142654299736023,6.9842491000308655
298,2,42,90,8,32,2,"(1, 2)",3,0.5220272639447141,0.016869164397407283,0.8666666666666667,0.3400368293126424,0.6245473027229309,10.172431299986783
298,3,42,90,8,32,2,"(1, 2)",2,0.6157453276122169,0.21958241030294193,1.0,0.3905845433473587,0.5063599348068237,42.83959470002446
299,1,42,90,8,32,4,"(1, 2)",4,0.47150317637838035,-0.21979260205405096,0.95,0.4267336924870809,0.358555406332016,7.213871699990705
299,2,42,90,8,32,4,"(1, 2)",2,0.3127254280761004,-0.207719465598832,0.95,0.2960929274559021,0.6811959743499756,10.408155800017994
299,3,42,90,8,32,4,"(1, 2)",2,0.6157453276122169,0.21958241030294193,1.0,0.3885977640748024,0.5205825567245483,41.86826969997492
300,1,42,90,8,32,6,"(1, 2)",4,0.4886076757986414,-0.22060942913729528,0.975,0.47513707478841144,0.37841108441352844,6.907380999997258
300,2,42,90,8,32,6,"(1, 2)",2,0.3561892958055793,-0.1825989481566041,0.95,0.2700449675321579,0.731797456741333,10.169778799987398
300,3,42,90,8,32,6,"(1, 2)",2,0.6157453276122169,0.21958241030294193,1.0,0.38620905578136444,0.5222532749176025,41.48215749999508
