metric,value
coherence_c_v,0.645698020273403
topic_diversity,0.9333333333333333
