metric,value
coherence_c_v,0.7853157515311892
topic_diversity,0.8214285714285714
