date,ticker,actual_adjusted_return,predicted_adjusted_return,residual,abs_error
2026-01-13,ACGBY,0.6641648456002569,0.11281704521452478,0.5513478003857322,0.5513478003857322
2026-01-13,BAC,-1.177846858042486,0.14176604445332774,-1.3196129024958136,1.3196129024958136
2026-01-13,BAC,-1.177846858042486,-1.0007942520228215,-0.17705260601966444,0.17705260601966444
2026-01-13,BAC,-1.177846858042486,-1.3905079429662774,0.21266108492379154,0.21266108492379154
2026-01-13,BAC,-1.177846858042486,-0.05500362341445991,-1.122843234628026,1.122843234628026
2026-01-13,BAC,-1.177846858042486,-0.44728261195082836,-0.7305642460916575,0.7305642460916575
2026-01-13,BAC,-1.177846858042486,-0.9290270296193482,-0.24881982842313766,0.24881982842313766
2026-01-13,BAC,-1.177846858042486,0.14176604445332774,-1.3196129024958136,1.3196129024958136
2026-01-13,BAC,-1.177846858042486,0.2157527619106534,-1.3935996199531393,1.3935996199531393
2026-01-13,BAC,-1.177846858042486,-0.8262036366940407,-0.35164322134844517,0.35164322134844517
2026-01-13,BACHY,0.0,0.17459062154779023,-0.17459062154779023,0.17459062154779023
2026-01-13,BCMXY,0.0,0.06308002103833471,-0.06308002103833471,0.06308002103833471
2026-01-13,BCS,0.5851624595775817,-0.4693668842945991,1.0545293438721808,1.0545293438721808
2026-01-13,BCS,0.5851624595775817,-0.031243608766211795,0.6164060683437935,0.6164060683437935
2026-01-13,BK,1.8813584961166807,0.2433856756249997,1.637972820491681,1.637972820491681
2026-01-13,BNPQY,-0.5316007088009389,0.2684197885063446,-0.8000204973072835,0.8000204973072835
2026-01-13,C,-1.1894791759626044,-0.06451613653599425,-1.1249630394266101,1.1249630394266101
2026-01-13,C,-1.1894791759626044,0.542402944072359,-1.7318821200349634,1.7318821200349634
2026-01-13,C,-1.1894791759626044,0.499472060215123,-1.6889512361777275,1.6889512361777275
2026-01-13,C,-1.1894791759626044,-0.08449961481644502,-1.1049795611461595,1.1049795611461595
2026-01-13,CICHY,1.1159361745102014,0.1844503025281376,0.9314858719820638,0.9314858719820638
2026-01-13,DB,-0.660066006600657,-0.41560691913888775,-0.2444590874617692,0.2444590874617692
2026-01-13,GS,-1.2005667287295907,0.29951119603768656,-1.5000779247672773,1.5000779247672773
2026-01-13,GS,-1.2005667287295907,-0.7605386802429728,-0.4400280484866179,0.4400280484866179
2026-01-13,GS,-1.2005667287295907,0.3382915324564124,-1.538858261186003,1.538858261186003
2026-01-13,GS,-1.2005667287295907,-0.5272208869884591,-0.6733458417411315,0.6733458417411315
2026-01-13,GS,-1.2005667287295907,0.0025940871597698867,-1.2031608158893605,1.2031608158893605
2026-01-13,GS,-1.2005667287295907,0.48501257025427685,-1.6855792989838676,1.6855792989838676
2026-01-13,HSBC,0.2583191930022543,-0.38137882820468033,0.6396980212069346,0.6396980212069346
2026-01-13,HSBC,0.2583191930022543,-0.07697966872712937,0.33529886172938367,0.33529886172938367
2026-01-13,HSBC,0.2583191930022543,0.25831919300224626,8.049116928532385e-15,8.049116928532385e-15
2026-01-13,HSBC,0.2583191930022543,0.09989256277270224,0.15842663022955206,0.15842663022955206
2026-01-13,HSBC,0.2583191930022543,-0.24627420752440354,0.5045934005266579,0.5045934005266579
2026-01-13,HSBC,0.2583191930022543,0.061112226353976354,0.19720696664827797,0.19720696664827797
2026-01-13,IDCBY,0.9120357872816288,0.15827830653627656,0.7537574807453522,0.7537574807453522
2026-01-13,ING,0.9388981300906264,0.10145818584020852,0.8374399442504179,0.8374399442504179
2026-01-13,ING,0.9388981300906264,0.17502532840808,0.7638728016825465,0.7638728016825465
2026-01-13,JPM,-4.188109004202056,-1.250420853610172,-2.9376881505918844,2.9376881505918844
2026-01-13,JPM,-4.188109004202056,-0.7136257356444698,-3.4744832685575866,3.4744832685575866
2026-01-13,JPM,-4.188109004202056,-2.175853059520868,-2.0122559446811885,2.0122559446811885
2026-01-13,JPM,-4.188109004202056,-4.188109004202059,2.6645352591003757e-15,2.6645352591003757e-15
2026-01-13,JPM,-4.188109004202056,-1.1309518245659127,-3.0571571796361434,3.0571571796361434
2026-01-13,JPM,-4.188109004202056,-0.14084744311877004,-4.047261561083286,4.047261561083286
2026-01-13,JPM,-4.188109004202056,-1.2280527278724314,-2.9600562763296248,2.9600562763296248
2026-01-13,JPM,-4.188109004202056,-2.691515989335683,-1.4965930148663733,1.4965930148663733
2026-01-13,JPM,-4.188109004202056,-0.07350520321299917,-4.114603800989057,4.114603800989057
2026-01-13,JPM,-4.188109004202056,-2.1025040905448975,-2.085604913657159,2.085604913657159
2026-01-13,JPM,-4.188109004202056,-6.2002637475673215,2.012154743365265,2.012154743365265
2026-01-13,JPM,-4.188109004202056,-2.095210890803529,-2.0928981133985274,2.0928981133985274
2026-01-13,JPM,-4.188109004202056,-1.3230159163968127,-2.865093087805244,2.865093087805244
2026-01-13,JPM,-4.188109004202056,-2.1025040905448975,-2.085604913657159,2.085604913657159
2026-01-13,JPM,-4.188109004202056,-0.4384923239880887,-3.7496166802139674,3.7496166802139674
2026-01-13,JPM,-4.188109004202056,-2.2078223672427417,-1.9802866369593146,1.9802866369593146
2026-01-13,JPM,-4.188109004202056,-2.1025040905448975,-2.085604913657159,2.085604913657159
2026-01-13,JPM,-4.188109004202056,-0.2587689105056035,-3.9293400936964527,3.9293400936964527
2026-01-13,JPM,-4.188109004202056,-0.14084744311877004,-4.047261561083286,4.047261561083286
2026-01-13,JPM,-4.188109004202056,-0.14084744311877004,-4.047261561083286,4.047261561083286
2026-01-13,JPM,-4.188109004202056,-1.0374895347943942,-3.150619469407662,3.150619469407662
2026-01-13,JPM,-4.188109004202056,-1.372748144686931,-2.8153608595151254,2.8153608595151254
2026-01-13,JPM,-4.188109004202056,-0.4384923239880887,-3.7496166802139674,3.7496166802139674
2026-01-13,JPM,-4.188109004202056,-0.14084744311877004,-4.047261561083286,4.047261561083286
2026-01-13,JPM,-4.188109004202056,0.42303846920185667,-4.611147473403913,4.611147473403913
2026-01-13,JPM,-4.188109004202056,-1.6709381731550492,-2.5171708310470073,2.5171708310470073
2026-01-13,JPM,-4.188109004202056,-0.14084744311877004,-4.047261561083286,4.047261561083286
2026-01-13,JPM,-4.188109004202056,-1.1309518245659127,-3.0571571796361434,3.0571571796361434
2026-01-13,JPM,-4.188109004202056,-0.17962777953749592,-4.0084812246645605,4.0084812246645605
2026-01-13,JPM,-4.188109004202056,-0.14084744311877004,-4.047261561083286,4.047261561083286
2026-01-13,JPM,-4.188109004202056,-0.2852021444032104,-3.902906859798846,3.902906859798846
2026-01-13,JPM,-4.188109004202056,-2.1025040905448975,-2.085604913657159,2.085604913657159
2026-01-13,JPM,-4.188109004202056,-0.26480318638900097,-3.9233058178130555,3.9233058178130555
2026-01-13,JPM,-4.188109004202056,-0.7321002209586254,-3.4560087832434307,3.4560087832434307
2026-01-13,JPM,-4.188109004202056,-0.7321002209586254,-3.4560087832434307,3.4560087832434307
2026-01-13,MFG,2.1144278606965328,-0.6765045226172206,2.7909323833137534,2.7909323833137534
2026-01-13,MS,-2.042097951129007,0.8604217971248302,-2.9025197482538374,2.9025197482538374
2026-01-13,MS,-2.042097951129007,-2.0420979511290023,-4.884981308350689e-15,4.884981308350689e-15
2026-01-13,MUFG,1.4501020246152851,0.006399179924477624,1.4437028446908076,1.4437028446908076
2026-01-13,RY,-0.4185580662665167,0.9171586184081633,-1.33571668467468,1.33571668467468
2026-01-13,SAN,0.4119378590905498,0.2150802924176855,0.1968575666728643,0.1968575666728643
2026-01-13,SAN,0.4119378590905498,-0.11957918139359186,0.5315170404841416,0.5315170404841416
2026-01-13,SCBFF,-0.5303207875703153,0.1505320397484399,-0.6808528273187552,0.6808528273187552
2026-01-13,SCGLY,-0.0615006150061603,0.059178410668335006,-0.12067902567449532,0.12067902567449532
2026-01-13,SMFG,0.9837678307919484,0.19753661804735773,0.7862312127445907,0.7862312127445907
2026-01-13,STT,-0.210428064538326,0.14716292859386315,-0.3575909931321891,0.3575909931321891
2026-01-13,TD,-0.1700565534419884,0.7391620245019087,-0.909218577943897,0.909218577943897
2026-01-13,UBS,-1.0860690429605802,0.0535938583667949,-1.1396629013273751,1.1396629013273751
2026-01-13,WFC,-1.4742694639329756,-0.8628057454616209,-0.6114637184713547,0.6114637184713547
2026-01-13,WFC,-1.4742694639329756,-0.6929443474257087,-0.781325116507267,0.781325116507267
2026-01-13,WFC,-1.4742694639329756,-0.33916770655636486,-1.135101757376611,1.135101757376611
2026-01-13,WFC,-1.4742694639329756,-0.8720194732338293,-0.6022499906991463,0.6022499906991463
2026-01-13,WFC,-1.4742694639329756,-0.2900274529359211,-1.1842420109970546,1.1842420109970546
2026-01-13,WFC,-1.4742694639329756,-0.2900274529359211,-1.1842420109970546,1.1842420109970546
2026-01-13,WFC,-1.4742694639329756,-0.8812802307757764,-0.5929892331571992,0.5929892331571992
2026-01-13,WFC,-1.4742694639329756,-0.8812802307757764,-0.5929892331571992,0.5929892331571992
2026-01-14,ACGBY,-0.8478862513993879,0.11281704521452478,-0.9607032966139126,0.9607032966139126
2026-01-14,BAC,-3.7770082642799454,0.9518937221393717,-4.728901986419317,4.728901986419317
2026-01-14,BAC,-3.7770082642799454,-0.3922319116536462,-3.3847763526262993,3.3847763526262993
2026-01-14,BAC,-3.7770082642799454,-0.9450720436196932,-2.831936220660252,2.831936220660252
2026-01-14,BAC,-3.7770082642799454,-0.3922319116536462,-3.3847763526262993,3.3847763526262993
2026-01-14,BAC,-3.7770082642799454,-0.4107063969678017,-3.366301867312144,3.366301867312144
2026-01-14,BACHY,0.2097902097901949,0.17459062154779023,0.035199588242404656,0.035199588242404656
2026-01-14,BCMXY,-0.8206330597889888,0.06308002103833471,-0.8837130808273235,0.8837130808273235
2026-01-14,BCS,0.426701211014957,-0.22373104260427235,0.6504322536192293,0.6504322536192293
2026-01-14,BK,1.350324845780282,1.3624605402181291,-0.012135694437847233,0.012135694437847233
2026-01-14,BK,1.350324845780282,0.33577500177705155,1.0145498440032303,1.0145498440032303
2026-01-14,BK,1.350324845780282,-0.7111332787863595,2.0614581245666415,2.0614581245666415
2026-01-14,BK,1.350324845780282,0.43045043369889013,0.9198744120813918,0.9198744120813918
2026-01-14,BK,1.350324845780282,0.6565781931047416,0.6937466526755403,0.6937466526755403
2026-01-14,BK,1.350324845780282,0.43045043369889013,0.9198744120813918,0.9198744120813918
2026-01-14,BK,1.350324845780282,0.05746977174197951,1.2928550740383025,1.2928550740383025
2026-01-14,BK,1.350324845780282,0.05746977174197951,1.2928550740383025,1.2928550740383025
2026-01-14,BNPQY,0.376088677751385,-0.3205921102844408,0.6966807880358258,0.6966807880358258
2026-01-14,C,-3.3447906336135924,-0.08449961481644502,-3.2602910187971474,3.2602910187971474
2026-01-14,C,-3.3447906336135924,-0.3231094753725126,-3.02168115824108,3.02168115824108
2026-01-14,C,-3.3447906336135924,-0.039589076225549136,-3.305201557388043,3.305201557388043
2026-01-14,C,-3.3447906336135924,0.542402944072359,-3.8871935776859514,3.8871935776859514
2026-01-14,C,-3.3447906336135924,0.542402944072359,-3.8871935776859514,3.8871935776859514
2026-01-14,CICHY,-0.4744069912609228,0.1844503025281376,-0.6588572937890604,0.6588572937890604
2026-01-14,DB,0.1533350370559461,-0.41560691913888775,0.5689419561948339,0.5689419561948339
2026-01-14,GS,-0.5841271460481856,0.6699117322987846,-1.2540388783469703,1.2540388783469703
2026-01-14,GS,-0.5841271460481856,-1.0202418423631983,0.43611469631501265,0.43611469631501265
2026-01-14,GS,-0.5841271460481856,0.22037006506957896,-0.8044972111177646,0.8044972111177646
2026-01-14,HSBC,0.2943531859885828,0.4431166481695055,-0.14876346218092273,0.14876346218092273
2026-01-14,HSBC,0.2943531859885828,0.5066979827336038,-0.212344796745021,0.212344796745021
2026-01-14,HSBC,0.2943531859885828,0.2051643153902723,0.08918887059831049,0.08918887059831049
2026-01-14,HSBC,0.2943531859885828,-0.2322685241490543,0.5266217101376371,0.5266217101376371
2026-01-14,IDCBY,-0.9165313206585756,0.15827830653627656,-1.0748096271948522,1.0748096271948522
2026-01-14,ING,0.5512087880864991,0.017744275608619214,0.5334645124778798,0.5334645124778798
2026-01-14,JPM,-0.9746167095993296,0.19300903442085515,-1.1676257440201847,1.1676257440201847
2026-01-14,JPM,-0.9746167095993296,-0.26480318638900097,-0.7098135232103286,0.7098135232103286
2026-01-14,JPM,-0.9746167095993296,-1.1309518245659127,0.15633511496658314,0.15633511496658314
2026-01-14,JPM,-0.9746167095993296,-0.4171542511476903,-0.5574624584516392,0.5574624584516392
2026-01-14,JPM,-0.9746167095993296,-1.2949885875172087,0.32037187791787913,0.32037187791787913
2026-01-14,JPM,-0.9746167095993296,-1.6733466511076243,0.6987299415082947,0.6987299415082947
2026-01-14,JPM,-0.9746167095993296,-1.6427427826911876,0.668126073091858,0.668126073091858
2026-01-14,JPM,-0.9746167095993296,-0.7136257356444698,-0.2609909739548597,0.2609909739548597
2026-01-14,JPM,-0.9746167095993296,-0.16786455831357502,-0.8067521512857545,0.8067521512857545
2026-01-14,JPM,-0.9746167095993296,-0.7228394634166782,-0.2517772461826514,0.2517772461826514
2026-01-14,JPM,-0.9746167095993296,-0.9746167095993299,3.3306690738754696e-16,3.3306690738754696e-16
2026-01-14,JPM,-0.9746167095993296,-0.14084744311877004,-0.8337692664805595,0.8337692664805595
2026-01-14,JPM,-0.9746167095993296,-0.08520947469548878,-0.8894072349038408,0.8894072349038408
2026-01-14,JPM,-0.9746167095993296,-2.1025040905448975,1.1278873809455678,1.1278873809455678
2026-01-14,JPM,-0.9746167095993296,-0.5437643376085576,-0.430852371990772,0.430852371990772
2026-01-14,JPM,-0.9746167095993296,-0.7477665237271234,-0.22685018587220618,0.22685018587220618
2026-01-14,JPM,-0.9746167095993296,-0.43170897386910245,-0.5429077357302271,0.5429077357302271
2026-01-14,JPM,-0.9746167095993296,-0.14084744311877004,-0.8337692664805595,0.8337692664805595
2026-01-14,JPM,-0.9746167095993296,0.6760762707226877,-1.6506929803220172,1.6506929803220172
2026-01-14,JPM,-0.9746167095993296,-0.26480318638900097,-0.7098135232103286,0.7098135232103286
2026-01-14,JPM,-0.9746167095993296,-1.893413371204557,0.9187966616052275,0.9187966616052275
2026-01-14,JPM,-0.9746167095993296,-0.14084744311877004,-0.8337692664805595,0.8337692664805595
2026-01-14,JPM,-0.9746167095993296,-0.2587689105056035,-0.715847799093726,0.715847799093726
2026-01-14,JPM,-0.9746167095993296,-0.2587689105056035,-0.715847799093726,0.715847799093726
2026-01-14,JPM,-0.9746167095993296,-1.0297243267027498,0.05510761710342027,0.05510761710342027
2026-01-14,JPM,-0.9746167095993296,-0.5437643376085576,-0.430852371990772,0.430852371990772
2026-01-14,JPM,-0.9746167095993296,-0.47300853004052656,-0.501608179558803,0.501608179558803
2026-01-14,JPM,-0.9746167095993296,-0.5829769100939881,-0.39163979950534145,0.39163979950534145
2026-01-14,JPM,-0.9746167095993296,-0.7321002209586254,-0.2425164886407042,0.2425164886407042
2026-01-14,JPM,-0.9746167095993296,-0.4870142134158758,-0.48760249618345375,0.48760249618345375
2026-01-14,JPM,-0.9746167095993296,-0.5138281050756807,-0.4607886045236489,0.4607886045236489
2026-01-14,JPM,-0.9746167095993296,-0.14084744311877004,-0.8337692664805595,0.8337692664805595
2026-01-14,JPM,-0.9746167095993296,-1.1702326492185977,0.19561593961926815,0.19561593961926815
2026-01-14,JPM,-0.9746167095993296,0.4610420356768476,-1.435658745276177,1.435658745276177
2026-01-14,JPM,-0.9746167095993296,-0.7321002209586254,-0.2425164886407042,0.2425164886407042
2026-01-14,JPM,-0.9746167095993296,-0.14084744311877004,-0.8337692664805595,0.8337692664805595
2026-01-14,MFG,2.192448233861133,0.31359985882992214,1.8788483750312106,1.8788483750312106
2026-01-14,MS,-1.0833773539506542,0.05029411943878624,-1.1336714733894404,1.1336714733894404
2026-01-14,MS,-1.0833773539506542,-0.5666314885029871,-0.5167458654476671,0.5167458654476671
2026-01-14,MS,-1.0833773539506542,0.43229854125431544,-1.5156758952049696,1.5156758952049696
2026-01-14,MS,-1.0833773539506542,-1.0833773539506557,1.5543122344752192e-15,1.5543122344752192e-15
2026-01-14,MS,-1.0833773539506542,-0.7764379635873595,-0.30693939036329465,0.30693939036329465
2026-01-14,MS,-1.0833773539506542,-1.3150534076736535,0.23167605372299938,0.23167605372299938
2026-01-14,MUFG,3.830793575349367,-0.1684808541978181,3.999274429547185,3.999274429547185
2026-01-14,MUFG,3.830793575349367,0.1636802327239384,3.667113342625429,3.667113342625429
2026-01-14,MUFG,3.830793575349367,1.0258856413558297,2.8049079339935377,2.8049079339935377
2026-01-14,RY,-0.2012170239323985,-0.044119796717734736,-0.15709722721466374,0.15709722721466374
2026-01-14,SAN,0.2466470124153907,-0.2446810154360245,0.49132802785141516,0.49132802785141516
2026-01-14,SCBFF,2.0825180416166766,0.1505320397484399,1.9319860018682367,1.9319860018682367
2026-01-14,SCGLY,1.7230769230769385,0.059178410668335006,1.6638985124086034,1.6638985124086034
2026-01-14,SMFG,1.0228933268387586,0.19753661804735773,0.8253567087914009,0.8253567087914009
2026-01-14,STT,1.4381274705616898,0.15710023606376014,1.2810272344979297,1.2810272344979297
2026-01-14,TD,-0.2128255270489099,0.05170343767810383,-0.2645289647270137,0.2645289647270137
2026-01-14,TD,-0.2128255270489099,-0.7815631647843778,0.5687376377354679,0.5687376377354679
2026-01-14,UBS,-0.147973542417279,-0.17489391325204656,0.02692037083476756,0.02692037083476756
2026-01-14,UBS,-0.147973542417279,-0.12482253413038688,-0.023151008286892122,0.023151008286892122
2026-01-14,UBS,-0.147973542417279,-0.41602764772254835,0.26805410530526935,0.26805410530526935
2026-01-14,UBS,-0.147973542417279,-0.12482253413038688,-0.023151008286892122,0.023151008286892122
2026-01-14,UBS,-0.147973542417279,-0.1479735424172798,8.049116928532385e-16,8.049116928532385e-16
2026-01-14,UBS,-0.147973542417279,-0.12482253413038688,-0.023151008286892122,0.023151008286892122
2026-01-14,UBS,-0.147973542417279,-0.41602764772254835,0.26805410530526935,0.26805410530526935
2026-01-14,WFC,-4.606732834124783,-1.4316111654211707,-3.175121668703612,3.175121668703612
2026-01-14,WFC,-4.606732834124783,-1.4721959262139637,-3.134536907910819,3.134536907910819
2026-01-14,WFC,-4.606732834124783,0.36906388818347874,-4.975796722308261,4.975796722308261
2026-01-14,WFC,-4.606732834124783,-0.2900274529359211,-4.316705381188862,4.316705381188862
2026-01-15,ACGBY,0.3576443616563729,0.11281704521452478,0.24482731644184813,0.24482731644184813
2026-01-15,BAC,0.2096387850915038,-0.8095580005750891,1.0191967856665929,1.0191967856665929
2026-01-15,BAC,0.2096387850915038,-0.9735947635263851,1.1832335486178889,1.1832335486178889
2026-01-15,BAC,0.2096387850915038,0.5121665807144258,-0.302527795622922,0.302527795622922
2026-01-15,BAC,0.2096387850915038,0.15352926567724862,0.05610951941425518,0.05610951941425518
2026-01-15,BAC,0.2096387850915038,-0.0065183772018368065,0.21615716229334062,0.21615716229334062
2026-01-15,BAC,0.2096387850915038,0.15352926567724862,0.05610951941425518,0.05610951941425518
2026-01-15,BAC,0.2096387850915038,1.2796063538975977,-1.069967568806094,1.069967568806094
2026-01-15,BAC,0.2096387850915038,0.15352926567724862,0.05610951941425518,0.05610951941425518
2026-01-15,BAC,0.2096387850915038,0.1805463808720536,0.029092404219450196,0.029092404219450196
2026-01-15,BAC,0.2096387850915038,-0.5047619037722013,0.7144006888637051,0.7144006888637051
2026-01-15,BAC,0.2096387850915038,-0.6165149143364198,0.8261536994279236,0.8261536994279236
2026-01-15,BAC,0.2096387850915038,0.1805463808720536,0.029092404219450196,0.029092404219450196
2026-01-15,BAC,0.2096387850915038,0.08587094895021508,0.12376783614128872,0.12376783614128872
2026-01-15,BAC,0.2096387850915038,-0.2615830861031644,0.4712218711946682,0.4712218711946682
2026-01-15,BAC,0.2096387850915038,-1.2115155991623816,1.4211543842538854,1.4211543842538854
2026-01-15,BAC,0.2096387850915038,0.1805463808720536,0.029092404219450196,0.029092404219450196
2026-01-15,BAC,0.2096387850915038,0.1805463808720536,0.029092404219450196,0.029092404219450196
2026-01-15,BAC,0.2096387850915038,-0.4107063969678017,0.6203451820593056,0.6203451820593056
2026-01-15,BACHY,1.1863224005582709,0.17459062154779023,1.0117317790104807,1.0117317790104807
2026-01-15,BCMXY,0.0,0.06308002103833471,-0.06308002103833471,0.06308002103833471
2026-01-15,BCS,0.0386972700834764,-0.7786132668627893,0.8173105369462657,0.8173105369462657
2026-01-15,BK,-0.4976118999499013,-0.6951679907928567,0.19755609084295545,0.19755609084295545
2026-01-15,BNPQY,-0.2957996450404176,0.2905228757567988,-0.5863225207972165,0.5863225207972165
2026-01-15,BNPQY,-0.2957996450404176,-1.133861214493692,0.8380615694532743,0.8380615694532743
2026-01-15,BNPQY,-0.2957996450404176,0.19015083701929186,-0.4859504820597095,0.4859504820597095
2026-01-15,BNPQY,-0.2957996450404176,-0.4238663568175224,0.12806671177710477,0.12806671177710477
2026-01-15,C,4.49251845901999,-0.030375348453340778,4.522893807473331,4.522893807473331
2026-01-15,C,4.49251845901999,1.474413050591598,3.018105408428392,3.018105408428392
2026-01-15,C,4.49251845901999,1.201494285191759,3.2910241738282306,3.2910241738282306
2026-01-15,C,4.49251845901999,0.1394860495825715,4.353032409437418,4.353032409437418
2026-01-15,C,4.49251845901999,-0.2546583511361144,4.747176810156104,4.747176810156104
2026-01-15,C,4.49251845901999,-0.1697603329856187,4.662278792005608,4.662278792005608
2026-01-15,C,4.49251845901999,-0.0488498337674963,4.541368292787486,4.541368292787486
2026-01-15,C,4.49251845901999,0.542402944072359,3.9501155149476306,3.9501155149476306
2026-01-15,C,4.49251845901999,0.542402944072359,3.9501155149476306,3.9501155149476306
2026-01-15,C,4.49251845901999,-0.08449961481644502,4.5770180738364346,4.5770180738364346
2026-01-15,C,4.49251845901999,0.8762594216119842,3.6162590374080055,3.6162590374080055
2026-01-15,C,4.49251845901999,0.16942228211544844,4.323096176904541,4.323096176904541
2026-01-15,CICHY,1.2543903662819875,0.1844503025281376,1.0699400637538499,1.0699400637538499
2026-01-15,DB,-0.8165348303138531,-0.41560691913888775,-0.40092791117496535,0.40092791117496535
2026-01-15,GS,4.630791992949246,0.9021774447770392,3.7286145481722066,3.7286145481722066
2026-01-15,GS,4.630791992949246,0.29536064859917643,4.335431344350069,4.335431344350069
2026-01-15,GS,4.630791992949246,1.6873559927160435,2.943436000233202,2.943436000233202
2026-01-15,GS,4.630791992949246,4.630791992949232,1.4210854715202004e-14,1.4210854715202004e-14
2026-01-15,GS,4.630791992949246,-0.668458485109682,5.299250478058928,5.299250478058928
2026-01-15,HSBC,1.308756015335888,-0.23580488252394033,1.5445608978598282,1.5445608978598282
2026-01-15,HSBC,1.308756015335888,0.09989256277270224,1.2088634525631856,1.2088634525631856
2026-01-15,HSBC,1.308756015335888,0.09989256277270224,1.2088634525631856,1.2088634525631856
2026-01-15,HSBC,1.308756015335888,-0.4728857297529976,1.7816417450888855,1.7816417450888855
2026-01-15,IDCBY,1.605749328259387,0.15827830653627656,1.4474710217231106,1.4474710217231106
2026-01-15,ING,-0.9250657859880108,0.17502532840808,-1.1000911143960908,1.1000911143960908
2026-01-15,ING,-0.9250657859880108,0.17502532840808,-1.1000911143960908,1.1000911143960908
2026-01-15,ING,-0.9250657859880108,-1.0337365112802435,0.10867072529223265,0.10867072529223265
2026-01-15,ING,-0.9250657859880108,0.17502532840808,-1.1000911143960908,1.1000911143960908
2026-01-15,JPM,0.4515079484007867,-1.1475974606848645,1.5991054090856511,1.5991054090856511
2026-01-15,JPM,0.4515079484007867,-0.7321002209586254,1.183608169359412,1.183608169359412
2026-01-15,JPM,0.4515079484007867,-0.4171542511476903,0.8686621995484769,0.8686621995484769
2026-01-15,JPM,0.4515079484007867,0.03656895460062187,0.4149389938001648,0.4149389938001648
2026-01-15,JPM,0.4515079484007867,-0.14084744311877004,0.5923553915195567,0.5923553915195567
2026-01-15,JPM,0.4515079484007867,-0.17962777953749592,0.6311357279382825,0.6311357279382825
2026-01-15,JPM,0.4515079484007867,-1.2280527278724314,1.679560676273218,1.679560676273218
2026-01-15,JPM,0.4515079484007867,-0.26480318638900097,0.7163111347897877,0.7163111347897877
2026-01-15,JPM,0.4515079484007867,0.18777111215377318,0.2637368362470135,0.2637368362470135
2026-01-15,JPM,0.4515079484007867,-0.5829769100939881,1.0344848584947748,1.0344848584947748
2026-01-15,JPM,0.4515079484007867,-0.7228394634166782,1.1743474118174648,1.1743474118174648
2026-01-15,JPM,0.4515079484007867,-0.36286040361810235,0.814368352018889,0.814368352018889
2026-01-15,JPM,0.4515079484007867,0.47957095280719336,-0.02806300440640669,0.02806300440640669
2026-01-15,JPM,0.4515079484007867,-0.14084744311877004,0.5923553915195567,0.5923553915195567
2026-01-15,JPM,0.4515079484007867,-1.372748144686931,1.8242560930877176,1.8242560930877176
2026-01-15,JPM,0.4515079484007867,-0.5437643376085576,0.9952722860093443,0.9952722860093443
2026-01-15,JPM,0.4515079484007867,-0.344307696454098,0.7958156448548847,0.7958156448548847
2026-01-15,MFG,1.1918951132300348,0.1563188060304614,1.0355763071995734,1.0355763071995734
2026-01-15,MS,5.780473852234458,0.8604217971248302,4.920052055109627,4.920052055109627
2026-01-15,MS,5.780473852234458,0.32385120705225107,5.456622645182207,5.456622645182207
2026-01-15,MUFG,2.588035638523545,1.0258856413558297,1.562149997167715,1.562149997167715
2026-01-15,RY,0.4329506730879728,-0.05704614823275518,0.48999682132072797,0.48999682132072797
2026-01-15,SAN,-0.900490423487299,-0.2446810154360245,-0.6558094080512745,0.6558094080512745
2026-01-15,SCBFF,0.1203657139088321,0.1505320397484399,-0.030166325839607794,0.030166325839607794
2026-01-15,SCGLY,-0.4234724742891771,0.059178410668335006,-0.4826508849575121,0.4826508849575121
2026-01-15,SMFG,2.9893924783028103,0.19753661804735773,2.7918558602554526,2.7918558602554526
2026-01-15,STT,1.1653956113096386,0.15710023606376014,1.0082953752458785,1.0082953752458785
2026-01-15,TD,0.3306691319935328,0.17072919290756328,0.15993993908596954,0.15993993908596954
2026-01-15,UBS,0.3807883077377116,-1.021025790401905,1.4018140981396168,1.4018140981396168
2026-01-15,WFC,-0.3248834201878492,-0.8628057454616209,0.5379223252737717,0.5379223252737717
2026-01-15,WFC,-0.3248834201878492,-0.6929443474257087,0.36806092723785944,0.36806092723785944
2026-01-15,WFC,-0.3248834201878492,-0.47709221100981153,0.15220879082196231,0.15220879082196231
2026-01-15,WFC,-0.3248834201878492,-0.6929443474257087,0.36806092723785944,0.36806092723785944
2026-01-15,WFC,-0.3248834201878492,-0.2900274529359211,-0.03485596725192813,0.03485596725192813
2026-01-15,WFC,-0.3248834201878492,-0.3170445681307261,-0.007838852057123091,0.007838852057123091
2026-01-15,WFC,-0.3248834201878492,-0.6929443474257087,0.36806092723785944,0.36806092723785944
2026-01-15,WFC,-0.3248834201878492,0.7990390616301042,-1.1239224818179534,1.1239224818179534
2026-01-15,WFC,-0.3248834201878492,-0.8969465335442743,0.5720631133564251,0.5720631133564251
2026-01-15,WFC,-0.3248834201878492,1.0246505050766619,-1.349533925264511,1.349533925264511
2026-01-15,WFC,-0.3248834201878492,-0.8628057454616209,0.5379223252737717,0.5379223252737717
2026-01-15,WFC,-0.3248834201878492,-0.9753357375801761,0.6504523173923269,0.6504523173923269
2026-01-15,WFC,-0.3248834201878492,-0.3170445681307261,-0.007838852057123091,0.007838852057123091
2026-01-15,WFC,-0.3248834201878492,-0.6929443474257087,0.36806092723785944,0.36806092723785944
2026-01-15,WFC,-0.3248834201878492,-0.2900274529359211,-0.03485596725192813,0.03485596725192813
2026-01-15,WFC,-0.3248834201878492,-0.6630081148928317,0.3381246947049825,0.3381246947049825
2026-01-15,WFC,-0.3248834201878492,-0.6929443474257087,0.36806092723785944,0.36806092723785944
2026-01-15,WFC,-0.3248834201878492,-1.4316111654211707,1.1067277452333215,1.1067277452333215
2026-01-15,WFC,-0.3248834201878492,-0.2900274529359211,-0.03485596725192813,0.03485596725192813
2026-01-16,ACGBY,-0.7407238190966225,0.11281704521452478,-0.8535408643111473,0.8535408643111473
2026-01-16,BAC,0.7224482927426168,0.1805463808720536,0.5419019118705632,0.5419019118705632
2026-01-16,BAC,0.7224482927426168,-0.192434281084857,0.9148825738274737,0.9148825738274737
2026-01-16,BAC,0.7224482927426168,-0.0339959105620041,0.7564442033046209,0.7564442033046209
2026-01-16,BAC,0.7224482927426168,-0.9066589038816077,1.6291071966242245,1.6291071966242245
2026-01-16,BAC,0.7224482927426168,-0.2942144309459805,1.0166627236885972,1.0166627236885972
2026-01-16,BAC,0.7224482927426168,0.04043325808011215,0.6820150346625047,0.6820150346625047
2026-01-16,BAC,0.7224482927426168,0.40667414027790516,0.31577415246471163,0.31577415246471163
2026-01-16,BAC,0.7224482927426168,0.722448292742614,2.7755575615628914e-15,2.7755575615628914e-15
2026-01-16,BACHY,-1.172413793103444,0.17459062154779023,-1.347004414651234,1.347004414651234
2026-01-16,BCMXY,0.0,0.06308002103833471,-0.06308002103833471,0.06308002103833471
2026-01-16,BCS,1.0424684778319149,-0.9319624092496832,1.974430887081598,1.974430887081598
2026-01-16,BCS,1.0424684778319149,-0.10523032622353745,1.1476988040554523,1.1476988040554523
2026-01-16,BCS,1.0424684778319149,-0.20656311259675303,1.249031590428668,1.249031590428668
2026-01-16,BK,-2.1295754758803964,0.7590689889714333,-2.8886444648518297,2.8886444648518297
2026-01-16,BNPQY,0.1780063291139111,0.2905228757567988,-0.11251654664288771,0.11251654664288771
2026-01-16,C,0.4938057175875032,0.4938057175875019,1.27675647831893e-15,1.27675647831893e-15
2026-01-16,C,0.4938057175875032,0.42448147668552555,0.06932424090197764,0.06932424090197764
2026-01-16,CICHY,-0.9910802775024764,0.1844503025281376,-1.175530580030614,1.175530580030614
2026-01-16,DB,0.025726781579638,-0.41560691913888775,0.44133370071852573,0.44133370071852573
2026-01-16,GS,-1.4202815304271588,-0.8158496119420262,-0.6044319184851326,0.6044319184851326
2026-01-16,GS,-1.4202815304271588,0.3382915324564124,-1.7585730628835712,1.7585730628835712
2026-01-16,GS,-1.4202815304271588,-1.5687640082552963,0.1484824778281375,0.1484824778281375
2026-01-16,GS,-1.4202815304271588,-0.0646253620333751,-1.3556561683937836,1.3556561683937836
2026-01-16,GS,-1.4202815304271588,-0.0646253620333751,-1.3556561683937836,1.3556561683937836
2026-01-16,GS,-1.4202815304271588,0.31127441726160743,-1.7315559476887663,1.7315559476887663
2026-01-16,GS,-1.4202815304271588,0.15122677438252202,-1.5715083048096807,1.5715083048096807
2026-01-16,GS,-1.4202815304271588,-0.034689129500498156,-1.3855924009266607,1.3855924009266607
2026-01-16,GS,-1.4202815304271588,0.9021774447770392,-2.322458975204198,2.322458975204198
2026-01-16,GS,-1.4202815304271588,-0.458769762752061,-0.9615117676750977,0.9615117676750977
2026-01-16,GS,-1.4202815304271588,0.3382915324564124,-1.7585730628835712,1.7585730628835712
2026-01-16,GS,-1.4202815304271588,-0.458769762752061,-0.9615117676750977,0.9615117676750977
2026-01-16,GS,-1.4202815304271588,-1.4202815304271676,8.881784197001252e-15,8.881784197001252e-15
2026-01-16,GS,-1.4202815304271588,0.19817840966447098,-1.6184599400916297,1.6184599400916297
2026-01-16,GS,-1.4202815304271588,-0.2529612453834429,-1.1673202850437159,1.1673202850437159
2026-01-16,GS,-1.4202815304271588,0.3382915324564124,-1.7585730628835712,1.7585730628835712
2026-01-16,GS,-1.4202815304271588,0.040646651587093824,-1.4609281820142526,1.4609281820142526
2026-01-16,HSBC,-0.3621843764235022,0.09989256277270224,-0.46207693919620446,0.46207693919620446
2026-01-16,HSBC,-0.3621843764235022,-0.24627420752440354,-0.11591016889909866,0.11591016889909866
2026-01-16,HSBC,-0.3621843764235022,-0.8075336086712279,0.4453492322477257,0.4453492322477257
2026-01-16,HSBC,-0.3621843764235022,-0.24627420752440354,-0.11591016889909866,0.11591016889909866
2026-01-16,IDCBY,0.1290616459155735,0.15827830653627656,-0.02921666062070305,0.02921666062070305
2026-01-16,ING,0.4149791797387392,0.10145818584020852,0.3135209938985307,0.3135209938985307
2026-01-16,JPM,1.037960622041867,-0.344307696454098,1.382268318495965,1.382268318495965
2026-01-16,JPM,1.037960622041867,-2.1025040905448975,3.1404647125867644,3.1404647125867644
2026-01-16,JPM,1.037960622041867,-0.2852021444032104,1.3231627664450774,1.3231627664450774
2026-01-16,JPM,1.037960622041867,0.1907727567236021,0.8471878653182647,0.8471878653182647
2026-01-16,JPM,1.037960622041867,-0.16786455831357502,1.2058251803554418,1.2058251803554418
2026-01-16,JPM,1.037960622041867,0.08528031628708149,0.9526803057547855,0.9526803057547855
2026-01-16,JPM,1.037960622041867,0.20237664227803326,0.8355839797638336,0.8355839797638336
2026-01-16,JPM,1.037960622041867,-0.4765448884154126,1.5145055104572795,1.5145055104572795
2026-01-16,MFG,1.1778563015311994,0.1563188060304614,1.021537495500738,1.021537495500738
2026-01-16,MS,-1.119075938995051,-0.9010299255896306,-0.2180460134054205,0.2180460134054205
2026-01-16,MS,-1.119075938995051,-0.5962338287867428,-0.5228421102083083,0.5228421102083083
2026-01-16,MS,-1.119075938995051,-0.09799030221637829,-1.0210856367786727,1.0210856367786727
2026-01-16,MS,-1.119075938995051,0.06205734066270714,-1.1811332796577583,1.1811332796577583
2026-01-16,MS,-1.119075938995051,-0.2966943685607901,-0.822381570434261,0.822381570434261
2026-01-16,MS,-1.119075938995051,0.42293093339713733,-1.5420068723921885,1.5420068723921885
2026-01-16,MS,-1.119075938995051,-0.48370383666818767,-0.6353721023268635,0.6353721023268635
2026-01-16,MS,-1.119075938995051,0.31520221526336367,-1.4342781542584149,1.4342781542584149
2026-01-16,MS,-1.119075938995051,0.08907445585751213,-1.2081503948525631,1.2081503948525631
2026-01-16,MS,-1.119075938995051,0.08907445585751213,-1.2081503948525631,1.2081503948525631
2026-01-16,MS,-1.119075938995051,-1.1190759389950622,1.1102230246251565e-14,1.1102230246251565e-14
2026-01-16,MS,-1.119075938995051,-0.2839062060993985,-0.8351697328956527,0.8351697328956527
2026-01-16,MS,-1.119075938995051,0.08907445585751213,-1.2081503948525631,1.2081503948525631
2026-01-16,MS,-1.119075938995051,0.08907445585751213,-1.2081503948525631,1.2081503948525631
2026-01-16,MUFG,1.4496539114535745,0.006399179924477624,1.443254731529097,1.443254731529097
2026-01-16,RY,-0.0885518980581423,1.0361920653454655,-1.1247439634036078,1.1247439634036078
2026-01-16,SAN,0.9914315569487852,0.2150802924176855,0.7763512645310997,0.7763512645310997
2026-01-16,SCBFF,1.3751307197615414,0.1505320397484399,1.2245986800131015,1.2245986800131015
2026-01-16,SCGLY,-0.4252733900364513,0.059178410668335006,-0.48445180070478633,0.48445180070478633
2026-01-16,SMFG,-0.2340823970037431,-0.3163389892652672,0.08225659226152413,0.08225659226152413
2026-01-16,STT,-6.067936424459363,-1.0897465746679447,-4.978189849791418,4.978189849791418
2026-01-16,STT,-6.067936424459363,-0.2768714889766344,-5.791064935482729,5.791064935482729
2026-01-16,TD,-0.2338984539987376,-0.23389845399874892,1.1324274851176597e-14,1.1324274851176597e-14
2026-01-16,UBS,-0.189563830270123,0.0535938583667949,-0.2431576886369179,0.2431576886369179
2026-01-16,WFC,-0.6519983140520935,-0.6630081148928317,0.011009800840738215,0.011009800840738215
2026-01-16,WFC,-0.6519983140520935,-0.2900274529359211,-0.36197086111617244,0.36197086111617244
2026-01-16,WFC,-0.6519983140520935,-0.8720194732338293,0.22002115918173581,0.22002115918173581
2026-01-16,WFC,-0.6519983140520935,-0.4079489203227546,-0.24404939372933893,0.24404939372933893
2026-01-16,WFC,-0.6519983140520935,-0.4301405757278626,-0.22185773832423095,0.22185773832423095
2026-01-16,WFC,-0.6519983140520935,-0.4079489203227546,-0.24404939372933893,0.24404939372933893
2026-01-16,WFC,-0.6519983140520935,0.0921950313164806,-0.7441933453685741,0.7441933453685741
2026-01-20,ACGBY,-1.9643042082369555,0.11281704521452478,-2.0771212534514802,2.0771212534514802
2026-01-20,BAC,-1.642422378408337,-0.8095580005750891,-0.8328643778332478,0.8328643778332478
2026-01-20,BAC,-1.642422378408337,-1.0513543206961073,-0.5910680577122296,0.5910680577122296
2026-01-20,BAC,-1.642422378408337,-1.0513543206961073,-0.5910680577122296,0.5910680577122296
2026-01-20,BACHY,-0.7676203768318124,0.17459062154779023,-0.9422109983796026,0.9422109983796026
2026-01-20,BCMXY,0.0,0.06308002103833471,-0.06308002103833471,0.06308002103833471
2026-01-20,BCS,-2.063426386026246,-0.22373104260427235,-1.8396953434219734,1.8396953434219734
2026-01-20,BK,-0.5356669406644032,0.2731693808994293,-0.8088363215638326,0.8088363215638326
2026-01-20,BNPQY,-0.6712734452122282,-0.8061998602623555,0.13492641505012726,0.13492641505012726
2026-01-20,C,-4.439183367543642,0.38512189127289825,-4.82430525881654,4.82430525881654
2026-01-20,CICHY,-0.9009009009009028,0.1844503025281376,-1.0853512034290405,1.0853512034290405
2026-01-20,DB,-3.575102880658443,-1.490226567907588,-2.084876312750855,2.084876312750855
2026-01-20,GS,-1.936593630814465,0.6721480099960376,-2.6087416408105026,2.6087416408105026
2026-01-20,HSBC,-0.0363750063843149,0.09989256277270224,-0.13626756915701715,0.13626756915701715
2026-01-20,HSBC,-0.0363750063843149,-0.5558133815877969,0.519438375203482,0.519438375203482
2026-01-20,IDCBY,-0.6141481537645044,0.15827830653627656,-0.7724264603007809,0.7724264603007809
2026-01-20,ING,-2.823617127032596,0.17502532840808,-2.998642455440676,2.998642455440676
2026-01-20,JPM,-3.1138985781173467,-1.372748144686931,-1.7411504334304158,1.7411504334304158
2026-01-20,JPM,-3.1138985781173467,-0.4765448884154126,-2.6373536897019343,2.6373536897019343
2026-01-20,MFG,-0.93131548311991,0.1563188060304614,-1.0876342891503714,1.0876342891503714
2026-01-20,MS,-3.696642735210887,0.19434620847508222,-3.8909889436859695,3.8909889436859695
2026-01-20,MS,-3.696642735210887,-0.2085704250118065,-3.4880723101990805,3.4880723101990805
2026-01-20,MS,-3.696642735210887,0.19434620847508222,-3.8909889436859695,3.8909889436859695
2026-01-20,MUFG,-3.280552694816341,0.006399179924477624,-3.2869518747408186,3.2869518747408186
2026-01-20,RY,-1.0285079413781095,-0.05704614823275518,-0.9714617931453543,0.9714617931453543
2026-01-20,SAN,-2.371472796351315,-0.2446810154360245,-2.1267917809152905,2.1267917809152905
2026-01-20,SCBFF,-4.772444827110045,0.1505320397484399,-4.922976866858485,4.922976866858485
2026-01-20,SCGLY,-1.830384380719952,0.059178410668335006,-1.889562791388287,1.889562791388287
2026-01-20,SMFG,-1.9239793524167048,0.19753661804735773,-2.1215159704640625,2.1215159704640625
2026-01-20,STT,-2.116846464937172,-0.05859937309368968,-2.0582470918434823,2.0582470918434823
2026-01-20,STT,-2.116846464937172,0.023519758112888506,-2.1403662230500604,2.1403662230500604
2026-01-20,TD,-0.9589444201012044,0.2544431031391526,-1.213387523240357,1.213387523240357
2026-01-20,UBS,-1.920678095304107,-1.021025790401905,-0.8996523049022018,0.8996523049022018
2026-01-20,WFC,-1.9461896125459897,0.05319663246088219,-1.9993862450068718,1.9993862450068718
2026-01-20,WFC,-1.9461896125459897,-1.0021907299938988,-0.9439988825520909,0.9439988825520909
2026-01-20,WFC,-1.9461896125459897,-0.8720194732338293,-1.0741701393121603,1.0741701393121603
2026-01-21,ACGBY,-1.825832805127125,0.11281704521452478,-1.9386498503416498,1.9386498503416498
2026-01-21,BAC,-0.0575210733663955,0.5627688651244553,-0.6202899384908509,0.6202899384908509
2026-01-21,BAC,-0.0575210733663955,-0.1656203894250522,0.10809931605865669,0.10809931605865669
2026-01-21,BAC,-0.0575210733663955,-0.1516147060497029,0.0940936326833074,0.0940936326833074
2026-01-21,BAC,-0.0575210733663955,-0.192434281084857,0.1349132077184615,0.1349132077184615
2026-01-21,BACHY,0.7032348804500765,0.17459062154779023,0.5286442589022863,0.5286442589022863
2026-01-21,BCMXY,0.0,0.06308002103833471,-0.06308002103833471,0.06308002103833471
2026-01-21,BCS,0.819306412701426,-0.10523032622353745,0.9245367389249635,0.9245367389249635
2026-01-21,BK,-0.7624121772031645,0.2731693808994293,-1.0355815581025938,1.0355815581025938
2026-01-21,BNPQY,0.954084675014899,0.09000339600916285,0.8640812790057362,0.8640812790057362
2026-01-21,BNPQY,0.954084675014899,0.2905228757567988,0.6635617992581002,0.6635617992581002
2026-01-21,C,0.939681323128605,0.20670549877571648,0.7329758243528885,0.7329758243528885
2026-01-21,C,0.939681323128605,0.10027347709714102,0.839407846031464,0.839407846031464
2026-01-21,CICHY,-0.7070707070707116,0.1844503025281376,-0.8915210095988493,0.8915210095988493
2026-01-21,DB,1.0669511869831894,-0.4080970766495087,1.475048263632698,1.475048263632698
2026-01-21,GS,1.0218648930401253,-0.7712818780349895,1.7931467710751148,1.7931467710751148
2026-01-21,GS,1.0218648930401253,0.6038910167789473,0.417973876261178,0.417973876261178
2026-01-21,GS,1.0218648930401253,0.915334280097942,0.10653061294218324,0.10653061294218324
2026-01-21,GS,1.0218648930401253,-0.45833183795804794,1.4801967309981732,1.4801967309981732
2026-01-21,GS,1.0218648930401253,-0.24370048784149573,1.265565380881621,1.265565380881621
2026-01-21,GS,1.0218648930401253,0.4435632850739825,0.5783016079661427,0.5783016079661427
2026-01-21,GS,1.0218648930401253,0.4435632850739825,0.5783016079661427,0.5783016079661427
2026-01-21,GS,1.0218648930401253,1.395001884513012,-0.3731369914728868,0.3731369914728868
2026-01-21,GS,1.0218648930401253,0.3382915324564124,0.6835733605837129,0.6835733605837129
2026-01-21,HSBC,0.8121307434541647,0.09989256277270224,0.7122381806814625,0.7122381806814625
2026-01-21,HSBC,0.8121307434541647,-0.2858762616456,1.0980070050997646,1.0980070050997646
2026-01-21,HSBC,0.8121307434541647,0.7589839038921021,0.053146839562062564,0.053146839562062564
2026-01-21,HSBC,0.8121307434541647,0.8951890744338449,-0.08305833097968018,0.08305833097968018
2026-01-21,HSBC,0.8121307434541647,-0.1356574415138113,0.947788184967976,0.947788184967976
2026-01-21,HSBC,0.8121307434541647,0.7017820415683199,0.11034870188584478,0.11034870188584478
2026-01-21,HSBC,0.8121307434541647,0.09989256277270224,0.7122381806814625,0.7122381806814625
2026-01-21,HSBC,0.8121307434541647,0.70882816134863,0.10330258210553467,0.10330258210553467
2026-01-21,HSBC,0.8121307434541647,0.09989256277270224,0.7122381806814625,0.7122381806814625
2026-01-21,HSBC,0.8121307434541647,0.27730896049209414,0.5348217829620705,0.5348217829620705
2026-01-21,IDCBY,-1.5753738175160237,0.15827830653627656,-1.7336521240523002,1.7336521240523002
2026-01-21,ING,1.0277413438458003,0.017744275608619214,1.009997068237181,1.009997068237181
2026-01-21,JPM,-0.2312393966859449,0.366048728354129,-0.5972881250400739,0.5972881250400739
2026-01-21,JPM,-0.2312393966859449,-0.07350520321299917,-0.15773419347294573,0.15773419347294573
2026-01-21,JPM,-0.2312393966859449,0.09848192702836756,-0.32972132371431245,0.32972132371431245
2026-01-21,JPM,-0.2312393966859449,-0.3763974474052836,0.14515805071933868,0.14515805071933868
2026-01-21,JPM,-0.2312393966859449,-0.18377832697600602,-0.04746106970993888,0.04746106970993888
2026-01-21,JPM,-0.2312393966859449,-0.32791220119266046,0.09667280450671556,0.09667280450671556
2026-01-21,JPM,-0.2312393966859449,-0.1042796043159745,-0.1269597923699704,0.1269597923699704
2026-01-21,JPM,-0.2312393966859449,-0.7321002209586254,0.5008608242726804,0.5008608242726804
2026-01-21,MFG,-0.7050528789659283,0.1563188060304614,-0.8613716849963897,0.8613716849963897
2026-01-21,MS,0.6699471947487767,0.05029411943878624,0.6196530753099905,0.6196530753099905
2026-01-21,MS,0.6699471947487767,-0.3138424386322754,0.9837896333810521,0.9837896333810521
2026-01-21,MS,0.6699471947487767,-0.3172161048425152,0.987163299591292,0.987163299591292
2026-01-21,MS,0.6699471947487767,-0.028847011529321342,0.6987942062780981,0.6987942062780981
2026-01-21,MS,0.6699471947487767,0.05029411943878624,0.6196530753099905,0.6196530753099905
2026-01-21,MS,0.6699471947487767,0.05029411943878624,0.6196530753099905,0.6196530753099905
2026-01-21,MUFG,-0.1092526453559283,0.1636802327239384,-0.27293287807986666,0.27293287807986666
2026-01-21,RY,0.3344706384550422,-0.05704614823275518,0.3915167866877974,0.3915167866877974
2026-01-21,SAN,2.0102419751411693,-0.2446810154360245,2.2549229905771937,2.2549229905771937
2026-01-21,SCBFF,1.5805522976863218,0.1505320397484399,1.4300202579378818,1.4300202579378818
2026-01-21,SCGLY,1.615910503418272,0.059178410668335006,1.5567320927499368,1.5567320927499368
2026-01-21,SMFG,-0.4784688995215225,0.19753661804735773,-0.6760055175688802,0.6760055175688802
2026-01-21,STT,1.276849057225227,-0.25839700366247886,1.5352460608877059,1.5352460608877059
2026-01-21,TD,0.7638264626181668,-0.00415084121473247,0.7679773038328992,0.7679773038328992
2026-01-21,UBS,2.1088773335983024,0.1096643384034808,1.9992129951948217,1.9992129951948217
2026-01-21,UBS,2.1088773335983024,0.1720945747475298,1.9367827588507727,1.9367827588507727
2026-01-21,UBS,2.1088773335983024,-0.4448310331942435,2.553708366792546,2.553708366792546
2026-01-21,UBS,2.1088773335983024,-0.12482253413038688,2.2336998677286894,2.2336998677286894
2026-01-21,WFC,-0.6231201725097057,-0.8720194732338293,0.24889930072412358,0.24889930072412358
2026-01-21,WFC,-0.6231201725097057,-0.3329583367931571,-0.29016183571654863,0.29016183571654863
2026-01-22,ACGBY,0.1871147856549404,0.11281704521452478,0.07429774044041564,0.07429774044041564
2026-01-22,BAC,0.7298565201352858,-0.684966038572818,1.4148225587081038,1.4148225587081038
2026-01-22,BAC,0.7298565201352858,0.5627688651244553,0.16708765501083045,0.16708765501083045
2026-01-22,BAC,0.7298565201352858,0.0036741493722220013,0.7261823707630638,0.7261823707630638
2026-01-22,BACHY,0.0,0.17459062154779023,-0.17459062154779023,0.17459062154779023
2026-01-22,BCMXY,0.0,0.06308002103833471,-0.06308002103833471,0.06308002103833471
2026-01-22,BCS,1.1224337936382334,-0.18437145719164505,1.3068052508298784,1.3068052508298784
2026-01-22,BK,0.3507061276317724,0.2731693808994293,0.07753674673234306,0.07753674673234306
2026-01-22,BNPQY,1.909824768655244,0.42570084130580543,1.4841239273494387,1.4841239273494387
2026-01-22,BNPQY,1.909824768655244,0.5309725939233755,1.3788521747318687,1.3788521747318687
2026-01-22,BNPQY,1.909824768655244,0.7689249267026087,1.1408998419526353,1.1408998419526353
2026-01-22,BNPQY,1.909824768655244,0.5309725939233755,1.3788521747318687,1.3788521747318687
2026-01-22,BNPQY,1.909824768655244,0.27592963099572365,1.6338951376595205,1.6338951376595205
2026-01-22,BNPQY,1.909824768655244,0.5309725939233755,1.3788521747318687,1.3788521747318687
2026-01-22,BNPQY,1.909824768655244,0.42570084130580543,1.4841239273494387,1.4841239273494387
2026-01-22,C,1.5808572748972738,0.515385828877554,1.0654714460197199,1.0654714460197199
2026-01-22,CICHY,-0.406917599186174,0.1844503025281376,-0.5913679017143116,0.5913679017143116
2026-01-22,DB,3.299023489047248,-0.39843898913136844,3.6974624781786165,3.6974624781786165
2026-01-22,GS,0.1720848318939927,0.20311356690740587,-0.03102873501341316,0.03102873501341316
2026-01-22,GS,0.1720848318939927,0.0025940871597698867,0.16949074473422282,0.16949074473422282
2026-01-22,GS,0.1720848318939927,0.442627145679127,-0.27054231378513427,0.27054231378513427
2026-01-22,GS,0.1720848318939927,0.17208483189398358,9.131584377541913e-15,9.131584377541913e-15
2026-01-22,HSBC,0.6974266169246457,0.70882816134863,-0.011401544423984333,0.011401544423984333
2026-01-22,HSBC,0.6974266169246457,-0.45894068773109276,1.1563673046557383,1.1563673046557383
2026-01-22,HSBC,0.6974266169246457,-0.040220560019239224,0.7376471769438849,0.7376471769438849
2026-01-22,HSBC,0.6974266169246457,-0.4913602150671531,1.188786831991799,1.188786831991799
2026-01-22,HSBC,0.6974266169246457,-0.3748682490453319,1.0722948659699776,1.0722948659699776
2026-01-22,HSBC,0.6974266169246457,0.27730896049209414,0.42011765643255156,0.42011765643255156
2026-01-22,HSBC,0.6974266169246457,0.9561907011849342,-0.2587640842602885,0.2587640842602885
2026-01-22,IDCBY,-0.6465656448216617,0.15827830653627656,-0.8048439513579382,0.8048439513579382
2026-01-22,ING,0.7362939389555789,-1.0337365112802435,1.7700304502358224,1.7700304502358224
2026-01-22,JPM,0.5264445195028999,0.47957095280719336,0.04687356669570658,0.04687356669570658
2026-01-22,JPM,0.5264445195028999,-0.767750002007574,1.294194521510474,1.294194521510474
2026-01-22,JPM,0.5264445195028999,-0.7321002209586254,1.2585447404615253,1.2585447404615253
2026-01-22,JPM,0.5264445195028999,-0.08520947469548878,0.6116539941983887,0.6116539941983887
2026-01-22,JPM,0.5264445195028999,0.5538606454100812,-0.027416125907181232,0.027416125907181232
2026-01-22,MFG,-0.94674556213018,0.1563188060304614,-1.1030643681606414,1.1030643681606414
2026-01-22,MS,-0.1472920540596556,-0.492917564440396,0.3456255103807404,0.3456255103807404
2026-01-22,MUFG,-1.97147441413732,0.1636802327239384,-2.1351546468612583,2.1351546468612583
2026-01-22,MUFG,-1.97147441413732,1.0258856413558297,-2.9973600554931497,2.9973600554931497
2026-01-22,RY,0.5118614630837515,1.189301419132731,-0.6774399560489794,0.6774399560489794
2026-01-22,SAN,2.052079091067771,-0.2446810154360245,2.2967601065037955,2.2967601065037955
2026-01-22,SCBFF,2.743291866269759,0.1505320397484399,2.5927598265213194,2.5927598265213194
2026-01-22,SCGLY,1.7737003058103884,0.059178410668335006,1.7145218951420533,1.7145218951420533
2026-01-22,SMFG,-0.7211538461538547,0.19753661804735773,-0.9186904642012124,0.9186904642012124
2026-01-22,STT,1.221327905561842,-0.25839700366247886,1.4797249092243208,1.4797249092243208
2026-01-22,TD,1.1211276275419737,0.17072919290756328,0.9503984346344104,0.9503984346344104
2026-01-22,UBS,0.9694104825212158,0.02381015309236526,0.9456003294288505,0.9456003294288505
2026-01-22,WFC,2.229508658445556,2.2295086584455452,1.0658141036401503e-14,1.0658141036401503e-14
2026-01-22,WFC,2.229508658445556,-0.5255774572224347,2.7550861156679907,2.7550861156679907
2026-01-23,ACGBY,-0.7625753326570783,0.11281704521452478,-0.8753923778716031,0.8753923778716031
2026-01-23,BAC,-1.3918075283001596,-0.5517834106057472,-0.8400241176944124,0.8400241176944124
2026-01-23,BAC,-1.3918075283001596,-0.3922319116536462,-0.9995756166465135,0.9995756166465135
2026-01-23,BACHY,-0.4189944134078249,0.17459062154779023,-0.5935850349556151,0.5935850349556151
2026-01-23,BCMXY,0.0,0.06308002103833471,-0.06308002103833471,0.06308002103833471
2026-01-23,BCS,0.2680051432200958,-0.22373104260427235,0.4917361858243681,0.4917361858243681
2026-01-23,BK,-1.704944498472449,0.2731693808994293,-1.9781138793718784,1.9781138793718784
2026-01-23,BNPQY,0.9466769706337086,0.5309725939233755,0.4157043767103331,0.4157043767103331
2026-01-23,C,-1.7896671716796877,0.38512189127289825,-2.174789062952586,2.174789062952586
2026-01-23,CICHY,-0.3064351378958108,0.1844503025281376,-0.4908854404239484,0.4908854404239484
2026-01-23,DB,-0.1532958610117596,-0.41560691913888775,0.2623110581271282,0.2623110581271282
2026-01-23,GS,-3.746919135237092,0.16141930095658083,-3.908338436193673,3.908338436193673
2026-01-23,GS,-3.746919135237092,-0.5272208869884591,-3.2196982482486325,3.2196982482486325
2026-01-23,GS,-3.746919135237092,0.040646651587093824,-3.7875657868241857,3.7875657868241857
2026-01-23,GS,-3.746919135237092,-0.23448676006928737,-3.5124323751678044,3.5124323751678044
2026-01-23,HSBC,0.2268553527060568,-0.3030243317170853,0.5298796844231421,0.5298796844231421
2026-01-23,HSBC,0.2268553527060568,0.09989256277270224,0.12696278993335458,0.12696278993335458
2026-01-23,HSBC,0.2268553527060568,-0.3648465581456404,0.5917019108516972,0.5917019108516972
2026-01-23,HSBC,0.2268553527060568,0.09989256277270224,0.12696278993335458,0.12696278993335458
2026-01-23,HSBC,0.2268553527060568,-0.1909689679776302,0.417824320683687,0.417824320683687
2026-01-23,HSBC,0.2268553527060568,-0.1909689679776302,0.417824320683687,0.417824320683687
2026-01-23,HSBC,0.2268553527060568,0.27730896049209414,-0.05045360778603733,0.05045360778603733
2026-01-23,HSBC,0.2268553527060568,-0.956117306259687,1.1829726589657439,1.1829726589657439
2026-01-23,HSBC,0.2268553527060568,0.7946006513015536,-0.5677452985954967,0.5677452985954967
2026-01-23,HSBC,0.2268553527060568,0.9244371219084869,-0.6975817692024301,0.6975817692024301
2026-01-23,IDCBY,-0.3354635703465836,0.15827830653627656,-0.49374187688286014,0.49374187688286014
2026-01-23,ING,-0.313042978790623,-1.0337365112802435,0.7206935324896204,0.7206935324896204
2026-01-23,JPM,-1.9464494676229016,0.052302011750941624,-1.9987514793738432,1.9987514793738432
2026-01-23,JPM,-1.9464494676229016,-0.15530592469404678,-1.791143542928855,1.791143542928855
2026-01-23,JPM,-1.9464494676229016,-0.4765448884154126,-1.469904579207489,1.469904579207489
2026-01-23,JPM,-1.9464494676229016,-0.2852021444032104,-1.6612473232196912,1.6612473232196912
2026-01-23,JPM,-1.9464494676229016,-0.2809605659107115,-1.66548890171219,1.66548890171219
2026-01-23,JPM,-1.9464494676229016,-0.4870142134158758,-1.4594352542070257,1.4594352542070257
2026-01-23,JPM,-1.9464494676229016,-0.4870142134158758,-1.4594352542070257,1.4594352542070257
2026-01-23,JPM,-1.9464494676229016,-0.4870142134158758,-1.4594352542070257,1.4594352542070257
2026-01-23,JPM,-1.9464494676229016,-0.4870142134158758,-1.4594352542070257,1.4594352542070257
2026-01-23,JPM,-1.9464494676229016,-0.4870142134158758,-1.4594352542070257,1.4594352542070257
2026-01-23,JPM,-1.9464494676229016,-0.14084744311877004,-1.8056020245041315,1.8056020245041315
2026-01-23,JPM,-1.9464494676229016,-1.2133570085483842,-0.7330924590745174,0.7330924590745174
2026-01-23,JPM,-1.9464494676229016,-1.2133570085483842,-0.7330924590745174,0.7330924590745174
2026-01-23,MFG,1.1947431302270273,0.1563188060304614,1.0384243241965658,1.0384243241965658
2026-01-23,MS,-2.212474174823109,0.2187890208612085,-2.4312631956843176,2.4312631956843176
2026-01-23,MS,-2.212474174823109,-0.08779777564231948,-2.1246763991807898,2.1246763991807898
2026-01-23,MS,-2.212474174823109,0.12564229466030769,-2.338116469483417,2.338116469483417
2026-01-23,MUFG,-0.1121380997689325,0.006399179924477624,-0.11853727969341013,0.11853727969341013
2026-01-23,RY,0.5093148235649991,0.5070403245276071,0.002274499037392075,0.002274499037392075
2026-01-23,RY,0.5093148235649991,0.5093148235650006,-1.4432899320127035e-15,1.4432899320127035e-15
2026-01-23,SAN,-0.2410698288078494,-0.23175466392100405,-0.009315164886845362,0.009315164886845362
2026-01-23,SCBFF,-1.0502012545205552,0.1505320397484399,-1.2007332942689952,1.2007332942689952
2026-01-23,SCGLY,-0.4807692307692401,0.07210476218335544,-0.5528739929525955,0.5528739929525955
2026-01-23,SMFG,1.30750605326877,0.19753661804735773,1.1099694352214122,1.1099694352214122
2026-01-23,STT,-1.8449557000612795,0.15710023606376014,-2.0020559361250396,2.0020559361250396
2026-01-23,TD,0.422279949896831,0.17072919290756328,0.2515507569892677,0.2515507569892677
2026-01-23,UBS,-0.75150611763245,0.0535938583667949,-0.8050999759992449,0.8050999759992449
2026-01-23,WFC,-1.2267051155187558,-0.4473085057353819,-0.779396609783374,0.779396609783374
2026-01-26,ACGBY,1.3312328635336046,0.11281704521452478,1.2184158183190799,1.2184158183190799
2026-01-26,BAC,0.5800195608339997,0.023265328072592836,0.5567542327614069,0.5567542327614069
2026-01-26,BACHY,0.2103786816269215,0.17459062154779023,0.03578806007913127,0.03578806007913127
2026-01-26,BCMXY,0.0,0.06308002103833471,-0.06308002103833471,0.06308002103833471
2026-01-26,BCS,0.6867622520239758,-0.22373104260427235,0.9104932946282481,0.9104932946282481
2026-01-26,BK,1.1988561184856472,0.2731693808994293,0.9256867375862179,0.9256867375862179
2026-01-26,BNPQY,0.9760765550239192,0.2684197885063446,0.7076567665175746,0.7076567665175746
2026-01-26,C,1.0827872569330266,1.2371110326012102,-0.15432377566818367,0.15432377566818367
2026-01-26,CICHY,0.6506147540983553,0.1844503025281376,0.46616445157021774,0.46616445157021774
2026-01-26,DB,0.8188331627430934,-0.41560691913888775,1.2344400818819812,1.2344400818819812
2026-01-26,GS,1.4125840540571533,0.18101047965695166,1.2315735744002017,1.2315735744002017
2026-01-26,HSBC,1.3699318034842811,0.15553053119598348,1.2144012722882978,1.2144012722882978
2026-01-26,IDCBY,1.4774854697620965,0.15827830653627656,1.31920716322582,1.31920716322582
2026-01-26,ING,1.43184339032858,0.017744275608619214,1.4140991147199609,1.4140991147199609
2026-01-26,JPM,1.1151266759731548,-0.4765448884154126,1.5916715643885675,1.5916715643885675
2026-01-26,JPM,1.1151266759731548,0.20237664227803326,0.9127500336951215,0.9127500336951215
2026-01-26,MFG,0.4722550177095552,0.1563188060304614,0.3159362116790938,0.3159362116790938
2026-01-26,MS,1.6089380805355713,-0.06820659694194865,1.67714467747752,1.67714467747752
2026-01-26,MUFG,-0.1678289958609857,0.006399179924477624,-0.17422817578546335,0.17422817578546335
2026-01-26,RY,-0.7269180086185822,-0.05704614823275518,-0.669871860385827,0.669871860385827
2026-01-26,SAN,2.177320597599808,-0.2446810154360245,2.422001613035832,2.422001613035832
2026-01-26,SCBFF,1.587065601189375,0.1505320397484399,1.436533561440935,1.436533561440935
2026-01-26,SCGLY,3.019323671497576,0.059178410668335006,2.960145260829241,2.960145260829241
2026-01-26,SMFG,0.6214149139579295,0.19753661804735773,0.42387829591057175,0.42387829591057175
2026-01-26,STT,1.1896711538476934,0.15710023606376014,1.0325709177839333,1.0325709177839333
2026-01-26,TD,-0.2313409189416582,0.17072919290756328,-0.4020701118492215,0.4020701118492215
2026-01-26,UBS,1.0094514695093038,0.40402436603596736,0.6054271034733364,0.6054271034733364
2026-01-26,WFC,1.253445959452737,-0.4473085057353819,1.7007544651881188,1.7007544651881188
2026-01-27,ACGBY,2.574676904453921,0.11281704521452478,2.461859859239396,2.461859859239396
2026-01-27,BAC,0.2882407070886605,1.0149417510324308,-0.7267010439437702,0.7267010439437702
2026-01-27,BAC,0.2882407070886605,-0.5517834106057472,0.8400241176944077,0.8400241176944077
2026-01-27,BAC,0.2882407070886605,0.28824070708865424,6.2727600891321345e-15,6.2727600891321345e-15
2026-01-27,BACHY,1.2596221133660102,0.17459062154779023,1.08503149181822,1.08503149181822
2026-01-27,BCMXY,0.0,0.06308002103833471,-0.06308002103833471,0.06308002103833471
2026-01-27,BCS,3.0705018528890404,-0.22373104260427235,3.294232895493313,3.294232895493313
2026-01-27,BK,-0.1260234130244453,0.2731693808994293,-0.39919279392387463,0.39919279392387463
2026-01-27,BNPQY,2.8241091736163737,0.28558771851386394,2.5385214551025097,2.5385214551025097
2026-01-27,C,-0.0261244049441167,0.38512189127289825,-0.411246296217015,0.411246296217015
2026-01-27,CICHY,1.409884460731914,0.1844503025281376,1.2254341582037764,1.2254341582037764
2026-01-27,DB,2.36040609137056,-0.41560691913888775,2.7760130105094474,2.7760130105094474
2026-01-27,GS,-0.2296378083057715,0.0025940871597698867,-0.23223189546554138,0.23223189546554138
2026-01-27,GS,-0.2296378083057715,1.4199103361330017,-1.6495481444387732,1.6495481444387732
2026-01-27,HSBC,3.995775987163652,0.09989256277270224,3.8958834243909495,3.8958834243909495
2026-01-27,IDCBY,1.899515318257205,0.15827830653627656,1.7412370117209286,1.7412370117209286
2026-01-27,ING,3.4090747710004976,-1.0337365112802435,4.442811282280741,4.442811282280741
2026-01-27,JPM,-0.2424947815042877,0.6394358158958766,-0.8819305974001643,0.8819305974001643
2026-01-27,JPM,-0.2424947815042877,-0.14017614612399285,-0.10231863538029484,0.10231863538029484
2026-01-27,JPM,-0.2424947815042877,-0.2809605659107115,0.038465784406423814,0.038465784406423814
2026-01-27,MFG,1.99764982373678,0.1563188060304614,1.8413310177063185,1.8413310177063185
2026-01-27,MS,0.4288668045087762,-0.05528024542692821,0.4841470499357044,0.4841470499357044
2026-01-27,MS,0.4288668045087762,0.06205734066270714,0.36680946384606905,0.36680946384606905
2026-01-27,MUFG,1.6811113509092923,-0.01319199877589321,1.6943033496851856,1.6943033496851856
2026-01-27,RY,0.908426274982932,-0.05704614823275518,0.9654724232156873,0.9654724232156873
2026-01-27,SAN,2.999432712513084,-0.42309740793320627,3.4225301204462903,3.4225301204462903
2026-01-27,SAN,2.999432712513084,0.2558241227602396,2.743608589752845,2.743608589752845
2026-01-27,SCBFF,1.0878579442899603,0.1505320397484399,0.9373259045415204,0.9373259045415204
2026-01-27,SCGLY,2.286049237983589,0.059178410668335006,2.226870827315254,2.226870827315254
2026-01-27,SMFG,1.4251781472684133,0.19753661804735773,1.2276415292210556,1.2276415292210556
2026-01-27,STT,0.0235121095254031,0.15710023606376014,-0.13358812653835705,0.13358812653835705
2026-01-27,TD,1.2436188586493646,0.17072919290756328,1.0728896657418012,1.0728896657418012
2026-01-27,UBS,2.5400663963528918,0.6823003009249475,1.8577660954279442,1.8577660954279442
2026-01-27,WFC,0.7495296787352723,-0.6257248982325636,1.375254576967836,1.375254576967836
2026-01-27,WFC,0.7495296787352723,-2.325033069338019,3.074562748073291,3.074562748073291
2026-01-28,ACGBY,1.2414311746160367,0.11281704521452478,1.128614129401512,1.128614129401512
2026-01-28,BAC,-0.6899051019050972,-0.15515106442458892,-0.5347540374805083,0.5347540374805083
2026-01-28,BACHY,2.7643400138216867,0.17459062154779023,2.5897493922738963,2.5897493922738963
2026-01-28,BCMXY,0.0,0.06308002103833471,-0.06308002103833471,0.06308002103833471
2026-01-28,BCS,-2.353746864276196,-0.22373104260427235,-2.1300158216719236,2.1300158216719236
2026-01-28,BK,0.0252533783783759,0.09475298840224755,-0.06949961002387164,0.06949961002387164
2026-01-28,BNPQY,-0.7004608294930881,0.5309725939233755,-1.2314334234164637,1.2314334234164637
2026-01-28,C,-0.513914220932965,0.19623617377525324,-0.7101503947082183,0.7101503947082183
2026-01-28,C,-0.513914220932965,0.19623617377525324,-0.7101503947082183,0.7101503947082183
2026-01-28,CICHY,2.8909857458341737,0.1844503025281376,2.706535443306036,2.706535443306036
2026-01-28,DB,-1.9588395735184672,0.7686546028816006,-2.727494176400068,2.727494176400068
2026-01-28,GS,0.7625862191259047,0.04743000170608003,0.7151562174198247,0.7151562174198247
2026-01-28,GS,0.7625862191259047,0.0025940871597698867,0.7599921319661349,0.7599921319661349
2026-01-28,HSBC,-1.6838228459894131,-0.3030243317170853,-1.3807985142723278,1.3807985142723278
2026-01-28,HSBC,-1.6838228459894131,0.09989256277270224,-1.7837154087621154,1.7837154087621154
2026-01-28,HSBC,-1.6838228459894131,-0.3030243317170853,-1.3807985142723278,1.3807985142723278
2026-01-28,HSBC,-1.6838228459894131,0.09989256277270224,-1.7837154087621154,1.7837154087621154
2026-01-28,HSBC,-1.6838228459894131,-0.1356574415138113,-1.548165404475602,1.548165404475602
2026-01-28,HSBC,-1.6838228459894131,-1.4711617610656287,-0.21266108492378444,0.21266108492378444
2026-01-28,HSBC,-1.6838228459894131,-0.19775231809661636,-1.4860705278927968,1.4860705278927968
2026-01-28,HSBC,-1.6838228459894131,0.053804069183969905,-1.737626915173383,1.737626915173383
2026-01-28,HSBC,-1.6838228459894131,-0.24627420752440354,-1.4375486384650096,1.4375486384650096
2026-01-28,IDCBY,3.593214779114451,0.15827830653627656,3.4349364725781744,3.4349364725781744
2026-01-28,ING,-1.1652738771278148,0.017744275608619214,-1.183018152736434,1.183018152736434
2026-01-28,JPM,0.1531869205078084,-1.0063598625636416,1.15954678307145,1.15954678307145
2026-01-28,JPM,0.1531869205078084,-0.3177196746186017,0.4709065951264101,0.4709065951264101
2026-01-28,MFG,-0.5760368663594306,0.1563188060304614,-0.7323556723898921,0.7323556723898921
2026-01-28,MS,-0.1752195502070952,-0.2466229894391304,0.07140343923203521,0.07140343923203521
2026-01-28,MS,-0.1752195502070952,-0.2466229894391304,0.07140343923203521,0.07140343923203521
2026-01-28,MUFG,-1.102025313627586,0.006399179924477624,-1.1084244935520635,1.1084244935520635
2026-01-28,RY,-1.3385355358614626,0.4824573888191073,-1.8209929246805698,1.8209929246805698
2026-01-28,RY,-1.3385355358614626,-0.11430738686735212,-1.2242281489941105,1.2242281489941105
2026-01-28,SAN,-2.835289463273105,-0.30941292313589597,-2.525876540137209,2.525876540137209
2026-01-28,SAN,-2.835289463273105,-0.42309740793320627,-2.412192055339899,2.412192055339899
2026-01-28,SCBFF,1.5293729691471247,0.1505320397484399,1.3788409293986847,1.3788409293986847
2026-01-28,SCGLY,-1.661891117478509,-0.4878843500480367,-1.1740067674304722,1.1740067674304722
2026-01-28,SMFG,-1.8735362997658207,0.19753661804735773,-2.0710729178131784,2.0710729178131784
2026-01-28,STT,0.3133948080427329,0.15710023606376014,0.15629457197897276,0.15629457197897276
2026-01-28,TD,-2.55026994588492,0.17072919290756328,-2.7209991387924832,2.7209991387924832
2026-01-28,UBS,-2.619232147470363,0.0535938583667949,-2.6728260058371576,2.6728260058371576
2026-01-28,WFC,-0.7665113820332303,-0.4473085057353819,-0.31920287629784844,0.31920287629784844
2026-01-29,ACGBY,0.3176943163572421,0.11281704521452478,0.2048772711427173,0.2048772711427173
2026-01-29,BAC,2.4511440483862224,0.1805463808720536,2.270597667514169,2.270597667514169
2026-01-29,BACHY,1.882985877605936,0.17459062154779023,1.708395256058146,1.708395256058146
2026-01-29,BCMXY,1.5602836879432758,0.06308002103833471,1.497203666904941,1.497203666904941
2026-01-29,BCS,1.2429770462809795,-0.5744959693392115,1.817473015620191,1.817473015620191
2026-01-29,BCS,1.2429770462809795,-0.5744959693392115,1.817473015620191,1.817473015620191
2026-01-29,BK,2.178335031947154,0.2734521664691905,1.9048828654779635,1.9048828654779635
2026-01-29,BK,2.178335031947154,0.04468160928058787,2.133653422666566,2.133653422666566
2026-01-29,BNPQY,0.7982179320586535,0.2905228757567988,0.5076950563018547,0.5076950563018547
2026-01-29,C,0.8756290184217308,1.3226862030870057,-0.4470571846652749,0.4470571846652749
2026-01-29,C,0.8756290184217308,0.3581898572780753,0.5174391611436555,0.5174391611436555
2026-01-29,C,0.8756290184217308,0.19623617377525324,0.6793928446464775,0.6793928446464775
2026-01-29,C,0.8756290184217308,0.499472060215123,0.37615695820660777,0.37615695820660777
2026-01-29,CICHY,1.073170731707318,0.1844503025281376,0.8887204291791804,0.8887204291791804
2026-01-29,DB,-1.062215477996964,-0.5346326743683472,-0.5275828036286168,0.5275828036286168
2026-01-29,DB,-1.062215477996964,0.08489821905737632,-1.1471136970543403,1.1471136970543403
2026-01-29,DB,-1.062215477996964,-1.4124670107378656,0.3502515327409017,0.3502515327409017
2026-01-29,GS,0.3533297793252954,0.57762090260355,-0.22429112327825462,0.22429112327825462
2026-01-29,HSBC,1.770210593611421,0.4431166481695055,1.3270939454419155,1.3270939454419155
2026-01-29,HSBC,1.770210593611421,0.09989256277270224,1.6703180308387187,1.6703180308387187
2026-01-29,HSBC,1.770210593611421,-0.3748682490453319,2.145078842656753,2.145078842656753
2026-01-29,HSBC,1.770210593611421,-0.3748682490453319,2.145078842656753,2.145078842656753
2026-01-29,HSBC,1.770210593611421,-0.1356574415138113,1.9058680351252322,1.9058680351252322
2026-01-29,HSBC,1.770210593611421,0.09989256277270224,1.6703180308387187,1.6703180308387187
2026-01-29,HSBC,1.770210593611421,-0.06732579749665553,1.8375363911080764,1.8375363911080764
2026-01-29,HSBC,1.770210593611421,-0.24627420752440354,2.0164848011358245,2.0164848011358245
2026-01-29,IDCBY,0.7161256142786732,0.15827830653627656,0.5578473077423967,0.5578473077423967
2026-01-29,ING,0.6061806105576162,0.017744275608619214,0.5884363349489969,0.5884363349489969
2026-01-29,JPM,1.8785067654047083,-0.16786455831357502,2.0463713237182835,2.0463713237182835
2026-01-29,JPM,1.8785067654047083,-0.16786455831357502,2.0463713237182835,2.0463713237182835
2026-01-29,JPM,1.8785067654047083,0.03656895460062187,1.8419378108040865,1.8419378108040865
2026-01-29,MFG,0.1158748551564281,0.1563188060304614,-0.04044395087403328,0.04044395087403328
2026-01-29,MS,0.0329321232348744,-0.2466229894391304,0.2795551126740048,0.2795551126740048
2026-01-29,MS,0.0329321232348744,0.5977560620906816,-0.5648239388558072,0.5648239388558072
2026-01-29,MS,0.0329321232348744,-0.2085704250118065,0.2415025482466809,0.2415025482466809
2026-01-29,MUFG,1.3927403550189066,0.006399179924477624,1.386341175094429,1.386341175094429
2026-01-29,RY,1.3206731800777805,-0.05704614823275518,1.3777193283105356,1.3777193283105356
2026-01-29,SAN,1.0251005939835078,-0.5462279296961137,1.5713285236796215,1.5713285236796215
2026-01-29,SAN,1.0251005939835078,0.4194962088363353,0.6056043851471725,0.6056043851471725
2026-01-29,SCBFF,-1.911933044714764,0.1505320397484399,-2.062465084463204,2.062465084463204
2026-01-29,SCGLY,1.3986013986013957,0.059178410668335006,1.3394229879330606,1.3394229879330606
2026-01-29,SMFG,1.6229116945107425,0.19753661804735773,1.4253750764633848,1.4253750764633848
2026-01-29,STT,2.6636722568083915,0.15710023606376014,2.506572020744631,2.506572020744631
2026-01-29,TD,1.3992631717205883,0.17072919290756328,1.228533978813025,1.228533978813025
2026-01-29,UBS,0.4169733171307976,-0.19204198332353187,0.6090153004543295,0.6090153004543295
2026-01-29,WFC,2.964931717593844,-0.41772105839140555,3.3826527759852496,3.3826527759852496
2026-01-30,ACGBY,-2.7385556511189346,0.11281704521452478,-2.8513726963334594,2.8513726963334594
2026-01-30,BAC,0.2260257362414197,0.13761549701481762,0.08841023922660207,0.08841023922660207
2026-01-30,BAC,0.2260257362414197,0.8752544694009049,-0.6492287331594853,0.6492287331594853
2026-01-30,BACHY,-1.91419141914192,0.17459062154779023,-2.0887820406897104,2.0887820406897104
2026-01-30,BCMXY,0.0,0.06308002103833471,-0.06308002103833471,0.06308002103833471
2026-01-30,BCS,-0.4837829188863551,0.1266994650649001,-0.6104823839512552,0.6104823839512552
2026-01-30,BCS,-0.4837829188863551,-0.4021474351014541,-0.08163548378490099,0.08163548378490099
2026-01-30,BK,-1.292293097164943,0.2731693808994293,-1.5654624780643722,1.5654624780643722
2026-01-30,BNPQY,-1.1602209944751252,0.5309725939233755,-1.6911935883985008,1.6911935883985008
2026-01-30,C,0.4427373971073844,0.19623617377525324,0.24650122333213118,0.24650122333213118
2026-01-30,C,0.4427373971073844,0.06764213225432492,0.3750952648530595,0.3750952648530595
2026-01-30,CICHY,-2.55791505791505,0.1844503025281376,-2.7423653604431877,2.7423653604431877
2026-01-30,DB,0.2556237218813928,-0.2231194853008272,0.47874320718222,0.47874320718222
2026-01-30,DB,0.2556237218813928,-0.6313065282963376,0.8869302501777304,0.8869302501777304
2026-01-30,GS,-0.5009953503978815,0.0025940871597698867,-0.5035894375576513,0.5035894375576513
2026-01-30,GS,-0.5009953503978815,-0.12053643460313745,-0.380458915794744,0.380458915794744
2026-01-30,GS,-0.5009953503978815,0.5730682836511514,-1.0740636340490328,1.0740636340490328
2026-01-30,HSBC,-0.5985785066772609,-0.19775231809661636,-0.4008261885806445,0.4008261885806445
2026-01-30,HSBC,-0.5985785066772609,-0.1356574415138113,-0.46292106516344955,0.46292106516344955
2026-01-30,HSBC,-0.5985785066772609,-0.044462138511738095,-0.5541163681655228,0.5541163681655228
2026-01-30,HSBC,-0.5985785066772609,-0.5270099961161018,-0.0715685105611591,0.0715685105611591
2026-01-30,HSBC,-0.5985785066772609,-1.1320081387954586,0.5334296321181977,0.5334296321181977
2026-01-30,HSBC,-0.5985785066772609,-1.459669493026795,0.8610909863495342,0.8610909863495342
2026-01-30,IDCBY,-2.3271843427472905,0.15827830653627656,-2.485462649283567,2.485462649283567
2026-01-30,ING,-1.5738243794304774,-1.443669880693458,-0.13015449873701934,0.13015449873701934
2026-01-30,ING,-1.5738243794304774,0.40115308781393155,-1.974977467244409,1.974977467244409
2026-01-30,ING,-1.5738243794304774,-1.57382437943049,1.2656542480726785e-14,1.2656542480726785e-14
2026-01-30,JPM,-0.1729621999033703,-0.35538973455282774,0.18242753464945743,0.18242753464945743
2026-01-30,JPM,-0.1729621999033703,-1.2396776558181553,1.066715455914785,1.066715455914785
2026-01-30,MFG,-0.1157407407407329,0.1563188060304614,-0.27205954677119426,0.27205954677119426
2026-01-30,MS,0.7717657334906036,-0.05528024542692821,0.8270459789175318,0.8270459789175318
2026-01-30,MS,0.7717657334906036,-0.2839062060993985,1.055671939590002,1.055671939590002
2026-01-30,MS,0.7717657334906036,0.7717657334906018,1.7763568394002505e-15,1.7763568394002505e-15
2026-01-30,MS,0.7717657334906036,-0.028847011529321342,0.800612745019925,0.800612745019925
2026-01-30,MUFG,-0.8243885320870947,-0.1684808541978181,-0.6559076778892766,0.6559076778892766
2026-01-30,RY,-1.5108692150853087,-0.05704614823275518,-1.4538230668525536,1.4538230668525536
2026-01-30,SAN,-0.4686265212580975,-0.7143025215253678,0.24567600026727027,0.24567600026727027
2026-01-30,SAN,-0.4686265212580975,-0.7143025215253678,0.24567600026727027,0.24567600026727027
2026-01-30,SAN,-0.4686265212580975,-0.13348845622529604,-0.33513806503280147,0.33513806503280147
2026-01-30,SAN,-0.4686265212580975,0.2558241227602396,-0.7244506440183371,0.7244506440183371
2026-01-30,SCBFF,-1.339040542723302,0.1505320397484399,-1.489572582471742,1.489572582471742
2026-01-30,SCGLY,0.747126436781631,0.059178410668335006,0.6879480261132961,0.6879480261132961
2026-01-30,SMFG,-1.409112259276657,0.19753661804735773,-1.6066488773240146,1.6066488773240146
2026-01-30,STT,-0.4336779829914317,0.15710023606376014,-0.5907782190551918,0.5907782190551918
2026-01-30,TD,-1.516919486581092,0.17072919290756328,-1.6876486794886554,1.6876486794886554
2026-01-30,UBS,-2.0970886197309246,-2.0970886197309215,-3.1086244689504383e-15,3.1086244689504383e-15
2026-01-30,WFC,-0.1655813746041623,-0.07668234379846434,-0.08889903080569797,0.08889903080569797
2026-01-30,WFC,-0.1655813746041623,-1.3625370183655352,1.1969556437613729,1.1969556437613729
2026-02-02,ACGBY,-0.5422847404822018,0.11281704521452478,-0.6551017856967265,0.6551017856967265
2026-02-02,BAC,1.560275912130038,0.023265328072592836,1.5370105840574453,1.5370105840574453
2026-02-02,BACHY,-0.4037685060565232,0.17459062154779023,-0.5783591276043134,0.5783591276043134
2026-02-02,BCMXY,0.0,0.06308002103833471,-0.06308002103833471,0.06308002103833471
2026-02-02,BCS,2.8411455377747474,-0.22373104260427235,3.06487658037902,3.06487658037902
2026-02-02,BK,1.4092572453303198,0.2731693808994293,1.1360878644308905,1.1360878644308905
2026-02-02,BNPQY,2.124091671324768,0.2684197885063446,1.8556718828184235,1.8556718828184235
2026-02-02,C,0.9729584413113336,0.38512189127289825,0.5878365500384353,0.5878365500384353
2026-02-02,CICHY,-0.5448241703813972,0.1844503025281376,-0.7292744729095348,0.7292744729095348
2026-02-02,DB,0.9688934217236156,-0.41560691913888775,1.3845003408625034,1.3845003408625034
2026-02-02,GS,1.1673990583688676,0.18101047965695166,0.986388578711916,0.986388578711916
2026-02-02,HSBC,1.8065491348656424,-0.2858762616456,2.0924253965112425,2.0924253965112425
2026-02-02,IDCBY,-1.2275293418511302,0.15827830653627656,-1.3858076483874067,1.3858076483874067
2026-02-02,ING,3.266387188437303,0.017744275608619214,3.248642912828684,3.248642912828684
2026-02-02,JPM,0.7355661651393008,-0.2981284959182308,1.0336946610575317,1.0336946610575317
2026-02-02,MFG,2.4333719582850355,0.1563188060304614,2.2770531522545743,2.2770531522545743
2026-02-02,MS,1.258202349649018,-0.06820659694194865,1.3264089465909668,1.3264089465909668
2026-02-02,MUFG,1.0525310732559356,0.006399179924477624,1.046131893331458,1.046131893331458
2026-02-02,RY,1.4318091793262375,-0.05704614823275518,1.4888553275589926,1.4888553275589926
2026-02-02,SAN,2.4311813699413376,0.2558241227602396,2.175357247181098,2.175357247181098
2026-02-02,SCBFF,4.560337911952983,0.1505320397484399,4.409805872204543,4.409805872204543
2026-02-02,SCGLY,3.822019395322296,0.059178410668335006,3.7628409846539608,3.7628409846539608
2026-02-02,SMFG,0.5240590757503716,0.19753661804735773,0.32652245770301386,0.32652245770301386
2026-02-02,STT,1.3143167053230265,0.15710023606376014,1.1572164692592664,1.1572164692592664
2026-02-02,TD,1.1017124572532566,0.17072919290756328,0.9309832643456933,0.9309832643456933
2026-02-02,UBS,1.2937356644513232,-0.7792294702808871,2.0729651347322102,2.0729651347322102
2026-02-02,WFC,1.96715269362433,0.7666828991206787,1.2004697945036513,1.2004697945036513
2026-02-03,ACGBY,-0.953289407830038,0.11281704521452478,-1.0661064530445628,1.0661064530445628
2026-02-03,BAC,0.7772729557032676,-1.001622092405989,1.7788950481092567,1.7788950481092567
2026-02-03,BACHY,-0.9459459459459474,0.17459062154779023,-1.1205365674937375,1.1205365674937375
2026-02-03,BCMXY,0.0,0.06308002103833471,-0.06308002103833471,0.06308002103833471
2026-02-03,BCS,0.0364184814596768,-0.7786132668627893,0.815031748322466,0.815031748322466
2026-02-03,BCS,0.0364184814596768,-0.19414359526029604,0.23056207671997284,0.23056207671997284
2026-02-03,BK,-1.8831132377659543,0.5090916937034745,-2.3922049314694287,2.3922049314694287
2026-02-03,BNPQY,-0.693304141580009,-0.6036843647940223,-0.08961977678598665,0.08961977678598665
2026-02-03,C,1.273309428886571,1.5693834132933866,-0.29607398440681565,0.29607398440681565
2026-02-03,C,1.273309428886571,0.16942228211544844,1.1038871467711224,1.1038871467711224
2026-02-03,C,1.273309428886571,0.6210442040769434,0.6522652248096276,0.6522652248096276
2026-02-03,CICHY,-0.6972111553784743,0.1844503025281376,-0.881661457906612,0.881661457906612
2026-02-03,DB,0.631313131313127,-0.41560691913888775,1.0469200504520149,1.0469200504520149
2026-02-03,GS,-0.7756307311065358,0.1939368311719721,-0.9695675622785079,0.9695675622785079
2026-02-03,GS,-0.7756307311065358,-0.7756307311065351,-6.661338147750939e-16,6.661338147750939e-16
2026-02-03,HSBC,-0.6920117450376906,0.09989256277270224,-0.7919043078103928,0.7919043078103928
2026-02-03,HSBC,-0.6920117450376906,0.09989256277270224,-0.7919043078103928,0.7919043078103928
2026-02-03,HSBC,-0.6920117450376906,-0.38137882820468033,-0.31063291683301025,0.31063291683301025
2026-02-03,HSBC,-0.6920117450376906,-0.1356574415138113,-0.5563543035238793,0.5563543035238793
2026-02-03,HSBC,-0.6920117450376906,-0.1356574415138113,-0.5563543035238793,0.5563543035238793
2026-02-03,IDCBY,-0.4994954907527438,0.15827830653627656,-0.6577737972890203,0.6577737972890203
2026-02-03,ING,1.8449820971172093,0.17502532840808,1.6699567687091292,1.6699567687091292
2026-02-03,JPM,2.177570556821884,2.177570556821896,-1.199040866595169e-14,1.199040866595169e-14
2026-02-03,JPM,2.177570556821884,-1.8348379608942698,4.012408517716153,4.012408517716153
2026-02-03,JPM,2.177570556821884,-0.14084744311877004,2.318417999940654,2.318417999940654
2026-02-03,JPM,2.177570556821884,-0.3177196746186017,2.4952902314404857,2.4952902314404857
2026-02-03,JPM,2.177570556821884,-0.46984866486785926,2.647419221689743,2.647419221689743
2026-02-03,MFG,0.5656108597285048,0.1563188060304614,0.4092920536980434,0.4092920536980434
2026-02-03,MS,-1.1831475211095954,-0.06820659694194865,-1.1149409241676467,1.1149409241676467
2026-02-03,MUFG,1.5351181907614864,0.006399179924477624,1.5287190108370088,1.5287190108370088
2026-02-03,RY,1.1565070239529796,1.189301419132731,-0.03279439517975136,0.03279439517975136
2026-02-03,RY,1.1565070239529796,0.608916510799875,0.5475905131531046,0.5475905131531046
2026-02-03,SAN,-6.354595415823705,0.2150802924176855,-6.56967570824139,6.56967570824139
2026-02-03,SAN,-6.354595415823705,-1.0775043440837064,-5.277091071739998,5.277091071739998
2026-02-03,SAN,-6.354595415823705,-4.342440672458449,-2.0121547433652562,2.0121547433652562
2026-02-03,SAN,-6.354595415823705,-1.0775043440837064,-5.277091071739998,5.277091071739998
2026-02-03,SCBFF,-4.609223928037398,0.1505320397484399,-4.759755967785838,4.759755967785838
2026-02-03,SCGLY,0.2747252747252737,0.059178410668335006,0.21554686405693868,0.21554686405693868
2026-02-03,SMFG,1.1374407582938284,0.19753661804735773,0.9399041402464707,0.9399041402464707
2026-02-03,STT,-1.8780561883067537,0.15710023606376014,-2.035156424370514,2.035156424370514
2026-02-03,TD,1.0262589640372075,0.17072919290756328,0.8555297711296442,0.8555297711296442
2026-02-03,UBS,-0.1884129272322177,-2.4096907462226693,2.2212778189904516,2.2212778189904516
2026-02-03,WFC,0.0432654813750099,-0.36359214657324523,0.40685762794825514,0.40685762794825514
2026-02-04,ACGBY,0.3650112356878621,0.11281704521452478,0.2521941904733373,0.2521941904733373
2026-02-04,BAC,1.708040979685621,0.28910903345186334,1.4189319462337577,1.4189319462337577
2026-02-04,BAC,1.708040979685621,0.03619167958761328,1.6718493000980077,1.6718493000980077
2026-02-04,BAC,1.708040979685621,0.5091649361445968,1.1988760435410244,1.1988760435410244
2026-02-04,BAC,1.708040979685621,-0.1103151498782788,1.8183561295639,1.8183561295639
2026-02-04,BAC,1.708040979685621,1.1165035416508133,0.5915374380348077,0.5915374380348077
2026-02-04,BACHY,0.4092769440654953,0.17459062154779023,0.23468632251770508,0.23468632251770508
2026-02-04,BCMXY,0.0,0.06308002103833471,-0.06308002103833471,0.06308002103833471
2026-02-04,BCS,-3.633535461996995,-0.8213195612796961,-2.812215900717299,2.812215900717299
2026-02-04,BK,1.6761717888869931,0.2731693808994293,1.4030024079875638,1.4030024079875638
2026-02-04,BNPQY,-1.396288811317281,0.2684197885063446,-1.6647085998236257,1.6647085998236257
2026-02-04,C,-0.2378883503847073,-0.06451613653599425,-0.17337221384871304,0.17337221384871304
2026-02-04,C,-0.2378883503847073,0.5036226076536332,-0.7415109580383406,0.7415109580383406
2026-02-04,C,-0.2378883503847073,0.6210442040769434,-0.8589325544616506,0.8589325544616506
2026-02-04,CICHY,0.4012036108324901,0.1844503025281376,0.21675330830435252,0.21675330830435252
2026-02-04,DB,-4.893350062735269,-0.41560691913888775,-4.477743143596381,4.477743143596381
2026-02-04,GS,-2.7359175534449,-2.744122357196118,0.008204803751218126,0.008204803751218126
2026-02-04,HSBC,0.4833122661718425,0.061112226353976354,0.42220003981786614,0.42220003981786614
2026-02-04,HSBC,0.4833122661718425,-0.4081534167616977,0.8914656829335401,0.8914656829335401
2026-02-04,HSBC,0.4833122661718425,-0.24627420752440354,0.7295864736962461,0.7295864736962461
2026-02-04,HSBC,0.4833122661718425,0.5739803366806769,-0.09066807050883446,0.09066807050883446
2026-02-04,HSBC,0.4833122661718425,0.09989256277270224,0.3834197033991402,0.3834197033991402
2026-02-04,IDCBY,0.7715854979718273,0.15827830653627656,0.6133071914355508,0.6133071914355508
2026-02-04,ING,-0.8732575709563539,0.17502532840808,-1.048282899364434,1.048282899364434
2026-02-04,JPM,0.7686156331254468,0.9582125299067741,-0.1895968967813273,0.1895968967813273
2026-02-04,JPM,0.7686156331254468,-0.2852021444032104,1.0538177775286572,1.0538177775286572
2026-02-04,MFG,4.499437570303688,0.31359985882992214,4.185837711473766,4.185837711473766
2026-02-04,MFG,4.499437570303688,-0.022097586466720387,4.521535156770408,4.521535156770408
2026-02-04,MFG,4.499437570303688,0.8774857711505488,3.6219517991531394,3.6219517991531394
2026-02-04,MS,-1.5472238849286168,-0.06820659694194865,-1.479017287986668,1.479017287986668
2026-02-04,MUFG,0.1620293075984102,1.331189312068565,-1.1691600044701547,1.1691600044701547
2026-02-04,MUFG,0.1620293075984102,1.0258856413558297,-0.8638563337574195,0.8638563337574195
2026-02-04,RY,-0.3166346529592023,-0.05704614823275518,-0.2595885047264471,0.2595885047264471
2026-02-04,SAN,1.6347849119699551,0.38668781127141094,1.2480971006985442,1.2480971006985442
2026-02-04,SAN,1.6347849119699551,0.38668781127141094,1.2480971006985442,1.2480971006985442
2026-02-04,SCBFF,3.741213257773168,0.1505320397484399,3.590681218024728,3.590681218024728
2026-02-04,SCGLY,-1.972602739726026,-1.3136312665684833,-0.6589714731575427,0.6589714731575427
2026-02-04,SMFG,1.3120899718837895,0.19753661804735773,1.1145533538364318,1.1145533538364318
2026-02-04,STT,1.491256444106703,0.15710023606376014,1.334156208042943,1.334156208042943
2026-02-04,TD,-0.0419042029810134,0.17072919290756328,-0.21263339588857666,0.21263339588857666
2026-02-04,UBS,-5.915753675283586,-0.4169540816566263,-5.49879959362696,5.49879959362696
2026-02-04,UBS,-5.915753675283586,-0.16210575079065492,-5.753647924492931,5.753647924492931
2026-02-04,UBS,-5.915753675283586,-0.16210575079065492,-5.753647924492931,5.753647924492931
2026-02-04,WFC,0.8992043689092011,1.05903700732371,-0.159832638414509,0.159832638414509
2026-02-04,WFC,0.8992043689092011,0.05319663246088219,0.846007736448319,0.846007736448319
2026-02-05,ACGBY,1.0857203781363234,0.11281704521452478,0.9729033329217986,0.9729033329217986
2026-02-05,BAC,-0.7944621899554583,0.023265328072592836,-0.8177275180280511,0.8177275180280511
2026-02-05,BACHY,0.4755434782608647,0.17459062154779023,0.3009528567130745,0.3009528567130745
2026-02-05,BCMXY,0.0,0.06308002103833471,-0.06308002103833471,0.06308002103833471
2026-02-05,BCS,-3.921650932236376,-2.028106637230939,-1.8935442950054373,1.8935442950054373
2026-02-05,BCS,-3.921650932236376,-1.0958351959046393,-2.825815736331737,2.825815736331737
2026-02-05,BK,-0.6676580577837044,0.2731693808994293,-0.9408274386831337,0.9408274386831337
2026-02-05,BNPQY,1.3228991988075256,0.2905228757567988,1.0323763230507268,1.0323763230507268
2026-02-05,BNPQY,1.3228991988075256,1.3228991988075216,3.9968028886505635e-15,3.9968028886505635e-15
2026-02-05,BNPQY,1.3228991988075256,-0.4238663568175224,1.746765555625048,1.746765555625048
2026-02-05,C,-1.439118527068184,-0.11330300028814017,-1.325815526780044,1.325815526780044
2026-02-05,C,-1.439118527068184,0.20670549877571648,-1.6458240258439005,1.6458240258439005
2026-02-05,CICHY,0.2497502497502468,0.1844503025281376,0.06529994722210919,0.06529994722210919
2026-02-05,DB,-4.670184696569912,-0.41560691913888775,-4.254577777431024,4.254577777431024
2026-02-05,GS,-2.506299540119528,0.3382915324564124,-2.8445910725759402,2.8445910725759402
2026-02-05,GS,-2.506299540119528,-1.0202418423631983,-1.4860576977563298,1.4860576977563298
2026-02-05,GS,-2.506299540119528,0.22037006506957896,-2.726669605189107,2.726669605189107
2026-02-05,HSBC,-2.8408509444397656,-0.1356574415138113,-2.705193502925954,2.705193502925954
2026-02-05,HSBC,-2.8408509444397656,0.07287544757789725,-2.913726392017663,2.913726392017663
2026-02-05,IDCBY,0.449405896655386,0.15827830653627656,0.29112759011910944,0.29112759011910944
2026-02-05,ING,-3.524811645506576,-0.8543598776917477,-2.670451767814828,2.670451767814828
2026-02-05,JPM,-2.240992817570331,-0.2981284959182308,-1.9428643216521,1.9428643216521
2026-02-05,MFG,-3.1216361679224924,0.1859062533744377,-3.30754242129693,3.30754242129693
2026-02-05,MS,-2.354489290264372,-0.06820659694194865,-2.2862826933224234,2.2862826933224234
2026-02-05,MUFG,-1.6171254624847586,-1.7433753079877703,0.12624984550301166,0.12624984550301166
2026-02-05,MUFG,-1.6171254624847586,-0.6858869653993894,-0.9312384970853692,0.9312384970853692
2026-02-05,RY,-0.6940241676743453,-0.05704614823275518,-0.63697801944159,0.63697801944159
2026-02-05,SAN,-1.6084895672145103,-1.6084895672145083,-1.9984014443252818e-15,1.9984014443252818e-15
2026-02-05,SCBFF,-3.799325970697132,0.1505320397484399,-3.949858010445572,3.949858010445572
2026-02-05,SCGLY,-2.179988820570156,0.059178410668335006,-2.239167231238491,2.239167231238491
2026-02-05,SMFG,-1.295097132284928,0.19753661804735773,-1.4926337503322857,1.4926337503322857
2026-02-05,STT,-2.514606907773087,0.15710023606376014,-2.6717071438368474,2.6717071438368474
2026-02-05,TD,-0.5552258601354443,0.17072919290756328,-0.7259550530430076,0.7259550530430076
2026-02-05,UBS,-2.4078827561278104,-0.16210575079065492,-2.2457770053371555,2.2457770053371555
2026-02-05,UBS,-2.4078827561278104,-0.19204198332353187,-2.2158407728042784,2.2158407728042784
2026-02-05,UBS,-2.4078827561278104,-0.16210575079065492,-2.2457770053371555,2.2457770053371555
2026-02-05,UBS,-2.4078827561278104,-0.16210575079065492,-2.2457770053371555,2.2457770053371555
2026-02-05,UBS,-2.4078827561278104,0.6220266899611403,-3.0299094460889506,3.0299094460889506
2026-02-05,WFC,-1.213247740826584,-0.4473085057353819,-0.7659392350912022,0.7659392350912022
2026-02-06,ACGBY,0.5431820978430979,0.11281704521452478,0.4303650526285731,0.4303650526285731
2026-02-06,BAC,2.893950709484705,0.5091649361445968,2.3847857733401083,2.3847857733401083
2026-02-06,BAC,2.893950709484705,0.8323279946553822,2.0616227148293227,2.0616227148293227
2026-02-06,BAC,2.893950709484705,0.5916981596669383,2.3022525498177666,2.3022525498177666
2026-02-06,BAC,2.893950709484705,-0.1516147060497029,3.045565415534408,3.045565415534408
2026-02-06,BACHY,1.5551048005409074,0.17459062154779023,1.3805141789931172,1.3805141789931172
2026-02-06,BCMXY,0.0,0.06308002103833471,-0.06308002103833471,0.06308002103833471
2026-02-06,BCS,3.649997418391382,-0.2108046910892519,3.860802109480634,3.860802109480634
2026-02-06,BCS,3.649997418391382,-2.028106637230939,5.67810405562232,5.67810405562232
2026-02-06,BCS,3.649997418391382,-0.10523032622353745,3.7552277446149196,3.7552277446149196
2026-02-06,BK,3.161617381814241,1.5120692373754794,1.6495481444387614,1.6495481444387614
2026-02-06,BNPQY,1.7653549098933352,0.1280559604364868,1.6372989494568484,1.6372989494568484
2026-02-06,BNPQY,1.7653549098933352,0.05272017934889481,1.7126347305444405,1.7126347305444405
2026-02-06,BNPQY,1.7653549098933352,0.05272017934889481,1.7126347305444405,1.7126347305444405
2026-02-06,C,6.004856109331036,0.5036226076536332,5.501233501677403,5.501233501677403
2026-02-06,C,6.004856109331036,0.2102418571506025,5.794614252180433,5.794614252180433
2026-02-06,C,6.004856109331036,0.8762594216119842,5.128596687719051,5.128596687719051
2026-02-06,CICHY,2.7902341803687003,0.1844503025281376,2.6057838778405626,2.6057838778405626
2026-02-06,DB,3.0168834763354413,3.016883476335436,5.329070518200751e-15,5.329070518200751e-15
2026-02-06,GS,4.305883667880894,0.5157079301758043,3.79017573770509,3.79017573770509
2026-02-06,GS,4.305883667880894,0.29951119603768656,4.006372471843208,4.006372471843208
2026-02-06,GS,4.305883667880894,1.385705420886903,2.9201782469939914,2.9201782469939914
2026-02-06,HSBC,2.785802455255437,-0.2322685241490543,3.018070979404491,3.018070979404491
2026-02-06,HSBC,2.785802455255437,0.7589839038921021,2.0268185513633346,2.0268185513633346
2026-02-06,HSBC,2.785802455255437,1.2674016421173289,1.518400813138108,1.518400813138108
2026-02-06,HSBC,2.785802455255437,0.09989256277270224,2.6859098924827345,2.6859098924827345
2026-02-06,HSBC,2.785802455255437,0.07287544757789725,2.7129270076775396,2.7129270076775396
2026-02-06,HSBC,2.785802455255437,0.061112226353976354,2.7246902289014603,2.7246902289014603
2026-02-06,HSBC,2.785802455255437,0.8951890744338449,1.890613380821592,1.890613380821592
2026-02-06,HSBC,2.785802455255437,0.32602032217855376,2.459782133076883,2.459782133076883
2026-02-06,HSBC,2.785802455255437,0.27730896049209414,2.508493494763343,2.508493494763343
2026-02-06,HSBC,2.785802455255437,-0.3030243317170853,3.088826786972522,3.088826786972522
2026-02-06,IDCBY,0.4598402070836727,0.15827830653627656,0.3015619005473961,0.3015619005473961
2026-02-06,ING,1.6912913667057383,0.10145818584020852,1.5898331808655297,1.5898331808655297
2026-02-06,ING,1.6912913667057383,1.0372307370399714,0.654060629665767,0.654060629665767
2026-02-06,ING,1.6912913667057383,0.17502532840808,1.5162660382976583,1.5162660382976583
2026-02-06,JPM,3.946364262976876,0.7951097176599897,3.151254545316886,3.151254545316886
2026-02-06,JPM,3.946364262976876,1.0266616362258565,2.919702626751019,2.919702626751019
2026-02-06,MFG,6.777777777777772,0.30220157283889876,6.475576204938873,6.475576204938873
2026-02-06,MS,2.34305183358956,-0.07814390441184564,2.4211957380014058,2.4211957380014058
2026-02-06,MS,2.34305183358956,0.05029411943878624,2.292757714150774,2.292757714150774
2026-02-06,MS,2.34305183358956,-0.807567635818112,3.150619469407672,3.150619469407672
2026-02-06,MS,2.34305183358956,1.1364883442880027,1.2065634893015573,1.2065634893015573
2026-02-06,MUFG,4.876680368847919,1.0258856413558297,3.8507947274920893,3.8507947274920893
2026-02-06,RY,0.923921664036942,-0.05704614823275518,0.9809678122696972,0.9809678122696972
2026-02-06,SAN,3.924311527923785,-0.4603806245934743,4.3846921525172595,4.3846921525172595
2026-02-06,SAN,3.924311527923785,0.2558241227602396,3.668487405163545,3.668487405163545
2026-02-06,SAN,3.924311527923785,-0.42309740793320627,4.347408935856992,4.347408935856992
2026-02-06,SCBFF,0.2306714966509471,0.1505320397484399,0.0801394569025072,0.0801394569025072
2026-02-06,SCGLY,-1.1428571428571344,0.059178410668335006,-1.2020355535254694,1.2020355535254694
2026-02-06,SMFG,7.966260543580117,0.19753661804735773,7.768723925532759,7.768723925532759
2026-02-06,STT,2.8281101272762843,0.5537106590103585,2.274399468265926,2.274399468265926
2026-02-06,TD,1.854219405698343,0.7859816968208434,1.0682377088774997,1.0682377088774997
2026-02-06,TD,1.854219405698343,1.1082935047216707,0.7459259009766723,0.7459259009766723
2026-02-06,UBS,0.3197517001460426,0.21087491116625567,0.10887678897978692,0.10887678897978692
2026-02-06,UBS,0.3197517001460426,0.1838577959714507,0.1358939041745919,0.1358939041745919
2026-02-06,UBS,0.3197517001460426,-0.41602764772254835,0.735779347868591,0.735779347868591
2026-02-06,UBS,0.3197517001460426,0.43700267057210723,-0.11725097042606464,0.11725097042606464
2026-02-06,UBS,0.3197517001460426,-0.2638859006517784,0.583637600797821,0.583637600797821
2026-02-06,WFC,2.6321541748361987,-0.4473085057353819,3.079462680571581,3.079462680571581
2026-02-09,ACGBY,0.1876588106394461,0.11281704521452478,0.07484176542492131,0.07484176542492131
2026-02-09,BAC,-0.2122315084625792,-0.1103151498782788,-0.10191635858430041,0.10191635858430041
2026-02-09,BACHY,0.1997336884154599,0.17459062154779023,0.025143066867669678,0.025143066867669678
2026-02-09,BCMXY,0.0,0.06308002103833471,-0.06308002103833471,0.06308002103833471
2026-02-09,BCS,1.1357583792835246,-0.10523032622353745,1.240988705507062,1.240988705507062
2026-02-09,BK,2.64640208029654,0.2731693808994293,2.3732326993971107,2.3732326993971107
2026-02-09,BNPQY,1.879291651608228,0.2684197885063446,1.6108718631018835,1.6108718631018835
2026-02-09,C,0.8802545851199328,0.38512189127289825,0.49513269384703457,0.49513269384703457
2026-02-09,CICHY,0.436257876878332,0.1844503025281376,0.2518075743501944,0.2518075743501944
2026-02-09,DB,2.0419129500268696,-0.29710620275815286,2.3390191527850224,2.3390191527850224
2026-02-09,GS,1.60108186297081,1.1726869026167897,0.42839496035402025,0.42839496035402025
2026-02-09,GS,1.60108186297081,0.3382915324564124,1.2627903305143975,1.2627903305143975
2026-02-09,HSBC,1.6014931456692194,0.2930420176424139,1.3084511280268054,1.3084511280268054
2026-02-09,HSBC,1.6014931456692194,-0.1909689679776302,1.7924621136468497,1.7924621136468497
2026-02-09,HSBC,1.6014931456692194,-0.11464972866135548,1.7161428743305749,1.7161428743305749
2026-02-09,HSBC,1.6014931456692194,-0.024063180497528702,1.625556326166748,1.625556326166748
2026-02-09,IDCBY,0.4633099407235885,0.15827830653627656,0.30503163418731194,0.30503163418731194
2026-02-09,ING,2.1625570650962267,0.017744275608619214,2.1448127894876077,2.1448127894876077
2026-02-09,JPM,-0.093059303561005,-0.32791220119266046,0.23485289763165546,0.23485289763165546
2026-02-09,JPM,-0.093059303561005,0.09848192702836756,-0.19154123058937256,0.19154123058937256
2026-02-09,JPM,-0.093059303561005,-0.7321002209586254,0.6390409173976204,0.6390409173976204
2026-02-09,JPM,-0.093059303561005,-0.17962777953749592,0.08656847597649092,0.08656847597649092
2026-02-09,JPM,-0.093059303561005,-0.7321002209586254,0.6390409173976204,0.6390409173976204
2026-02-09,MFG,1.9771071800208209,0.1563188060304614,1.8207883739903594,1.8207883739903594
2026-02-09,MS,1.3280587894508369,-0.06820659694194865,1.3962653863927856,1.3962653863927856
2026-02-09,MUFG,0.3659977012590243,0.006399179924477624,0.3595985213345467,0.3595985213345467
2026-02-09,RY,2.2065896355398795,-0.05704614823275518,2.2636357837726346,2.2636357837726346
2026-02-09,SAN,0.7080731489741421,-0.2446810154360245,0.9527541644101666,0.9527541644101666
2026-02-09,SCBFF,3.240019034804153,0.1505320397484399,3.0894869950557133,3.0894869950557133
2026-02-09,SCGLY,3.641618497109822,0.059178410668335006,3.582440086441487,3.582440086441487
2026-02-09,SMFG,0.7378472222222321,0.19753661804735773,0.5403106041748744,0.5403106041748744
2026-02-09,STT,1.4582617082320448,0.15710023606376014,1.3011614721682847,1.3011614721682847
2026-02-09,TD,1.5825589080969094,0.17072919290756328,1.411829715189346,1.411829715189346
2026-02-09,UBS,1.1842643330334468,0.0535938583667949,1.1306704746666518,1.1306704746666518
2026-02-09,WFC,0.681109382056988,-0.4473085057353819,1.1284178877923698,1.1284178877923698
2026-02-10,ACGBY,0.1361177360246879,0.11281704521452478,0.02330069081016313,0.02330069081016313
2026-02-10,BAC,-1.808250242009235,0.21711421967484917,-2.025364461684084,2.025364461684084
2026-02-10,BACHY,-0.0664451827242618,0.17459062154779023,-0.241035804272052,0.241035804272052
2026-02-10,BCMXY,0.0,0.06308002103833471,-0.06308002103833471,0.06308002103833471
2026-02-10,BCS,-2.0592191259211523,-0.10523032622353745,-1.9539887996976149,1.9539887996976149
2026-02-10,BCS,-2.0592191259211523,-0.10523032622353745,-1.9539887996976149,1.9539887996976149
2026-02-10,BK,-0.9090873329635653,0.2731693808994293,-1.1822567138629947,1.1822567138629947
2026-02-10,BNPQY,-1.880099326002127,0.5342634938856151,-2.4143628198877423,2.4143628198877423
2026-02-10,C,-1.3089011610774803,-0.11330300028814017,-1.1955981607893402,1.1955981607893402
2026-02-10,C,-1.3089011610774803,-0.8161304307472517,-0.49277073033022867,0.49277073033022867
2026-02-10,CICHY,0.3861003861003853,0.1844503025281376,0.20165008357224767,0.20165008357224767
2026-02-10,DB,-0.974196945760919,-0.41560691913888775,-0.5585900266220312,0.5585900266220312
2026-02-10,GS,0.5690863766139698,0.3382915324564124,0.23079484415755736,0.23079484415755736
2026-02-10,HSBC,-1.3558307863342556,-0.23580488252394033,-1.1200259038103153,1.1200259038103153
2026-02-10,HSBC,-1.3558307863342556,-0.3030243317170853,-1.0528064546171703,1.0528064546171703
2026-02-10,HSBC,-1.3558307863342556,0.9620979714045936,-2.317928757738849,2.317928757738849
2026-02-10,HSBC,-1.3558307863342556,0.09989256277270224,-1.4557233491069579,1.4557233491069579
2026-02-10,HSBC,-1.3558307863342556,0.09989256277270224,-1.4557233491069579,1.4557233491069579
2026-02-10,IDCBY,0.7188877585622144,0.15827830653627656,0.5606094520259379,0.5606094520259379
2026-02-10,ING,0.650981340101664,0.17502532840808,0.475956011693584,0.475956011693584
2026-02-10,JPM,-1.1859652560796796,0.366048728354129,-1.5520139844338086,1.5520139844338086
2026-02-10,MFG,1.4285714285714235,0.1563188060304614,1.272252622540962,1.272252622540962
2026-02-10,MS,-2.4458677670002538,-1.8018708749312522,-0.6439968920690016,0.6439968920690016
2026-02-10,MS,-2.4458677670002538,-0.2466229894391304,-2.1992447775611232,2.1992447775611232
2026-02-10,MS,-2.4458677670002538,0.05029411943878624,-2.49616188643904,2.49616188643904
2026-02-10,MUFG,0.9367248931341888,0.006399179924477624,0.9303257132097112,0.9303257132097112
2026-02-10,RY,0.7464351823482485,-0.05704614823275518,0.8034813305810037,0.8034813305810037
2026-02-10,SAN,-0.546499948592627,0.2150802924176855,-0.7615802410103125,0.7615802410103125
2026-02-10,SCBFF,-3.952126264592981,0.1505320397484399,-4.102658304341421,4.102658304341421
2026-02-10,SCGLY,-2.4539877300613577,0.059178410668335006,-2.513166140729693,2.513166140729693
2026-02-10,SMFG,0.9047824213701094,0.19753661804735773,0.7072458033227518,0.7072458033227518
2026-02-10,STT,-1.526664907398534,0.15710023606376014,-1.6837651434622942,1.6837651434622942
2026-02-10,TD,0.3767500764584097,0.17072919290756328,0.2060208835508464,0.2060208835508464
2026-02-10,UBS,-1.2604702399235168,-0.2971710683681442,-0.9632991715553726,0.9632991715553726
2026-02-10,WFC,-2.8538718133518604,-0.47424053973020486,-2.3796312736216554,2.3796312736216554
2026-02-11,ACGBY,1.2803234501347571,0.11281704521452478,1.1675064049202324,1.1675064049202324
2026-02-11,BAC,-2.7802086472786147,0.6519717706307455,-3.4321804179093602,3.4321804179093602
2026-02-11,BACHY,0.0664893617021489,0.17459062154779023,-0.10810125984564133,0.10810125984564133
2026-02-11,BCMXY,0.0,0.06308002103833471,-0.06308002103833471,0.06308002103833471
2026-02-11,BCS,0.0,-0.09346710499961655,0.09346710499961655,0.09346710499961655
2026-02-11,BCS,0.0,-0.06644998980481157,0.06644998980481157,0.06644998980481157
2026-02-11,BCS,0.0,-0.7376066499168973,0.7376066499168973,0.7376066499168973
2026-02-11,BK,-3.756411274315208,0.2731693808994293,-4.029580655214637,4.029580655214637
2026-02-11,BNPQY,-0.5061460592914013,0.28134614002136504,-0.7874921993127664,0.7874921993127664
2026-02-11,C,-3.8968569992654745,0.542402944072359,-4.4392599433378335,4.4392599433378335
2026-02-11,C,-3.8968569992654745,0.5036226076536332,-4.400479606919108,4.400479606919108
2026-02-11,CICHY,0.2884615384615374,0.1844503025281376,0.10401123593339978,0.10401123593339978
2026-02-11,DB,-0.8242488699813921,-0.37624733372626046,-0.44800153625513167,0.44800153625513167
2026-02-11,GS,-0.4636544978458556,0.5730682836511514,-1.036722781497007,1.036722781497007
2026-02-11,HSBC,-0.0782356651237825,0.061112226353976354,-0.13934789147775883,0.13934789147775883
2026-02-11,HSBC,-0.0782356651237825,0.9620979714045936,-1.0403336365283762,1.0403336365283762
2026-02-11,HSBC,-0.0782356651237825,-0.3030243317170853,0.22478866659330282,0.22478866659330282
2026-02-11,HSBC,-0.0782356651237825,0.27730896049209414,-0.35554462561587663,0.35554462561587663
2026-02-11,IDCBY,-0.136507489547677,0.15827830653627656,-0.29478579608395356,0.29478579608395356
2026-02-11,ING,-2.4586636957674712,-2.458663695767473,1.7763568394002505e-15,1.7763568394002505e-15
2026-02-11,ING,-2.4586636957674712,-1.0337365112802435,-1.4249271844872278,1.4249271844872278
2026-02-11,JPM,-2.343840050071988,-0.16786455831357502,-2.175975491758413,2.175975491758413
2026-02-11,JPM,-2.343840050071988,0.03656895460062187,-2.38040900467261,2.38040900467261
2026-02-11,MFG,1.5090543259557387,0.1563188060304614,1.3527355199252773,1.3527355199252773
2026-02-11,MS,-0.6801775300089075,0.43229854125431544,-1.112476071263223,1.112476071263223
2026-02-11,MS,-0.6801775300089075,0.07767616986648872,-0.7578536998753962,0.7578536998753962
2026-02-11,MUFG,1.1863121846652502,0.006399179924477624,1.1799130047407727,1.1799130047407727
2026-02-11,RY,-1.4305109098692204,-1.0253835199250412,-0.4051273899441792,0.4051273899441792
2026-02-11,SAN,-2.9065606361828977,-0.2446810154360245,-2.6618796207468733,2.6618796207468733
2026-02-11,SCBFF,-0.685928941402314,0.3078130925479007,-0.9937420339502147,0.9937420339502147
2026-02-11,SCGLY,-1.5437392795883298,0.059178410668335006,-1.6029176902566649,1.6029176902566649
2026-02-11,SMFG,1.4944491887275646,0.19753661804735773,1.296912570680207,1.296912570680207
2026-02-11,STT,-0.4688913183162113,0.15710023606376014,-0.6259915543799714,0.6259915543799714
2026-02-11,TD,-1.318737047022822,-0.7976081787847228,-0.5211288682380991,0.5211288682380991
2026-02-11,UBS,-3.64701617335782,-0.3479583393375393,-3.2990578340202807,3.2990578340202807
2026-02-11,UBS,-3.64701617335782,0.8198105097421834,-4.466826683100003,4.466826683100003
2026-02-11,WFC,-3.220571741211875,-0.4473085057353819,-2.773263235476493,2.773263235476493
2026-02-12,ACGBY,-0.8896001101245887,0.11281704521452478,-1.0024171553391135,1.0024171553391135
2026-02-12,BAC,-2.4697790551530985,-0.3274995986623463,-2.142279456490752,2.142279456490752
2026-02-12,BACHY,-0.465116279069766,0.17459062154779023,-0.6397069006175562,0.6397069006175562
2026-02-12,BCMXY,0.0,0.06308002103833471,-0.06308002103833471,0.06308002103833471
2026-02-12,BCS,-2.369825918762092,-0.5744959693392115,-1.7953299494228803,1.7953299494228803
2026-02-12,BCS,-2.369825918762092,-0.10523032622353745,-2.264595592538554,2.264595592538554
2026-02-12,BCS,-2.369825918762092,-2.028106637230939,-0.34171928153115294,0.34171928153115294
2026-02-12,BK,-5.579250083320419,0.3916700972801642,-5.970920180600583,5.970920180600583
2026-02-12,BNPQY,-0.9992732558139484,0.2684197885063446,-1.2676930443202932,1.2676930443202932
2026-02-12,C,-5.315596988290549,0.10027347709714102,-5.41587046538769,5.41587046538769
2026-02-12,C,-5.315596988290549,-0.016430306431435948,-5.299166681859113,5.299166681859113
2026-02-12,CICHY,-1.5819750719079484,0.1844503025281376,-1.766425374436086,1.766425374436086
2026-02-12,DB,-1.6890080428954346,-0.41560691913888775,-1.2734011237565468,1.2734011237565468
2026-02-12,GS,-4.238877899512894,-0.13646927936162168,-4.102408620151272,4.102408620151272
2026-02-12,GS,-4.238877899512894,-0.6518128489907302,-3.5870650505221637,3.5870650505221637
2026-02-12,GS,-4.238877899512894,0.32689324646538903,-4.565771145978283,4.565771145978283
2026-02-12,HSBC,-2.9411358917226127,-0.3748682490453319,-2.566267642677281,2.566267642677281
2026-02-12,HSBC,-2.9411358917226127,-0.3748682490453319,-2.566267642677281,2.566267642677281
2026-02-12,HSBC,-2.9411358917226127,-0.19775231809661636,-2.743383573625996,2.743383573625996
2026-02-12,IDCBY,-0.9053684610575096,0.15827830653627656,-1.0636467675937862,1.0636467675937862
2026-02-12,ING,-4.411372449782169,-0.15713575851367653,-4.254236691268493,4.254236691268493
2026-02-12,ING,-4.411372449782169,-1.0337365112802435,-3.3776359385019257,3.3776359385019257
2026-02-12,JPM,-2.631757652582778,-0.7228394634166782,-1.9089181891660998,1.9089181891660998
2026-02-12,JPM,-2.631757652582778,-0.14084744311877004,-2.490910209464008,2.490910209464008
2026-02-12,JPM,-2.631757652582778,-0.2685410485742545,-2.3632166040085236,2.3632166040085236
2026-02-12,JPM,-2.631757652582778,-2.7614131005076947,0.1296554479249168,0.1296554479249168
2026-02-12,JPM,-2.631757652582778,-0.43170897386910245,-2.2000486787136753,2.2000486787136753
2026-02-12,MFG,-0.6937561942517378,0.1563188060304614,-0.8500750002821993,0.8500750002821993
2026-02-12,MS,-4.878863474446849,0.08907445585751213,-4.967937930304361,4.967937930304361
2026-02-12,MUFG,-0.1017908997902217,1.0258856413558297,-1.1276765411460514,1.1276765411460514
2026-02-12,MUFG,-0.1017908997902217,-0.1684808541978181,0.06668995440759641,0.06668995440759641
2026-02-12,RY,-2.081552959476163,-0.710442410314248,-1.3711105491619149,1.3711105491619149
2026-02-12,RY,-2.081552959476163,-0.044119796717734736,-2.037433162758428,2.037433162758428
2026-02-12,RY,-2.081552959476163,0.08884003321280474,-2.1703929926889676,2.1703929926889676
2026-02-12,RY,-2.081552959476163,-1.806820636145003,-0.2747323233311598,0.2747323233311598
2026-02-12,SAN,-2.5087022400589687,-0.41956104955832024,-2.0891411905006483,2.0891411905006483
2026-02-12,SCBFF,-1.8687150605270373,0.1505320397484399,-2.0192471002754773,2.0192471002754773
2026-02-12,SCGLY,-2.671312427409977,0.059178410668335006,-2.730490838078312,2.730490838078312
2026-02-12,SMFG,-0.1262095077829261,0.19753661804735773,-0.32374612583028384,0.32374612583028384
2026-02-12,STT,-4.027031471700715,0.15710023606376014,-4.184131707764475,4.184131707764475
2026-02-12,TD,-1.696197206885086,0.17072919290756328,-1.866926399792649,1.866926399792649
2026-02-12,UBS,-0.0237886018613298,-0.023788601861332172,2.373101715136272e-15,2.373101715136272e-15
2026-02-12,UBS,-0.0237886018613298,-0.5012883658917221,0.4774997640303923,0.4774997640303923
2026-02-12,WFC,-2.990356642542258,-0.41772105839140555,-2.572635584150852,2.572635584150852
2026-02-12,WFC,-2.990356642542258,-0.798073432470321,-2.192283210071937,2.192283210071937
2026-02-12,WFC,-2.990356642542258,-0.328807789354647,-2.661548853187611,2.661548853187611
2026-02-13,ACGBY,-2.3646243858400307,0.11281704521452478,-2.4774414310545554,2.4774414310545554
2026-02-13,BAC,0.0570610131584992,-0.1656203894250522,0.2226814025835514,0.2226814025835514
2026-02-13,BAC,0.0570610131584992,-0.003666705922230132,0.06072771908072933,0.06072771908072933
2026-02-13,BAC,0.0570610131584992,-0.37828686963174135,0.43534788279024056,0.43534788279024056
2026-02-13,BAC,0.0570610131584992,1.2730530025359756,-1.2159919893774764,1.2159919893774764
2026-02-13,BACHY,-0.8010680907877266,0.17459062154779023,-0.9756587123355168,0.9756587123355168
2026-02-13,BCMXY,0.0,0.06308002103833471,-0.06308002103833471,0.06308002103833471
2026-02-13,BCS,-0.9006474517977314,-0.43943065176172214,-0.4612168000360093,0.4612168000360093
2026-02-13,BCS,-0.9006474517977314,-0.7896240760447852,-0.11102337575294619,0.11102337575294619
2026-02-13,BCS,-0.9006474517977314,-0.06644998980481157,-0.8341974619929199,0.8341974619929199
2026-02-13,BCS,-0.9006474517977314,-0.19414359526029604,-0.7065038565374354,0.7065038565374354
2026-02-13,BCS,-0.9006474517977314,0.26216856546773165,-1.1628160172654631,1.1628160172654631
2026-02-13,BK,2.462786912316295,0.2731693808994293,2.1896175314168653,2.1896175314168653
2026-02-13,BNPQY,-2.8812626169939404,0.09353975438404888,-2.974802371377989,2.974802371377989
2026-02-13,C,-0.2608773469695902,0.5036226076536332,-0.7644999546232234,0.7644999546232234
2026-02-13,C,-0.2608773469695902,-0.5301066213572552,0.269229274387665,0.269229274387665
2026-02-13,CICHY,-0.243546030199715,0.1844503025281376,-0.4279963327278526,0.4279963327278526
2026-02-13,DB,-3.7905644941368943,-0.29710620275815286,-3.4934582913787415,3.4934582913787415
2026-02-13,GS,0.0652245546165275,0.9587099283823759,-0.8934853737658484,0.8934853737658484
2026-02-13,GS,0.0652245546165275,-0.047477291961889795,0.1127018465784173,0.1127018465784173
2026-02-13,HSBC,-1.8896331965149729,-0.5558133815877969,-1.333819814927176,1.333819814927176
2026-02-13,HSBC,-1.8896331965149729,0.27730896049209414,-2.166942157007067,2.166942157007067
2026-02-13,HSBC,-1.8896331965149729,0.27730896049209414,-2.166942157007067,2.166942157007067
2026-02-13,HSBC,-1.8896331965149729,-0.1909689679776302,-1.6986642285373428,1.6986642285373428
2026-02-13,IDCBY,-1.4010800378569943,0.15827830653627656,-1.5593583443932708,1.5593583443932708
2026-02-13,ING,-1.804125555404512,-1.0337365112802435,-0.7703890441242685,0.7703890441242685
2026-02-13,JPM,-0.0297239985586283,0.03656895460062187,-0.06629295315925017,0.06629295315925017
2026-02-13,JPM,-0.0297239985586283,-0.17962777953749592,0.1499037809788676,0.1499037809788676
2026-02-13,JPM,-0.0297239985586283,0.26595797684213146,-0.29568197540075974,0.29568197540075974
2026-02-13,JPM,-0.0297239985586283,-0.14084744311877004,0.11112344456014174,0.11112344456014174
2026-02-13,MFG,-1.197604790419149,0.6568239442267254,-1.8544287346458743,1.8544287346458743
2026-02-13,MS,1.838638874814036,-0.02482090736326853,1.8634597821773047,1.8634597821773047
2026-02-13,MUFG,0.6630908724144957,0.5069043181207417,0.15618655429375405,0.15618655429375405
2026-02-13,RY,0.070866034064454,0.10090620156148279,-0.030040167497028786,0.030040167497028786
2026-02-13,SAN,-1.5760467773371811,-0.42309740793320627,-1.152949369403975,1.152949369403975
2026-02-13,SCBFF,-2.1004194046830738,0.1505320397484399,-2.2509514444315135,2.2509514444315135
2026-02-13,SCGLY,-5.19093078758951,0.059178410668335006,-5.250109198257845,5.250109198257845
2026-02-13,SMFG,0.2948609941027857,0.19753661804735773,0.09732437605542799,0.09732437605542799
2026-02-13,STT,1.314160882493809,0.023519758112888506,1.2906411243809204,1.2906411243809204
2026-02-13,TD,-0.3240976909488768,-1.0305231291125865,0.7064254381637096,0.7064254381637096
2026-02-13,UBS,-0.638803100052443,0.1838577959714507,-0.8226608960238937,0.8226608960238937
2026-02-13,UBS,-0.638803100052443,0.6823003009249475,-1.3211034009773905,1.3211034009773905
2026-02-13,UBS,-0.638803100052443,-0.13529185913085012,-0.5035112409215929,0.5035112409215929
2026-02-13,WFC,0.7995384588488363,-0.4473085057353819,1.2468469645842182,1.2468469645842182
2026-02-17,ACGBY,-0.3408195079158904,0.11281704521452478,-0.4536365531304152,0.4536365531304152
2026-02-17,BAC,0.3614992747049905,0.15352926567724862,0.20797000902774188,0.20797000902774188
2026-02-17,BAC,0.3614992747049905,0.259187640876638,0.10231163382835251,0.10231163382835251
2026-02-17,BACHY,0.3095558546433397,0.17459062154779023,0.13496523309554945,0.13496523309554945
2026-02-17,BCMXY,0.0,0.06308002103833471,-0.06308002103833471,0.06308002103833471
2026-02-17,BCS,2.5681624623651977,-0.22373104260427235,2.79189350496947,2.79189350496947
2026-02-17,BK,0.9002809647451038,0.2731693808994293,0.6271115838456744,0.6271115838456744
2026-02-17,BNPQY,4.006046863189705,0.39352162254877726,3.612525240640928,3.612525240640928
2026-02-17,BNPQY,4.006046863189705,0.42570084130580543,3.5803460218838996,3.5803460218838996
2026-02-17,C,2.633904335854975,0.03435696453795911,2.599547371317016,2.599547371317016
2026-02-17,C,2.633904335854975,-0.5832154804193879,3.217119816274363,3.217119816274363
2026-02-17,CICHY,0.0878906250000088,0.1844503025281376,-0.0965596775281288,0.0965596775281288
2026-02-17,DB,1.8707482993197244,0.08489821905737632,1.785850080262348,1.785850080262348
2026-02-17,GS,1.2042406864316346,0.0025940871597698867,1.2016465992718648,1.2016465992718648
2026-02-17,GS,1.2042406864316346,-0.13646927936162168,1.3407099657932564,1.3407099657932564
2026-02-17,GS,1.2042406864316346,-0.8936091691117485,2.097849855543383,2.097849855543383
2026-02-17,HSBC,1.667646664646294,-0.27308809918420834,1.9407347638305024,1.9407347638305024
2026-02-17,IDCBY,-0.1279831363396821,0.15827830653627656,-0.28626144287595867,0.28626144287595867
2026-02-17,ING,2.579394716612704,0.017744275608619214,2.561650441004085,2.561650441004085
2026-02-17,JPM,1.5137834120672045,-0.4765448884154126,1.990328300482617,1.990328300482617
2026-02-17,MFG,-5.656565656565659,0.1563188060304614,-5.812884462596121,5.812884462596121
2026-02-17,MS,0.2278612178914896,0.8843709675186547,-0.6565097496271651,0.6565097496271651
2026-02-17,MUFG,-2.432958755311665,0.006399179924477624,-2.4393579352361425,2.4393579352361425
2026-02-17,RY,-0.0354079248401584,-0.11430738686735212,0.07889946202719372,0.07889946202719372
2026-02-17,SAN,3.7940865171224742,0.2150802924176855,3.5790062247047887,3.5790062247047887
2026-02-17,SCBFF,1.9555640349660173,0.3078130925479007,1.6477509424181167,1.6477509424181167
2026-02-17,SCGLY,5.789804908747631,0.059178410668335006,5.730626498079296,5.730626498079296
2026-02-17,SMFG,-3.779924401511969,0.19753661804735773,-3.9774610195593265,3.9774610195593265
2026-02-17,STT,0.0234423059677357,0.15710023606376014,-0.13365793009602445,0.13365793009602445
2026-02-17,TD,0.2937466229183894,0.17072919290756328,0.1230174300108261,0.1230174300108261
2026-02-17,UBS,0.7858603778287732,-0.5012883658917221,1.2871487437204951,1.2871487437204951
2026-02-17,WFC,0.4829711338894871,1.05903700732371,-0.576065873434223,0.576065873434223
2026-02-17,WFC,0.4829711338894871,-0.6757962773542233,1.1587674112437103,1.1587674112437103
2026-02-18,ACGBY,0.0113003758861918,0.11281704521452478,-0.10151666932833298,0.10151666932833298
2026-02-18,BAC,1.1755508308942009,0.1805463808720536,0.9950044500221473,0.9950044500221473
2026-02-18,BAC,1.1755508308942009,1.1755508308941962,4.6629367034256575e-15,4.6629367034256575e-15
2026-02-18,BAC,1.1755508308942009,-0.0339959105620041,1.2095467414562049,1.2095467414562049
2026-02-18,BAC,1.1755508308942009,1.1755508308941975,3.3306690738754696e-15,3.3306690738754696e-15
2026-02-18,BAC,1.1755508308942009,0.31026094587575,0.8652898850184509,0.8652898850184509
2026-02-18,BACHY,-0.1073393264457212,0.17459062154779023,-0.28192994799351145,0.28192994799351145
2026-02-18,BCMXY,0.0,0.06308002103833471,-0.06308002103833471,0.06308002103833471
2026-02-18,BCS,1.7721538725421482,0.5539684061211518,1.2181854664209963,1.2181854664209963
2026-02-18,BCS,1.7721538725421482,-0.19414359526029604,1.9662974678024443,1.9662974678024443
2026-02-18,BCS,1.7721538725421482,-0.19414359526029604,1.9662974678024443,1.9662974678024443
2026-02-18,BK,0.5808317903360338,0.5090916937034745,0.07174009663255931,0.07174009663255931
2026-02-18,BNPQY,1.4898255813953432,0.2684197885063446,1.2214057928889985,1.2214057928889985
2026-02-18,C,2.1884545182406567,0.16942228211544844,2.0190322361252084,2.0190322361252084
2026-02-18,C,2.1884545182406567,-0.9876877859639202,3.1761423042045767,3.1761423042045767
2026-02-18,CICHY,-0.0878134452141687,0.1844503025281376,-0.27226374774230633,0.27226374774230633
2026-02-18,DB,0.9181969949916712,0.34356361245619066,0.5746333825354806,0.5746333825354806
2026-02-18,GS,1.931139439649776,0.9587099283823759,0.9724295112674002,0.9724295112674002
2026-02-18,GS,1.931139439649776,1.0329996209852637,0.8981398186645124,0.8981398186645124
2026-02-18,HSBC,1.767363976984604,0.061112226353976354,1.7062517506306276,1.7062517506306276
2026-02-18,HSBC,1.767363976984604,0.09989256277270224,1.6674714142119016,1.6674714142119016
2026-02-18,HSBC,1.767363976984604,0.09989256277270224,1.6674714142119016,1.6674714142119016
2026-02-18,IDCBY,0.0119352731293043,0.15827830653627656,-0.14634303340697224,0.14634303340697224
2026-02-18,ING,0.6890109851081183,0.017744275608619214,0.6712667094994991,0.6712667094994991
2026-02-18,JPM,0.5372242823019402,0.4680881554571577,0.06913612684478249,0.06913612684478249
2026-02-18,JPM,0.5372242823019402,-0.43170897386910245,0.9689332561710426,0.9689332561710426
2026-02-18,JPM,0.5372242823019402,-0.06220618311418566,0.5994304654161259,0.5994304654161259
2026-02-18,JPM,0.5372242823019402,-0.06220618311418566,0.5994304654161259,0.5994304654161259
2026-02-18,JPM,0.5372242823019402,-0.35538973455282774,0.8926140168547679,0.8926140168547679
2026-02-18,MFG,-1.498929336188448,0.07804985454340864,-1.5769791907318567,1.5769791907318567
2026-02-18,MS,2.94391556594622,-0.492917564440396,3.436833130386616,3.436833130386616
2026-02-18,MS,2.94391556594622,0.06205734066270714,2.881858225283513,2.881858225283513
2026-02-18,MS,2.94391556594622,1.1160549250785397,1.8278606408676805,1.8278606408676805
2026-02-18,MUFG,0.2596321964989379,1.0258856413558297,-0.7662534448568918,0.7662534448568918
2026-02-18,MUFG,0.2596321964989379,0.13150101396691027,0.1281311825320276,0.1281311825320276
2026-02-18,RY,0.7910174647860702,-0.05704614823275518,0.8480636130188254,0.8480636130188254
2026-02-18,SAN,1.786991883290434,0.2150802924176855,1.5719115908727483,1.5719115908727483
2026-02-18,SAN,1.786991883290434,0.2558241227602396,1.5311677605301943,1.5311677605301943
2026-02-18,SAN,1.786991883290434,-1.408934466731783,3.1959263500222166,3.1959263500222166
2026-02-18,SAN,1.786991883290434,-0.9369671607598915,2.7239590440503254,2.7239590440503254
2026-02-18,SCBFF,0.7565898593993037,0.1505320397484399,0.6060578196508638,0.6060578196508638
2026-02-18,SCGLY,2.201070791195714,0.059178410668335006,2.141892380527379,2.141892380527379
2026-02-18,SMFG,0.3491924923614053,-0.9667168332484006,1.315909325609806,1.315909325609806
2026-02-18,STT,1.3125401099799872,0.15710023606376014,1.155439873916227,1.155439873916227
2026-02-18,TD,0.5647918641294325,0.2544431031391526,0.3103487609902799,0.3103487609902799
2026-02-18,UBS,2.292162182475898,0.0535938583667949,2.2385683241091034,2.2385683241091034
2026-02-18,WFC,1.327223853667081,-0.47424053973020486,1.801464393397286,1.801464393397286
2026-02-19,ACGBY,0.0059468942344986,0.11281704521452478,-0.10687015098002618,0.10687015098002618
2026-02-19,BAC,-1.1055408970976344,-0.3274995986623463,-0.778041298435288,0.778041298435288
2026-02-19,BAC,-1.1055408970976344,-0.15515106442458892,-0.9503898326730454,0.9503898326730454
2026-02-19,BAC,-1.1055408970976344,0.05285277541656915,-1.1583936725142034,1.1583936725142034
2026-02-19,BAC,-1.1055408970976344,-0.20522244354624863,-0.9003184535513857,0.9003184535513857
2026-02-19,BAC,-1.1055408970976344,0.03619167958761328,-1.1417325766852477,1.1417325766852477
2026-02-19,BAC,-1.1055408970976344,0.1805463808720536,-1.286087277969688,1.286087277969688
2026-02-19,BAC,-1.1055408970976344,0.10086217323987408,-1.2064030703375084,1.2064030703375084
2026-02-19,BAC,-1.1055408970976344,-0.0339959105620041,-1.0715449865356304,1.0715449865356304
2026-02-19,BAC,-1.1055408970976344,0.32470869977827876,-1.430249596875913,1.430249596875913
2026-02-19,BACHY,-0.2014775016789816,0.17459062154779023,-0.37606812322677186,0.37606812322677186
2026-02-19,BCMXY,0.0,0.06308002103833471,-0.06308002103833471,0.06308002103833471
2026-02-19,BCS,-1.9305167196537187,-0.22373104260427235,-1.7067856770494463,1.7067856770494463
2026-02-19,BK,-1.1131126824940107,0.2731693808994293,-1.38628206339344,1.38628206339344
2026-02-19,BNPQY,-0.8592910848549851,0.28134614002136504,-1.14063722487635,1.14063722487635
2026-02-19,BNPQY,-0.8592910848549851,-0.7829566370837209,-0.07633444777126419,0.07633444777126419
2026-02-19,BNPQY,-0.8592910848549851,0.09353975438404888,-0.9528308392390339,0.9528308392390339
2026-02-19,BNPQY,-0.8592910848549851,-0.03312712575374449,-0.8261639591012406,0.8261639591012406
2026-02-19,C,-0.6192394571155502,0.20670549877571648,-0.8259449558912666,0.8259449558912666
2026-02-19,CICHY,-0.244140625,0.1844503025281376,-0.4285909275281376,0.4285909275281376
2026-02-19,DB,-1.2958367797077597,-0.29710620275815286,-0.9987305769496069,0.9987305769496069
2026-02-19,GS,-1.8292243092419056,0.29536064859917643,-2.124584957841082,2.124584957841082
2026-02-19,GS,-1.8292243092419056,-0.746442608708177,-1.0827817005337286,1.0827817005337286
2026-02-19,GS,-1.8292243092419056,-1.829224309241905,-6.661338147750939e-16,6.661338147750939e-16
2026-02-19,HSBC,-1.4302268454605804,-0.3063979979273251,-1.1238288475332554,1.1238288475332554
2026-02-19,HSBC,-1.4302268454605804,-0.044462138511738095,-1.3857647069488424,1.3857647069488424
2026-02-19,IDCBY,0.0,0.15827830653627656,-0.15827830653627656,0.15827830653627656
2026-02-19,ING,-0.6842961097413447,0.017744275608619214,-0.7020403853499639,0.7020403853499639
2026-02-19,JPM,-0.2364163153623866,-0.23641631536238633,-2.7755575615628914e-16,2.7755575615628914e-16
2026-02-19,JPM,-0.2364163153623866,-0.4870142134158758,0.2505978980534892,0.2505978980534892
2026-02-19,MFG,1.3043478260869712,0.1563188060304614,1.1480290200565098,1.1480290200565098
2026-02-19,MS,-1.257187036888363,-0.2466229894391304,-1.0105640474492326,1.0105640474492326
2026-02-19,MS,-1.257187036888363,0.05029411943878624,-1.3074811563271493,1.3074811563271493
2026-02-19,MUFG,-0.2069577732604299,0.1636802327239384,-0.3706380059843683,0.3706380059843683
2026-02-19,MUFG,-0.2069577732604299,0.1636802327239384,-0.3706380059843683,0.3706380059843683
2026-02-19,MUFG,-0.2069577732604299,0.8251690026527069,-1.0321267759131367,1.0321267759131367
2026-02-19,RY,-0.0293050573925146,-0.05704614823275518,0.02774109084024058,0.02774109084024058
2026-02-19,SAN,-1.2773280333510997,-0.7585566227486494,-0.5187714106024502,0.5187714106024502
2026-02-19,SCBFF,-0.3393650833850237,0.1505320397484399,-0.48989712313346356,0.48989712313346356
2026-02-19,SCGLY,-0.1746216530849942,0.059178410668335006,-0.2338000637533292,0.2338000637533292
2026-02-19,SMFG,1.7833840800348,0.19753661804735773,1.5858474619874423,1.5858474619874423
2026-02-19,STT,-1.395753586613191,0.15710023606376014,-1.552853822676951,1.552853822676951
2026-02-19,TD,-0.343241271145922,0.1245499923716961,-0.4677912635176181,0.4677912635176181
2026-02-19,UBS,-2.2178083587933606,0.4289199149498064,-2.646728273743167,2.646728273743167
2026-02-19,WFC,-1.1179173395293618,-0.4473085057353819,-0.67060883379398,0.67060883379398
2026-02-20,ACGBY,0.3538191657003642,0.11281704521452478,0.2410021204858394,0.2410021204858394
2026-02-20,BAC,0.5494212305663382,1.5296108411316847,-0.9801896105653465,0.9801896105653465
2026-02-20,BAC,0.5494212305663382,-0.37828686963174135,0.9277081001980796,0.9277081001980796
2026-02-20,BAC,0.5494212305663382,0.7575891285135833,-0.2081678979472451,0.2081678979472451
2026-02-20,BACHY,1.144010767160153,0.17459062154779023,0.9694201456123627,0.9694201456123627
2026-02-20,BCMXY,0.0,0.06308002103833471,-0.06308002103833471,0.06308002103833471
2026-02-20,BCS,1.5115416162168271,0.5354394889908061,0.9761021272260211,0.9761021272260211
2026-02-20,BK,0.0254051224883644,-0.4584264498850896,0.48383157237345403,0.48383157237345403
2026-02-20,BNPQY,1.7334777898158291,0.1280559604364868,1.6054218293793423,1.6054218293793423
2026-02-20,C,0.3894579413248111,-0.11330300028814017,0.5027609416129513,0.5027609416129513
2026-02-20,C,0.3894579413248111,0.5036226076536332,-0.1141646663288221,0.1141646663288221
2026-02-20,CICHY,1.615271659324535,0.1844503025281376,1.4308213567963974,1.4308213567963974
2026-02-20,DB,2.569832402234651,-0.41560691913888775,2.9854393213735384,2.9854393213735384
2026-02-20,GS,0.6098253750173255,0.29951119603768656,0.3103141789796389,0.3103141789796389
2026-02-20,HSBC,1.5085163335783802,0.061112226353976354,1.447404107224404,1.447404107224404
2026-02-20,HSBC,1.5085163335783802,0.2930420176424139,1.2154743159359662,1.2154743159359662
2026-02-20,HSBC,1.5085163335783802,0.27730896049209414,1.231207373086286,1.231207373086286
2026-02-20,HSBC,1.5085163335783802,0.061112226353976354,1.447404107224404,1.447404107224404
2026-02-20,HSBC,1.5085163335783802,0.07287544757789725,1.435640886000483,1.435640886000483
2026-02-20,IDCBY,0.1406937962829202,0.15827830653627656,-0.01758451025335636,0.01758451025335636
2026-02-20,ING,2.6523371323646794,0.17502532840808,2.4773118039565993,2.4773118039565993
2026-02-20,ING,2.6523371323646794,-0.41622744943177536,3.068564581796455,3.068564581796455
2026-02-20,JPM,0.8894696658248824,-0.2852021444032104,1.1746718102280929,1.1746718102280929
2026-02-20,JPM,0.8894696658248824,0.366048728354129,0.5234209374707535,0.5234209374707535
2026-02-20,JPM,0.8894696658248824,-0.46364097402319016,1.3531106398480726,1.3531106398480726
2026-02-20,JPM,0.8894696658248824,0.366048728354129,0.5234209374707535,0.5234209374707535
2026-02-20,JPM,0.8894696658248824,-0.2587689105056035,1.1482385763304859,1.1482385763304859
2026-02-20,JPM,0.8894696658248824,-0.4870142134158758,1.3764838792407583,1.3764838792407583
2026-02-20,JPM,0.8894696658248824,-0.5829769100939881,1.4724465759188705,1.4724465759188705
2026-02-20,MFG,0.3218884120171683,0.1563188060304614,0.1655696059867069,0.1655696059867069
2026-02-20,MS,0.596467092832631,0.42293093339713733,0.17353615943549366,0.17353615943549366
2026-02-20,MS,0.596467092832631,0.5002262346523968,0.0962408581802342,0.0962408581802342
2026-02-20,MS,0.596467092832631,0.05029411943878624,0.5461729733938447,0.5461729733938447
2026-02-20,MS,0.596467092832631,-0.3530550111177059,0.9495221039503369,0.9495221039503369
2026-02-20,MUFG,0.518993804708856,0.13150101396691027,0.38749279074194576,0.38749279074194576
2026-02-20,RY,1.0368891908725253,-0.05704614823275518,1.0939353391052804,1.0939353391052804
2026-02-20,SAN,3.0721890779340733,-0.42309740793320627,3.4952864858672794,3.4952864858672794
2026-02-20,SCBFF,2.4933399404512224,0.1505320397484399,2.3428079007027827,2.3428079007027827
2026-02-20,SCGLY,3.206997084548102,0.059178410668335006,3.147818673879767,3.147818673879767
2026-02-20,SMFG,-0.0854700854700851,0.19753661804735773,-0.28300670351744284,0.28300670351744284
2026-02-20,STT,0.0547152327995403,0.8230628950963903,-0.76834766229685,0.76834766229685
2026-02-20,TD,1.2315716609122562,0.17072919290756328,1.0608424680046928,1.0608424680046928
2026-02-20,UBS,0.566967077610725,0.1720945747475298,0.3948725028631952,0.3948725028631952
2026-02-20,WFC,1.2904233498177486,0.05319663246088219,1.2372267173568665,1.2372267173568665
2026-02-20,WFC,1.2904233498177486,1.05903700732371,0.23138634249403855,0.23138634249403855
2026-02-20,WFC,1.2904233498177486,0.8024791687280011,0.4879441810897476,0.4879441810897476
2026-02-23,ACGBY,2.5426641384214133,0.11281704521452478,2.4298470932068885,2.4298470932068885
2026-02-23,BAC,-3.750447767983212,0.023265328072592836,-3.773713096055805,3.773713096055805
2026-02-23,BACHY,0.1996007984031989,0.17459062154779023,0.025010176855408656,0.025010176855408656
2026-02-23,BCMXY,0.0,0.06308002103833471,-0.06308002103833471,0.06308002103833471
2026-02-23,BCS,-3.3859176606387043,-0.22373104260427235,-3.162186618034432,3.162186618034432
2026-02-23,BK,-2.242133420317405,0.2731693808994293,-2.5153028012168344,2.5153028012168344
2026-02-23,BNPQY,0.4437344692935774,0.2684197885063446,0.17531468078723278,0.17531468078723278
2026-02-23,C,-4.525875695840509,0.38512189127289825,-4.910997587113407,4.910997587113407
2026-02-23,CICHY,0.19267822736031,0.1844503025281376,0.008227924832172412,0.008227924832172412
2026-02-23,DB,-1.9607843137254832,0.07029268893311624,-2.0310770026585994,2.0310770026585994
2026-02-23,GS,-3.245357946632254,0.18101047965695166,-3.426368426289206,3.426368426289206
2026-02-23,HSBC,-0.8508151847476109,-0.05738849002675854,-0.7934266947208524,0.7934266947208524
2026-02-23,IDCBY,2.29811521936838,0.15827830653627656,2.1398369128321035,2.1398369128321035
2026-02-23,ING,-1.4427518155491923,0.017744275608619214,-1.4604960911578115,1.4604960911578115
2026-02-23,JPM,-4.221503621624123,0.18777111215377318,-4.409274733777896,4.409274733777896
2026-02-23,MFG,-1.711229946524062,0.1563188060304614,-1.8675487525545234,1.8675487525545234
2026-02-23,MS,-4.908512750440752,-0.06820659694194865,-4.840306153498804,4.840306153498804
2026-02-23,MUFG,-1.6526242479145803,0.006399179924477624,-1.6590234278390579,1.6590234278390579
2026-02-23,RY,-1.0899946060678234,-0.05704614823275518,-1.0329484578350683,1.0329484578350683
2026-02-23,SAN,-0.1564149999603081,-0.2446810154360245,0.08826601547571639,0.08826601547571639
2026-02-23,SCBFF,-3.0521165639101566,0.1505320397484399,-3.2026486036585964,3.2026486036585964
2026-02-23,SCGLY,-0.0564971751412346,0.059178410668335006,-0.1156755858095696,0.1156755858095696
2026-02-23,SMFG,-1.197604790419149,0.19753661804735773,-1.3951414084665066,1.3951414084665066
2026-02-23,STT,-2.196303745038985,0.15710023606376014,-2.3534039811027454,2.3534039811027454
2026-02-23,TD,-1.2063004465431515,0.17072919290756328,-1.3770296394507149,1.3770296394507149
2026-02-23,UBS,-2.442845607819033,-0.512299175073718,-1.930546432745315,1.930546432745315
2026-02-23,WFC,-4.002344782858158,-0.4473085057353819,-3.5550362771227757,3.5550362771227757
2026-02-24,ACGBY,-1.6682943178600418,0.11281704521452478,-1.7811113630745665,1.7811113630745665
2026-02-24,BAC,-1.292364161952142,0.14176604445332774,-1.4341302064054697,1.4341302064054697
2026-02-24,BAC,-1.292364161952142,0.14176604445332774,-1.4341302064054697,1.4341302064054697
2026-02-24,BAC,-1.292364161952142,0.14176604445332774,-1.4341302064054697,1.4341302064054697
2026-02-24,BAC,-1.292364161952142,0.07933580810927873,-1.3716999700614207,1.3716999700614207
2026-02-24,BACHY,-0.4648074369189903,0.17459062154779023,-0.6393980584667806,0.6393980584667806
2026-02-24,BCMXY,10.837988826815636,0.06308002103833471,10.7749088057773,10.7749088057773
2026-02-24,BCS,0.1194743130227049,-0.10523032622353745,0.22470463924624234,0.22470463924624234
2026-02-24,BCS,0.1194743130227049,-0.43943065176172214,0.5589049647844271,0.5589049647844271
2026-02-24,BCS,0.1194743130227049,-0.10523032622353745,0.22470463924624234,0.22470463924624234
2026-02-24,BCS,0.1194743130227049,-0.10523032622353745,0.22470463924624234,0.22470463924624234
2026-02-24,BCS,0.1194743130227049,-0.10523032622353745,0.22470463924624234,0.22470463924624234
2026-02-24,BCS,0.1194743130227049,1.2826144704548197,-1.1631401574321147,1.1631401574321147
2026-02-24,BCS,0.1194743130227049,-0.18437145719164505,0.30384577021434994,0.30384577021434994
2026-02-24,BK,0.8741501800436646,0.2731693808994293,0.6009807991442353,0.6009807991442353
2026-02-24,BNPQY,-1.0072450963067636,0.3869205048870795,-1.3941656011938433,1.3941656011938433
2026-02-24,C,-1.0744942782544564,0.5036226076536332,-1.5781168859080896,1.5781168859080896
2026-02-24,C,-1.0744942782544564,0.5036226076536332,-1.5781168859080896,1.5781168859080896
2026-02-24,C,-1.0744942782544564,1.049299115545258,-2.1237933937997147,2.1237933937997147
2026-02-24,C,-1.0744942782544564,0.5036226076536332,-1.5781168859080896,1.5781168859080896
2026-02-24,C,-1.0744942782544564,-0.1556434769672656,-0.9188508012871908,0.9188508012871908
2026-02-24,C,-1.0744942782544564,0.5036226076536332,-1.5781168859080896,1.5781168859080896
2026-02-24,C,-1.0744942782544564,1.0164907179803337,-2.0909849962347904,2.0909849962347904
2026-02-24,CICHY,-0.6249999999999978,0.1844503025281376,-0.8094503025281354,0.8094503025281354
2026-02-24,DB,-1.2500000000000069,-0.41560691913888775,-0.8343930808611191,0.8343930808611191
2026-02-24,GS,1.1162087813666457,0.29951119603768656,0.8166975853289591,0.8166975853289591
2026-02-24,GS,1.1162087813666457,0.29951119603768656,0.8166975853289591,0.8166975853289591
2026-02-24,GS,1.1162087813666457,0.29951119603768656,0.8166975853289591,0.8166975853289591
2026-02-24,GS,1.1162087813666457,0.040646651587093824,1.075562129779552,1.075562129779552
2026-02-24,GS,1.1162087813666457,0.29951119603768656,0.8166975853289591,0.8166975853289591
2026-02-24,GS,1.1162087813666457,0.29951119603768656,0.8166975853289591,0.8166975853289591
2026-02-24,GS,1.1162087813666457,1.505800611801039,-0.38959183043439327,0.38959183043439327
2026-02-24,GS,1.1162087813666457,0.40563377236218334,0.7105750090044624,0.7105750090044624
2026-02-24,HSBC,0.5492178732834807,0.061112226353976354,0.48810564692950437,0.48810564692950437
2026-02-24,HSBC,0.5492178732834807,-0.027801042682782225,0.577018915966263,0.577018915966263
2026-02-24,HSBC,0.5492178732834807,-0.0013180099900726439,0.5505358832735534,0.5505358832735534
2026-02-24,HSBC,0.5492178732834807,-0.4913602150671531,1.040578088350634,1.040578088350634
2026-02-24,HSBC,0.5492178732834807,0.061112226353976354,0.48810564692950437,0.48810564692950437
2026-02-24,HSBC,0.5492178732834807,-0.4913602150671531,1.040578088350634,1.040578088350634
2026-02-24,IDCBY,-1.7222668440640243,0.15827830653627656,-1.8805451506003008,1.8805451506003008
2026-02-24,ING,-0.71508560315382,0.017744275608619214,-0.7328298787624392,0.7328298787624392
2026-02-24,JPM,-0.1242914694047581,-0.26480318638900097,0.14051171698424286,0.14051171698424286
2026-02-24,JPM,-0.1242914694047581,-0.14084744311877004,0.016555973714011935,0.016555973714011935
2026-02-24,JPM,-0.1242914694047581,-0.7136257356444698,0.5893342662397117,0.5893342662397117
2026-02-24,JPM,-0.1242914694047581,-1.372748144686931,1.2484566752821729,1.2484566752821729
2026-02-24,JPM,-0.1242914694047581,0.5109341706645585,-0.6352256400693166,0.6352256400693166
2026-02-24,JPM,-0.1242914694047581,-0.14084744311877004,0.016555973714011935,0.016555973714011935
2026-02-24,JPM,-0.1242914694047581,-0.14084744311877004,0.016555973714011935,0.016555973714011935
2026-02-24,JPM,-0.1242914694047581,-0.14084744311877004,0.016555973714011935,0.016555973714011935
2026-02-24,JPM,-0.1242914694047581,-0.8675665286562477,0.7432750592514896,0.7432750592514896
2026-02-24,MFG,-2.8291621327529937,0.1563188060304614,-2.985480938783455,2.985480938783455
2026-02-24,MS,1.1930679820913117,0.05029411943878624,1.1427738626525255,1.1427738626525255
2026-02-24,MS,1.1930679820913117,0.05029411943878624,1.1427738626525255,1.1427738626525255
2026-02-24,MS,1.1930679820913117,0.05029411943878624,1.1427738626525255,1.1427738626525255
2026-02-24,MS,1.1930679820913117,0.43229854125431544,0.7607694408369963,0.7607694408369963
2026-02-24,MS,1.1930679820913117,0.19763710843732185,0.9954308736539899,0.9954308736539899
2026-02-24,MS,1.1930679820913117,0.32385120705225107,0.8692167750390607,0.8692167750390607
2026-02-24,MS,1.1930679820913117,-0.5387545369653699,1.7318225190566816,1.7318225190566816
2026-02-24,MS,1.1930679820913117,0.26896865517428126,0.9240993269170305,0.9240993269170305
2026-02-24,MUFG,-1.7331068669368066,0.1366631175291334,-1.8697699844659401,1.8697699844659401
2026-02-24,RY,0.0351754404602555,-0.05704614823275518,0.09222158869301068,0.09222158869301068
2026-02-24,SAN,-1.7288270377733617,-0.2446810154360245,-1.4841460223373373,1.4841460223373373
2026-02-24,SCBFF,1.1167469417330933,0.1505320397484399,0.9662149019846534,0.9662149019846534
2026-02-24,SCGLY,-0.8479366873940242,-0.8479366873940161,-8.104628079763643e-15,8.104628079763643e-15
2026-02-24,SMFG,-2.121212121212135,0.19753661804735773,-2.3187487392594925,2.3187487392594925
2026-02-24,STT,1.6782851097550733,0.07883128457670739,1.5994538251783659,1.5994538251783659
2026-02-24,TD,-0.7617761312249227,0.17072919290756328,-0.932505324132486,0.932505324132486
2026-02-24,UBS,-0.7945645460160633,-0.4169540816566263,-0.377610464359437,0.377610464359437
2026-02-24,UBS,-0.7945645460160633,-0.17489391325204656,-0.6196706327640167,0.6196706327640167
2026-02-24,UBS,-0.7945645460160633,0.1720945747475298,-0.9666591207635931,0.9666591207635931
2026-02-24,UBS,-0.7945645460160633,-0.4169540816566263,-0.377610464359437,0.377610464359437
2026-02-24,WFC,-0.6811479001581411,-0.6257248982325636,-0.055423001925577475,0.055423001925577475
2026-02-24,WFC,-0.6811479001581411,-0.328807789354647,-0.3523401108034941,0.3523401108034941
2026-02-24,WFC,-0.6811479001581411,-0.328807789354647,-0.3523401108034941,0.3523401108034941
2026-02-24,WFC,-0.6811479001581411,-0.328807789354647,-0.3523401108034941,0.3523401108034941
2026-02-25,ACGBY,-2.1661456007146085,0.11281704521452478,-2.2789626459291332,2.2789626459291332
2026-02-25,BAC,2.539170819485048,0.11955590528119303,2.419614914203855,2.419614914203855
2026-02-25,BAC,2.539170819485048,1.2796063538975977,1.2595644655874505,1.2595644655874505
2026-02-25,BAC,2.539170819485048,0.11955590528119303,2.419614914203855,2.419614914203855
2026-02-25,BAC,2.539170819485048,0.7894819794479814,1.749688840037067,1.749688840037067
2026-02-25,BAC,2.539170819485048,2.5391708194850406,7.549516567451064e-15,7.549516567451064e-15
2026-02-25,BAC,2.539170819485048,0.14176604445332774,2.3974047750317204,2.3974047750317204
2026-02-25,BACHY,-0.1334222815210117,0.17459062154779023,-0.3080129030688019,0.3080129030688019
2026-02-25,BCMXY,-13.012432795698924,0.06308002103833471,-13.075512816737259,13.075512816737259
2026-02-25,BCS,1.9490851233094688,0.5539684061211518,1.395116717188317,1.395116717188317
2026-02-25,BCS,1.9490851233094688,-0.10523032622353745,2.0543154495330063,2.0543154495330063
2026-02-25,BCS,1.9490851233094688,-0.10523032622353745,2.0543154495330063,2.0543154495330063
2026-02-25,BK,3.226053758661429,0.2731693808994293,2.9528843777619995,2.9528843777619995
2026-02-25,BNPQY,2.15994287754373,0.42570084130580543,1.7342420362379247,1.7342420362379247
2026-02-25,BNPQY,2.15994287754373,0.42570084130580543,1.7342420362379247,1.7342420362379247
2026-02-25,C,4.3629097191780986,0.5036226076536332,3.8592871115244654,3.8592871115244654
2026-02-25,C,4.3629097191780986,0.9246254283247608,3.4382842908533378,3.4382842908533378
2026-02-25,CICHY,0.4837929366231064,0.1844503025281376,0.2993426340949688,0.2993426340949688
2026-02-25,DB,1.6596343178621795,-0.41560691913888775,2.0752412370010673,2.0752412370010673
2026-02-25,GS,2.11798497348048,1.1628360915921971,0.955148881888283,0.955148881888283
2026-02-25,GS,2.11798497348048,0.5364786606374532,1.581506312843027,1.581506312843027
2026-02-25,GS,2.11798497348048,0.16141930095658083,1.9565656725238993,1.9565656725238993
2026-02-25,HSBC,7.191616157007541,0.061112226353976354,7.130503930653565,7.130503930653565
2026-02-25,HSBC,7.191616157007541,0.70882816134863,6.482787995658911,6.482787995658911
2026-02-25,HSBC,7.191616157007541,0.09989256277270224,7.091723594234839,7.091723594234839
2026-02-25,HSBC,7.191616157007541,0.6067887342456013,6.58482742276194,6.58482742276194
2026-02-25,IDCBY,0.1821698172063124,0.15827830653627656,0.023891510670035837,0.023891510670035837
2026-02-25,ING,1.4061748649336625,0.17502532840808,1.2311495365255825,1.2311495365255825
2026-02-25,JPM,2.0181506782162906,-0.3080658033881278,2.326216481604418,2.326216481604418
2026-02-25,JPM,2.0181506782162906,-0.1522423144726709,2.1703929926889614,2.1703929926889614
2026-02-25,JPM,2.0181506782162906,0.03656895460062187,1.9815817236156688,1.9815817236156688
2026-02-25,JPM,2.0181506782162906,-0.10564106208017027,2.123791740296461,2.123791740296461
2026-02-25,JPM,2.0181506782162906,-0.4870142134158758,2.5051648916321665,2.5051648916321665
2026-02-25,JPM,2.0181506782162906,0.24311918561269447,1.7750314926035962,1.7750314926035962
2026-02-25,MFG,-1.903695408734607,0.1563188060304614,-2.060014214765068,2.060014214765068
2026-02-25,MS,2.926716533303786,0.32385120705225107,2.6028653262515347,2.6028653262515347
2026-02-25,MS,2.926716533303786,0.05029411943878624,2.876422413865,2.876422413865
2026-02-25,MS,2.926716533303786,0.05029411943878624,2.876422413865,2.876422413865
2026-02-25,MS,2.926716533303786,0.28726158403855295,2.639454949265233,2.639454949265233
2026-02-25,MUFG,-0.4280497187875931,0.006399179924477624,-0.43444889871207076,0.43444889871207076
2026-02-25,RY,1.752076745173925,-0.9291503015331222,2.681227046707047,2.681227046707047
2026-02-25,SAN,5.595746746941144,0.2150802924176855,5.380666454523459,5.380666454523459
2026-02-25,SCBFF,-1.5824305526282445,-0.06516756940900992,-1.5172629832192346,1.5172629832192346
2026-02-25,SCGLY,3.192702394526803,0.059178410668335006,3.133523983858468,3.133523983858468
2026-02-25,SMFG,-0.5749668288367982,0.19753661804735773,-0.7725034468841558,0.7725034468841558
2026-02-25,STT,3.450393082756253,0.15710023606376014,3.2932928466924927,3.2932928466924927
2026-02-25,TD,2.1979349841164897,1.4084165532427724,0.7895184308737173,0.7895184308737173
2026-02-25,UBS,0.8250857959724467,0.7177710826391547,0.10731471333329201,0.10731471333329201
2026-02-25,UBS,0.8250857959724467,0.21087491116625567,0.614210884806191,0.614210884806191
2026-02-25,UBS,0.8250857959724467,-0.12482253413038688,0.9499083301028336,0.9499083301028336
2026-02-25,WFC,2.589631010878924,-0.0719824491523704,2.661613460031294,2.661613460031294
2026-02-26,ACGBY,0.1465659126130836,0.11281704521452478,0.03374886739855883,0.03374886739855883
2026-02-26,BAC,1.180169418320065,0.11955590528119303,1.060613513038872,1.060613513038872
2026-02-26,BAC,1.180169418320065,0.7113526747045815,0.46881674361548353,0.46881674361548353
2026-02-26,BAC,1.180169418320065,0.14176604445332774,1.0384033738667373,1.0384033738667373
2026-02-26,BAC,1.180169418320065,0.06262491348522015,1.117544504834845,1.117544504834845
2026-02-26,BACHY,-1.2024048096192508,0.17459062154779023,-1.376995431167041,1.376995431167041
2026-02-26,BCMXY,0.0,0.06308002103833471,-0.06308002103833471,0.06308002103833471
2026-02-26,BCS,-1.3265704252828692,-0.10523032622353745,-1.2213400990593317,1.2213400990593317
2026-02-26,BK,1.080575427903363,0.5090916937034745,0.5714837341998885,0.5714837341998885
2026-02-26,BNPQY,-0.8212475974139433,-1.4652444894829588,0.6439968920690156,0.6439968920690156
2026-02-26,BNPQY,-0.8212475974139433,1.077482455089134,-1.8987300525030772,1.8987300525030772
2026-02-26,C,1.6179898894304712,1.049299115545258,0.5686907738852132,0.5686907738852132
2026-02-26,C,1.6179898894304712,0.1394860495825715,1.4785038398478996,1.4785038398478996
2026-02-26,C,1.6179898894304712,0.38540467684265944,1.2325852125878116,1.2325852125878116
2026-02-26,C,1.6179898894304712,-1.4192537033537684,3.0372435927842396,3.0372435927842396
2026-02-26,C,1.6179898894304712,0.5036226076536332,1.114367281776838,1.114367281776838
2026-02-26,CICHY,-2.118440057775639,0.1844503025281376,-2.3028903603037767,2.3028903603037767
2026-02-26,DB,1.604869950193688,0.5130214749278912,1.0918484752657969,1.0918484752657969
2026-02-26,GS,0.8270194829254285,-1.0202418423631983,1.8472613252886267,1.8472613252886267
2026-02-26,GS,0.8270194829254285,-0.2886110264323916,1.11563050935782,1.11563050935782
2026-02-26,GS,0.8270194829254285,0.29951119603768656,0.5275082868877419,0.5275082868877419
2026-02-26,HSBC,0.3184685569598056,-0.3030243317170853,0.6214928886768909,0.6214928886768909
2026-02-26,HSBC,0.3184685569598056,-0.5270099961161018,0.8454785530759074,0.8454785530759074
2026-02-26,HSBC,0.3184685569598056,0.18935870893828122,0.12910984802152436,0.12910984802152436
2026-02-26,HSBC,0.3184685569598056,0.07287544757789725,0.24559310938190831,0.24559310938190831
2026-02-26,HSBC,0.3184685569598056,0.09989256277270224,0.21857599418710333,0.21857599418710333
2026-02-26,HSBC,0.3184685569598056,-1.0542485816257365,1.3727171385855421,1.3727171385855421
2026-02-26,HSBC,0.3184685569598056,0.9620979714045936,-0.643629414444788,0.643629414444788
2026-02-26,HSBC,0.3184685569598056,0.09989256277270224,0.21857599418710333,0.21857599418710333
2026-02-26,HSBC,0.3184685569598056,-0.27308809918420834,0.591556656144014,0.591556656144014
2026-02-26,HSBC,0.3184685569598056,0.07287544757789725,0.24559310938190831,0.24559310938190831
2026-02-26,IDCBY,-0.6538715422650054,0.15827830653627656,-0.8121498488012819,0.8121498488012819
2026-02-26,ING,-0.169106802277541,0.017744275608619214,-0.1868510778861602,0.1868510778861602
2026-02-26,JPM,0.9330922146433496,-1.4993808179383807,2.43247303258173,2.43247303258173
2026-02-26,JPM,0.9330922146433496,-0.17962777953749592,1.1127199941808454,1.1127199941808454
2026-02-26,JPM,0.9330922146433496,-0.14084744311877004,1.0739396577621196,1.0739396577621196
2026-02-26,JPM,0.9330922146433496,-0.16786455831357502,1.1009567729569245,1.1009567729569245
2026-02-26,JPM,0.9330922146433496,0.03656895460062187,0.8965232600427278,0.8965232600427278
2026-02-26,JPM,0.9330922146433496,0.03656895460062187,0.8965232600427278,0.8965232600427278
2026-02-26,JPM,0.9330922146433496,0.6935479270416072,0.2395442876017424,0.2395442876017424
2026-02-26,MFG,2.8538812785388057,0.1563188060304614,2.6975624725083445,2.6975624725083445
2026-02-26,MS,2.1642764468343456,1.8541122151045066,0.310164231729839,0.310164231729839
2026-02-26,MS,2.1642764468343456,0.05029411943878624,2.1139823273955596,2.1139823273955596
2026-02-26,MS,2.1642764468343456,0.05029411943878624,2.1139823273955596,2.1139823273955596
2026-02-26,MUFG,1.7179269513734718,0.1636802327239384,1.5542467186495335,1.5542467186495335
2026-02-26,MUFG,1.7179269513734718,0.8251690026527069,0.892757948720765,0.892757948720765
2026-02-26,RY,-2.194175421547584,-0.013660458654075058,-2.180514962893509,2.180514962893509
2026-02-26,SAN,-2.0438191139618755,-2.0438191139618813,5.773159728050814e-15,5.773159728050814e-15
2026-02-26,SAN,-2.0438191139618755,-0.1144170778313687,-1.9294020361305069,1.9294020361305069
2026-02-26,SCBFF,2.004916993609629,0.1505320397484399,1.854384953861189,1.854384953861189
2026-02-26,SCGLY,-1.7127071823204498,0.059178410668335006,-1.771885592988785,1.771885592988785
2026-02-26,SMFG,1.6014234875444844,0.19753661804735773,1.4038868694971267,1.4038868694971267
2026-02-26,STT,0.4938568098242113,0.15710023606376014,0.3367565737604512,0.3367565737604512
2026-02-26,TD,1.646395282145097,-0.5375021737378476,2.1838974558829447,2.1838974558829447
2026-02-26,UBS,0.8667471909141078,0.1720945747475298,0.694652616166578,0.694652616166578
2026-02-26,UBS,0.8667471909141078,0.5394934664387989,0.32725372447530887,0.32725372447530887
2026-02-26,UBS,0.8667471909141078,0.6220266899611403,0.2447205009529675,0.2447205009529675
2026-02-26,UBS,0.8667471909141078,-0.19204198332353187,1.0587891742376396,1.0587891742376396
2026-02-26,WFC,-0.5302155638090333,-0.328807789354647,-0.20140777445438635,0.20140777445438635
2026-02-26,WFC,-0.5302155638090333,-0.6221885398576776,0.0919729760486443,0.0919729760486443
2026-02-26,WFC,-0.5302155638090333,-0.41398319620615204,-0.1162323676028813,0.1162323676028813
2026-02-27,ACGBY,-0.7311572557910817,0.11281704521452478,-0.8439743010056064,0.8439743010056064
2026-02-27,BAC,-4.722724301042192,0.14176604445332774,-4.86449034549552,4.86449034549552
2026-02-27,BAC,-4.722724301042192,0.11955590528119303,-4.842280206323386,4.842280206323386
2026-02-27,BAC,-4.722724301042192,-0.9182838318273315,-3.804440469214861,3.804440469214861
2026-02-27,BACHY,-0.2704530087897172,0.17459062154779023,-0.4450436303375074,0.4450436303375074
2026-02-27,BCMXY,0.0,0.06308002103833471,-0.06308002103833471,0.06308002103833471
2026-02-27,BCS,-3.993673388691177,-0.10523032622353745,-3.8884430624676396,3.8884430624676396
2026-02-27,BCS,-3.993673388691177,-0.10523032622353745,-3.8884430624676396,3.8884430624676396
2026-02-27,BCS,-3.993673388691177,-0.10523032622353745,-3.8884430624676396,3.8884430624676396
2026-02-27,BK,-2.0639944786228326,0.2731693808994293,-2.3371638595222617,2.3371638595222617
2026-02-27,BNPQY,-1.198026779422123,0.2684197885063446,-1.4664465679284677,1.4664465679284677
2026-02-27,C,-5.163996091419287,0.5036226076536332,-5.6676186990729205,5.6676186990729205
2026-02-27,C,-5.163996091419287,-5.163996091419271,-1.5987211554602254e-14,1.5987211554602254e-14
2026-02-27,C,-5.163996091419287,-1.1515875737031407,-4.012408517716146,4.012408517716146
2026-02-27,C,-5.163996091419287,-0.5564272686270262,-4.6075688227922615,4.6075688227922615
2026-02-27,C,-5.163996091419287,0.5036226076536332,-5.6676186990729205,5.6676186990729205
2026-02-27,CICHY,-0.2459419576979704,0.1844503025281376,-0.430392260226108,0.430392260226108
2026-02-27,DB,-3.540305010893241,-0.29710620275815286,-3.243198808135088,3.243198808135088
2026-02-27,GS,-7.473625378934812,0.29951119603768656,-7.773136574972498,7.773136574972498
2026-02-27,HSBC,-1.4180060880482293,-1.4180060880482326,3.3306690738754696e-15,3.3306690738754696e-15
2026-02-27,IDCBY,0.4814081187473285,0.15827830653627656,0.3231298122110519,0.3231298122110519
2026-02-27,ING,-2.54089886698613,-2.2360092494792942,-0.30488961750683563,0.30488961750683563
2026-02-27,ING,-2.54089886698613,-2.2360092494792942,-0.30488961750683563,0.30488961750683563
2026-02-27,JPM,-1.9044191954843528,-0.17962777953749592,-1.724791415946857,1.724791415946857
2026-02-27,JPM,-1.9044191954843528,-0.767750002007574,-1.1366691934767787,1.1366691934767787
2026-02-27,JPM,-1.9044191954843528,-0.14084744311877004,-1.7635717523655827,1.7635717523655827
2026-02-27,MFG,-1.5538290788013387,0.1563188060304614,-1.7101478848318001,1.7101478848318001
2026-02-27,MS,-6.186257833152919,-0.3138424386322754,-5.872415394520644,5.872415394520644
2026-02-27,MS,-6.186257833152919,-0.6230888212004656,-5.5631690119524535,5.5631690119524535
2026-02-27,MS,-6.186257833152919,-6.1862578331529345,1.509903313490213e-14,1.509903313490213e-14
2026-02-27,MS,-6.186257833152919,-0.6230888212004656,-5.5631690119524535,5.5631690119524535
2026-02-27,MS,-6.186257833152919,-0.6230888212004656,-5.5631690119524535,5.5631690119524535
2026-02-27,MS,-6.186257833152919,0.05029411943878624,-6.2365519525917055,6.2365519525917055
2026-02-27,MUFG,-1.6359502474254215,0.006399179924477624,-1.642349427349899,1.642349427349899
2026-02-27,RY,-1.5309325563265697,1.0322450110859447,-2.5631775674125143,2.5631775674125143
2026-02-27,RY,-1.5309325563265697,-0.08682985350718482,-1.444102702819385,1.444102702819385
2026-02-27,RY,-1.5309325563265697,-0.08682985350718482,-1.444102702819385,1.444102702819385
2026-02-27,RY,-1.5309325563265697,0.07321778937190061,-1.6041503456984703,1.6041503456984703
2026-02-27,RY,-1.5309325563265697,-0.272745757390205,-1.2581867989363646,1.2581867989363646
2026-02-27,SAN,-4.481943922893983,-0.41956104955832024,-4.062382873335663,4.062382873335663
2026-02-27,SCBFF,1.922261365401812,0.1505320397484399,1.771729325653372,1.771729325653372
2026-02-27,SCGLY,-2.2484541877459185,0.059178410668335006,-2.3076325984142536,2.3076325984142536
2026-02-27,SMFG,-1.7513134851138257,0.19753661804735773,-1.9488501031611833,1.9488501031611833
2026-02-27,STT,-2.7595266382073214,-0.03178548143388488,-2.7277411567734364,2.7277411567734364
2026-02-27,TD,-1.4375929170310051,-0.007687199589618499,-1.4299057174413865,1.4299057174413865
2026-02-27,TD,-1.4375929170310051,0.7859816968208434,-2.2235746138518486,2.2235746138518486
2026-02-27,TD,-1.4375929170310051,0.3009931305122191,-1.7385860475432242,1.7385860475432242
2026-02-27,UBS,-1.1218152788253444,-0.12482253413038688,-0.9969927446949575,0.9969927446949575
2026-02-27,UBS,-1.1218152788253444,0.1720945747475298,-1.2939098535728741,1.2939098535728741
2026-02-27,UBS,-1.1218152788253444,-0.38037786667359963,-0.7414374121517447,0.7414374121517447
2026-02-27,WFC,-5.619897120828254,-0.4473085057353819,-5.172588615092872,5.172588615092872
2026-03-02,ACGBY,-2.8283475224014087,0.11281704521452478,-2.9411645676159335,2.9411645676159335
2026-03-02,BAC,-0.0401615341302452,-0.04016153413025128,6.078471059822732e-15,6.078471059822732e-15
2026-03-02,BAC,-0.0401615341302452,0.5091649361445968,-0.5493264702748419,0.5493264702748419
2026-03-02,BAC,-0.0401615341302452,0.32470869977827876,-0.36487023390852397,0.36487023390852397
2026-03-02,BACHY,-1.8305084745762643,0.17459062154779023,-2.0050990961240545,2.0050990961240545
2026-03-02,BCMXY,0.0,0.06308002103833471,-0.06308002103833471,0.06308002103833471
2026-03-02,BCS,-2.347611202635913,-0.45221881422311383,-1.8953923884127992,1.8953923884127992
2026-03-02,BCS,-2.347611202635913,-0.10523032622353745,-2.2423808764123754,2.2423808764123754
2026-03-02,BK,0.3106320455942279,0.2731693808994293,0.037462664694798586,0.037462664694798586
2026-03-02,BNPQY,-3.5128388017118373,0.6238879694868462,-4.136726771198683,4.136726771198683
2026-03-02,C,1.1435089613316851,0.5036226076536332,0.6398863536780519,0.6398863536780519
2026-03-02,CICHY,-1.8737672583826528,0.1844503025281376,-2.0582175609107902,2.0582175609107902
2026-03-02,DB,-3.359683794466417,-0.29710620275815286,-3.0625775917082643,3.0625775917082643
2026-03-02,GS,0.7753751154876198,0.18101047965695166,0.5943646358306682,0.5943646358306682
2026-03-02,HSBC,-3.681754776282809,0.2930420176424139,-3.974796793925223,3.974796793925223
2026-03-02,HSBC,-3.681754776282809,-0.23580488252394033,-3.4459498937588684,3.4459498937588684
2026-03-02,IDCBY,-1.5583281347473554,0.15827830653627656,-1.716606441283632,1.716606441283632
2026-03-02,ING,-2.467737715962892,0.017744275608619214,-2.485481991571511,2.485481991571511
2026-03-02,JPM,-0.9124245168778856,-0.17962777953749592,-0.7327967373403896,0.7327967373403896
2026-03-02,MFG,-2.2547914317925466,0.1563188060304614,-2.411110237823008,2.411110237823008
2026-03-02,MS,0.2942277502717028,-0.06820659694194865,0.3624343472136514,0.3624343472136514
2026-03-02,MUFG,-2.95050226522432,0.006399179924477624,-2.9569014451487976,2.9569014451487976
2026-03-02,RY,0.8311905362521577,-0.05704614823275518,0.8882366844849129,0.8882366844849129
2026-03-02,SAN,-3.2368237847577808,-0.2446810154360245,-2.9921427693217564,2.9921427693217564
2026-03-02,SCBFF,-3.945042948070943,0.1505320397484399,-4.095574987819383,4.095574987819383
2026-03-02,SCGLY,-3.335250143760793,0.059178410668335006,-3.394428554429128,3.394428554429128
2026-03-02,SMFG,-1.916221033868093,0.19753661804735773,-2.1137576519154506,2.1137576519154506
2026-03-02,STT,0.6531456260375323,0.15710023606376014,0.49604538997377223,0.49604538997377223
2026-03-02,TD,0.9244765785463516,0.17072919290756328,0.7537473856387883,0.7537473856387883
2026-03-02,UBS,-1.3274719831589232,0.0535938583667949,-1.3810658415257182,1.3810658415257182
2026-03-02,WFC,1.3873831602603026,0.03859110233662211,1.3487920579236805,1.3487920579236805
2026-03-03,ACGBY,1.8069667085349077,0.11281704521452478,1.694149663320383,1.694149663320383
2026-03-03,BAC,0.3212194629517606,-0.1516147060497029,0.4728341690014635,0.4728341690014635
2026-03-03,BAC,0.3212194629517606,0.14176604445332774,0.17945341849843288,0.17945341849843288
2026-03-03,BAC,0.3212194629517606,0.7894819794479814,-0.46826251649622075,0.46826251649622075
2026-03-03,BACHY,-0.2762430939226568,0.17459062154779023,-0.45083371547044704,0.45083371547044704
2026-03-03,BCMXY,0.0,0.06308002103833471,-0.06308002103833471,0.06308002103833471
2026-03-03,BCS,-2.6992830029523462,-0.4126167601019174,-2.286666242850429,2.286666242850429
2026-03-03,BCS,-2.6992830029523462,0.49743592251581514,-3.1967189254681614,3.1967189254681614
2026-03-03,BCS,-2.6992830029523462,-0.4126167601019174,-2.286666242850429,2.286666242850429
2026-03-03,BK,-1.2722105319771249,0.09475298840224755,-1.3669635203793724,1.3669635203793724
2026-03-03,BNPQY,-4.158196266863801,0.2684197885063446,-4.426616055370145,4.426616055370145
2026-03-03,C,-0.6191554135981492,0.542402944072359,-1.1615583576705082,1.1615583576705082
2026-03-03,CICHY,1.3567839195980147,0.1844503025281376,1.172333617069877,1.172333617069877
2026-03-03,DB,-3.4472684779433216,0.07553061120019822,-3.5227990891435197,3.5227990891435197
2026-03-03,GS,0.1021237089474214,0.18101047965695166,-0.07888677070953026,0.07888677070953026
2026-03-03,HSBC,-4.725349514540866,0.4431166481695055,-5.168466162710372,5.168466162710372
2026-03-03,HSBC,-4.725349514540866,0.09989256277270224,-4.825242077313568,4.825242077313568
2026-03-03,HSBC,-4.725349514540866,-0.06732579749665553,-4.658023717044211,4.658023717044211
2026-03-03,HSBC,-4.725349514540866,0.09989256277270224,-4.825242077313568,4.825242077313568
2026-03-03,HSBC,-4.725349514540866,-0.23580488252394033,-4.489544632016926,4.489544632016926
2026-03-03,HSBC,-4.725349514540866,0.061112226353976354,-4.786461740894842,4.786461740894842
2026-03-03,HSBC,-4.725349514540866,0.27730896049209414,-5.002658475032961,5.002658475032961
2026-03-03,IDCBY,1.8295078642856175,0.15827830653627656,1.671229557749341,1.671229557749341
2026-03-03,ING,-4.312248534842277,0.17502532840808,-4.4872738632503575,4.4872738632503575
2026-03-03,ING,-4.312248534842277,-1.0337365112802435,-3.278512023562034,3.278512023562034
2026-03-03,ING,-4.312248534842277,-0.060524675878433534,-4.251723858963844,4.251723858963844
2026-03-03,JPM,0.907382655523925,0.47957095280719336,0.4278117027167317,0.4278117027167317
2026-03-03,JPM,0.907382655523925,-0.6109636038664938,1.518346259390419,1.518346259390419
2026-03-03,JPM,0.907382655523925,-0.43170897386910245,1.3390916293930275,1.3390916293930275
2026-03-03,MFG,-5.190311418685112,0.1563188060304614,-5.3466302247155735,5.3466302247155735
2026-03-03,MS,-0.6287502114596943,-0.06820659694194865,-0.5605436145177457,0.5605436145177457
2026-03-03,MUFG,-3.206083769516155,0.006399179924477624,-3.2124829494406324,3.2124829494406324
2026-03-03,RY,-1.6130910193892234,-0.7028112610506623,-0.9102797583385611,0.9102797583385611
2026-03-03,SAN,-7.775323125365019,-2.2482043121717785,-5.5271188131932405,5.5271188131932405
2026-03-03,SAN,-7.775323125365019,-0.42309740793320627,-7.352225717431812,7.352225717431812
2026-03-03,SAN,-7.775323125365019,-1.408934466731783,-6.366388658633236,6.366388658633236
2026-03-03,SCBFF,-2.4361058333583374,0.1505320397484399,-2.586637873106777,2.586637873106777
2026-03-03,SCGLY,-4.818560380725756,-0.633107734655532,-4.185452646070225,4.185452646070225
2026-03-03,SMFG,-5.997273966378924,-1.7121572532771532,-4.285116713101771,4.285116713101771
2026-03-03,STT,-2.742206891403476,-0.03178548143388488,-2.710421409969591,2.710421409969591
2026-03-03,TD,-0.549604977833229,0.17072919290756328,-0.7203341707407923,0.7203341707407923
2026-03-03,UBS,-2.886437508627948,0.1096643384034808,-2.996101847031429,2.996101847031429
2026-03-03,UBS,-2.886437508627948,0.05387664393655611,-2.940314152564504,2.940314152564504
2026-03-03,UBS,-2.886437508627948,-1.824130705235842,-1.0623068033921061,1.0623068033921061
2026-03-03,WFC,-0.0606499039100927,0.7666828991206787,-0.8273328030307714,0.8273328030307714
2026-03-03,WFC,-0.0606499039100927,0.05319663246088219,-0.11384653637097489,0.11384653637097489
2026-03-04,ACGBY,-1.7095426561125835,0.11281704521452478,-1.8223597013271082,1.8223597013271082
2026-03-04,BAC,0.6603057813484137,-0.1516147060497029,0.8119204873981165,0.8119204873981165
2026-03-04,BAC,0.6603057813484137,0.9758428925331962,-0.31553711118478256,0.31553711118478256
2026-03-04,BAC,0.6603057813484137,-0.117098499997265,0.7774042813456786,0.7774042813456786
2026-03-04,BAC,0.6603057813484137,0.9758428925331962,-0.31553711118478256,0.31553711118478256
2026-03-04,BAC,0.6603057813484137,-0.1516147060497029,0.8119204873981165,0.8119204873981165
2026-03-04,BAC,0.6603057813484137,-0.15515106442458892,0.8154568457730026,0.8154568457730026
2026-03-04,BACHY,-0.8310249307479145,0.17459062154779023,-1.0056155522957047,1.0056155522957047
2026-03-04,BCMXY,0.0,0.06308002103833471,-0.06308002103833471,0.06308002103833471
2026-03-04,BCS,1.1703511053315907,-0.10523032622353745,1.2755814315551282,1.2755814315551282
2026-03-04,BK,0.3729879123657076,1.0323399124945078,-0.6593520001288002,0.6593520001288002
2026-03-04,BNPQY,0.5206324720401057,0.2684197885063446,0.25221268353376103,0.25221268353376103
2026-03-04,C,0.5056309728452391,0.38512189127289825,0.1205090815723408,0.1205090815723408
2026-03-04,CICHY,-0.6941001487357434,0.1844503025281376,-0.8785504512638811,0.8785504512638811
2026-03-04,DB,0.9379727685325356,-0.29710620275815286,1.2350789712906884,1.2350789712906884
2026-03-04,GS,0.5413990586380368,0.1348312791210845,0.40656777951695233,0.40656777951695233
2026-03-04,HSBC,1.9885994660509445,-0.7496746353506255,2.73827410140157,2.73827410140157
2026-03-04,HSBC,1.9885994660509445,0.061112226353976354,1.9274872396969682,1.9274872396969682
2026-03-04,HSBC,1.9885994660509445,0.061112226353976354,1.9274872396969682,1.9274872396969682
2026-03-04,HSBC,1.9885994660509445,0.8951890744338449,1.0934103916170996,1.0934103916170996
2026-03-04,HSBC,1.9885994660509445,0.061112226353976354,1.9274872396969682,1.9274872396969682
2026-03-04,HSBC,1.9885994660509445,-0.1356574415138113,2.1242569075647557,2.1242569075647557
2026-03-04,HSBC,1.9885994660509445,0.6242388348968664,1.3643606311540781,1.3643606311540781
2026-03-04,HSBC,1.9885994660509445,0.6306988566052302,1.3579006094457142,1.3579006094457142
2026-03-04,HSBC,1.9885994660509445,-0.23580488252394033,2.224404348574885,2.224404348574885
2026-03-04,IDCBY,-1.8874969661893504,0.15827830653627656,-2.045775272725627,2.045775272725627
2026-03-04,ING,1.4899066504364231,-1.0337365112802435,2.5236431617166666,2.5236431617166666
2026-03-04,JPM,-0.289754552185939,-1.0063598625636416,0.7166053103777026,0.7166053103777026
2026-03-04,JPM,-0.289754552185939,-0.17302666187579818,-0.1167278903101408,0.1167278903101408
2026-03-04,JPM,-0.289754552185939,-1.250420853610172,0.9606663014242329,0.9606663014242329
2026-03-04,JPM,-0.289754552185939,-0.2897545521859434,4.440892098500626e-15,4.440892098500626e-15
2026-03-04,JPM,-0.289754552185939,-0.5829769100939881,0.2932223579080491,0.2932223579080491
2026-03-04,JPM,-0.289754552185939,-1.514984781256846,1.225230229070907,1.225230229070907
2026-03-04,MFG,-0.1216545012165393,0.1563188060304614,-0.2779733072470007,0.2779733072470007
2026-03-04,MS,0.9822316220059024,-0.46975879464628284,1.4519904166521853,1.4519904166521853
2026-03-04,MS,0.9822316220059024,0.06205734066270714,0.9201742813431952,0.9201742813431952
2026-03-04,MS,0.9822316220059024,0.9234698260178894,0.05876179598801301,0.05876179598801301
2026-03-04,MS,0.9822316220059024,-0.028847011529321342,1.0110786335352238,1.0110786335352238
2026-03-04,MUFG,0.513544965580337,0.006399179924477624,0.5071457856558594,0.5071457856558594
2026-03-04,RY,0.030101087462464,-0.05704614823275518,0.08714723569521918,0.08714723569521918
2026-03-04,SAN,4.895509237589146,0.32375181615832094,4.571757421430825,4.571757421430825
2026-03-04,SCBFF,-5.262024186848024,0.1505320397484399,-5.412556226596465,5.412556226596465
2026-03-04,SCGLY,3.0000000000000027,0.059178410668335006,2.9408215893316676,2.9408215893316676
2026-03-04,SMFG,0.3383276945384317,0.19753661804735773,0.14079107649107397,0.14079107649107397
2026-03-04,STT,0.5003425963607366,0.15710023606376014,0.3432423602969765,0.3432423602969765
2026-03-04,TD,1.033599993398826,0.17072919290756328,0.8628708004912627,0.8628708004912627
2026-03-04,UBS,0.150937544421903,0.0535938583667949,0.0973436860551081,0.0973436860551081
2026-03-04,WFC,1.6964250896895905,0.0921950313164806,1.60423005837311,1.60423005837311
2026-03-05,ACGBY,0.3697282652598277,0.11281704521452478,0.2569112200453029,0.2569112200453029
2026-03-05,BAC,-0.9740649216669506,-0.42637269973629965,-0.5476922219306509,0.5476922219306509
2026-03-05,BAC,-0.9740649216669506,-0.0339959105620041,-0.9400690111049465,0.9400690111049465
2026-03-05,BAC,-0.9740649216669506,-2.3987098795198714,1.4246449578529208,1.4246449578529208
2026-03-05,BAC,-0.9740649216669506,0.23618434929533488,-1.2102492709622854,1.2102492709622854
2026-03-05,BAC,-0.9740649216669506,0.14176604445332774,-1.1158309661202783,1.1158309661202783
2026-03-05,BACHY,-1.3268156424581012,0.17459062154779023,-1.5014062640058914,1.5014062640058914
2026-03-05,BCMXY,0.0,0.06308002103833471,-0.06308002103833471,0.06308002103833471
2026-03-05,BCS,-3.898886032562121,-0.10523032622353745,-3.7936557063385834,3.7936557063385834
2026-03-05,BCS,-3.898886032562121,-2.028106637230939,-1.8707793953311822,1.8707793953311822
2026-03-05,BCS,-3.898886032562121,-2.028106637230939,-1.8707793953311822,1.8707793953311822
2026-03-05,BK,-1.4189900264497068,-0.06717096080263535,-1.3518190656470714,1.3518190656470714
2026-03-05,BK,-1.4189900264497068,-0.9280829411207205,-0.4909070853289863,0.4909070853289863
2026-03-05,BNPQY,-2.896604642240564,0.2684197885063446,-3.165024430746908,3.165024430746908
2026-03-05,C,-2.1289596456186555,-1.210162984013428,-0.9187966616052274,0.9187966616052274
2026-03-05,C,-2.1289596456186555,0.5036226076536332,-2.6325822532722887,2.6325822532722887
2026-03-05,CICHY,-0.4493260109835195,0.1844503025281376,-0.6337763135116571,0.6337763135116571
2026-03-05,DB,-2.6978417266187,-0.29710620275815286,-2.400735523860547,2.400735523860547
2026-03-05,DB,-2.6978417266187,-0.29710620275815286,-2.400735523860547,2.400735523860547
2026-03-05,GS,-3.665609685788407,-2.2409647279355127,-1.4246449578528941,1.4246449578528941
2026-03-05,GS,-3.665609685788407,-0.8430491004384626,-2.8225605853499443,2.8225605853499443
2026-03-05,GS,-3.665609685788407,-0.5505853511275673,-3.1150243346608395,3.1150243346608395
2026-03-05,HSBC,-1.6516208453016046,0.27730896049209414,-1.9289298057936988,1.9289298057936988
2026-03-05,IDCBY,0.3019231745065243,0.15827830653627656,0.14364486797024772,0.14364486797024772
2026-03-05,ING,-1.468034309626598,-1.0337365112802435,-0.4342977983463545,0.4342977983463545
2026-03-05,JPM,-1.9506496122469572,-0.21441213675609413,-1.7362374754908632,1.7362374754908632
2026-03-05,JPM,-1.9506496122469572,-2.1025040905448975,0.1518544782979403,0.1518544782979403
2026-03-05,JPM,-1.9506496122469572,-0.8871403947090162,-1.063509217537941,1.063509217537941
2026-03-05,MFG,-0.8526187576126665,0.1563188060304614,-1.008937563643128,1.008937563643128
2026-03-05,MS,-3.0015442375462165,-2.9933394337950183,-0.008204803751198142,0.008204803751198142
2026-03-05,MS,-3.0015442375462165,0.43229854125431544,-3.433842778800532,3.433842778800532
2026-03-05,MS,-3.0015442375462165,0.05029411943878624,-3.0518383569850025,3.0518383569850025
2026-03-05,MS,-3.0015442375462165,-0.5378281030312919,-2.4637161345149243,2.4637161345149243
2026-03-05,MS,-3.0015442375462165,-0.5378281030312919,-2.4637161345149243,2.4637161345149243
2026-03-05,MUFG,-2.10186166536106,-0.17201721257270414,-1.9298444527883558,1.9298444527883558
2026-03-05,RY,-0.9279386899167964,-0.7414754958800726,-0.18646319403672384,0.18646319403672384
2026-03-05,SAN,-3.1979770935594343,-0.9369671607598915,-2.261009932799543,2.261009932799543
2026-03-05,SCBFF,5.158021242732325,0.1505320397484399,5.0074892029838844,5.0074892029838844
2026-03-05,SCGLY,-3.6407766990291246,0.059178410668335006,-3.6999551096974597,3.6999551096974597
2026-03-05,SMFG,-2.2157996146435543,0.19753661804735773,-2.413336232690912,2.413336232690912
2026-03-05,STT,-1.1063634794244437,0.15710023606376014,-1.2634637154882038,1.2634637154882038
2026-03-05,TD,-1.6813928915976215,0.17072919290756328,-1.8521220845051847,1.8521220845051847
2026-03-05,UBS,-1.2575516323913072,-0.12128617575550085,-1.1362654566358064,1.1362654566358064
2026-03-05,UBS,-1.2575516323913072,0.1720945747475298,-1.429646207138837,1.429646207138837
2026-03-05,WFC,-2.1685285951716597,-0.328807789354647,-1.8397208058170127,1.8397208058170127
2026-03-06,ACGBY,1.3038310096332495,0.11281704521452478,1.1910139644187248,1.1910139644187248
2026-03-06,BAC,-1.7968907732687225,-0.0339959105620041,-1.7628948627067185,1.7628948627067185
2026-03-06,BAC,-1.7968907732687225,0.14176604445332774,-1.9386568177220502,1.9386568177220502
2026-03-06,BAC,-1.7968907732687225,0.13761549701481762,-1.93450627028354,1.93450627028354
2026-03-06,BACHY,0.4953998584571684,0.17459062154779023,0.3208092369093781,0.3208092369093781
2026-03-06,BCMXY,0.0,0.06308002103833471,-0.06308002103833471,0.06308002103833471
2026-03-06,BCS,-2.541239411502449,-0.4353763221867909,-2.1058630893156582,2.1058630893156582
2026-03-06,BK,-1.2681443045335583,-1.2681443045335616,3.3306690738754696e-15,3.3306690738754696e-15
2026-03-06,BNPQY,0.039510075069149,0.2905228757567988,-0.2510128006876498,0.2510128006876498
2026-03-06,BNPQY,0.039510075069149,0.42570084130580543,-0.38619076623665644,0.38619076623665644
2026-03-06,BNPQY,0.039510075069149,1.0346364398817331,-0.9951263648125841,0.9951263648125841
2026-03-06,C,-2.221287732704025,0.1394860495825715,-2.3607737822865964,2.3607737822865964
2026-03-06,C,-2.221287732704025,0.5036226076536332,-2.724910340357658,2.724910340357658
2026-03-06,C,-2.221287732704025,-0.1843161414651187,-2.036971591238906,2.036971591238906
2026-03-06,CICHY,0.0501504513540584,0.1844503025281376,-0.1342998511740792,0.1342998511740792
2026-03-06,DB,-3.7276648182378302,-0.41560691913888775,-3.3120578990989427,3.3120578990989427
2026-03-06,GS,-1.6805113350728984,-1.6805113350729135,1.509903313490213e-14,1.509903313490213e-14
2026-03-06,HSBC,-1.9824498932342505,0.061112226353976354,-2.043562119588227,2.043562119588227
2026-03-06,HSBC,-1.9824498932342505,0.061112226353976354,-2.043562119588227,2.043562119588227
2026-03-06,HSBC,-1.9824498932342505,0.061112226353976354,-2.043562119588227,2.043562119588227
2026-03-06,HSBC,-1.9824498932342505,0.09989256277270224,-2.082342456006953,2.082342456006953
2026-03-06,IDCBY,0.7379910454556882,0.15827830653627656,0.5797127389194117,0.5797127389194117
2026-03-06,ING,-1.6385133189206535,0.17502532840808,-1.8135386473287336,1.8135386473287336
2026-03-06,JPM,-1.3864635848299556,-1.250420853610172,-0.1360427312197836,0.1360427312197836
2026-03-06,JPM,-1.3864635848299556,0.24137504113363167,-1.6278386259635873,1.6278386259635873
2026-03-06,JPM,-1.3864635848299556,-0.7321002209586254,-0.6543633638713302,0.6543633638713302
2026-03-06,JPM,-1.3864635848299556,-0.2852021444032104,-1.1012614404267451,1.1012614404267451
2026-03-06,JPM,-1.3864635848299556,0.631310633186452,-2.0177742180164078,2.0177742180164078
2026-03-06,JPM,-1.3864635848299556,-0.2852021444032104,-1.1012614404267451,1.1012614404267451
2026-03-06,MFG,-0.9828009828009798,0.1563188060304614,-1.1391197888314413,1.1391197888314413
2026-03-06,MS,-1.4026376614211469,-0.5378281030312919,-0.864809558389855,0.864809558389855
2026-03-06,MS,-1.4026376614211469,-0.5378281030312919,-0.864809558389855,0.864809558389855
2026-03-06,MS,-1.4026376614211469,-0.5378281030312919,-0.864809558389855,0.864809558389855
2026-03-06,MUFG,-1.1032072441000462,0.006399179924477624,-1.1096064240245238,1.1096064240245238
2026-03-06,RY,-0.5413409333354657,0.4434589899635089,-0.9847999232989746,0.9847999232989746
2026-03-06,SAN,-1.2500451932463186,-0.42309740793320627,-0.8269477853131123,0.8269477853131123
2026-03-06,SAN,-1.2500451932463186,-1.408934466731783,0.15888927348546433,0.15888927348546433
2026-03-06,SCBFF,-5.163154991726426,0.1505320397484399,-5.313687031474866,5.313687031474866
2026-03-06,SCGLY,-2.267002518891692,0.059178410668335006,-2.326180929560027,2.326180929560027
2026-03-06,SMFG,-1.0837438423645485,0.19753661804735773,-1.2812804604119061,1.2812804604119061
2026-03-06,STT,-3.2763411294721045,0.15710023606376014,-3.433441365535865,3.433441365535865
2026-03-06,TD,-1.5246995301508193,-0.04497041624988654,-1.4797291139009328,1.4797291139009328
2026-03-06,UBS,-2.088462362724952,0.0535938583667949,-2.142056221091747,2.142056221091747
2026-03-06,WFC,-2.058224077449189,-0.9169300118247252,-1.1412940656244637,1.1412940656244637
2026-03-06,WFC,-2.058224077449189,-0.6361942232330269,-1.422029854216162,1.422029854216162
2026-03-06,WFC,-2.058224077449189,-2.058224077449194,4.884981308350689e-15,4.884981308350689e-15
2026-03-06,WFC,-2.058224077449189,-0.8628057454616209,-1.195418331987568,1.195418331987568
2026-03-06,WFC,-2.058224077449189,-0.8628057454616209,-1.195418331987568,1.195418331987568
2026-03-06,WFC,-2.058224077449189,-0.8628057454616209,-1.195418331987568,1.195418331987568
2026-03-06,WFC,-2.058224077449189,-0.6757962773542233,-1.3824278000949657,1.3824278000949657
2026-03-06,WFC,-2.058224077449189,-0.328807789354647,-1.7294162880945418,1.7294162880945418
2026-03-09,ACGBY,-0.727250504186272,0.11281704521452478,-0.8400675494007968,0.8400675494007968
2026-03-09,BAC,-1.5213815789473673,0.14176604445332774,-1.663147623400695,1.663147623400695
2026-03-09,BACHY,0.8661971830985937,0.17459062154779023,0.6916065615508035,0.6916065615508035
2026-03-09,BCMXY,0.0,0.06308002103833471,-0.06308002103833471,0.06308002103833471
2026-03-09,BCS,0.4574565416285425,-0.10523032622353745,0.56268686785208,0.56268686785208
2026-03-09,BK,-0.1128300387542857,0.7736745190956934,-0.8865045578499791,0.8865045578499791
2026-03-09,BNPQY,0.2172195892575112,0.9325970127787044,-0.7153774235211933,0.7153774235211933
2026-03-09,C,0.0563999834006789,0.08357497701280914,-0.027174993612130237,0.027174993612130237
2026-03-09,CICHY,1.533834586466165,0.1844503025281376,1.3493842839380275,1.3493842839380275
2026-03-09,DB,1.12000000000001,-0.41560691913888775,1.535606919138898,1.535606919138898
2026-03-09,GS,1.2916656521633207,0.29951119603768656,0.9921544561256341,0.9921544561256341
2026-03-09,HSBC,1.7132009188608688,0.5578640138865216,1.1553369049743472,1.1553369049743472
2026-03-09,IDCBY,-1.372889974199465,0.15827830653627656,-1.5311682807357414,1.5311682807357414
2026-03-09,ING,0.984181267372497,0.017744275608619214,0.9664369917638778,0.9664369917638778
2026-03-09,JPM,0.1520084524754938,-0.17962777953749592,0.33163623201298975,0.33163623201298975
2026-03-09,JPM,0.1520084524754938,-0.011132878115073686,0.16314133059056748,0.16314133059056748
2026-03-09,JPM,0.1520084524754938,-1.2396776558181553,1.3916861082936491,1.3916861082936491
2026-03-09,JPM,0.1520084524754938,0.6038451838251644,-0.4518367313496706,0.4518367313496706
2026-03-09,MFG,0.6203473945409321,0.1563188060304614,0.46402858851047074,0.46402858851047074
2026-03-09,MS,0.1122867414450334,0.05029411943878624,0.06199262200624715,0.06199262200624715
2026-03-09,MS,0.1122867414450334,0.05029411943878624,0.06199262200624715,0.06199262200624715
2026-03-09,MUFG,1.408819399823913,0.006399179924477624,1.4024202198994353,1.4024202198994353
2026-03-09,RY,-0.0489489219538619,-0.05704614823275518,0.008097226278893283,0.008097226278893283
2026-03-09,SAN,1.2658691294518132,-0.2446810154360245,1.5105501448878376,1.5105501448878376
2026-03-09,SCBFF,0.0,0.1505320397484399,-0.1505320397484399,0.1505320397484399
2026-03-09,SCGLY,-2.0296391752577247,0.059178410668335006,-2.08881758592606,2.08881758592606
2026-03-09,SMFG,1.245019920318735,0.19753661804735773,1.0474833022713774,1.0474833022713774
2026-03-09,STT,0.7353002330405145,0.15710023606376014,0.5781999969767544,0.5781999969767544
2026-03-09,TD,-0.2823729875125469,0.17072919290756328,-0.4531021804201102,0.4531021804201102
2026-03-09,UBS,0.4940809054146067,0.1720945747475298,0.32198633066707694,0.32198633066707694
2026-03-09,UBS,0.4940809054146067,0.1720945747475298,0.32198633066707694,0.32198633066707694
2026-03-09,WFC,-1.97704432561141,-0.4473085057353819,-1.5297358198760282,1.5297358198760282
2026-03-10,ACGBY,-0.8224575227776532,0.11281704521452478,-0.9352745679921779,0.9352745679921779
2026-03-10,BAC,1.3778705636743327,0.14176604445332774,1.236104519221005,1.236104519221005
2026-03-10,BAC,1.3778705636743327,0.32470869977827876,1.053161863896054,1.053161863896054
2026-03-10,BAC,1.3778705636743327,0.28488199409476817,1.0929885695795645,1.0929885695795645
2026-03-10,BAC,1.3778705636743327,0.689227987105223,0.6886425765691097,0.6886425765691097
2026-03-10,BACHY,0.1675626614535907,0.17459062154779023,-0.007027960094199537,0.007027960094199537
2026-03-10,BCMXY,0.0,0.06308002103833471,-0.06308002103833471,0.06308002103833471
2026-03-10,BCS,2.2313296903460733,-0.10523032622353745,2.336560016569611,2.336560016569611
2026-03-10,BCS,2.2313296903460733,-0.06644998980481157,2.2977796801508847,2.2977796801508847
2026-03-10,BCS,2.2313296903460733,-0.10523032622353745,2.336560016569611,2.336560016569611
2026-03-10,BCS,2.2313296903460733,1.0260566318591104,1.2052730584869629,1.2052730584869629
2026-03-10,BK,0.2780760417602446,0.696049918021425,-0.41797387626118043,0.41797387626118043
2026-03-10,BNPQY,0.3546798029556708,0.2684197885063446,0.08626001444932618,0.08626001444932618
2026-03-10,C,2.2328590738649456,0.5036226076536332,1.7292364662113124,1.7292364662113124
2026-03-10,C,2.2328590738649456,0.10027347709714102,2.1325855967678047,2.1325855967678047
2026-03-10,C,2.2328590738649456,0.7685307034782105,1.4643283703867351,1.4643283703867351
2026-03-10,C,2.2328590738649456,0.5036226076536332,1.7292364662113124,1.7292364662113124
2026-03-10,CICHY,-0.1777251184834183,0.1844503025281376,-0.36217542101155586,0.36217542101155586
2026-03-10,DB,0.56962025316456,-0.41560691913888775,0.9852271723034478,0.9852271723034478
2026-03-10,GS,0.2139345937045567,-0.38488255378356123,0.5988171474881179,0.5988171474881179
2026-03-10,GS,0.2139345937045567,0.9587099283823759,-0.7447753346778192,0.7447753346778192
2026-03-10,GS,0.2139345937045567,0.6669100877289557,-0.45297549402439896,0.45297549402439896
2026-03-10,GS,0.2139345937045567,0.009290310707323196,0.2046442829972335,0.2046442829972335
2026-03-10,GS,0.2139345937045567,0.27730105686555184,-0.06336646316099515,0.06336646316099515
2026-03-10,GS,0.2139345937045567,0.29951119603768656,-0.08557660233312986,0.08557660233312986
2026-03-10,HSBC,0.409360944753101,0.061112226353976354,0.34824871839912463,0.34824871839912463
2026-03-10,IDCBY,-0.6867712205305687,0.15827830653627656,-0.8450495270668452,0.8450495270668452
2026-03-10,ING,1.537462355947472,0.017744275608619214,1.5197180803388528,1.5197180803388528
2026-03-10,JPM,-0.4104724558768202,1.0266616362258565,-1.4371340921026767,1.4371340921026767
2026-03-10,JPM,-0.4104724558768202,-0.14084744311877004,-0.2696250127580502,0.2696250127580502
2026-03-10,JPM,-0.4104724558768202,-0.5097737755007493,0.09930131962392913,0.09930131962392913
2026-03-10,JPM,-0.4104724558768202,-0.5471380038187974,0.13666554794197722,0.13666554794197722
2026-03-10,JPM,-0.4104724558768202,-0.4870142134158758,0.07654175753905562,0.07654175753905562
2026-03-10,MFG,2.0961775585696563,0.1563188060304614,1.9398587525391948,1.9398587525391948
2026-03-10,MS,0.1869764393394923,0.6980100544334399,-0.5110336150939476,0.5110336150939476
2026-03-10,MS,0.1869764393394923,0.156416695763283,0.030559743576209303,0.030559743576209303
2026-03-10,MS,0.1869764393394923,0.156416695763283,0.030559743576209303,0.030559743576209303
2026-03-10,MS,0.1869764393394923,0.05029411943878624,0.13668231990070606,0.13668231990070606
2026-03-10,MUFG,0.9838546922300796,0.006399179924477624,0.977455512305602,0.977455512305602
2026-03-10,RY,1.2053491952121131,-0.05704614823275518,1.2623953434448683,1.2623953434448683
2026-03-10,SAN,2.678151776998438,1.0051066590273585,1.6730451179710797,1.6730451179710797
2026-03-10,SCBFF,4.6109322365115,0.1505320397484399,4.46040019676306,4.46040019676306
2026-03-10,SCGLY,4.787898717527117,2.267407241397423,2.520491476129694,2.520491476129694
2026-03-10,SMFG,1.1313330054107285,0.3434193848557951,0.7879136205549333,0.7879136205549333
2026-03-10,STT,0.5085010241849597,0.15710023606376014,0.35140078812119957,0.35140078812119957
2026-03-10,TD,0.6188981223690604,1.4084165532427724,-0.789518430873712,0.789518430873712
2026-03-10,UBS,0.5179475465223238,0.1720945747475298,0.345852971774794,0.345852971774794
2026-03-10,UBS,0.5179475465223238,0.21087491116625567,0.3070726353560681,0.3070726353560681
2026-03-10,UBS,0.5179475465223238,0.1720945747475298,0.345852971774794,0.345852971774794
2026-03-10,UBS,0.5179475465223238,-0.3479583393375393,0.8659058858598631,0.8659058858598631
2026-03-10,WFC,-0.6723491010041882,-0.5255774572224347,-0.14677164378175356,0.14677164378175356
2026-03-10,WFC,-0.6723491010041882,-0.3329583367931571,-0.3393907642110311,0.3393907642110311
2026-03-10,WFC,-0.6723491010041882,-0.328807789354647,-0.3435413116495412,0.3435413116495412
2026-03-11,ACGBY,-0.7926556758367176,0.11281704521452478,-0.9054727210512423,0.9054727210512423
2026-03-11,BAC,-0.0823723228995043,-0.8754634881603357,0.7930911652608315,0.7930911652608315
2026-03-11,BAC,-0.0823723228995043,-0.08237232289950822,3.913536161803677e-15,3.913536161803677e-15
2026-03-11,BAC,-0.0823723228995043,0.5091649361445968,-0.591537259044101,0.591537259044101
2026-03-11,BAC,-0.0823723228995043,0.14176604445332774,-0.22413836735283205,0.22413836735283205
2026-03-11,BAC,-0.0823723228995043,-0.2223705136177339,0.1399981907182296,0.1399981907182296
2026-03-11,BAC,-0.0823723228995043,-0.15515106442458892,0.07277874152508462,0.07277874152508462
2026-03-11,BAC,-0.0823723228995043,0.21711421967484917,-0.2994865425743535,0.2994865425743535
2026-03-11,BACHY,-0.6760995330034159,0.17459062154779023,-0.8506901545512061,0.8506901545512061
2026-03-11,BCMXY,0.0,0.06308002103833471,-0.06308002103833471,0.06308002103833471
2026-03-11,BCS,-1.1135857461024523,-0.22373104260427235,-0.88985470349818,0.88985470349818
2026-03-11,BK,1.4728127226246055,0.2731693808994293,1.1996433417251762,1.1996433417251762
2026-03-11,BNPQY,2.2580011780875653,0.42570084130580543,1.8323003367817599,1.8323003367817599
2026-03-11,BNPQY,2.2580011780875653,0.5724218791036698,1.6855792989838956,1.6855792989838956
2026-03-11,C,0.2018311404519801,1.0510845503055284,-0.8492534098535482,0.8492534098535482
2026-03-11,C,0.2018311404519801,0.3655307125725274,-0.16369957212054728,0.16369957212054728
2026-03-11,C,0.2018311404519801,0.515385828877554,-0.3135546884255739,0.3135546884255739
2026-03-11,CICHY,-1.9782393669633969,0.1844503025281376,-2.1626896694915345,2.1626896694915345
2026-03-11,DB,-0.786658275645058,-0.41560691913888775,-0.3710513565061702,0.3710513565061702
2026-03-11,GS,-1.2053105623583305,0.29951119603768656,-1.504821758396017,1.504821758396017
2026-03-11,GS,-1.2053105623583305,0.29951119603768656,-1.504821758396017,1.504821758396017
2026-03-11,GS,-1.2053105623583305,0.009290310707323196,-1.2146008730656537,1.2146008730656537
2026-03-11,HSBC,0.1515071669477397,0.0677133440156741,0.0837938229320656,0.0837938229320656
2026-03-11,HSBC,0.1515071669477397,0.061112226353976354,0.09039494059376334,0.09039494059376334
2026-03-11,HSBC,0.1515071669477397,-0.044462138511738095,0.19596930545947777,0.19596930545947777
2026-03-11,HSBC,0.1515071669477397,-0.07697966872712937,0.22848683567486905,0.22848683567486905
2026-03-11,HSBC,0.1515071669477397,-0.3748682490453319,0.5263754159930716,0.5263754159930716
2026-03-11,IDCBY,-0.9722302333480816,0.15827830653627656,-1.1305085398843582,1.1305085398843582
2026-03-11,ING,0.369312773653152,0.17502532840808,0.19428744524507202,0.19428744524507202
2026-03-11,JPM,-0.4190568887654233,-0.4765448884154126,0.057487999649989296,0.057487999649989296
2026-03-11,JPM,-0.4190568887654233,-0.35538973455282774,-0.06366715421259556,0.06366715421259556
2026-03-11,JPM,-0.4190568887654233,-0.4765448884154126,0.057487999649989296,0.057487999649989296
2026-03-11,JPM,-0.4190568887654233,-0.344307696454098,-0.07474919231132532,0.07474919231132532
2026-03-11,JPM,-0.4190568887654233,-0.344307696454098,-0.07474919231132532,0.07474919231132532
2026-03-11,JPM,-0.4190568887654233,-0.344307696454098,-0.07474919231132532,0.07474919231132532
2026-03-11,JPM,-0.4190568887654233,-0.17962777953749592,-0.23942910922792737,0.23942910922792737
2026-03-11,JPM,-0.4190568887654233,-0.7321002209586254,0.3130433321932021,0.3130433321932021
2026-03-11,MFG,-3.1400966183574908,0.1563188060304614,-3.296415424387952,3.296415424387952
2026-03-11,MS,0.0871220152266483,0.05029411943878624,0.03682789578786205,0.03682789578786205
2026-03-11,MS,0.0871220152266483,-0.9956596853070773,1.0827817005337255,1.0827817005337255
2026-03-11,MS,0.0871220152266483,0.05029411943878624,0.03682789578786205,0.03682789578786205
2026-03-11,MS,0.0871220152266483,0.05029411943878624,0.03682789578786205,0.03682789578786205
2026-03-11,MS,0.0871220152266483,0.05029411943878624,0.03682789578786205,0.03682789578786205
2026-03-11,MS,0.0871220152266483,0.08907445585751213,-0.0019524406308638331,0.0019524406308638331
2026-03-11,MUFG,-2.7508438438612948,0.006399179924477624,-2.7572430237857724,2.7572430237857724
2026-03-11,RY,-0.247852291720696,-0.05704614823275518,-0.19080614348794084,0.19080614348794084
2026-03-11,SAN,-1.13029163989119,-0.49031685712635126,-0.6399747827648388,0.6399747827648388
2026-03-11,SCBFF,-4.212885951413037,0.1505320397484399,-4.363417991161477,4.363417991161477
2026-03-11,SCGLY,-0.6464570388501789,0.059178410668335006,-0.7056354495185139,0.7056354495185139
2026-03-11,SMFG,-2.285992217898825,0.19753661804735773,-2.4835288359461827,2.4835288359461827
2026-03-11,STT,2.815176372594608,0.15710023606376014,2.658076136530848,2.658076136530848
2026-03-11,TD,-0.0104039026194713,0.18365554442258372,-0.19405944704205502,0.19405944704205502
2026-03-11,UBS,0.1543193565094247,-0.23487471263031393,0.38919406913973864,0.38919406913973864
2026-03-11,WFC,-1.81350178344587,-0.4473085057353819,-1.3661932777104882,1.3661932777104882
2026-03-12,ACGBY,0.5612318319182519,0.11281704521452478,0.4484147867037271,0.4484147867037271
2026-03-12,BAC,-2.864798021434456,-1.886428543251918,-0.9783694781825378,0.9783694781825378
2026-03-12,BACHY,0.9122807017543976,0.17459062154779023,0.7376900802066073,0.7376900802066073
2026-03-12,BCMXY,0.0,0.06308002103833471,-0.06308002103833471,0.06308002103833471
2026-03-12,BCS,-5.900900900900896,-0.09346710499961655,-5.80743379590128,5.80743379590128
2026-03-12,BCS,-5.900900900900896,-0.10523032622353745,-5.7956705746773585,5.7956705746773585
2026-03-12,BCS,-5.900900900900896,-0.5412108016228456,-5.35969009927805,5.35969009927805
2026-03-12,BK,0.0,-2.3869795029440866e-15,2.3869795029440866e-15,2.3869795029440866e-15
2026-03-12,BK,0.0,0.04468160928058787,-0.04468160928058787,0.04468160928058787
2026-03-12,BNPQY,-5.395545314900141,0.2684197885063446,-5.663965103406485,5.663965103406485
2026-03-12,C,-3.3794061056775293,0.5036226076536332,-3.8830287133311625,3.8830287133311625
2026-03-12,C,-3.3794061056775293,-0.08449961481644502,-3.2949064908610843,3.2949064908610843
2026-03-12,C,-3.3794061056775293,0.10027347709714102,-3.4796795827746703,3.4796795827746703
2026-03-12,CICHY,1.4127144298688332,0.1844503025281376,1.2282641273406956,1.2282641273406956
2026-03-12,DB,-6.6286076752299365,-0.41560691913888775,-6.2130007560910485,6.2130007560910485
2026-03-12,GS,-4.399339613479658,0.18101047965695166,-4.58035009313661,4.58035009313661
2026-03-12,HSBC,-4.437766156546996,-1.2586408120469084,-3.179125344500087,3.179125344500087
2026-03-12,HSBC,-4.437766156546996,0.038902087181841655,-4.476668243728837,4.476668243728837
2026-03-12,HSBC,-4.437766156546996,-0.2322685241490543,-4.205497632397941,4.205497632397941
2026-03-12,HSBC,-4.437766156546996,-0.23580488252394033,-4.201961274023056,4.201961274023056
2026-03-12,HSBC,-4.437766156546996,-2.311142015114672,-2.1266241414323237,2.1266241414323237
2026-03-12,HSBC,-4.437766156546996,0.27730896049209414,-4.71507511703909,4.71507511703909
2026-03-12,HSBC,-4.437766156546996,0.0677133440156741,-4.50547950056267,4.50547950056267
2026-03-12,IDCBY,1.4218592249346518,0.15827830653627656,1.2635809183983753,1.2635809183983753
2026-03-12,ING,-3.458387072301039,0.017744275608619214,-3.476131347909658,3.476131347909658
2026-03-12,JPM,-1.6103248161314143,-0.5266162675370722,-1.083708548594342,1.083708548594342
2026-03-12,JPM,-1.6103248161314143,-0.035575690501199964,-1.5747491256302144,1.5747491256302144
2026-03-12,JPM,-1.6103248161314143,-0.16786455831357502,-1.4424602578178394,1.4424602578178394
2026-03-12,JPM,-1.6103248161314143,-0.18693593670750236,-1.423388879423912,1.423388879423912
2026-03-12,JPM,-1.6103248161314143,-0.17962777953749592,-1.4306970365939184,1.4306970365939184
2026-03-12,JPM,-1.6103248161314143,-0.7136257356444698,-0.8966990804869445,0.8966990804869445
2026-03-12,JPM,-1.6103248161314143,-0.5437643376085576,-1.0665604785228568,1.0665604785228568
2026-03-12,JPM,-1.6103248161314143,-0.9379087383272435,-0.6724160778041708,0.6724160778041708
2026-03-12,JPM,-1.6103248161314143,-0.2587689105056035,-1.3515559056258108,1.3515559056258108
2026-03-12,JPM,-1.6103248161314143,-0.14084744311877004,-1.4694773730126443,1.4694773730126443
2026-03-12,JPM,-1.6103248161314143,-0.1042796043159745,-1.5060452118154397,1.5060452118154397
2026-03-12,MFG,-3.740648379052369,0.1563188060304614,-3.89696718508283,3.89696718508283
2026-03-12,MS,-4.052490158095356,0.05029411943878624,-4.102784277534142,4.102784277534142
2026-03-12,MS,-4.052490158095356,-4.052490158095362,6.217248937900877e-15,6.217248937900877e-15
2026-03-12,MS,-4.052490158095356,0.05029411943878624,-4.102784277534142,4.102784277534142
2026-03-12,MUFG,-3.005484067529296,0.006399179924477624,-3.0118832474537736,3.0118832474537736
2026-03-12,RY,-1.2303199454248848,-0.044119796717734736,-1.18620014870715,1.18620014870715
2026-03-12,SAN,-3.3414949027289365,-0.11957918139359186,-3.2219157213353444,3.2219157213353444
2026-03-12,SCBFF,-2.048643679014872,0.1505320397484399,-2.199175718763312,2.199175718763312
2026-03-12,SCGLY,-4.421983575489574,0.059178410668335006,-4.481161986157909,4.481161986157909
2026-03-12,SMFG,-3.83275261324042,0.19753661804735773,-4.030289231287778,4.030289231287778
2026-03-12,STT,-2.214300152520265,0.15710023606376014,-2.3714003885840254,2.3714003885840254
2026-03-12,TD,-1.9499362563283884,0.17072919290756328,-2.120665449235952,2.120665449235952
2026-03-12,UBS,-3.548361564033564,0.1720945747475298,-3.720456138781094,3.720456138781094
2026-03-12,UBS,-3.548361564033564,0.1720945747475298,-3.720456138781094,3.720456138781094
2026-03-12,UBS,-3.548361564033564,-0.16210575079065492,-3.3862558132429093,3.3862558132429093
2026-03-12,UBS,-3.548361564033564,0.6220266899611403,-4.170388253994704,4.170388253994704
2026-03-12,WFC,-2.1202726214303524,-0.4473085057353819,-1.6729641156949706,1.6729641156949706
2026-03-13,ACGBY,-0.5823647992832304,0.11281704521452478,-0.6951818444977551,0.6951818444977551
2026-03-13,BAC,-0.8699342244854691,0.06262491348522015,-0.9325591379706892,0.9325591379706892
2026-03-13,BAC,-0.8699342244854691,0.14176604445332774,-1.0117002689387968,1.0117002689387968
2026-03-13,BAC,-0.8699342244854691,-0.37828686963174135,-0.49164735485372774,0.49164735485372774
2026-03-13,BAC,-0.8699342244854691,0.5627688651244553,-1.4327030896099244,1.4327030896099244
2026-03-13,BAC,-0.8699342244854691,-0.6301309340089,-0.23980329047656912,0.23980329047656912
2026-03-13,BAC,-0.8699342244854691,-0.2223705136177339,-0.6475637108677352,0.6475637108677352
2026-03-13,BAC,-0.8699342244854691,-0.1516147060497029,-0.7183195184357662,0.7183195184357662
2026-03-13,BACHY,0.8344923504867818,0.17459062154779023,0.6599017289389916,0.6599017289389916
2026-03-13,BCMXY,0.0,0.06308002103833471,-0.06308002103833471,0.06308002103833471
2026-03-13,BCS,-2.010531354715184,-0.10523032622353745,-1.9053010284916467,1.9053010284916467
2026-03-13,BCS,-2.010531354715184,-0.10523032622353745,-1.9053010284916467,1.9053010284916467
2026-03-13,BK,-0.8110964717903402,0.2731693808994293,-1.0842658526897695,1.0842658526897695
2026-03-13,BNPQY,-2.313781205601784,0.7689249267026087,-3.0827061323043927,3.0827061323043927
2026-03-13,BNPQY,-2.313781205601784,0.42570084130580543,-2.7394820469075896,2.7394820469075896
2026-03-13,C,0.1800895781370881,0.542402944072359,-0.3623133659352709,0.3623133659352709
2026-03-13,C,0.1800895781370881,0.32786065263830133,-0.14777107450121324,0.14777107450121324
2026-03-13,C,0.1800895781370881,0.5036226076536332,-0.3235330295165451,0.3235330295165451
2026-03-13,C,0.1800895781370881,0.542402944072359,-0.3623133659352709,0.3623133659352709
2026-03-13,C,0.1800895781370881,0.42448147668552555,-0.24439189854843746,0.24439189854843746
2026-03-13,CICHY,0.1990049751243727,0.1844503025281376,0.014554672596235108,0.014554672596235108
2026-03-13,DB,-1.6304347826086918,-0.6044926366365327,-1.025942145972159,1.025942145972159
2026-03-13,DB,-1.6304347826086918,-0.258325866339427,-1.3721089162692648,1.3721089162692648
2026-03-13,DB,-1.6304347826086918,-0.29710620275815286,-1.333328579850539,1.333328579850539
2026-03-13,GS,-0.6742685900040568,0.29951119603768656,-0.9737797860417434,0.9737797860417434
2026-03-13,GS,-0.6742685900040568,0.3382915324564124,-1.0125601224604692,1.0125601224604692
2026-03-13,GS,-0.6742685900040568,0.5730682836511514,-1.2473368736552082,1.2473368736552082
2026-03-13,HSBC,-2.152421474158428,0.061112226353976354,-2.2135337005124045,2.2135337005124045
2026-03-13,HSBC,-2.152421474158428,0.061112226353976354,-2.2135337005124045,2.2135337005124045
2026-03-13,HSBC,-2.152421474158428,0.09989256277270224,-2.2523140369311303,2.2523140369311303
2026-03-13,HSBC,-2.152421474158428,0.09989256277270224,-2.2523140369311303,2.2523140369311303
2026-03-13,HSBC,-2.152421474158428,-0.1909689679776302,-1.9614525061807977,1.9614525061807977
2026-03-13,IDCBY,0.3165021408562118,0.15827830653627656,0.15822383431993525,0.15822383431993525
2026-03-13,ING,-2.7437790517204075,0.017744275608619214,-2.7615233273290265,2.7615233273290265
2026-03-13,JPM,0.1944191195855094,-0.344307696454098,0.5387268160396074,0.5387268160396074
2026-03-13,JPM,0.1944191195855094,-0.16786455831357502,0.36228367789908444,0.36228367789908444
2026-03-13,JPM,0.1944191195855094,-0.17962777953749592,0.3740468991230053,0.3740468991230053
2026-03-13,JPM,0.1944191195855094,0.7911626634004689,-0.5967435438149595,0.5967435438149595
2026-03-13,JPM,0.1944191195855094,-0.5266162675370722,0.7210353871225816,0.7210353871225816
2026-03-13,JPM,0.1944191195855094,-0.14084744311877004,0.33526656270427946,0.33526656270427946
2026-03-13,MFG,-1.1658031088082832,0.1563188060304614,-1.3221219148387446,1.3221219148387446
2026-03-13,MS,0.3239445425699871,0.05029411943878624,0.27365042313120086,0.27365042313120086
2026-03-13,MS,0.3239445425699871,0.41769301113005536,-0.09374846856006824,0.09374846856006824
2026-03-13,MS,0.3239445425699871,-0.012136116905262756,0.3360806594752499,0.3360806594752499
2026-03-13,MS,0.3239445425699871,0.156416695763283,0.16752784680670413,0.16752784680670413
2026-03-13,MS,0.3239445425699871,1.0250316166362718,-0.7010870740662847,0.7010870740662847
2026-03-13,MS,0.3239445425699871,0.2822239107272238,0.04172063184276331,0.04172063184276331
2026-03-13,MS,0.3239445425699871,0.08907445585751213,0.234870086712475,0.234870086712475
2026-03-13,MS,0.3239445425699871,0.08907445585751213,0.234870086712475,0.234870086712475
2026-03-13,MS,0.3239445425699871,0.32394454256997923,7.882583474838611e-15,7.882583474838611e-15
2026-03-13,MUFG,-0.1823075454382983,0.006399179924477624,-0.18870672536277594,0.18870672536277594
2026-03-13,RY,-1.0492506543916311,-0.05704614823275518,-0.9922045061588759,0.9922045061588759
2026-03-13,SAN,-2.002542326044099,-1.408934466731783,-0.593607859312316,0.593607859312316
2026-03-13,SCBFF,-3.7444892154538953,0.1505320397484399,-3.895021255202335,3.895021255202335
2026-03-13,SCGLY,-3.767349636483808,0.059178410668335006,-3.8265280471521432,3.8265280471521432
2026-03-13,SMFG,-1.1387163561076497,-0.9667168332484006,-0.17199952285924902,0.17199952285924902
2026-03-13,STT,-1.5177437777897709,0.15710023606376014,-1.674844013853531,1.674844013853531
2026-03-13,TD,-0.8401631876035709,0.17072919290756328,-1.0108923805111343,1.0108923805111343
2026-03-13,UBS,-1.5195406637834918,-0.0036673802678020354,-1.5158732835156898,1.5158732835156898
2026-03-13,UBS,-1.5195406637834918,-0.23125455580896234,-1.2882861079745296,1.2882861079745296
2026-03-13,WFC,-1.5281560820184392,-0.328807789354647,-1.1993482926637922,1.1993482926637922
2026-03-16,ACGBY,2.6973239542393834,0.11281704521452478,2.5845069090248587,2.5845069090248587
2026-03-16,BAC,0.7277397260273988,-0.54262770536792,1.2703674313953188,1.2703674313953188
2026-03-16,BACHY,0.8275862068965356,0.17459062154779023,0.6529955853487454,0.6529955853487454
2026-03-16,BCMXY,0.0,0.06308002103833471,-0.06308002103833471,0.06308002103833471
2026-03-16,BCS,1.660967269174396,0.26216856546773165,1.3987987037066643,1.3987987037066643
2026-03-16,BCS,1.660967269174396,0.26216856546773165,1.3987987037066643,1.3987987037066643
2026-03-16,BCS,1.660967269174396,0.26216856546773165,1.3987987037066643,1.3987987037066643
2026-03-16,BCS,1.660967269174396,0.26216856546773165,1.3987987037066643,1.3987987037066643
2026-03-16,BK,-0.6800581104426828,0.2731693808994293,-0.9532274913421122,0.9532274913421122
2026-03-16,BNPQY,2.119260336588402,0.2684197885063446,1.8508405480820576,1.8508405480820576
2026-03-16,C,1.5706457880987568,0.5036226076536332,1.0670231804451236,1.0670231804451236
2026-03-16,C,1.5706457880987568,0.8710214993449023,0.6996242887538545,0.6996242887538545
2026-03-16,CICHY,2.0854021847070303,0.1844503025281376,1.9009518821788927,1.9009518821788927
2026-03-16,DB,2.7279005524861955,-0.41560691913888775,3.143507471625083,3.143507471625083
2026-03-16,GS,1.6057069073522443,0.18101047965695166,1.4246964276952927,1.4246964276952927
2026-03-16,HSBC,2.711344161657503,-0.1356574415138113,2.8470016031713143,2.8470016031713143
2026-03-16,IDCBY,2.337016328581698,0.15827830653627656,2.1787380220454216,2.1787380220454216
2026-03-16,ING,1.645523594053011,0.017744275608619214,1.6277793184443918,1.6277793184443918
2026-03-16,JPM,0.959641987085158,-0.2981284959182308,1.257770483003389,1.257770483003389
2026-03-16,MFG,2.2280471821756187,0.1563188060304614,2.0717283761451575,2.0717283761451575
2026-03-16,MS,0.5358921126808136,0.41769301113005536,0.11819910155075825,0.11819910155075825
2026-03-16,MUFG,1.826405128743036,0.006399179924477624,1.8200059488185585,1.8200059488185585
2026-03-16,RY,1.6246538822934475,-0.05704614823275518,1.6817000305262026,1.6817000305262026
2026-03-16,SAN,1.2999586419521147,-0.2446810154360245,1.5446396573881391,1.5446396573881391
2026-03-16,SCBFF,-4.142309075059969,0.1505320397484399,-4.292841114808409,4.292841114808409
2026-03-16,SCGLY,3.5027472527472403,0.059178410668335006,3.4435688420789052,3.4435688420789052
2026-03-16,SMFG,2.0942408376963373,0.19753661804735773,1.8967042196489796,1.8967042196489796
2026-03-16,STT,-0.9229714953216784,0.15710023606376014,-1.0800717313854387,1.0800717313854387
2026-03-16,TD,2.1450129502873283,0.17072919290756328,1.974283757379765,1.974283757379765
2026-03-16,UBS,1.3535509532909495,0.0535938583667949,1.2999570949241546,1.2999570949241546
2026-03-16,WFC,2.2266920742465945,-0.328807789354647,2.5554998636012414,2.5554998636012414
2026-03-17,ACGBY,0.8616802154810088,0.11281704521452478,0.7488631702664841,0.7488631702664841
2026-03-17,BAC,0.4674883127921747,-0.1656203894250522,0.6331087022172268,0.6331087022172268
2026-03-17,BACHY,1.0259917920656614,0.17459062154779023,0.8514011705178711,0.8514011705178711
2026-03-17,BCMXY,0.0,0.06308002103833471,-0.06308002103833471,0.06308002103833471
2026-03-17,BCS,1.5857760691975198,-0.3019999940913251,1.887776063288845,1.887776063288845
2026-03-17,BCS,1.5857760691975198,-0.10523032622353745,1.6910063954210572,1.6910063954210572
2026-03-17,BK,0.6413815067026984,0.2731693808994293,0.3682121258032691,0.3682121258032691
2026-03-17,BNPQY,1.057985757884028,0.33977812019083087,0.7182076376931971,0.7182076376931971
2026-03-17,C,0.3353468495366218,0.5036226076536332,-0.1682757581170114,0.1682757581170114
2026-03-17,CICHY,0.2431906614785983,0.1844503025281376,0.0587403589504607,0.0587403589504607
2026-03-17,DB,0.739495798319334,-0.41560691913888775,1.1551027174582218,1.1551027174582218
2026-03-17,GS,1.5438428727807985,0.5364786606374532,1.0073642121433453,1.0073642121433453
2026-03-17,GS,1.5438428727807985,0.374859371259208,1.1689835015215904,1.1689835015215904
2026-03-17,HSBC,0.734653218777237,0.09989256277270224,0.6347606560045348,0.6347606560045348
2026-03-17,HSBC,0.734653218777237,1.147306451203193,-0.412653232425956,0.412653232425956
2026-03-17,HSBC,0.734653218777237,0.7346532187772316,5.440092820663267e-15,5.440092820663267e-15
2026-03-17,HSBC,0.734653218777237,0.15553053119598348,0.5791226875812535,0.5791226875812535
2026-03-17,HSBC,0.734653218777237,0.0677133440156741,0.6669398747615629,0.6669398747615629
2026-03-17,IDCBY,0.8397406811160968,0.15827830653627656,0.6814623745798203,0.6814623745798203
2026-03-17,ING,0.501206313371183,0.017744275608619214,0.4834620377625638,0.4834620377625638
2026-03-17,JPM,0.2551041912533192,-0.4870142134158758,0.742118404669195,0.742118404669195
2026-03-17,MFG,0.0,0.1563188060304614,-0.1563188060304614,0.1563188060304614
2026-03-17,MS,1.3680709405511804,-0.5387545369653699,1.9068254775165503,1.9068254775165503
2026-03-17,MS,1.3680709405511804,0.05029411943878624,1.3177768211123941,1.3177768211123941
2026-03-17,MUFG,0.6574681718749087,0.006399179924477624,0.6510689919504311,0.6510689919504311
2026-03-17,RY,0.2074684972878993,-0.7028112610506623,0.9102797583385616,0.9102797583385616
2026-03-17,SAN,0.824897235805544,-0.2446810154360245,1.0695782512415684,1.0695782512415684
2026-03-17,SCBFF,8.229038224414321,0.1505320397484399,8.078506184665882,8.078506184665882
2026-03-17,SCGLY,0.5972130059721303,0.059178410668335006,0.5380345953037954,0.5380345953037954
2026-03-17,SMFG,0.4615384615384688,0.19753661804735773,0.26400184349111105,0.26400184349111105
2026-03-17,STT,1.1146178136207665,-0.4962960260177327,1.6109138396384992,1.6109138396384992
2026-03-17,TD,0.8294890884827266,0.17072919290756328,0.6587598955751633,0.6587598955751633
2026-03-17,UBS,1.415498959957695,0.5540989965630589,0.8613999633946361,0.8613999633946361
2026-03-17,UBS,1.415498959957695,-0.5439946603086289,1.9594936202663238,1.9594936202663238
2026-03-17,UBS,1.415498959957695,-0.19204198332353187,1.6075409432812269,1.6075409432812269
2026-03-17,WFC,0.6337012774929152,-1.2801318343830639,1.913833111875979,1.913833111875979
2026-03-18,ACGBY,0.0,0.11281704521452478,-0.11281704521452478,0.11281704521452478
2026-03-18,BAC,-0.9517766497461944,-1.0281110975174728,0.0763344477712784,0.0763344477712784
2026-03-18,BAC,-0.9517766497461944,-0.42637269973629965,-0.5254039500098947,0.5254039500098947
2026-03-18,BAC,-0.9517766497461944,0.37873350905309444,-1.3305101587992887,1.3305101587992887
2026-03-18,BACHY,-0.6093432633716978,0.17459062154779023,-0.783933884919488,0.783933884919488
2026-03-18,BCMXY,0.0,0.06308002103833471,-0.06308002103833471,0.06308002103833471
2026-03-18,BCS,-0.8514664143803197,-0.45221881422311383,-0.39924760015720584,0.39924760015720584
2026-03-18,BK,-1.257296113033879,0.2731693808994293,-1.5304654939333082,1.5304654939333082
2026-03-18,BNPQY,-0.3019931548218224,0.2684197885063446,-0.570412943328167,0.570412943328167
2026-03-18,C,0.8913005151912845,0.38512189127289825,0.5061786239183863,0.5061786239183863
2026-03-18,CICHY,-0.727802037845704,0.1844503025281376,-0.9122523403738416,0.9122523403738416
2026-03-18,DB,-2.469135802469136,-0.41560691913888775,-2.0535288833302485,2.0535288833302485
2026-03-18,GS,-0.1932989690721531,0.9587099283823759,-1.152008897454529,1.152008897454529
2026-03-18,GS,-0.1932989690721531,0.29536064859917643,-0.48865961767132954,0.48865961767132954
2026-03-18,HSBC,-1.1866501854141065,0.16723480267847313,-1.3538849880925796,1.3538849880925796
2026-03-18,HSBC,-1.1866501854141065,-0.1356574415138113,-1.0509927439002953,1.0509927439002953
2026-03-18,HSBC,-1.1866501854141065,0.09989256277270224,-1.2865427481868088,1.2865427481868088
2026-03-18,HSBC,-1.1866501854141065,-0.23580488252394033,-0.9508453028901662,0.9508453028901662
2026-03-18,HSBC,-1.1866501854141065,0.09989256277270224,-1.2865427481868088,1.2865427481868088
2026-03-18,HSBC,-1.1866501854141065,0.09989256277270224,-1.2865427481868088,1.2865427481868088
2026-03-18,HSBC,-1.1866501854141065,-0.2322685241490543,-0.9543816612650522,0.9543816612650522
2026-03-18,IDCBY,0.4610624160163779,0.15827830653627656,0.3027841094801013,0.3027841094801013
2026-03-18,ING,-1.265947938335954,0.17502532840808,-1.440973266744034,1.440973266744034
2026-03-18,ING,-1.265947938335954,-0.45187723048072403,-0.81407070785523,0.81407070785523
2026-03-18,JPM,0.2962511408086454,-0.4765448884154126,0.772796029224058,0.772796029224058
2026-03-18,JPM,0.2962511408086454,-0.6156082549368042,0.9118593957454495,0.9118593957454495
2026-03-18,JPM,0.2962511408086454,-0.14084744311877004,0.4370985839274154,0.4370985839274154
2026-03-18,JPM,0.2962511408086454,0.05733968506227077,0.23891145574637462,0.23891145574637462
2026-03-18,JPM,0.2962511408086454,-0.14084744311877004,0.4370985839274154,0.4370985839274154
2026-03-18,JPM,0.2962511408086454,-1.3230159163968127,1.6192670572054582,1.6192670572054582
2026-03-18,MFG,-0.7692307692307665,-0.15651630191780158,-0.612714467312965,0.612714467312965
2026-03-18,MS,0.6969393527082479,-0.06820659694194865,0.7651459496501966,0.7651459496501966
2026-03-18,MUFG,-0.7127721055673386,0.1636802327239384,-0.876452338291277,0.876452338291277
2026-03-18,RY,-1.1386836074438245,0.10090620156148279,-1.2395898090053072,1.2395898090053072
2026-03-18,SAN,0.5457390023927866,-0.11957918139359186,0.6653181837863784,0.6653181837863784
2026-03-18,SCBFF,0.1784892028273477,0.1505320397484399,0.027957163078907804,0.027957163078907804
2026-03-18,SCGLY,0.7255936675461649,0.8368778593937591,-0.1112841918475942,0.1112841918475942
2026-03-18,SMFG,-1.1230219499744676,0.19753661804735773,-1.3205585680218253,1.3205585680218253
2026-03-18,STT,-0.3866564198712785,0.15710023606376014,-0.5437566559350386,0.5437566559350386
2026-03-18,TD,-1.7807268799914344,0.17072919290756328,-1.9514560728989978,1.9514560728989978
2026-03-18,UBS,-1.5276148886378738,0.0535938583667949,-1.5812087470046687,1.5812087470046687
2026-03-18,WFC,-0.0525088823128183,0.2738584593847056,-0.3263673416975239,0.3263673416975239
2026-03-19,ACGBY,0.4126589008651704,0.11281704521452478,0.2998418556506456,0.2998418556506456
2026-03-19,BAC,0.384368994234463,0.14176604445332774,0.24260294978113528,0.24260294978113528
2026-03-19,BAC,0.384368994234463,0.0036741493722220013,0.38069484486224103,0.38069484486224103
2026-03-19,BACHY,0.4087193460490468,0.17459062154779023,0.23412872450125657,0.23412872450125657
2026-03-19,BCMXY,0.0,0.06308002103833471,-0.06308002103833471,0.06308002103833471
2026-03-19,BCS,-0.7633587786259555,-1.3879844939000305,0.6246257152740751,0.6246257152740751
2026-03-19,BCS,-0.7633587786259555,0.5354394889908061,-1.2987982676167615,1.2987982676167615
2026-03-19,BK,0.2092696838276619,0.09828934677713358,0.11098033705052832,0.11098033705052832
2026-03-19,BNPQY,-0.4240710823909532,0.2684197885063446,-0.6924908708972979,0.6924908708972979
2026-03-19,C,1.085814878918323,0.5036226076536332,0.5821922712646899,0.5821922712646899
2026-03-19,C,1.085814878918323,1.0858148789183208,2.220446049250313e-15,2.220446049250313e-15
2026-03-19,C,1.085814878918323,0.6097451839781299,0.47606969494019313,0.47606969494019313
2026-03-19,C,1.085814878918323,0.10027347709714102,0.9855414018211821,0.9855414018211821
2026-03-19,CICHY,2.2482893450635366,0.1844503025281376,2.063839042535399,2.063839042535399
2026-03-19,DB,0.5815942524803219,-0.41560691913888775,0.9972011716192097,0.9972011716192097
2026-03-19,GS,0.4990812931419786,0.0025940871597698867,0.4964872059822087,0.4964872059822087
2026-03-19,GS,0.4990812931419786,0.3382915324564124,0.16078976068556616,0.16078976068556616
2026-03-19,HSBC,-0.6004503377533221,0.061112226353976354,-0.6615625641072985,0.6615625641072985
2026-03-19,HSBC,-0.6004503377533221,0.09989256277270224,-0.7003429005260243,0.7003429005260243
2026-03-19,HSBC,-0.6004503377533221,-0.01802890461413123,-0.5824214331391909,0.5824214331391909
2026-03-19,HSBC,-0.6004503377533221,-0.2322685241490543,-0.3681818136042678,0.3681818136042678
2026-03-19,HSBC,-0.6004503377533221,-0.6004503377533247,2.55351295663786e-15,2.55351295663786e-15
2026-03-19,HSBC,-0.6004503377533221,-0.2322685241490543,-0.3681818136042678,0.3681818136042678
2026-03-19,HSBC,-0.6004503377533221,0.2930420176424139,-0.893492355395736,0.893492355395736
2026-03-19,HSBC,-0.6004503377533221,0.061112226353976354,-0.6615625641072985,0.6615625641072985
2026-03-19,IDCBY,0.1908186180068938,0.15827830653627656,0.03254031147061723,0.03254031147061723
2026-03-19,ING,0.7770785850760964,0.017744275608619214,0.7593343094674772,0.7593343094674772
2026-03-19,JPM,0.0799569371288111,-0.4765448884154126,0.5565018255442237,0.5565018255442237
2026-03-19,JPM,0.0799569371288111,-0.8388938641583947,0.9188508012872059,0.9188508012872059
2026-03-19,JPM,0.0799569371288111,0.07995693712881285,-1.7486012637846216e-15,1.7486012637846216e-15
2026-03-19,JPM,0.0799569371288111,-0.768676435941652,0.8486333730704632,0.8486333730704632
2026-03-19,MFG,0.2583979328165231,0.1563188060304614,0.10207912678606174,0.10207912678606174
2026-03-19,MS,-0.2391186768766595,-0.23911867687665328,-6.217248937900877e-15,6.217248937900877e-15
2026-03-19,MS,-0.2391186768766595,-0.46975879464628284,0.23064011776962334,0.23064011776962334
2026-03-19,MUFG,1.0762272021730857,0.006399179924477624,1.069828022248608,1.069828022248608
2026-03-19,RY,-1.2442628654138588,-0.05704614823275518,-1.1872167171811037,1.1872167171811037
2026-03-19,SAN,-1.084638408098626,-0.3019422540706214,-0.7826961540280046,0.7826961540280046
2026-03-19,SCBFF,-6.3653551814171205,0.1505320397484399,-6.515887221165561,6.515887221165561
2026-03-19,SCGLY,-2.357563850687616,0.059178410668335006,-2.4167422613559513,2.4167422613559513
2026-03-19,SMFG,0.8776458440887813,0.19753661804735773,0.6801092260414237,0.6801092260414237
2026-03-19,STT,-0.1156407670699022,-0.4319116627270253,0.3162708956571231,0.3162708956571231
2026-03-19,TD,-0.7951561833785536,0.17072919290756328,-0.9658853762861169,0.9658853762861169
2026-03-19,UBS,-0.0801315034810623,0.16478641757752335,-0.24491792105858565,0.24491792105858565
2026-03-19,UBS,-0.0801315034810623,0.9213025766763057,-1.001434080157368,1.001434080157368
2026-03-19,UBS,-0.0801315034810623,-0.5012883658917221,0.4211568624106598,0.4211568624106598
2026-03-19,WFC,0.2624183407715863,-0.328807789354647,0.5912261301262334,0.5912261301262334
2026-03-19,WFC,0.2624183407715863,-0.6257248982325636,0.8881432390041499,0.8881432390041499
2026-03-19,WFC,0.2624183407715863,0.26241834077158227,4.052314039881821e-15,4.052314039881821e-15
2026-03-20,ACGBY,0.575227894942687,0.11281704521452478,0.4624108497281622,0.4624108497281622
2026-03-20,BAC,0.3190810465858229,0.03619167958761328,0.28288936699820966,0.28288936699820966
2026-03-20,BAC,0.3190810465858229,0.23618434929533488,0.08289669729048804,0.08289669729048804
2026-03-20,BAC,0.3190810465858229,0.0036741493722220013,0.31540689721360093,0.31540689721360093
2026-03-20,BAC,0.3190810465858229,-1.7738170668127056,2.0928981133985287,2.0928981133985287
2026-03-20,BACHY,-0.2035278154681075,0.17459062154779023,-0.37811843701589776,0.37811843701589776
2026-03-20,BCMXY,0.0,0.06308002103833471,-0.06308002103833471,0.06308002103833471
2026-03-20,BCS,-3.5096153846153832,-0.09346710499961655,-3.4161482796157667,3.4161482796157667
2026-03-20,BK,0.0348636951847058,0.2731693808994293,-0.23830568571472352,0.23830568571472352
2026-03-20,BNPQY,-4.279050902453863,-0.4238663568175224,-3.855184545636341,3.855184545636341
2026-03-20,C,-0.3003673188649691,0.20670549877571648,-0.5070728176406856,0.5070728176406856
2026-03-20,C,-0.3003673188649691,0.5980409124956403,-0.8984082313606094,0.8984082313606094
2026-03-20,C,-0.3003673188649691,0.5036226076536332,-0.8039899265186023,0.8039899265186023
2026-03-20,C,-0.3003673188649691,0.9535547228672436,-1.2539220417322128,1.2539220417322128
2026-03-20,CICHY,-3.0114722753346146,0.1844503025281376,-3.1959225778627522,3.1959225778627522
2026-03-20,DB,-3.1632653061224536,-0.41560691913888775,-2.747658386983566,2.747658386983566
2026-03-20,GS,0.4978381717109403,0.29951119603768656,0.19832697567325375,0.19832697567325375
2026-03-20,GS,0.4978381717109403,0.8123793063643872,-0.31454113465344685,0.31454113465344685
2026-03-20,GS,0.4978381717109403,0.29951119603768656,0.19832697567325375,0.19832697567325375
2026-03-20,GS,0.4978381717109403,-0.41657803901847207,0.9144162107294124,0.9144162107294124
2026-03-20,HSBC,-3.1588220488295904,-0.5270099961161018,-2.6318120527134887,2.6318120527134887
2026-03-20,HSBC,-3.1588220488295904,0.061112226353976354,-3.219934275183567,3.219934275183567
2026-03-20,HSBC,-3.1588220488295904,-0.5270099961161018,-2.6318120527134887,2.6318120527134887
2026-03-20,HSBC,-3.1588220488295904,-0.0498786475373795,-3.108943401292211,3.108943401292211
2026-03-20,HSBC,-3.1588220488295904,-1.0542485816257365,-2.1045734672038536,2.1045734672038536
2026-03-20,HSBC,-3.1588220488295904,0.2051643153902723,-3.363986364219863,3.363986364219863
2026-03-20,HSBC,-3.1588220488295904,0.09989256277270224,-3.2587146116022927,3.2587146116022927
2026-03-20,HSBC,-3.1588220488295904,0.061112226353976354,-3.219934275183567,3.219934275183567
2026-03-20,HSBC,-3.1588220488295904,0.40237281782695145,-3.5611948666565416,3.5611948666565416
2026-03-20,HSBC,-3.1588220488295904,0.135098943811302,-3.2939209926408926,3.2939209926408926
2026-03-20,HSBC,-3.1588220488295904,0.27730896049209414,-3.4361310093216844,3.4361310093216844
2026-03-20,HSBC,-3.1588220488295904,-1.459669493026795,-1.6991525558027953,1.6991525558027953
2026-03-20,HSBC,-3.1588220488295904,0.061112226353976354,-3.219934275183567,3.219934275183567
2026-03-20,HSBC,-3.1588220488295904,-0.5270099961161018,-2.6318120527134887,2.6318120527134887
2026-03-20,HSBC,-3.1588220488295904,0.40237281782695145,-3.5611948666565416,3.5611948666565416
2026-03-20,HSBC,-3.1588220488295904,-0.5270099961161018,-2.6318120527134887,2.6318120527134887
2026-03-20,HSBC,-3.1588220488295904,0.061112226353976354,-3.219934275183567,3.219934275183567
2026-03-20,HSBC,-3.1588220488295904,0.061112226353976354,-3.219934275183567,3.219934275183567
2026-03-20,IDCBY,0.3098724378877149,0.15827830653627656,0.15159413135143834,0.15159413135143834
2026-03-20,ING,-3.083949076484638,0.017744275608619214,-3.101693352093257,3.101693352093257
2026-03-20,JPM,-0.4896547391346817,-0.08520947469548878,-0.40444526443919293,0.40444526443919293
2026-03-20,JPM,-0.4896547391346817,-0.48965473913467406,-7.66053886991358e-15,7.66053886991358e-15
2026-03-20,JPM,-0.4896547391346817,-0.17962777953749592,-0.3100269595971858,0.3100269595971858
2026-03-20,MFG,-2.1907216494845394,-0.15651630191780158,-2.0342053475667377,2.0342053475667377
2026-03-20,MS,1.8416955977235585,0.08907445585751213,1.7526211418660465,1.7526211418660465
2026-03-20,MS,1.8416955977235585,0.05029411943878624,1.7914014782847723,1.7914014782847723
2026-03-20,MS,1.8416955977235585,-0.1872323521714081,2.0289279498949666,2.0289279498949666
2026-03-20,MS,1.8416955977235585,0.05029411943878624,1.7914014782847723,1.7914014782847723
2026-03-20,MUFG,-2.662219636119323,0.006399179924477624,-2.6686188160438005,2.6686188160438005
2026-03-20,RY,-0.7047600029388534,-0.05704614823275518,-0.6477138547060982,0.6477138547060982
2026-03-20,SAN,-3.747640374578976,-1.408934466731783,-2.338705907847193,2.338705907847193
2026-03-20,SAN,-3.747640374578976,1.0051066590273585,-4.752747033606335,4.752747033606335
2026-03-20,SCBFF,1.1639676113360142,0.1505320397484399,1.0134355715875742,1.0134355715875742
2026-03-20,SCGLY,-6.3044936284372906,0.059178410668335006,-6.363672039105626,6.363672039105626
2026-03-20,SMFG,-2.354145342886393,0.19753661804735773,-2.5516819609337507,2.5516819609337507
2026-03-20,STT,0.8433821179353318,0.15710023606376014,0.6862818818715717,0.6862818818715717
2026-03-20,TD,-1.6885872785048717,0.17072919290756328,-1.859316471412435,1.859316471412435
2026-03-20,UBS,-1.6863082208898872,-0.06543189686266454,-1.6208763240272226,1.6208763240272226
2026-03-20,WFC,1.5840812473586707,-0.25345961413312557,1.8375408614917963,1.8375408614917963
2026-03-23,ACGBY,-3.197109200662862,0.11281704521452478,-3.309926245877387,3.309926245877387
2026-03-23,BAC,0.7633587786259666,0.023265328072592836,0.7400934505533737,0.7400934505533737
2026-03-23,BACHY,0.4758667573079522,0.17459062154779023,0.301276135760162,0.301276135760162
2026-03-23,BCMXY,0.0,0.06308002103833471,-0.06308002103833471,0.06308002103833471
2026-03-23,BCS,3.039362232187348,-0.10523032622353745,3.144592558410886,3.144592558410886
2026-03-23,BCS,3.039362232187348,0.17287938034232603,2.866482851845022,2.866482851845022
2026-03-23,BK,1.2353518695801036,0.2731693808994293,0.9621824886806742,0.9621824886806742
2026-03-23,BNPQY,2.944915254237279,0.2684197885063446,2.6764954657309348,2.6764954657309348
2026-03-23,C,1.9357016780974008,0.777179695267098,1.1585219828303028,1.1585219828303028
2026-03-23,CICHY,-0.7885657959585957,0.1844503025281376,-0.9730160984867333,0.9730160984867333
2026-03-23,DB,2.809975412715149,-0.41560691913888775,3.2255823318540364,3.2255823318540364
2026-03-23,GS,2.1806202598551927,0.18101047965695166,1.999609780198241,1.999609780198241
2026-03-23,HSBC,3.742690058479536,1.7980537325187986,1.9446363259607373,1.9446363259607373
2026-03-23,HSBC,3.742690058479536,0.061112226353976354,3.6815778321255594,3.6815778321255594
2026-03-23,IDCBY,-3.512841958742108,0.15827830653627656,-3.6711202652783843,3.6711202652783843
2026-03-23,ING,2.187553827604005,0.017744275608619214,2.169809551995386,2.169809551995386
2026-03-23,JPM,1.1690425741244237,-0.2981284959182308,1.4671710700426546,1.4671710700426546
2026-03-23,MFG,2.108036890645581,0.1563188060304614,1.9517180846151196,1.9517180846151196
2026-03-23,MS,1.7650549260336934,0.08907445585751213,1.6759804701761813,1.6759804701761813
2026-03-23,MUFG,1.2763072751363236,0.006399179924477624,1.269908095211846,1.269908095211846
2026-03-23,RY,1.6457399727048516,-0.05704614823275518,1.7027861209376067,1.7027861209376067
2026-03-23,SAN,5.887442558018807,-0.2446810154360245,6.132123573454832,6.132123573454832
2026-03-23,SCBFF,3.776888444222126,0.1505320397484399,3.6263564044736865,3.6263564044736865
2026-03-23,SCGLY,6.585540443808169,0.059178410668335006,6.526362033139834,6.526362033139834
2026-03-23,SMFG,2.358490566037741,0.19753661804735773,2.160953947990383,2.160953947990383
2026-03-23,STT,1.033009933105267,0.15710023606376014,0.8759096970415068,0.8759096970415068
2026-03-23,TD,1.7827833377525917,0.17072919290756328,1.6120541448450285,1.6120541448450285
2026-03-23,UBS,2.205218887669047,0.1720945747475298,2.033124312921517,2.033124312921517
2026-03-23,UBS,2.205218887669047,0.1720945747475298,2.033124312921517,2.033124312921517
2026-03-23,UBS,2.205218887669047,0.1720945747475298,2.033124312921517,2.033124312921517
2026-03-23,WFC,0.8762436996898382,-0.4473085057353819,1.32355220542522,1.32355220542522
2026-03-24,ACGBY,2.0067116997410483,0.11281704521452478,1.8938946545265236,1.8938946545265236
2026-03-24,BAC,1.3047138047137974,0.48302663592630285,0.8216871687874945,0.8216871687874945
2026-03-24,BAC,1.3047138047137974,0.14176604445332774,1.1629477602604696,1.1629477602604696
2026-03-24,BAC,1.3047138047137974,0.03619167958761328,1.268522125126184,1.268522125126184
2026-03-24,BACHY,0.6765899864682012,0.17459062154779023,0.501999364920411,0.501999364920411
2026-03-24,BCMXY,0.0,0.06308002103833471,-0.06308002103833471,0.06308002103833471
2026-03-24,BCS,0.0,-0.22373104260427235,0.22373104260427235,0.22373104260427235
2026-03-24,BK,1.3235559305918132,0.2731693808994293,1.0503865496923839,1.0503865496923839
2026-03-24,BNPQY,-1.2142416135007328,0.2684197885063446,-1.4826614020070774,1.4826614020070774
2026-03-24,C,1.8810343213840897,0.542402944072359,1.3386313773117307,1.3386313773117307
2026-03-24,C,1.8810343213840897,0.6097451839781299,1.2712891374059598,1.2712891374059598
2026-03-24,C,1.8810343213840897,0.6097451839781299,1.2712891374059598,1.2712891374059598
2026-03-24,CICHY,0.5961251862891315,0.1844503025281376,0.41167488376099387,0.41167488376099387
2026-03-24,DB,-1.0932695592757111,-0.7040754901359966,-0.38919406913971455,0.38919406913971455
2026-03-24,GS,0.5353254658534645,0.29951119603768656,0.23581426981577797,0.23581426981577797
2026-03-24,GS,0.5353254658534645,0.3382915324564124,0.1970339333970521,0.1970339333970521
2026-03-24,HSBC,-0.7014906676688026,0.09989256277270224,-0.8013832304415048,0.8013832304415048
2026-03-24,HSBC,-0.7014906676688026,-0.23580488252394033,-0.4656857851448623,0.4656857851448623
2026-03-24,HSBC,-0.7014906676688026,0.061112226353976354,-0.762602894022779,0.762602894022779
2026-03-24,HSBC,-0.7014906676688026,0.038902087181841655,-0.7403927548506443,0.7403927548506443
2026-03-24,IDCBY,2.2816286500680016,0.15827830653627656,2.123350343531725,2.123350343531725
2026-03-24,ING,-2.1017947730045505,-0.6215980420063804,-1.4801967309981703,1.4801967309981703
2026-03-24,JPM,0.8589017886333261,-0.17962777953749592,1.038529568170822,1.038529568170822
2026-03-24,JPM,0.8589017886333261,-0.47300853004052656,1.3319103186738528,1.3319103186738528
2026-03-24,JPM,0.8589017886333261,0.9065664453117206,-0.04766465667839448,0.04766465667839448
2026-03-24,JPM,0.8589017886333261,-0.14084744311877004,0.9997492317520962,0.9997492317520962
2026-03-24,JPM,0.8589017886333261,-0.17302666187579818,1.0319284505091244,1.0319284505091244
2026-03-24,MFG,0.774193548387081,0.1563188060304614,0.6178747423566195,0.6178747423566195
2026-03-24,MS,0.9432721270030696,0.05029411943878624,0.8929780075642834,0.8929780075642834
2026-03-24,MS,0.9432721270030696,-0.4085469386440133,1.351819065647083,1.351819065647083
2026-03-24,MS,0.9432721270030696,-0.028847011529321342,0.972119138532391,0.972119138532391
2026-03-24,MUFG,0.3602375620679554,0.006399179924477624,0.35383838214347774,0.35383838214347774
2026-03-24,RY,0.1791872737216371,-0.36988125618101814,0.5490685299026552,0.5490685299026552
2026-03-24,SAN,-2.242559604873706,0.2150802924176855,-2.4576398972913918,2.4576398972913918
2026-03-24,SAN,-2.242559604873706,-0.7585566227486494,-1.4840029821250567,1.4840029821250567
2026-03-24,SCBFF,1.4702337912749996,0.1505320397484399,1.3197017515265597,1.3197017515265597
2026-03-24,SCGLY,-1.074546675621224,0.059178410668335006,-1.1337250862895591,1.1337250862895591
2026-03-24,SMFG,0.3072196620583556,0.19753661804735773,0.10968304401099788,0.10968304401099788
2026-03-24,STT,2.475082120149885,-0.021316156433421635,2.4963982765833066,2.4963982765833066
2026-03-24,TD,-0.1067878076742911,0.17072919290756328,-0.27751700058185436,0.27751700058185436
2026-03-24,UBS,-1.4650292595862369,0.1720945747475298,-1.6371238343337666,1.6371238343337666
2026-03-24,UBS,-1.4650292595862369,1.073080319798147,-2.538109579384384,2.538109579384384
2026-03-24,UBS,-1.4650292595862369,-0.11191861973816447,-1.3531106398480723,1.3531106398480723
2026-03-24,WFC,1.6989786085951142,-0.4473085057353819,2.1462871143304962,2.1462871143304962
2026-03-25,ACGBY,2.393156179189848,0.11281704521452478,2.2803391339753234,2.2803391339753234
2026-03-25,BAC,1.267137515579564,-0.2942144309459805,1.5613519465255445,1.5613519465255445
2026-03-25,BAC,1.267137515579564,0.1805463808720536,1.0865911347075106,1.0865911347075106
2026-03-25,BACHY,2.5537634408602017,0.1549994428474194,2.3987639980127824,2.3987639980127824
2026-03-25,BCMXY,0.0,0.06308002103833471,-0.06308002103833471,0.06308002103833471
2026-03-25,BCS,2.2243713733075543,-0.22373104260427235,2.4481024159118268,2.4481024159118268
2026-03-25,BK,0.0762982409679091,0.2734521664691905,-0.1971539255012814,0.1971539255012814
2026-03-25,BNPQY,1.791666666666658,0.2684197885063446,1.5232468781603135,1.5232468781603135
2026-03-25,C,0.650592511781789,-1.5245719800516127,2.1751644918334017,2.1751644918334017
2026-03-25,CICHY,2.0246913580246995,0.1844503025281376,1.8402410554965618,1.8402410554965618
2026-03-25,DB,2.694300518134729,-0.41560691913888775,3.1099074372736166,3.1099074372736166
2026-03-25,GS,0.7323026851098424,0.3382915324564124,0.39401115265343,0.39401115265343
2026-03-25,GS,0.7323026851098424,0.3382915324564124,0.39401115265343,0.39401115265343
2026-03-25,GS,0.7323026851098424,1.0329996209852637,-0.30069693587542123,0.30069693587542123
2026-03-25,GS,0.7323026851098424,-0.5505853511275673,1.2828880362374098,1.2828880362374098
2026-03-25,GS,0.7323026851098424,0.058702960022633824,0.6735997250872086,0.6735997250872086
2026-03-25,HSBC,2.4599470165258097,0.061112226353976354,2.398834790171833,2.398834790171833
2026-03-25,HSBC,2.4599470165258097,0.2051643153902723,2.2547827011355372,2.2547827011355372
2026-03-25,HSBC,2.4599470165258097,-0.024063180497528702,2.4840101970233386,2.4840101970233386
2026-03-25,HSBC,2.4599470165258097,0.0677133440156741,2.3922336725101356,2.3922336725101356
2026-03-25,HSBC,2.4599470165258097,-0.23580488252394033,2.69575189904975,2.69575189904975
2026-03-25,HSBC,2.4599470165258097,-0.7496746353506255,3.2096216518764353,3.2096216518764353
2026-03-25,HSBC,2.4599470165258097,0.061112226353976354,2.398834790171833,2.398834790171833
2026-03-25,HSBC,2.4599470165258097,-0.5270099961161018,2.9869570126419114,2.9869570126419114
2026-03-25,HSBC,2.4599470165258097,-0.2322685241490543,2.692215540674864,2.692215540674864
2026-03-25,IDCBY,1.0522669207119195,0.15827830653627656,0.893988614175643,0.893988614175643
2026-03-25,ING,2.3855106567020945,0.017744275608619214,2.3677663810934755,2.3677663810934755
2026-03-25,JPM,1.032842870180528,0.24137504113363167,0.7914678290468962,0.7914678290468962
2026-03-25,JPM,1.032842870180528,1.0266616362258565,0.006181233954671406,0.006181233954671406
2026-03-25,JPM,1.032842870180528,-0.3177196746186017,1.3505625447991296,1.3505625447991296
2026-03-25,JPM,1.032842870180528,0.03656895460062187,0.9962739155799061,0.9962739155799061
2026-03-25,JPM,1.032842870180528,-0.35538973455282774,1.3882326047333557,1.3882326047333557
2026-03-25,MFG,1.9206145966709445,0.1563188060304614,1.764295790640483,1.764295790640483
2026-03-25,MS,-0.1326800150802998,0.05029411943878624,-0.18297413451908606,0.18297413451908606
2026-03-25,MUFG,1.4351717112922158,0.006399179924477624,1.4287725313677382,1.4287725313677382
2026-03-25,RY,0.2406006445414332,-0.5554710397937936,0.7960716843352269,0.7960716843352269
2026-03-25,SAN,2.660858904822039,0.2150802924176855,2.4457786124043532,2.4457786124043532
2026-03-25,SAN,2.660858904822039,0.476485949684063,2.1843729551379756,2.1843729551379756
2026-03-25,SCBFF,1.6152019002375395,0.1505320397484399,1.4646698604890995,1.4646698604890995
2026-03-25,SCGLY,2.308214528173802,0.059178410668335006,2.249036117505467,2.249036117505467
2026-03-25,SMFG,1.7355793772332762,0.25360709808404364,1.4819722791492325,1.4819722791492325
2026-03-25,SMFG,1.7355793772332762,0.3548176708468185,1.3807617063864577,1.3807617063864577
2026-03-25,SMFG,1.7355793772332762,-0.23643510699303683,1.972014484226313,1.972014484226313
2026-03-25,STT,0.5067684720974519,0.15710023606376014,0.3496682360336918,0.3496682360336918
2026-03-25,TD,0.8233175602643694,0.17072919290756328,0.6525883673568061,0.6525883673568061
2026-03-25,UBS,3.0008072054878987,0.1720945747475298,2.8287126307403687,2.8287126307403687
2026-03-25,UBS,3.0008072054878987,0.5540989965630589,2.4467082089248398,2.4467082089248398
2026-03-25,UBS,3.0008072054878987,0.9830329874714777,2.017774218016421,2.017774218016421
2026-03-25,WFC,0.816474517859378,-0.328807789354647,1.145282307214025,1.145282307214025
2026-03-26,ACGBY,-1.3733402759698143,0.11281704521452478,-1.486157321184339,1.486157321184339
2026-03-26,BAC,-1.046153846153841,0.41532313206679256,-1.4614769782206336,1.4614769782206336
2026-03-26,BAC,-1.046153846153841,-0.9610373316131959,-0.08511651454064517,0.08511651454064517
2026-03-26,BAC,-1.046153846153841,-0.6611640195747245,-0.3849898265791166,0.3849898265791166
2026-03-26,BAC,-1.046153846153841,0.14176604445332774,-1.1879198906071688,1.1879198906071688
2026-03-26,BACHY,0.4587155963302836,0.17459062154779023,0.2841249747824933,0.2841249747824933
2026-03-26,BCMXY,0.0,0.06308002103833471,-0.06308002103833471,0.06308002103833471
2026-03-26,BCS,-2.270577105014193,-0.10523032622353745,-2.1653467787906555,2.1653467787906555
2026-03-26,BCS,-2.270577105014193,-1.2080337022900611,-1.062543402724132,1.062543402724132
2026-03-26,BCS,-2.270577105014193,0.11096640791458035,-2.3815435129287734,2.3815435129287734
2026-03-26,BCS,-2.270577105014193,-0.10523032622353745,-2.1653467787906555,2.1653467787906555
2026-03-26,BCS,-2.270577105014193,-1.2477906226996867,-1.0227864823145065,1.0227864823145065
2026-03-26,BCS,-2.270577105014193,0.26216856546773165,-2.532745670481925,2.532745670481925
2026-03-26,BCS,-2.270577105014193,-1.2477906226996867,-1.0227864823145065,1.0227864823145065
2026-03-26,BK,-1.1356877560658063,0.6697798038460276,-1.805467559911834,1.805467559911834
2026-03-26,BNPQY,-3.540728612361843,0.42570084130580543,-3.9664294536676485,3.9664294536676485
2026-03-26,C,-1.808128768397688,0.7817323142194966,-2.5898610826171846,2.5898610826171846
2026-03-26,C,-1.808128768397688,0.2102418571506025,-2.0183706255482905,2.0183706255482905
2026-03-26,CICHY,-1.3552758954501476,0.1844503025281376,-1.5397261979782852,1.5397261979782852
2026-03-26,DB,-2.5227043390514625,-0.5346326743683472,-1.9880716646831154,1.9880716646831154
2026-03-26,DB,-2.5227043390514625,-0.39843898913136844,-2.124265349920094,2.124265349920094
2026-03-26,GS,-2.280718426304296,0.29951119603768656,-2.5802296223419825,2.5802296223419825
2026-03-26,GS,-2.280718426304296,-0.8032921800288371,-1.477426246275459,1.477426246275459
2026-03-26,GS,-2.280718426304296,1.385705420886903,-3.666423847191199,3.666423847191199
2026-03-26,HSBC,-1.9576459000246291,0.061112226353976354,-2.0187581263786054,2.0187581263786054
2026-03-26,HSBC,-1.9576459000246291,-0.38137882820468033,-1.5762670718199487,1.5762670718199487
2026-03-26,HSBC,-1.9576459000246291,0.09989256277270224,-2.057538462797331,2.057538462797331
2026-03-26,HSBC,-1.9576459000246291,0.09989256277270224,-2.057538462797331,2.057538462797331
2026-03-26,HSBC,-1.9576459000246291,0.0677133440156741,-2.0253592440403034,2.0253592440403034
2026-03-26,HSBC,-1.9576459000246291,0.6242388348968664,-2.5818847349214957,2.5818847349214957
2026-03-26,HSBC,-1.9576459000246291,-0.01802890461413123,-1.9396169954104978,1.9396169954104978
2026-03-26,HSBC,-1.9576459000246291,0.09989256277270224,-2.057538462797331,2.057538462797331
2026-03-26,IDCBY,-0.2381360497575868,0.15827830653627656,-0.39641435629386335,0.39641435629386335
2026-03-26,ING,-2.4464464464464486,0.017744275608619214,-2.4641907220550676,2.4641907220550676
2026-03-26,JPM,-1.2727944523717838,-1.4993808179383807,0.22658636556659695,0.22658636556659695
2026-03-26,JPM,-1.2727944523717838,-1.2727944523717862,2.4424906541753444e-15,2.4424906541753444e-15
2026-03-26,JPM,-1.2727944523717838,0.24137504113363167,-1.5141694935054155,1.5141694935054155
2026-03-26,JPM,-1.2727944523717838,-0.7136257356444698,-0.5591687167273139,0.5591687167273139
2026-03-26,JPM,-1.2727944523717838,0.6304998981485481,-1.903294350520332,1.903294350520332
2026-03-26,JPM,-1.2727944523717838,-1.2727944523717871,3.3306690738754696e-15,3.3306690738754696e-15
2026-03-26,JPM,-1.2727944523717838,-0.4384923239880887,-0.8343021283836951,0.8343021283836951
2026-03-26,JPM,-1.2727944523717838,-0.43170897386910245,-0.8410854785026813,0.8410854785026813
2026-03-26,JPM,-1.2727944523717838,-0.5996754101783199,-0.6731190421934639,0.6731190421934639
2026-03-26,JPM,-1.2727944523717838,-0.17962777953749592,-1.093166672834288,1.093166672834288
2026-03-26,MFG,-2.2613065326633097,0.1563188060304614,-2.417625338693771,2.417625338693771
2026-03-26,MS,-1.4608729428972955,1.7872356256036084,-3.248108568500904,3.248108568500904
2026-03-26,MS,-1.4608729428972955,0.05029411943878624,-1.5111670623360818,1.5111670623360818
2026-03-26,MS,-1.4608729428972955,0.05029411943878624,-1.5111670623360818,1.5111670623360818
2026-03-26,MS,-1.4608729428972955,-0.2466229894391304,-1.214249953458165,1.214249953458165
2026-03-26,MUFG,-2.0042440001195483,0.006399179924477624,-2.010643180044026,2.010643180044026
2026-03-26,RY,-1.4215516498958358,-0.05704614823275518,-1.3645055016630807,1.3645055016630807
2026-03-26,SAN,-3.753494305074312,-0.2446810154360245,-3.5088132896382875,3.5088132896382875
2026-03-26,SCBFF,-5.656848994857411,0.1505320397484399,-5.807381034605851,5.807381034605851
2026-03-26,SCGLY,-3.715992037159921,0.059178410668335006,-3.775170447828256,3.775170447828256
2026-03-26,SMFG,-2.709483191169093,0.19753661804735773,-2.9070198092164508,2.9070198092164508
2026-03-26,STT,-0.9927219426765777,0.15710023606376014,-1.1498221787403378,1.1498221787403378
2026-03-26,TD,-1.5483228284093653,-0.007687199589618499,-1.540635628819747,1.540635628819747
2026-03-26,UBS,-2.204830860630025,0.0535938583667949,-2.2584247189968196,2.2584247189968196
2026-03-26,WFC,-1.5449158372356164,-0.328807789354647,-1.2161080478809694,1.2161080478809694
2026-03-27,ACGBY,0.4679541404942533,0.11281704521452478,0.35513709527972853,0.35513709527972853
2026-03-27,BAC,-2.632669983416258,-0.20133026496045608,-2.431339718455802,2.431339718455802
2026-03-27,BAC,-2.632669983416258,0.14176604445332774,-2.774436027869586,2.774436027869586
2026-03-27,BAC,-2.632669983416258,-1.2115155991623816,-1.4211543842538765,1.4211543842538765
2026-03-27,BACHY,0.0652315720808927,0.17459062154779023,-0.10935904946689753,0.10935904946689753
2026-03-27,BCMXY,0.0,0.06308002103833471,-0.06308002103833471,0.06308002103833471
2026-03-27,BCS,-2.0329138431752214,-0.39545121155390084,-1.6374626316213206,1.6374626316213206
2026-03-27,BCS,-2.0329138431752214,-0.863511285013285,-1.1694025581619365,1.1694025581619365
2026-03-27,BK,-1.7059303478476395,0.2731693808994293,-1.9790997287470689,1.9790997287470689
2026-03-27,BNPQY,-1.761086356885222,0.2684197885063446,-2.029506145391567,2.029506145391567
2026-03-27,C,-4.474762425724521,0.5036226076536332,-4.978385033378154,4.978385033378154
2026-03-27,C,-4.474762425724521,-2.9778054460379013,-1.4969569796866193,1.4969569796866193
2026-03-27,CICHY,2.3552502453385804,0.1844503025281376,2.1707999428104428,2.1707999428104428
2026-03-27,DB,-2.104899930986881,-0.41560691913888775,-1.6892930118479932,1.6892930118479932
2026-03-27,GS,-2.400807157444329,0.36707119996708715,-2.767878357411416,2.767878357411416
2026-03-27,GS,-2.400807157444329,0.16141930095658083,-2.56222645840091,2.56222645840091
2026-03-27,GS,-2.400807157444329,0.29951119603768656,-2.7003183534820154,2.7003183534820154
2026-03-27,GS,-2.400807157444329,-2.5583566713914103,0.15754951394708128,0.15754951394708128
2026-03-27,HSBC,-0.5525555695089723,-0.7889843208112775,0.23642875130230512,0.23642875130230512
2026-03-27,HSBC,-0.5525555695089723,0.9620979714045936,-1.514653540913566,1.514653540913566
2026-03-27,HSBC,-0.5525555695089723,-0.23580488252394033,-0.316750686985032,0.316750686985032
2026-03-27,HSBC,-0.5525555695089723,0.061112226353976354,-0.6136677958629487,0.6136677958629487
2026-03-27,IDCBY,0.8228861766167883,0.15827830653627656,0.6646078700805118,0.6646078700805118
2026-03-27,ING,-1.3138236742735176,-1.0337365112802435,-0.2800871629932742,0.2800871629932742
2026-03-27,ING,-1.3138236742735176,-0.10128147962084023,-1.2125421946526773,1.2125421946526773
2026-03-27,ING,-1.3138236742735176,-0.267104138567138,-1.0467195357063797,1.0467195357063797
2026-03-27,JPM,-3.0240623724925757,-0.36286040361810235,-2.6612019688744732,2.6612019688744732
2026-03-27,JPM,-3.0240623724925757,-0.3177196746186017,-2.706342697873974,2.706342697873974
2026-03-27,JPM,-3.0240623724925757,-0.17962777953749592,-2.84443459295508,2.84443459295508
2026-03-27,MFG,-1.9280205655527016,0.1563188060304614,-2.084339371583163,2.084339371583163
2026-03-27,MS,-2.9651232619373857,-2.965123261937385,-8.881784197001252e-16,8.881784197001252e-16
2026-03-27,MS,-2.9651232619373857,-2.8075737479903107,-0.15754951394707506,0.15754951394707506
2026-03-27,MS,-2.9651232619373857,-1.4935096231656237,-1.471613638771762,1.471613638771762
2026-03-27,MUFG,-1.7451293750228802,0.1636802327239384,-1.9088096077468186,1.9088096077468186
2026-03-27,RY,-1.236025887030523,0.4842015332981701,-1.7202274203286931,1.7202274203286931
2026-03-27,RY,-1.236025887030523,-0.23546254072993694,-1.000563346300586,1.000563346300586
2026-03-27,SAN,-1.1138474264014708,-0.2446810154360245,-0.8691664109654463,0.8691664109654463
2026-03-27,SCBFF,-0.7433102081268461,0.1505320397484399,-0.893842247875286,0.893842247875286
2026-03-27,SCGLY,-1.791867677463821,0.059178410668335006,-1.851046088132156,1.851046088132156
2026-03-27,SMFG,-1.7534811758638469,0.19753661804735773,-1.9510177939112046,1.9510177939112046
2026-03-27,STT,-2.498838383029167,0.15710023606376014,-2.6559386190929275,2.6559386190929275
2026-03-27,TD,-1.5833122536252575,0.2544431031391526,-1.83775535676441,1.83775535676441
2026-03-27,UBS,-2.281251549014973,0.0535938583667949,-2.334845407381768,2.334845407381768
2026-03-27,WFC,-2.315873072439134,-0.4473085057353819,-1.8685645667037523,1.8685645667037523
2026-03-30,ACGBY,0.3260421705092886,0.11281704521452478,0.21322512529476378,0.21322512529476378
2026-03-30,BAC,0.5535448158398903,-0.9182838318273315,1.471828647667222,1.471828647667222
2026-03-30,BACHY,-1.3689700130378069,0.17459062154779023,-1.543560634585597,1.543560634585597
2026-03-30,BCMXY,0.0,0.06308002103833471,-0.06308002103833471,0.06308002103833471
2026-03-30,BCS,-0.1482213438735113,-0.10523032622353745,-0.042991017649973845,0.042991017649973845
2026-03-30,BK,0.4534760219846889,0.2731693808994293,0.18030664108525957,0.18030664108525957
2026-03-30,BNPQY,-0.1079913606911397,0.2684197885063446,-0.3764111491974843,0.3764111491974843
2026-03-30,C,-0.1023631477697128,0.5036226076536332,-0.605985755423346,0.605985755423346
2026-03-30,CICHY,0.3355704697986628,0.1844503025281376,0.15112016727052519,0.15112016727052519
2026-03-30,DB,0.0704970038773344,-0.29710620275815286,0.3676032066354873,0.3676032066354873
2026-03-30,DB,0.0704970038773344,-0.29710620275815286,0.3676032066354873,0.3676032066354873
2026-03-30,GS,0.5866307962485662,0.18101047965695166,0.4056203165916145,0.4056203165916145
2026-03-30,HSBC,0.2020457128425246,0.061112226353976354,0.14093348648854825,0.14093348648854825
2026-03-30,HSBC,0.2020457128425246,0.15553053119598348,0.046515181646541115,0.046515181646541115
2026-03-30,IDCBY,1.763195053072364,0.15827830653627656,1.6049167465360874,1.6049167465360874
2026-03-30,ING,-0.0806857456569054,0.017744275608619214,-0.09843002126552461,0.09843002126552461
2026-03-30,JPM,0.3288155107958657,-0.17962777953749592,0.5084432903333616,0.5084432903333616
2026-03-30,JPM,0.3288155107958657,-1.4623819472139892,1.7911974580098549,1.7911974580098549
2026-03-30,JPM,0.3288155107958657,-0.8451912566346025,1.1740067674304682,1.1740067674304682
2026-03-30,JPM,0.3288155107958657,-0.14084744311877004,0.46966295391463575,0.46966295391463575
2026-03-30,MFG,0.0,0.1563188060304614,-0.1563188060304614,0.1563188060304614
2026-03-30,MS,-0.0126314399714444,0.05029411943878624,-0.06292555941023065,0.06292555941023065
2026-03-30,MS,-0.0126314399714444,0.05029411943878624,-0.06292555941023065,0.06292555941023065
2026-03-30,MUFG,-0.0614597624797541,0.006399179924477624,-0.06785894240423172,0.06785894240423172
2026-03-30,RY,-0.2275676291411232,-0.05704614823275518,-0.170521480908368,0.170521480908368
2026-03-30,SAN,0.4695683583167742,-0.2446810154360245,0.7142493737527986,0.7142493737527986
2026-03-30,SCBFF,-0.9610584123814436,0.1505320397484399,-1.1115904521298836,1.1115904521298836
2026-03-30,SCGLY,-1.4035087719298178,0.059178410668335006,-1.462687182598153,1.462687182598153
2026-03-30,SMFG,-0.157480314960634,0.19753661804735773,-0.35501693300799175,0.35501693300799175
2026-03-30,STT,0.7345522189392995,0.15710023606376014,0.5774519828755393,0.5774519828755393
2026-03-30,TD,0.1970165125429801,0.17072919290756328,0.026287319635416834,0.026287319635416834
2026-03-30,UBS,0.7141045512188304,0.0535938583667949,0.6605106928520356,0.6605106928520356
2026-03-30,WFC,-0.5052689729932558,-0.328807789354647,-0.1764611836386088,0.1764611836386088
2026-03-31,ACGBY,3.0938818753757147,0.11281704521452478,2.98106483016119,2.98106483016119
2026-03-31,BAC,3.2182934575481825,0.1805463808720536,3.037747076676129,3.037747076676129
2026-03-31,BAC,3.2182934575481825,-0.1656203894250522,3.383913846973235,3.383913846973235
2026-03-31,BAC,3.2182934575481825,1.4952243388846365,1.723069118663546,1.723069118663546
2026-03-31,BACHY,5.750165234633164,0.17459062154779023,5.575574613085374,5.575574613085374
2026-03-31,BCMXY,0.0,0.06308002103833471,-0.06308002103833471,0.06308002103833471
2026-03-31,BCS,4.700643245917857,-0.22373104260427235,4.924374288522129,4.924374288522129
2026-03-31,BK,2.995347118229219,0.2731693808994293,2.7221777373297895,2.7221777373297895
2026-03-31,BNPQY,2.897297297297308,0.2684197885063446,2.6288775087909633,2.6288775087909633
2026-03-31,C,5.723879548541189,0.5036226076536332,5.220256940887555,5.220256940887555
2026-03-31,C,5.723879548541189,0.542402944072359,5.18147660446883,5.18147660446883
2026-03-31,CICHY,4.1089345437171465,0.1844503025281376,3.924484241189009,3.924484241189009
2026-03-31,DB,4.896090172595979,-0.29710620275815286,5.193196375354132,5.193196375354132
2026-03-31,DB,4.896090172595979,-0.29710620275815286,5.193196375354132,5.193196375354132
2026-03-31,GS,4.753590886577519,0.18101047965695166,4.572580406920567,4.572580406920567
2026-03-31,HSBC,3.957151858853192,-0.5270099961161018,4.484161854969294,4.484161854969294
2026-03-31,HSBC,3.957151858853192,0.09989256277270224,3.85725929608049,3.85725929608049
2026-03-31,IDCBY,1.7320470571348334,0.15827830653627656,1.573768750598557,1.573768750598557
2026-03-31,ING,5.167641366105436,0.36817478327779163,4.799466582827645,4.799466582827645
2026-03-31,JPM,3.661398232489499,-0.17962777953749592,3.841026012026995,3.841026012026995
2026-03-31,JPM,3.661398232489499,-0.17962777953749592,3.841026012026995,3.841026012026995
2026-03-31,JPM,3.661398232489499,-0.14084744311877004,3.802245675608269,3.802245675608269
2026-03-31,JPM,3.661398232489499,-0.17962777953749592,3.841026012026995,3.841026012026995
2026-03-31,JPM,3.661398232489499,-0.17962777953749592,3.841026012026995,3.841026012026995
2026-03-31,JPM,3.661398232489499,-0.17962777953749592,3.841026012026995,3.841026012026995
2026-03-31,JPM,3.661398232489499,-0.4870142134158758,4.148412445905374,4.148412445905374
2026-03-31,JPM,3.661398232489499,0.33057794663992185,3.330820285849577,3.330820285849577
2026-03-31,JPM,3.661398232489499,-0.14084744311877004,3.802245675608269,3.802245675608269
2026-03-31,MFG,4.062909567496731,0.1563188060304614,3.9065907614662696,3.9065907614662696
2026-03-31,MS,3.914844451780208,0.5002262346523968,3.414618217127811,3.414618217127811
2026-03-31,MS,3.914844451780208,0.08907445585751213,3.8257699959226956,3.8257699959226956
2026-03-31,MS,3.914844451780208,-0.028847011529321342,3.9436914633095292,3.9436914633095292
2026-03-31,MUFG,5.4155122932998845,0.34109663044333033,5.074415662856554,5.074415662856554
2026-03-31,RY,2.489691132620031,-0.044119796717734736,2.5338109293377657,2.5338109293377657
2026-03-31,RY,2.489691132620031,1.3897080263596662,1.0999831062603649,1.0999831062603649
2026-03-31,RY,2.489691132620031,0.6245811766908697,1.8651099559291615,1.8651099559291615
2026-03-31,RY,2.489691132620031,0.4842015332981701,2.005489599321861,2.005489599321861
2026-03-31,SAN,5.420210602003839,0.2558241227602396,5.164386479243599,5.164386479243599
2026-03-31,SCBFF,6.0491493383743045,0.1505320397484399,5.898617298625864,5.898617298625864
2026-03-31,SCGLY,4.412811387900351,0.059178410668335006,4.353632977232016,4.353632977232016
2026-03-31,SMFG,3.83806519453207,0.19753661804735773,3.640528576484712,3.640528576484712
2026-03-31,STT,2.544192207554929,0.15710023606376014,2.3870919714911687,2.3870919714911687
2026-03-31,TD,1.9224735194740996,1.6174833674999847,0.30499015197411494,0.30499015197411494
2026-03-31,UBS,6.545060774964751,-0.12482253413038688,6.669883309095138,6.669883309095138
2026-03-31,UBS,6.545060774964751,0.6823003009249475,5.862760474039804,5.862760474039804
2026-03-31,WFC,3.658820848731192,-0.4473085057353819,4.106129354466574,4.106129354466574
2026-04-01,ACGBY,0.2193906712777193,0.11281704521452478,0.10657362606319452,0.10657362606319452
2026-04-01,BAC,1.0666666666666824,0.32470869977827876,0.7419579668884037,0.7419579668884037
2026-04-01,BAC,1.0666666666666824,1.066666666666677,5.329070518200751e-15,5.329070518200751e-15
2026-04-01,BACHY,-0.4375000000000018,0.17459062154779023,-0.612090621547792,0.612090621547792
2026-04-01,BCMXY,0.0,0.06308002103833471,-0.06308002103833471,0.06308002103833471
2026-04-01,BCS,3.1663516068052733,-0.10523032622353745,3.271581933028811,3.271581933028811
2026-04-01,BCS,3.1663516068052733,-0.06644998980481157,3.2328015966100847,3.2328015966100847
2026-04-01,BK,1.9724782288572216,0.2731693808994293,1.6993088479577922,1.6993088479577922
2026-04-01,BNPQY,4.244589199411641,0.2684197885063446,3.976169410905297,3.976169410905297
2026-04-01,C,1.666517535598766,0.5036226076536332,1.1628949279451328,1.1628949279451328
2026-04-01,C,1.666517535598766,0.5036226076536332,1.1628949279451328,1.1628949279451328
2026-04-01,C,1.666517535598766,1.1941845578556876,0.4723329777430785,0.4723329777430785
2026-04-01,CICHY,-1.5144561725562111,0.1844503025281376,-1.6989064750843488,1.6989064750843488
2026-04-01,DB,2.3505708529214298,-0.41560691913888775,2.7661777720603173,2.7661777720603173
2026-04-01,GS,1.6808709322805315,0.29951119603768656,1.381359736242845,1.381359736242845
2026-04-01,HSBC,3.6004364165353357,0.91681627661416,2.683620139921176,2.683620139921176
2026-04-01,HSBC,3.6004364165353357,-0.5270099961161018,4.127446412651437,4.127446412651437
2026-04-01,HSBC,3.6004364165353357,-1.0814480701221727,4.681884486657508,4.681884486657508
2026-04-01,IDCBY,0.3315755127956343,0.15827830653627656,0.17329720625935774,0.17329720625935774
2026-04-01,ING,2.9173592970790807,0.017744275608619214,2.8996150214704617,2.8996150214704617
2026-04-01,JPM,0.4147724457701951,-0.767750002007574,1.1825224477777692,1.1825224477777692
2026-04-01,JPM,0.4147724457701951,-0.14084744311877004,0.5556198888889652,0.5556198888889652
2026-04-01,JPM,0.4147724457701951,0.24137504113363167,0.17339740463656345,0.17339740463656345
2026-04-01,JPM,0.4147724457701951,-0.17962777953749592,0.594400225307691,0.594400225307691
2026-04-01,JPM,0.4147724457701951,0.24137504113363167,0.17339740463656345,0.17339740463656345
2026-04-01,JPM,0.4147724457701951,-0.17962777953749592,0.594400225307691,0.594400225307691
2026-04-01,JPM,0.4147724457701951,-0.4765448884154126,0.8913173341856078,0.8913173341856078
2026-04-01,JPM,0.4147724457701951,0.18777111215377318,0.22700133361642194,0.22700133361642194
2026-04-01,JPM,0.4147724457701951,-2.7614131005076947,3.17618554627789,3.17618554627789
2026-04-01,JPM,0.4147724457701951,0.4147724457701922,2.942091015256665e-15,2.942091015256665e-15
2026-04-01,MFG,5.541561712846344,3.0756589052036585,2.465902807642686,2.465902807642686
2026-04-01,MS,0.9722628646902098,-0.2570923144395937,1.2293551791298034,1.2293551791298034
2026-04-01,MS,0.9722628646902098,0.5002262346523968,0.47203663003781304,0.47203663003781304
2026-04-01,MS,0.9722628646902098,0.41769301113005536,0.5545698535601544,0.5545698535601544
2026-04-01,MS,0.9722628646902098,0.8843709675186547,0.0878918971715551,0.0878918971715551
2026-04-01,MS,0.9722628646902098,1.2565835352021386,-0.2843206705119288,0.2843206705119288
2026-04-01,MUFG,4.30170889805539,0.006399179924477624,4.295309718130912,4.295309718130912
2026-04-01,RY,1.0137790559096915,0.4842015332981701,0.5295775226115214,0.5295775226115214
2026-04-01,RY,1.0137790559096915,1.2677439839113323,-0.2539649280016407,0.2539649280016407
2026-04-01,RY,1.0137790559096915,0.17887616457128996,0.8349028913384016,0.8349028913384016
2026-04-01,RY,1.0137790559096915,0.20457051778942015,0.8092085381202714,0.8092085381202714
2026-04-01,SAN,2.5712131818426576,0.2150802924176855,2.356132889424972,2.356132889424972
2026-04-01,SCBFF,0.8674985145573189,0.016951561797568265,0.8505469527597506,0.8505469527597506
2026-04-01,SCGLY,4.362644853442399,0.059178410668335006,4.303466442774064,4.303466442774064
2026-04-01,SMFG,4.810126582278484,0.19753661804735773,4.612589964231127,4.612589964231127
2026-04-01,STT,2.0124085268851344,1.1313050027046787,0.8811035241804557,0.8811035241804557
2026-04-01,TD,1.489569234724364,0.17072919290756328,1.318840041816801,1.318840041816801
2026-04-01,UBS,1.714660888976427,-0.16210575079065492,1.876766639767082,1.876766639767082
2026-04-01,UBS,1.714660888976427,-0.5012883658917221,2.215949254868149,2.215949254868149
2026-04-01,UBS,1.714660888976427,0.1838577959714507,1.5308030930049763,1.5308030930049763
2026-04-01,UBS,1.714660888976427,0.24608129220485545,1.4685795967715716,1.4685795967715716
2026-04-01,UBS,1.714660888976427,-0.12482253413038688,1.8394834231068138,1.8394834231068138
2026-04-01,UBS,1.714660888976427,0.21087491116625567,1.5037859778101712,1.5037859778101712
2026-04-01,UBS,1.714660888976427,0.6220266899611403,1.0926341990152868,1.0926341990152868
2026-04-01,WFC,1.205951686134199,-0.328807789354647,1.534759475488846,1.534759475488846
2026-04-01,WFC,1.205951686134199,0.40468063559293016,0.8012710505412688,0.8012710505412688
2026-04-01,WFC,1.205951686134199,1.05903700732371,0.14691467881048892,0.14691467881048892
2026-04-01,WFC,1.205951686134199,0.0921950313164806,1.1137566548177185,1.1137566548177185
2026-04-02,ACGBY,1.7864240985788316,0.11281704521452478,1.6736070533643068,1.6736070533643068
2026-04-02,BAC,0.2232595900142131,0.3736958357417653,-0.15043624572755218,0.15043624572755218
2026-04-02,BAC,0.2232595900142131,-0.1656203894250522,0.38887997943926533,0.38887997943926533
2026-04-02,BAC,0.2232595900142131,0.14176604445332774,0.08149354556088537,0.08149354556088537
2026-04-02,BACHY,1.1927181418706967,0.17459062154779023,1.0181275203229065,1.0181275203229065
2026-04-02,BCMXY,0.0,0.06308002103833471,-0.06308002103833471,0.06308002103833471
2026-04-02,BCS,-0.1374255611543584,-0.22373104260427235,0.08630548144991396,0.08630548144991396
2026-04-02,BK,0.958904223278445,0.2731693808994293,0.6857348423790157,0.6857348423790157
2026-04-02,BNPQY,-2.741382785728685,0.09000339600916285,-2.831386181737848,2.831386181737848
2026-04-02,C,-0.0433959699260633,0.38512189127289825,-0.42851786119896157,0.42851786119896157
2026-04-02,CICHY,0.7455731593662529,0.1844503025281376,0.5611228568381152,0.5611228568381152
2026-04-02,DB,-2.329396325459321,-0.29710620275815286,-2.032290122701168,2.032290122701168
2026-04-02,GS,0.3289894328128984,-0.22054171804738254,0.5495311508602809,0.5495311508602809
2026-04-02,GS,0.3289894328128984,0.6669100877289557,-0.3379206549160573,0.3379206549160573
2026-04-02,HSBC,-1.2286449801076516,-0.5270099961161018,-0.7016349839915498,0.7016349839915498
2026-04-02,HSBC,-1.2286449801076516,0.061112226353976354,-1.2897572064616278,1.2897572064616278
2026-04-02,IDCBY,1.1560930734028307,0.15827830653627656,0.9978147668665542,0.9978147668665542
2026-04-02,ING,-0.9321965457964598,-0.4961313317040057,-0.43606521409245413,0.43606521409245413
2026-04-02,JPM,-0.2640870231563563,-0.47300853004052656,0.20892150688417027,0.20892150688417027
2026-04-02,JPM,-0.2640870231563563,-0.17962777953749592,-0.08445924361886037,0.08445924361886037
2026-04-02,JPM,-0.2640870231563563,0.745778189709642,-1.0098652128659984,1.0098652128659984
2026-04-02,JPM,-0.2640870231563563,-0.14084744311877004,-0.12323958003758625,0.12323958003758625
2026-04-02,JPM,-0.2640870231563563,0.24137504113363167,-0.505462064289988,0.505462064289988
2026-04-02,JPM,-0.2640870231563563,-0.16786455831357502,-0.09622246484278127,0.09622246484278127
2026-04-02,JPM,-0.2640870231563563,-0.14084744311877004,-0.12323958003758625,0.12323958003758625
2026-04-02,JPM,-0.2640870231563563,0.38349882900539406,-0.6475858521617504,0.6475858521617504
2026-04-02,JPM,-0.2640870231563563,-0.26408702315636834,1.2045919817182948e-14,1.2045919817182948e-14
2026-04-02,JPM,-0.2640870231563563,-0.07350520321299917,-0.19058181994335713,0.19058181994335713
2026-04-02,JPM,-0.2640870231563563,-0.5996754101783199,0.33558838702196364,0.33558838702196364
2026-04-02,MFG,-2.6252983293556187,0.1563188060304614,-2.78161713538608,2.78161713538608
2026-04-02,MS,-0.2166602735449441,-0.46975879464628284,0.25309852110133874,0.25309852110133874
2026-04-02,MS,-0.2166602735449441,-0.21666027354494954,5.440092820663267e-15,5.440092820663267e-15
2026-04-02,MUFG,-1.2429378531073398,0.5069043181207417,-1.7498421712280816,1.7498421712280816
2026-04-02,MUFG,-1.2429378531073398,0.13150101396691027,-1.3744388670742502,1.3744388670742502
2026-04-02,RY,-0.0183593742780208,0.40271515962095483,-0.42107453389897564,0.42107453389897564
2026-04-02,SAN,-1.38331102186523,0.4434063311959642,-1.8267173530611942,1.8267173530611942
2026-04-02,SCBFF,-4.948162111215826,0.1505320397484399,-5.098694150964266,5.098694150964266
2026-04-02,SCGLY,-2.416721097322017,0.059178410668335006,-2.475899507990352,2.475899507990352
2026-04-02,SMFG,-1.304347826086949,-0.3163389892652672,-0.9880088368216817,0.9880088368216817
2026-04-02,STT,0.4288499025341119,0.15710023606376014,0.2717496664703518,0.2717496664703518
2026-04-02,TD,0.5490862221824822,0.17072919290756328,0.3783570292749189,0.3783570292749189
2026-04-02,UBS,-0.7800074360192588,0.1838577959714507,-0.9638652319907095,0.9638652319907095
2026-04-02,WFC,0.0371979229079499,-0.328807789354647,0.36600571226259687,0.36600571226259687
2026-04-02,WFC,0.0371979229079499,-0.2900274529359211,0.32722537584387096,0.32722537584387096
2026-04-06,ACGBY,0.0056596939237429,0.11281704521452478,-0.10715735129078188,0.10715735129078188
2026-04-06,BAC,1.3770757391656565,0.9252390078159881,0.4518367313496684,0.4518367313496684
2026-04-06,BACHY,-0.3722084367245748,0.17459062154779023,-0.5467990582723651,0.5467990582723651
2026-04-06,BCMXY,0.0,0.06308002103833471,-0.06308002103833471,0.06308002103833471
2026-04-06,BCS,0.5504587155963359,-0.10523032622353745,0.6556890418198733,0.6556890418198733
2026-04-06,BK,1.228224922747856,0.2731693808994293,0.9550555418484268,0.9550555418484268
2026-04-06,BNPQY,1.1191709844559528,1.220997352966948,-0.10182636851099525,0.10182636851099525
2026-04-06,C,1.8308321869382471,0.5036226076536332,1.327209579284614,1.327209579284614
2026-04-06,CICHY,0.0925069380203424,0.1844503025281376,-0.0919433645077952,0.0919433645077952
2026-04-06,DB,0.974135035270396,-0.41560691913888775,1.3897419544092837,1.3897419544092837
2026-04-06,GS,0.3487671486837262,0.29951119603768656,0.04925595264603966,0.04925595264603966
2026-04-06,HSBC,0.2724795640327127,0.061112226353976354,0.21136733767873633,0.21136733767873633
2026-04-06,IDCBY,0.0057926016891141,0.15827830653627656,-0.15248570484716245,0.15248570484716245
2026-04-06,ING,0.8280054501624612,0.017744275608619214,0.810261174553842,0.810261174553842
2026-04-06,JPM,0.8002953214947706,-0.17962777953749592,0.9799231010322664,0.9799231010322664
2026-04-06,JPM,0.8002953214947706,-0.2587689105056035,1.059064232000374,1.059064232000374
2026-04-06,JPM,0.8002953214947706,-0.4171542511476903,1.2174495726424608,1.2174495726424608
2026-04-06,JPM,0.8002953214947706,1.1738305148938128,-0.3735351933990423,0.3735351933990423
2026-04-06,MFG,0.4901960784313708,0.3423795263405969,0.14781655209077393,0.14781655209077393
2026-04-06,MS,0.4462669707264499,0.05029411943878624,0.39597285128766363,0.39597285128766363
2026-04-06,MS,0.4462669707264499,0.05029411943878624,0.39597285128766363,0.39597285128766363
2026-04-06,MS,0.4462669707264499,0.08907445585751213,0.35719251486893777,0.35719251486893777
2026-04-06,MUFG,0.5720823798626817,0.006399179924477624,0.5656831999382042,0.5656831999382042
2026-04-06,RY,0.6487348499646606,-0.05704614823275518,0.7057809981974158,0.7057809981974158
2026-04-06,SAN,0.9644219678821564,0.2558241227602396,0.7085978451219168,0.7085978451219168
2026-04-06,SCBFF,1.76003966286562,0.1505320397484399,1.60950762311718,1.60950762311718
2026-04-06,SCGLY,0.2008032128514081,0.059178410668335006,0.14162480218307308,0.14162480218307308
2026-04-06,SMFG,0.0489476260401522,0.19753661804735773,-0.14858899200720552,0.14858899200720552
2026-04-06,STT,1.086956521739113,0.15710023606376014,0.929856285675353,0.929856285675353
2026-04-06,TD,0.7037005673638852,0.17072919290756328,0.5329713744563219,0.5329713744563219
2026-04-06,UBS,0.6594098620027466,0.1720945747475298,0.4873152872552169,0.4873152872552169
2026-04-06,WFC,1.5508760721620884,-0.4079489203227546,1.958824992484843,1.958824992484843
2026-04-07,ACGBY,0.0056593736205368,0.11281704521452478,-0.10715767159398798,0.10715767159398798
2026-04-07,BAC,0.4394726328405873,0.023265328072592836,0.41620730476799445,0.41620730476799445
2026-04-07,BACHY,0.3735990037360137,0.17459062154779023,0.19900838218822345,0.19900838218822345
2026-04-07,BCMXY,0.0,0.06308002103833471,-0.06308002103833471,0.06308002103833471
2026-04-07,BCS,-0.0456204379562064,-0.20656311259675303,0.16094267464054662,0.16094267464054662
2026-04-07,BK,0.8007880384469201,0.2731693808994293,0.5276186575474908,0.5276186575474908
2026-04-07,BNPQY,0.9838081574093048,0.2684197885063446,0.7153883689029602,0.7153883689029602
2026-04-07,C,-0.1960490550692362,0.38512189127289825,-0.5811709463421344,0.5811709463421344
2026-04-07,CICHY,-0.2772643253234896,0.1844503025281376,-0.4617146278516272,0.4617146278516272
2026-04-07,DB,0.2661343978709318,-0.3822816096096579,0.6484160074805897,0.6484160074805897
2026-04-07,GS,-0.2193868714277402,-0.7605386802429728,0.5411518088152326,0.5411518088152326
2026-04-07,GS,-0.2193868714277402,0.17107317218705467,-0.39046004361479486,0.39046004361479486
2026-04-07,GS,-0.2193868714277402,0.40563377236218334,-0.6250206437899235,0.6250206437899235
2026-04-07,GS,-0.2193868714277402,-0.2886110264323916,0.06922415500465143,0.06922415500465143
2026-04-07,GS,-0.2193868714277402,-0.2886110264323916,0.06922415500465143,0.06922415500465143
2026-04-07,GS,-0.2193868714277402,-1.0658363310747532,0.846449459647013,0.846449459647013
2026-04-07,HSBC,0.602551984877131,0.09989256277270224,0.5026594221044288,0.5026594221044288
2026-04-07,IDCBY,0.0057922661662157,0.15827830653627656,-0.15248604037006086,0.15248604037006086
2026-04-07,ING,0.4107954107954059,0.017744275608619214,0.3930511351867867,0.3930511351867867
2026-04-07,JPM,0.6600101540023662,-0.17962777953749592,0.839637933539862,0.839637933539862
2026-04-07,JPM,0.6600101540023662,-0.14084744311877004,0.8008575971211362,0.8008575971211362
2026-04-07,JPM,0.6600101540023662,-0.2587689105056035,0.9187790645079696,0.9187790645079696
2026-04-07,JPM,0.6600101540023662,-0.8871403947090162,1.5471505487113824,1.5471505487113824
2026-04-07,JPM,0.6600101540023662,0.03904675619799908,0.6209633978043672,0.6209633978043672
2026-04-07,JPM,0.6600101540023662,-0.14084744311877004,0.8008575971211362,0.8008575971211362
2026-04-07,JPM,0.6600101540023662,-0.767750002007574,1.4277601560099402,1.4277601560099402
2026-04-07,JPM,0.6600101540023662,-0.2587689105056035,0.9187790645079696,0.9187790645079696
2026-04-07,JPM,0.6600101540023662,0.5206413268099985,0.13936882719236765,0.13936882719236765
2026-04-07,JPM,0.6600101540023662,-0.4171542511476903,1.0771644051500564,1.0771644051500564
2026-04-07,JPM,0.6600101540023662,-0.7321002209586254,1.3921103749609915,1.3921103749609915
2026-04-07,MFG,0.6097560975609762,0.07804985454340864,0.5317062430175675,0.5317062430175675
2026-04-07,MFG,0.6097560975609762,3.0756589052036585,-2.4659028076426823,2.4659028076426823
2026-04-07,MS,1.1288201053122782,0.05029411943878624,1.078525985873492,1.078525985873492
2026-04-07,MS,1.1288201053122782,0.32385120705225107,0.8049688982600272,0.8049688982600272
2026-04-07,MS,1.1288201053122782,0.41769301113005536,0.7111270941822228,0.7111270941822228
2026-04-07,MUFG,0.3412969283276501,0.006399179924477624,0.33489774840317243,0.33489774840317243
2026-04-07,RY,0.571575855940365,-0.36988125618101814,0.941457112121383,0.941457112121383
2026-04-07,SAN,-0.8682126945349977,-0.41956104955832024,-0.4486516449766775,0.4486516449766775
2026-04-07,SCBFF,-0.2923264311814777,0.1505320397484399,-0.4428584709299176,0.4428584709299176
2026-04-07,SCGLY,1.6700066800267257,0.059178410668335006,1.6108282693583906,1.6108282693583906
2026-04-07,SMFG,0.1467710371819919,-0.8265229620480565,0.9732939992300484,0.9732939992300484
2026-04-07,STT,0.7757296466974095,0.15710023606376014,0.6186294106336494,0.6186294106336494
2026-04-07,TD,1.1470850396481769,0.17072919290756328,0.9763558467406136,0.9763558467406136
2026-04-07,UBS,-0.3022100890085033,0.1720945747475298,-0.4743046637560331,0.4743046637560331
2026-04-07,WFC,-0.122135978875626,-0.7647882647539552,0.6426522858783292,0.6426522858783292
2026-04-07,WFC,-0.122135978875626,-1.1789043365199008,1.0567683576442748,1.0567683576442748
2026-04-07,WFC,-0.122135978875626,-0.328807789354647,0.206671810479021,0.206671810479021
2026-04-08,ACGBY,0.778119836113822,0.11281704521452478,0.6653027908992972,0.6653027908992972
2026-04-08,BAC,3.182179793158313,-1.886428543251918,5.068608336410231,5.068608336410231
2026-04-08,BAC,3.182179793158313,1.8787075506181499,1.303472242540163,1.303472242540163
2026-04-08,BAC,3.182179793158313,-0.2615830861031644,3.4437628792614774,3.4437628792614774
2026-04-08,BACHY,-1.2406947890818976,0.17459062154779023,-1.4152854106296877,1.4152854106296877
2026-04-08,BCMXY,0.0,0.06308002103833471,-0.06308002103833471,0.06308002103833471
2026-04-08,BCS,7.302601551802845,-0.22373104260427235,7.526332594407117,7.526332594407117
2026-04-08,BK,2.664119818927824,0.2731693808994293,2.390950438028395,2.390950438028395
2026-04-08,BNPQY,7.266084838644193,0.2684197885063446,6.997665050137849,6.997665050137849
2026-04-08,C,5.429903455611451,0.542402944072359,4.887500511539092,4.887500511539092
2026-04-08,C,5.429903455611451,0.5036226076536332,4.926280847957818,4.926280847957818
2026-04-08,C,5.429903455611451,0.8710214993449023,4.558881956266549,4.558881956266549
2026-04-08,C,5.429903455611451,5.42990345561145,8.881784197001252e-16,8.881784197001252e-16
2026-04-08,CICHY,0.5560704355885182,0.1844503025281376,0.3716201330603806,0.3716201330603806
2026-04-08,DB,6.7020570670205615,-0.41560691913888775,7.1176639861594495,7.1176639861594495
2026-04-08,GS,4.81397905456229,0.040646651587093824,4.773332402975195,4.773332402975195
2026-04-08,HSBC,6.0129183793305785,0.061112226353976354,5.951806152976602,5.951806152976602
2026-04-08,HSBC,6.0129183793305785,0.2051643153902723,5.8077540639403065,5.8077540639403065
2026-04-08,HSBC,6.0129183793305785,0.038902087181841655,5.974016292148737,5.974016292148737
2026-04-08,HSBC,6.0129183793305785,0.13646040157549777,5.876457977755081,5.876457977755081
2026-04-08,IDCBY,-1.5087979427062193,0.15827830653627656,-1.6670762492424958,1.6670762492424958
2026-04-08,ING,5.280916539816793,0.7954437243340434,4.48547281548275,4.48547281548275
2026-04-08,JPM,3.554135843981188,0.7154506952934618,2.838685148687726,2.838685148687726
2026-04-08,JPM,3.554135843981188,-0.14084744311877004,3.694983287099958,3.694983287099958
2026-04-08,JPM,3.554135843981188,-0.18693593670750236,3.7410717806886904,3.7410717806886904
2026-04-08,JPM,3.554135843981188,-0.4384923239880887,3.9926281679692766,3.9926281679692766
2026-04-08,JPM,3.554135843981188,-0.2852021444032104,3.8393379883843983,3.8393379883843983
2026-04-08,JPM,3.554135843981188,0.951659178545152,2.6024766654360363,2.6024766654360363
2026-04-08,MFG,6.666666666666665,0.1563188060304614,6.5103478606362035,6.5103478606362035
2026-04-08,MS,4.50630544912336,0.08907445585751213,4.417230993265848,4.417230993265848
2026-04-08,MUFG,4.478458049886624,0.006399179924477624,4.472058869962146,4.472058869962146
2026-04-08,RY,2.4668917006297475,-0.044119796717734736,2.511011497347482,2.511011497347482
2026-04-08,SAN,6.830128801779978,0.2150802924176855,6.615048509362293,6.615048509362293
2026-04-08,SCBFF,13.022233080869782,0.1505320397484399,12.871701041121343,12.871701041121343
2026-04-08,SCGLY,8.212877792378448,0.059178410668335006,8.153699381710114,8.153699381710114
2026-04-08,SMFG,5.422569614069372,0.19753661804735773,5.225032996022015,5.225032996022015
2026-04-08,STT,3.749714198612897,0.15710023606376014,3.5926139625491365,3.5926139625491365
2026-04-08,TD,2.3817367276294465,-0.7013749603928037,3.0831116880222504,3.0831116880222504
2026-04-08,TD,2.3817367276294465,0.3280102457070241,2.0537264819224226,2.0537264819224226
2026-04-08,UBS,4.472990913994113,4.472990913994129,-1.5987211554602254e-14,1.5987211554602254e-14
2026-04-08,WFC,3.559561199872552,0.7990390616301042,2.7605221382424476,2.7605221382424476
2026-04-08,WFC,3.559561199872552,-0.5876723338052398,4.147233533677792,4.147233533677792
2026-04-08,WFC,3.559561199872552,-0.5045697443699788,4.064130944242531,4.064130944242531
2026-04-08,WFC,3.559561199872552,-0.328807789354647,3.8883689892271986,3.8883689892271986
2026-04-09,ACGBY,0.3065986085140082,0.11281704521452478,0.19378156329948343,0.19378156329948343
2026-04-09,BAC,1.5998457979953695,0.14176604445332774,1.4580797535420418,1.4580797535420418
2026-04-09,BAC,1.5998457979953695,-0.42637269973629965,2.0262184977316693,2.0262184977316693
2026-04-09,BAC,1.5998457979953695,0.14176604445332774,1.4580797535420418,1.4580797535420418
2026-04-09,BAC,1.5998457979953695,-1.001622092405989,2.6014678904013584,2.6014678904013584
2026-04-09,BAC,1.5998457979953695,0.35796277859144554,1.2418830194039239,1.2418830194039239
2026-04-09,BAC,1.5998457979953695,-0.1516147060497029,1.7514605040450724,1.7514605040450724
2026-04-09,BAC,1.5998457979953695,1.34805546021668,0.2517903377786894,0.2517903377786894
2026-04-09,BACHY,1.1306532663316604,0.17459062154779023,0.9560626447838702,0.9560626447838702
2026-04-09,BCMXY,0.0,0.06308002103833471,-0.06308002103833471,0.06308002103833471
2026-04-09,BCS,-0.4678860059549206,0.728846521856331,-1.1967325278112515,1.1967325278112515
2026-04-09,BCS,-0.4678860059549206,0.16832676138992736,-0.6362127673448479,0.6362127673448479
2026-04-09,BCS,-0.4678860059549206,-0.10523032622353745,-0.36265567973138313,0.36265567973138313
2026-04-09,BCS,-0.4678860059549206,-0.10523032622353745,-0.36265567973138313,0.36265567973138313
2026-04-09,BK,0.5001797005827147,0.2731693808994293,0.22701031968328533,0.22701031968328533
2026-04-09,BNPQY,-0.3784295175023655,0.33977812019083087,-0.7182076376931963,0.7182076376931963
2026-04-09,C,1.158014980237354,0.542402944072359,0.615612036164995,0.615612036164995
2026-04-09,C,1.158014980237354,0.542402944072359,0.615612036164995,0.615612036164995
2026-04-09,CICHY,-0.0460829493087455,0.1844503025281376,-0.2305332518368831,0.2305332518368831
2026-04-09,DB,1.1504975124378314,0.8307406482265982,0.31975686421123317,0.31975686421123317
2026-04-09,GS,-0.2241236544300306,-0.7873268920353345,0.5632032376053039,0.5632032376053039
2026-04-09,GS,-0.2241236544300306,0.3382915324564124,-0.562415186886443,0.562415186886443
2026-04-09,GS,-0.2241236544300306,0.29951119603768656,-0.5236348504677172,0.5236348504677172
2026-04-09,GS,-0.2241236544300306,-0.22412365443003807,7.466249840604178e-15,7.466249840604178e-15
2026-04-09,HSBC,0.0,0.7203109586986657,-0.7203109586986657,0.7203109586986657
2026-04-09,HSBC,0.0,0.27730896049209414,-0.27730896049209414,0.27730896049209414
2026-04-09,HSBC,0.0,0.061112226353976354,-0.061112226353976354,0.061112226353976354
2026-04-09,HSBC,0.0,0.061112226353976354,-0.061112226353976354,0.061112226353976354
2026-04-09,HSBC,0.0,0.061112226353976354,-0.061112226353976354,0.061112226353976354
2026-04-09,HSBC,0.0,0.5066979827336038,-0.5066979827336038,0.5066979827336038
2026-04-09,IDCBY,1.1202653352857084,0.15827830653627656,0.9619870287494319,0.9619870287494319
2026-04-09,ING,1.1657804647097425,0.017744275608619214,1.1480361891011233,1.1480361891011233
2026-04-09,JPM,0.7663084066629633,-0.32791220119266046,1.0942206078556238,1.0942206078556238
2026-04-09,JPM,0.7663084066629633,-0.4384923239880887,1.204800730651052,1.204800730651052
2026-04-09,JPM,0.7663084066629633,-0.767750002007574,1.5340584086705373,1.5340584086705373
2026-04-09,JPM,0.7663084066629633,-0.14084744311877004,0.9071558497817334,0.9071558497817334
2026-04-09,JPM,0.7663084066629633,-0.5437643376085576,1.3100727442715208,1.3100727442715208
2026-04-09,JPM,0.7663084066629633,-0.17962777953749592,0.9459361862004592,0.9459361862004592
2026-04-09,JPM,0.7663084066629633,-0.4870142134158758,1.2533226200788392,1.2533226200788392
2026-04-09,MFG,-2.272727272727282,0.1563188060304614,-2.429046078757743,2.429046078757743
2026-04-09,MS,1.2157933185628522,0.00939024822533259,1.2064030703375197,1.2064030703375197
2026-04-09,MUFG,-1.51926207270755,0.006399179924477624,-1.5256612526320277,1.5256612526320277
2026-04-09,RY,0.7789149372132931,0.6772776522082352,0.10163728500505786,0.10163728500505786
2026-04-09,SAN,-0.1634664852216194,-0.9369671607598915,0.7735006755382721,0.7735006755382721
2026-04-09,SCBFF,-3.847816688283612,0.1505320397484399,-3.9983487280320515,3.9983487280320515
2026-04-09,SCGLY,1.5179113539769196,0.059178410668335006,1.4587329433085845,1.4587329433085845
2026-04-09,SMFG,-1.4365152919369684,0.3548176708468185,-1.7913329627837868,1.7913329627837868
2026-04-09,SMFG,-1.4365152919369684,-0.8265229620480565,-0.6099923298889118,0.6099923298889118
2026-04-09,STT,1.7336369646661298,0.7211867088241224,1.0124502558420074,1.0124502558420074
2026-04-09,TD,1.3702801461632277,0.6712343311038274,0.6990458150594003,0.6990458150594003
2026-04-09,UBS,0.1208742659432493,0.1720945747475298,-0.05122030880428048,0.05122030880428048
2026-04-09,UBS,0.1208742659432493,0.21087491116625567,-0.09000064522300637,0.09000064522300637
2026-04-09,UBS,0.1208742659432493,1.073080319798147,-0.9522060538548978,0.9522060538548978
2026-04-09,UBS,0.1208742659432493,0.8198105097421834,-0.698936243798934,0.698936243798934
2026-04-09,WFC,1.6064633927584948,0.5965981798924911,1.0098652128660037,1.0098652128660037
2026-04-10,ACGBY,0.9007495983295088,0.11281704521452478,0.7879325531149841,0.7879325531149841
2026-04-10,BAC,-0.3225194460254266,0.14176604445332774,-0.46428549047875434,0.46428549047875434
2026-04-10,BAC,-0.3225194460254266,0.14176604445332774,-0.46428549047875434,0.46428549047875434
2026-04-10,BAC,-0.3225194460254266,0.14176604445332774,-0.46428549047875434,0.46428549047875434
2026-04-10,BAC,-0.3225194460254266,0.15352926567724862,-0.4760487117026752,0.4760487117026752
2026-04-10,BACHY,0.0,0.17459062154779023,-0.17459062154779023,0.17459062154779023
2026-04-10,BCMXY,0.0,0.06308002103833471,-0.06308002103833471,0.06308002103833471
2026-04-10,BCS,1.4102564102564277,-0.3427567978337318,1.7530132080901595,1.7530132080901595
2026-04-10,BCS,1.4102564102564277,-0.10523032622353745,1.5154867364799651,1.5154867364799651
2026-04-10,BK,-0.7932281629963178,0.2731693808994293,-1.0663975438957471,1.0663975438957471
2026-04-10,BNPQY,0.9306742640075916,0.2684197885063446,0.6622544755012469,0.6622544755012469
2026-04-10,C,-0.4242676256053346,-0.3231094753725126,-0.10115815023282199,0.10115815023282199
2026-04-10,C,-0.4242676256053346,0.5036226076536332,-0.9278902332589678,0.9278902332589678
2026-04-10,CICHY,-0.2305209774089434,0.1844503025281376,-0.414971279937081,0.414971279937081
2026-04-10,DB,-0.2766676913618315,-0.41560691913888775,0.13893922777705625,0.13893922777705625
2026-04-10,GS,0.4514672686230181,0.0025940871597698867,0.4488731814632482,0.4488731814632482
2026-04-10,GS,0.4514672686230181,0.04743000170608003,0.4040372669169381,0.4040372669169381
2026-04-10,GS,0.4514672686230181,0.29951119603768656,0.15195607258533156,0.15195607258533156
2026-04-10,GS,0.4514672686230181,0.29951119603768656,0.15195607258533156,0.15195607258533156
2026-04-10,HSBC,-0.0110778774786601,-1.4826915162504335,1.4716136387717733,1.4716136387717733
2026-04-10,IDCBY,0.6106284238807991,0.15827830653627656,0.4523501173445225,0.4523501173445225
2026-04-10,ING,0.174597974663504,0.017744275608619214,0.15685369905488478,0.15685369905488478
2026-04-10,JPM,-0.1482293042889715,-0.14084744311877004,-0.007381861170201454,0.007381861170201454
2026-04-10,JPM,-0.1482293042889715,-1.0063598625636416,0.8581305582746701,0.8581305582746701
2026-04-10,JPM,-0.1482293042889715,-0.17962777953749592,0.03139847524852443,0.03139847524852443
2026-04-10,JPM,-0.1482293042889715,-0.011132878115073686,-0.1370964261738978,0.1370964261738978
2026-04-10,MFG,0.3488372093023439,0.1563188060304614,0.19251840327188252,0.19251840327188252
2026-04-10,MS,-0.2918609067213196,0.05029411943878624,-0.34215502616010585,0.34215502616010585
2026-04-10,MS,-0.2918609067213196,-0.3138424386322754,0.02198153191095581,0.02198153191095581
2026-04-10,MS,-0.2918609067213196,0.5002262346523968,-0.7920871413737164,0.7920871413737164
2026-04-10,MUFG,-0.550964187327807,-0.1684808541978181,-0.38248333312998894,0.38248333312998894
2026-04-10,RY,0.6557608983995156,-0.05704614823275518,0.7128070466322708,0.7128070466322708
2026-04-10,SAN,0.1637341356582888,0.2150802924176855,-0.051346156759396716,0.051346156759396716
2026-04-10,SCBFF,2.5629496402877816,0.3078130925479007,2.255136547739881,2.255136547739881
2026-04-10,SCGLY,0.059808612440193,0.059178410668335006,0.0006302017718579911,0.0006302017718579911
2026-04-10,SMFG,-0.5171603196991059,0.19753661804735773,-0.7146969377464636,0.7146969377464636
2026-04-10,STT,0.6715286302259926,0.023519758112888506,0.6480088721131041,0.6480088721131041
2026-04-10,TD,0.8410934214478694,0.8410934214478669,2.4424906541753444e-15,2.4424906541753444e-15
2026-04-10,UBS,0.2417045750337632,-0.3479583393375393,0.5896629143713025,0.5896629143713025
2026-04-10,UBS,0.2417045750337632,-0.16210575079065492,0.4038103258244181,0.4038103258244181
2026-04-10,WFC,-0.7207912920461634,-1.0870887481443945,0.36629745609823106,0.36629745609823106
2026-04-10,WFC,-0.7207912920461634,-1.1555398723807928,0.4347485803346294,0.4347485803346294
2026-04-13,ACGBY,0.3301190647921004,0.11281704521452478,0.2173020195775756,0.2173020195775756
2026-04-13,BAC,1.5416825275980317,-0.3922319116536462,1.9339144392516778,1.9339144392516778
2026-04-13,BACHY,0.248447204968949,0.17459062154779023,0.07385658342115878,0.07385658342115878
2026-04-13,BCMXY,6.228874939642681,0.06308002103833471,6.165794918604346,6.165794918604346
2026-04-13,BCS,0.4214075010535056,-0.22373104260427235,0.6451385436577779,0.6451385436577779
2026-04-13,BK,1.246461197726667,-0.6683797790004951,1.9148409767271621,1.9148409767271621
2026-04-13,BNPQY,0.6021829130598455,0.2684197885063446,0.3337631245535009,0.3337631245535009
2026-04-13,C,1.519412880317672,0.5036226076536332,1.0157902726640389,1.0157902726640389
2026-04-13,C,1.519412880317672,0.5036226076536332,1.0157902726640389,1.0157902726640389
2026-04-13,CICHY,-0.2310536044362376,0.1844503025281376,-0.4155039069643752,0.4155039069643752
2026-04-13,DB,0.9556103575832476,0.24857030513347206,0.7070400524497755,0.7070400524497755
2026-04-13,DB,0.9556103575832476,-0.29710620275815286,1.2527165603414006,1.2527165603414006
2026-04-13,GS,-1.8737607402511516,0.18101047965695166,-2.0547712199081034,2.0547712199081034
2026-04-13,HSBC,0.7976955461998614,1.3893656845656628,-0.5916701383658014,0.5916701383658014
2026-04-13,HSBC,0.7976955461998614,0.061112226353976354,0.736583319845885,0.736583319845885
2026-04-13,IDCBY,0.1231185406117774,0.15827830653627656,-0.03515976592449915,0.03515976592449915
2026-04-13,ING,1.7077185139398932,0.4098020796028189,1.2979164343370742,1.2979164343370742
2026-04-13,JPM,1.2295478749152933,-0.14084744311877004,1.3703953180340633,1.3703953180340633
2026-04-13,JPM,1.2295478749152933,-0.7136257356444698,1.943173610559763,1.943173610559763
2026-04-13,MFG,0.2317497103128563,0.1563188060304614,0.0754309042823949,0.0754309042823949
2026-04-13,MS,1.970281367702276,0.05029411943878624,1.9199872482634897,1.9199872482634897
2026-04-13,MS,1.970281367702276,1.9702813677022686,7.327471962526033e-15,7.327471962526033e-15
2026-04-13,MUFG,0.9972299168975018,0.006399179924477624,0.9908307369730243,0.9908307369730243
2026-04-13,RY,1.0237930416509888,0.15587287298998687,0.867920168661002,0.867920168661002
2026-04-13,SAN,0.9841180277810002,-0.2446810154360245,1.2287990432170246,1.2287990432170246
2026-04-13,SCBFF,-2.323542306006132,-0.557699326896971,-1.7658429791091612,1.7658429791091612
2026-04-13,SCGLY,0.3586371787208442,0.059178410668335006,0.2994587680525092,0.2994587680525092
2026-04-13,SMFG,1.1814744801512234,0.19753661804735773,0.9839378621038657,0.9839378621038657
2026-04-13,STT,1.5779658585568956,0.15710023606376014,1.4208656224931355,1.4208656224931355
2026-04-13,TD,1.3206235726343163,0.17072919290756328,1.149894379726753,1.149894379726753
2026-04-13,UBS,2.74755168661589,0.1720945747475298,2.57545711186836,2.57545711186836
2026-04-13,WFC,1.452048825583363,-0.328807789354647,1.78085661493801,1.78085661493801
2026-04-13,WFC,1.452048825583363,-1.2801318343830639,2.732180659966427,2.732180659966427
2026-04-13,WFC,1.452048825583363,-1.2801318343830639,2.732180659966427,2.732180659966427
2026-04-13,WFC,1.452048825583363,0.05319663246088219,1.3988521931224809,1.3988521931224809
2026-04-14,ACGBY,2.416041319891815,0.11281704521452478,2.3032242746772904,2.3032242746772904
2026-04-14,BAC,0.0,0.800964776798017,-0.800964776798017,0.800964776798017
2026-04-14,BAC,0.0,0.1805463808720536,-0.1805463808720536,0.1805463808720536
2026-04-14,BAC,0.0,-0.15515106442458892,0.15515106442458892,0.15515106442458892
2026-04-14,BAC,0.0,0.14176604445332774,-0.14176604445332774,0.14176604445332774
2026-04-14,BAC,0.0,0.013328020602695851,-0.013328020602695851,0.013328020602695851
2026-04-14,BAC,0.0,-0.4107063969678017,0.4107063969678017,0.4107063969678017
2026-04-14,BACHY,1.3630731102850069,0.17459062154779023,1.1884824887372167,1.1884824887372167
2026-04-14,BCMXY,0.0,0.06308002103833471,-0.06308002103833471,0.06308002103833471
2026-04-14,BCS,0.3776751993285865,-0.7376066499168973,1.1152818492454837,1.1152818492454837
2026-04-14,BK,1.053021080633143,0.09828934677713358,0.9547317338560095,0.9547317338560095
2026-04-14,BK,1.053021080633143,-0.43506198574598154,1.4880830663791245,1.4880830663791245
2026-04-14,BNPQY,0.5237560793116325,0.2905228757567988,0.23323320355483368,0.23323320355483368
2026-04-14,C,2.613189270043081,1.3137502853396772,1.2994389847034038,1.2994389847034038
2026-04-14,C,2.613189270043081,-0.1697603329856187,2.7829496030286998,2.7829496030286998
2026-04-14,C,2.613189270043081,-0.016430306431435948,2.629619576474517,2.629619576474517
2026-04-14,C,2.613189270043081,1.049299115545258,1.563890154497823,1.563890154497823
2026-04-14,C,2.613189270043081,0.499472060215123,2.113717209827958,2.113717209827958
2026-04-14,CICHY,0.6021306160259421,0.1844503025281376,0.4176803134978045,0.4176803134978045
2026-04-14,DB,2.809160305343528,-0.29710620275815286,3.106266508101681,3.106266508101681
2026-04-14,GS,2.114976593809992,0.29951119603768656,1.8154653977723052,1.8154653977723052
2026-04-14,GS,2.114976593809992,0.6699117322987846,1.4450648615112072,1.4450648615112072
2026-04-14,GS,2.114976593809992,0.3238330508811357,1.791143542928856,1.791143542928856
2026-04-14,GS,2.114976593809992,-0.3738717446015653,2.488848338411557,2.488848338411557
2026-04-14,GS,2.114976593809992,0.9973828735758123,1.1175937202341795,1.1175937202341795
2026-04-14,GS,2.114976593809992,0.31127441726160743,1.8037021765483843,1.8037021765483843
2026-04-14,GS,2.114976593809992,0.2436161005345739,1.871360493275418,1.871360493275418
2026-04-14,GS,2.114976593809992,0.3382915324564124,1.7766850613535794,1.7766850613535794
2026-04-14,GS,2.114976593809992,0.6721480099960376,1.442828583813954,1.442828583813954
2026-04-14,GS,2.114976593809992,-0.2529612453834429,2.3679378391934347,2.3679378391934347
2026-04-14,GS,2.114976593809992,0.29951119603768656,1.8154653977723052,1.8154653977723052
2026-04-14,GS,2.114976593809992,0.31127441726160743,1.8037021765483843,1.8037021765483843
2026-04-14,GS,2.114976593809992,0.3382915324564124,1.7766850613535794,1.7766850613535794
2026-04-14,GS,2.114976593809992,-0.6518128489907302,2.766789442800722,2.766789442800722
2026-04-14,GS,2.114976593809992,0.3382915324564124,1.7766850613535794,1.7766850613535794
2026-04-14,GS,2.114976593809992,0.3382915324564124,1.7766850613535794,1.7766850613535794
2026-04-14,GS,2.114976593809992,0.3382915324564124,1.7766850613535794,1.7766850613535794
2026-04-14,GS,2.114976593809992,0.3382915324564124,1.7766850613535794,1.7766850613535794
2026-04-14,GS,2.114976593809992,0.3382915324564124,1.7766850613535794,1.7766850613535794
2026-04-14,GS,2.114976593809992,0.3382915324564124,1.7766850613535794,1.7766850613535794
2026-04-14,GS,2.114976593809992,0.29951119603768656,1.8154653977723052,1.8154653977723052
2026-04-14,GS,2.114976593809992,0.6721480099960376,1.442828583813954,1.442828583813954
2026-04-14,GS,2.114976593809992,0.9472271310323401,1.1677494627776517,1.1677494627776517
2026-04-14,HSBC,0.4286656408001743,-0.38137882820468033,0.8100444690048546,0.8100444690048546
2026-04-14,HSBC,0.4286656408001743,-0.23580488252394033,0.6644705233241146,0.6644705233241146
2026-04-14,HSBC,0.4286656408001743,-0.044462138511738095,0.47312777931191236,0.47312777931191236
2026-04-14,IDCBY,0.7239474185559036,0.15827830653627656,0.5656691120196271,0.5656691120196271
2026-04-14,ING,0.6511953303323548,1.4644984502010405,-0.8133031198686858,0.8133031198686858
2026-04-14,JPM,-0.8161183371588887,-0.8530107201767478,0.03689238301785913,0.03689238301785913
2026-04-14,JPM,-0.8161183371588887,-0.7136257356444698,-0.10249260151441886,0.10249260151441886
2026-04-14,JPM,-0.8161183371588887,-0.32791220119266046,-0.48820613596622825,0.48820613596622825
2026-04-14,JPM,-0.8161183371588887,-0.7228394634166782,-0.09327887374221056,0.09327887374221056
2026-04-14,JPM,-0.8161183371588887,-0.47300853004052656,-0.34310980711836214,0.34310980711836214
2026-04-14,JPM,-0.8161183371588887,-0.14084744311877004,-0.6752708940401186,0.6752708940401186
2026-04-14,JPM,-0.8161183371588887,-0.7321002209586254,-0.08401811620026334,0.08401811620026334
2026-04-14,JPM,-0.8161183371588887,-0.7228394634166782,-0.09327887374221056,0.09327887374221056
2026-04-14,JPM,-0.8161183371588887,-0.17962777953749592,-0.6364905576213928,0.6364905576213928
2026-04-14,JPM,-0.8161183371588887,-1.1309518245659127,0.314833487407024,0.314833487407024
2026-04-14,JPM,-0.8161183371588887,-0.7321002209586254,-0.08401811620026334,0.08401811620026334
2026-04-14,MFG,0.4624277456647396,0.1563188060304614,0.3061089396342782,0.3061089396342782
2026-04-14,MS,1.2145074867432104,-0.08779777564231948,1.3023052623855298,1.3023052623855298
2026-04-14,MS,1.2145074867432104,0.05029411943878624,1.1642133673044242,1.1642133673044242
2026-04-14,MS,1.2145074867432104,0.06205734066270714,1.1524501460805032,1.1524501460805032
2026-04-14,MS,1.2145074867432104,0.08907445585751213,1.1254330308856983,1.1254330308856983
2026-04-14,MS,1.2145074867432104,0.08907445585751213,1.1254330308856983,1.1254330308856983
2026-04-14,MUFG,-0.3291278113000451,0.006399179924477624,-0.33552699122452273,0.33552699122452273
2026-04-14,RY,0.7082503601543166,-0.05704614823275518,0.7652965083870719,0.7652965083870719
2026-04-14,SAN,1.9474116680361584,0.2150802924176855,1.7323313756184728,1.7323313756184728
2026-04-14,SCBFF,6.620287253141832,0.1505320397484399,6.469755213393392,6.469755213393392
2026-04-14,SCGLY,2.0250148898153686,0.059178410668335006,1.9658364791470335,1.9658364791470335
2026-04-14,SMFG,-0.6539000467071454,0.19753661804735773,-0.8514366647545031,0.8514366647545031
2026-04-14,STT,0.1129783928823568,0.14716292859386315,-0.034184535711506356,0.034184535711506356
2026-04-14,TD,1.0682085456683588,0.3280102457070241,0.7401982999613347,0.7401982999613347
2026-04-14,UBS,0.5865646135701841,0.6823003009249475,-0.09573568735476345,0.09573568735476345
2026-04-14,UBS,0.5865646135701841,0.6823003009249475,-0.09573568735476345,0.09573568735476345
2026-04-14,UBS,0.5865646135701841,0.1720945747475298,0.4144700388226543,0.4144700388226543
2026-04-14,WFC,-5.701732493688139,-0.2900274529359211,-5.411705040752218,5.411705040752218
2026-04-14,WFC,-5.701732493688139,-0.8812802307757764,-4.8204522629123625,4.8204522629123625
2026-04-15,ACGBY,0.8110063606224571,0.11281704521452478,0.6981893154079324,0.6981893154079324
2026-04-15,BAC,1.818181818181808,0.9518937221393717,0.8662880960424362,0.8662880960424362
2026-04-15,BAC,1.818181818181808,-0.1883799515099257,2.0065617696917335,2.0065617696917335
2026-04-15,BAC,1.818181818181808,0.1805463808720536,1.6376354373097544,1.6376354373097544
2026-04-15,BAC,1.818181818181808,1.8181818181818068,1.1102230246251565e-15,1.1102230246251565e-15
2026-04-15,BAC,1.818181818181808,0.15352926567724862,1.6646525525045592,1.6646525525045592
2026-04-15,BAC,1.818181818181808,0.14176604445332774,1.6764157737284802,1.6764157737284802
2026-04-15,BAC,1.818181818181808,0.1805463808720536,1.6376354373097544,1.6376354373097544
2026-04-15,BAC,1.818181818181808,-0.8095580005750891,2.627739818756897,2.627739818756897
2026-04-15,BAC,1.818181818181808,-0.4107063969678017,2.2288882151496097,2.2288882151496097
2026-04-15,BACHY,0.1833740831295838,0.17459062154779023,0.008783461581793578,0.008783461581793578
2026-04-15,BCMXY,0.0,0.06308002103833471,-0.06308002103833471,0.06308002103833471
2026-04-15,BCS,-0.0418060200668923,-0.4693668842945991,0.4275608642277068,0.4275608642277068
2026-04-15,BCS,-0.0418060200668923,-0.09346710499961655,0.051661084932724255,0.051661084932724255
2026-04-15,BCS,-0.0418060200668923,-1.470577853335977,1.4287718332690846,1.4287718332690846
2026-04-15,BCS,-0.0418060200668923,-0.4021474351014541,0.36034141503456185,0.36034141503456185
2026-04-15,BK,1.1110512792898095,0.2731693808994293,0.8378818983903802,0.8378818983903802
2026-04-15,BNPQY,0.409378489021206,0.7543193965783486,-0.3449409075571426,0.3449409075571426
2026-04-15,C,1.628364447828523,0.542402944072359,1.085961503756164,1.085961503756164
2026-04-15,C,1.628364447828523,0.5036226076536332,1.1247418401748899,1.1247418401748899
2026-04-15,C,1.628364447828523,0.515385828877554,1.1129786189509692,1.1129786189509692
2026-04-15,C,1.628364447828523,1.474413050591598,0.15395139723692508,0.15395139723692508
2026-04-15,C,1.628364447828523,1.961392921421085,-0.33302847359256194,0.33302847359256194
2026-04-15,C,1.628364447828523,0.515385828877554,1.1129786189509692,1.1129786189509692
2026-04-15,C,1.628364447828523,0.515385828877554,1.1129786189509692,1.1129786189509692
2026-04-15,C,1.628364447828523,1.3226862030870057,0.3056782447415174,0.3056782447415174
2026-04-15,C,1.628364447828523,-0.8617249194588066,2.4900893672873297,2.4900893672873297
2026-04-15,C,1.628364447828523,0.542402944072359,1.085961503756164,1.085961503756164
2026-04-15,C,1.628364447828523,0.4932626904519153,1.1351017573766078,1.1351017573766078
2026-04-15,C,1.628364447828523,0.8762594216119842,0.7521050262165389,0.7521050262165389
2026-04-15,CICHY,-0.1381215469613117,0.1844503025281376,-0.3225718494894493,0.3225718494894493
2026-04-15,DB,-0.4752004752004879,-0.41560691913888775,-0.05959355606160016,0.05959355606160016
2026-04-15,GS,-1.114738959796835,-0.034689129500498156,-1.0800498302963368,1.0800498302963368
2026-04-15,GS,-1.114738959796835,-0.034689129500498156,-1.0800498302963368,1.0800498302963368
2026-04-15,GS,-1.114738959796835,0.6815156178532158,-1.7962545776500507,1.7962545776500507
2026-04-15,GS,-1.114738959796835,-0.24370048784149573,-0.8710384719553392,0.8710384719553392
2026-04-15,GS,-1.114738959796835,-0.12644758846193016,-0.9882913713349047,0.9882913713349047
2026-04-15,GS,-1.114738959796835,0.31127441726160743,-1.4260133770584424,1.4260133770584424
2026-04-15,HSBC,-0.4815584984130483,0.061112226353976354,-0.5426707247670247,0.5426707247670247
2026-04-15,HSBC,-0.4815584984130483,-0.48155849841305315,4.829470157119431e-15,4.829470157119431e-15
2026-04-15,HSBC,-0.4815584984130483,-0.9294926433271254,0.4479341449140771,0.4479341449140771
2026-04-15,HSBC,-0.4815584984130483,-0.2858762616456,-0.19568223676744834,0.19568223676744834
2026-04-15,IDCBY,-0.5960876019510342,0.15827830653627656,-0.7543659084873107,0.7543659084873107
2026-04-15,ING,0.5107754308241397,0.017744275608619214,0.49303115521552043,0.49303115521552043
2026-04-15,JPM,-1.6681666238107518,-1.1309518245659127,-0.5372147992448391,0.5372147992448391
2026-04-15,JPM,-1.6681666238107518,0.1907727567236021,-1.858939380534354,1.858939380534354
2026-04-15,JPM,-1.6681666238107518,-0.14084744311877004,-1.5273191806919817,1.5273191806919817
2026-04-15,JPM,-1.6681666238107518,-0.14084744311877004,-1.5273191806919817,1.5273191806919817
2026-04-15,JPM,-1.6681666238107518,-1.6733466511076243,0.0051800272968725025,0.0051800272968725025
2026-04-15,JPM,-1.6681666238107518,-0.16786455831357502,-1.5003020654971768,1.5003020654971768
2026-04-15,JPM,-1.6681666238107518,-0.16786455831357502,-1.5003020654971768,1.5003020654971768
2026-04-15,JPM,-1.6681666238107518,-0.2355228750406086,-1.432643748770143,1.432643748770143
2026-04-15,JPM,-1.6681666238107518,-0.8261557277630249,-0.8420108960477268,0.8420108960477268
2026-04-15,JPM,-1.6681666238107518,-1.0063598625636416,-0.6618067612471101,0.6618067612471101
2026-04-15,JPM,-1.6681666238107518,0.6304998981485481,-2.2986665219592997,2.2986665219592997
2026-04-15,JPM,-1.6681666238107518,-0.8957170145936546,-0.7724496092170972,0.7724496092170972
2026-04-15,JPM,-1.6681666238107518,-0.7321002209586254,-0.9360664028521264,0.9360664028521264
2026-04-15,JPM,-1.6681666238107518,-0.0365118298960555,-1.6316547939146964,1.6316547939146964
2026-04-15,JPM,-1.6681666238107518,-0.4384923239880887,-1.229674299822663,1.229674299822663
2026-04-15,JPM,-1.6681666238107518,-0.7321002209586254,-0.9360664028521264,0.9360664028521264
2026-04-15,JPM,-1.6681666238107518,0.19300903442085515,-1.8611756582316068,1.8611756582316068
2026-04-15,MFG,1.265822784810133,0.1563188060304614,1.1095039787796717,1.1095039787796717
2026-04-15,MS,4.51617679315639,0.05029411943878624,4.465882673717604,4.465882673717604
2026-04-15,MS,4.51617679315639,0.8604217971248302,3.65575499603156,3.65575499603156
2026-04-15,MS,4.51617679315639,0.06205734066270714,4.454119452493683,4.454119452493683
2026-04-15,MS,4.51617679315639,0.05029411943878624,4.465882673717604,4.465882673717604
2026-04-15,MUFG,1.5410016510731817,0.006399179924477624,1.534602471148704,1.534602471148704
2026-04-15,RY,0.6003435468681317,0.6003435468681279,3.885780586188048e-15,3.885780586188048e-15
2026-04-15,RY,0.6003435468681317,0.1002349045667056,0.5001086423014262,0.5001086423014262
2026-04-15,SAN,-0.5569436608366285,1.9635478152930634,-2.520491476129692,2.520491476129692
2026-04-15,SCBFF,2.7994106503894,0.1505320397484399,2.6488786106409603,2.6488786106409603
2026-04-15,SCGLY,-0.2335084646818419,0.059178410668335006,-0.2926868753501769,0.2926868753501769
2026-04-15,SMFG,1.1753643629525137,-0.3163389892652672,1.491703352217781,1.491703352217781
2026-04-15,STT,0.677105374523923,0.14716292859386315,0.5299424459300599,0.5299424459300599
2026-04-15,TD,0.8338989624745441,0.17072919290756328,0.6631697695669808,0.6631697695669808
2026-04-15,UBS,0.5362437097248929,-0.4169540816566263,0.9531977913815192,0.9531977913815192
2026-04-15,UBS,0.5362437097248929,-0.12482253413038688,0.6610662438552798,0.6610662438552798
2026-04-15,UBS,0.5362437097248929,0.1720945747475298,0.3641491349773631,0.3641491349773631
2026-04-15,UBS,0.5362437097248929,-2.2001596667211185,2.7364033764460114,2.7364033764460114
2026-04-15,UBS,0.5362437097248929,0.6823003009249475,-0.14605659120005465,0.14605659120005465
2026-04-15,WFC,-1.725844334257398,-1.3772327376895825,-0.3486115965678154,0.3486115965678154
2026-04-15,WFC,-1.725844334257398,-1.8225266609247752,0.0966823266673773,0.0966823266673773
2026-04-15,WFC,-1.725844334257398,-0.20056130677034215,-1.5252830274870557,1.5252830274870557
2026-04-15,WFC,-1.725844334257398,-0.6929443474257087,-1.0328999868316893,1.0328999868316893
2026-04-15,WFC,-1.725844334257398,-0.3170445681307261,-1.4087997661266718,1.4087997661266718
2026-04-15,WFC,-1.725844334257398,-0.6929443474257087,-1.0328999868316893,1.0328999868316893
2026-04-15,WFC,-1.725844334257398,-0.3170445681307261,-1.4087997661266718,1.4087997661266718
2026-04-15,WFC,-1.725844334257398,-1.0870887481443945,-0.6387555861130034,0.6387555861130034
2026-04-15,WFC,-1.725844334257398,-0.6929443474257087,-1.0328999868316893,1.0328999868316893
2026-04-15,WFC,-1.725844334257398,-0.110133253619152,-1.615711080638246,1.615711080638246
2026-04-15,WFC,-1.725844334257398,-0.2900274529359211,-1.435816881321477,1.435816881321477
2026-04-15,WFC,-1.725844334257398,-0.06389969353006958,-1.6619446407273284,1.6619446407273284
2026-04-15,WFC,-1.725844334257398,-0.2900274529359211,-1.435816881321477,1.435816881321477
2026-04-15,WFC,-1.725844334257398,-1.7258443342574035,5.551115123125783e-15,5.551115123125783e-15
2026-04-15,WFC,-1.725844334257398,-0.2900274529359211,-1.435816881321477,1.435816881321477
2026-04-16,ACGBY,-0.0524895020995952,0.11281704521452478,-0.16530654731411998,0.16530654731411998
2026-04-16,BAC,-1.491163475699564,0.14176604445332774,-1.6329295201528917,1.6329295201528917
2026-04-16,BAC,-1.491163475699564,-0.9735947635263851,-0.5175687121731789,0.5175687121731789
2026-04-16,BAC,-1.491163475699564,0.08587094895021508,-1.5770344246497792,1.5770344246497792
2026-04-16,BAC,-1.491163475699564,0.15352926567724862,-1.6446927413768127,1.6446927413768127
2026-04-16,BAC,-1.491163475699564,0.1805463808720536,-1.6717098565716175,1.6717098565716175
2026-04-16,BAC,-1.491163475699564,-0.192434281084857,-1.298729194614707,1.298729194614707
2026-04-16,BAC,-1.491163475699564,0.1805463808720536,-1.6717098565716175,1.6717098565716175
2026-04-16,BAC,-1.491163475699564,0.1805463808720536,-1.6717098565716175,1.6717098565716175
2026-04-16,BAC,-1.491163475699564,-0.4107063969678017,-1.0804570787317622,1.0804570787317622
2026-04-16,BAC,-1.491163475699564,-0.192434281084857,-1.298729194614707,1.298729194614707
2026-04-16,BAC,-1.491163475699564,-0.4107063969678017,-1.0804570787317622,1.0804570787317622
2026-04-16,BAC,-1.491163475699564,0.1805463808720536,-1.6717098565716175,1.6717098565716175
2026-04-16,BAC,-1.491163475699564,-0.4107063969678017,-1.0804570787317622,1.0804570787317622
2026-04-16,BAC,-1.491163475699564,-0.4107063969678017,-1.0804570787317622,1.0804570787317622
2026-04-16,BACHY,-0.8541793776693174,0.17459062154779023,-1.0287699992171075,1.0287699992171075
2026-04-16,BCMXY,0.0,0.06308002103833471,-0.06308002103833471,0.06308002103833471
2026-04-16,BCS,-1.7147636971978295,-0.20656311259675303,-1.5082005846010764,1.5082005846010764
2026-04-16,BK,2.1824688846401763,1.2473741475403477,0.9350947370998286,0.9350947370998286
2026-04-16,BK,2.1824688846401763,1.8494404110476161,0.33302847359256016,0.33302847359256016
2026-04-16,BNPQY,-1.4269829503335885,0.2111585498717477,-1.638141500205336,1.638141500205336
2026-04-16,C,-1.7844663157091545,0.16942228211544844,-1.953888597824603,1.953888597824603
2026-04-16,C,-1.7844663157091545,0.16942228211544844,-1.953888597824603,1.953888597824603
2026-04-16,C,-1.7844663157091545,-0.0488498337674963,-1.7356164819416582,1.7356164819416582
2026-04-16,C,-1.7844663157091545,0.777179695267098,-2.5616460109762524,2.5616460109762524
2026-04-16,C,-1.7844663157091545,0.16942228211544844,-1.953888597824603,1.953888597824603
2026-04-16,CICHY,0.2305209774089212,0.1844503025281376,0.04607067488078359,0.04607067488078359
2026-04-16,DB,-2.088928678006552,-0.41560691913888775,-1.673321758867664,1.673321758867664
2026-04-16,GS,0.0566987959844,-0.2529612453834429,0.30966004136784286,0.30966004136784286
2026-04-16,GS,0.0566987959844,0.3382915324564124,-0.28159273647201244,0.28159273647201244
2026-04-16,HSBC,-0.4508962938524208,0.061112226353976354,-0.5120085202063972,0.5120085202063972
2026-04-16,HSBC,-0.4508962938524208,-0.2322685241490543,-0.2186277697033665,0.2186277697033665
2026-04-16,HSBC,-0.4508962938524208,0.09989256277270224,-0.550788856625123,0.550788856625123
2026-04-16,HSBC,-0.4508962938524208,0.09989256277270224,-0.550788856625123,0.550788856625123
2026-04-16,HSBC,-0.4508962938524208,0.4431166481695055,-0.8940129420219263,0.8940129420219263
2026-04-16,HSBC,-0.4508962938524208,-0.024063180497528702,-0.4268331133548921,0.4268331133548921
2026-04-16,HSBC,-0.4508962938524208,-0.6232815234672714,0.1723852296148506,0.1723852296148506
2026-04-16,IDCBY,0.1176260299484921,0.15827830653627656,-0.04065227658778446,0.04065227658778446
2026-04-16,ING,-0.9486022436748232,0.03984736285907342,-0.9884496065338966,0.9884496065338966
2026-04-16,JPM,1.3140260843983895,-1.1309518245659127,2.4449779089643022,2.4449779089643022
2026-04-16,JPM,1.3140260843983895,-0.5138281050756807,1.82785418947407,1.82785418947407
2026-04-16,JPM,1.3140260843983895,0.1907727567236021,1.1232533276747874,1.1232533276747874
2026-04-16,JPM,1.3140260843983895,-0.32791220119266046,1.64193828559105,1.64193828559105
2026-04-16,JPM,1.3140260843983895,-0.16786455831357502,1.4818906427119645,1.4818906427119645
2026-04-16,JPM,1.3140260843983895,0.36783416311439937,0.9461919212839902,0.9461919212839902
2026-04-16,JPM,1.3140260843983895,1.3140260843983862,3.3306690738754696e-15,3.3306690738754696e-15
2026-04-16,JPM,1.3140260843983895,1.6241903161282245,-0.310164231729835,0.310164231729835
2026-04-16,MFG,-1.931818181818179,0.1563188060304614,-2.08813698784864,2.08813698784864
2026-04-16,MS,-2.2440170476038968,0.08907445585751213,-2.333091503461409,2.333091503461409
2026-04-16,MS,-2.2440170476038968,-1.4434247521313421,-0.8005922954725546,0.8005922954725546
2026-04-16,MS,-2.2440170476038968,-1.2757324315068548,-0.968284616097042,0.968284616097042
2026-04-16,MS,-2.2440170476038968,0.06205734066270714,-2.306074388266604,2.306074388266604
2026-04-16,MS,-2.2440170476038968,0.06205734066270714,-2.306074388266604,2.306074388266604
2026-04-16,MS,-2.2440170476038968,0.31520221526336367,-2.5592192628672605,2.5592192628672605
2026-04-16,MS,-2.2440170476038968,-0.7079868393509613,-1.5360302082529356,1.5360302082529356
2026-04-16,MS,-2.2440170476038968,-0.5021783219823432,-1.7418387256215535,1.7418387256215535
2026-04-16,MUFG,-0.3794037940379469,-0.3110805790940957,-0.06832321494385118,0.06832321494385118
2026-04-16,MUFG,-0.3794037940379469,-0.1684808541978181,-0.21092293984012878,0.21092293984012878
2026-04-16,RY,-0.0568207502742335,1.189301419132731,-1.2461221694069644,1.2461221694069644
2026-04-16,SAN,-1.521328589144011,-0.41956104955832024,-1.1017675395856907,1.1017675395856907
2026-04-16,SCBFF,-0.1638001638001762,0.1505320397484399,-0.31433220354861613,0.31433220354861613
2026-04-16,SCGLY,-0.8191925102399078,0.07210476218335544,-0.8912972724232633,0.8912972724232633
2026-04-16,SMFG,-0.743494423791824,0.19753661804735773,-0.9410310418391816,0.9410310418391816
2026-04-16,STT,-0.5884825556956685,-0.05859937309368968,-0.5298831826019789,0.5298831826019789
2026-04-16,TD,0.0480815463025363,0.17072919290756328,-0.12264764660502697,0.12264764660502697
2026-04-16,UBS,-0.904681207574476,0.0535938583667949,-0.9582750659412709,0.9582750659412709
2026-04-16,WFC,1.1956118726951903,-0.3170445681307261,1.5126564408259164,1.5126564408259164
2026-04-16,WFC,1.1956118726951903,-0.6630081148928317,1.858619987588022,1.858619987588022
2026-04-16,WFC,1.1956118726951903,-0.20056130677034215,1.3961731794655325,1.3961731794655325
2026-04-16,WFC,1.1956118726951903,-0.3170445681307261,1.5126564408259164,1.5126564408259164
2026-04-16,WFC,1.1956118726951903,0.4902558060787255,0.7053560666164649,0.7053560666164649
2026-04-16,WFC,1.1956118726951903,0.2738584593847056,0.9217534133104848,0.9217534133104848
2026-04-16,WFC,1.1956118726951903,-0.16031288793222476,1.3559247606274152,1.3559247606274152
2026-04-16,WFC,1.1956118726951903,-0.6929443474257087,1.888556220120899,1.888556220120899
2026-04-17,ACGBY,0.9512019977921504,0.11281704521452478,0.8383849525776257,0.8383849525776257
2026-04-17,BAC,0.7475238273219942,0.1805463808720536,0.5669774464499406,0.5669774464499406
2026-04-17,BAC,0.7475238273219942,0.14176604445332774,0.6057577828686664,0.6057577828686664
2026-04-17,BAC,0.7475238273219942,0.04043325808011215,0.7070905692418821,0.7070905692418821
2026-04-17,BAC,0.7475238273219942,-0.192434281084857,0.9399581084068511,0.9399581084068511
2026-04-17,BAC,0.7475238273219942,0.31026094587575,0.4372628814462442,0.4372628814462442
2026-04-17,BAC,0.7475238273219942,-0.40144563942585454,1.1489694667478487,1.1489694667478487
2026-04-17,BAC,0.7475238273219942,-0.192434281084857,0.9399581084068511,0.9399581084068511
2026-04-17,BAC,0.7475238273219942,1.0050909400078383,-0.2575671126858441,0.2575671126858441
2026-04-17,BAC,0.7475238273219942,-0.1516147060497029,0.899138533371697,0.899138533371697
2026-04-17,BAC,0.7475238273219942,0.5627688651244553,0.18475496219753884,0.18475496219753884
2026-04-17,BAC,0.7475238273219942,-0.5461727046654241,1.2936965319874183,1.2936965319874183
2026-04-17,BAC,0.7475238273219942,-0.04146657962727866,0.7889904069492728,0.7889904069492728
2026-04-17,BACHY,0.6153846153846176,0.17459062154779023,0.4407939938368274,0.4407939938368274
2026-04-17,BCMXY,0.0,0.06308002103833471,-0.06308002103833471,0.06308002103833471
2026-04-17,BCS,3.404255319148941,-0.6933525486936156,4.097607867842557,4.097607867842557
2026-04-17,BK,0.192767460197496,0.7643069112385152,-0.5715394510410192,0.5715394510410192
2026-04-17,BK,0.192767460197496,0.40343331850408515,-0.21066585830658915,0.21066585830658915
2026-04-17,BK,0.192767460197496,0.2433856756249997,-0.05061821542750369,0.05061821542750369
2026-04-17,BK,0.192767460197496,0.6565781931047416,-0.4638107329072456,0.4638107329072456
2026-04-17,BK,0.192767460197496,0.7643069112385152,-0.5715394510410192,0.5715394510410192
2026-04-17,BNPQY,3.910509494265857,0.2684197885063446,3.6420897057595125,3.6420897057595125
2026-04-17,C,2.19573980180392,1.5693834132933866,0.6263563885105332,0.6263563885105332
2026-04-17,C,2.19573980180392,0.16942228211544844,2.0263175196884715,2.0263175196884715
2026-04-17,CICHY,2.575896964121438,0.1844503025281376,2.3914466615933003,2.3914466615933003
2026-04-17,DB,2.6821091130752706,-0.41560691913888775,3.097716032214158,3.097716032214158
2026-04-17,GS,2.883333333333349,-0.034689129500498156,2.918022462833847,2.918022462833847
2026-04-17,GS,2.883333333333349,0.3382915324564124,2.5450418008769367,2.5450418008769367
2026-04-17,GS,2.883333333333349,1.133588044117555,1.7497452892157939,1.7497452892157939
2026-04-17,HSBC,1.8117543084401169,0.0677133440156741,1.7440409644244428,1.7440409644244428
2026-04-17,HSBC,1.8117543084401169,0.27730896049209414,1.5344453479480227,1.5344453479480227
2026-04-17,HSBC,1.8117543084401169,0.8103202282827523,1.0014340801573645,1.0014340801573645
2026-04-17,HSBC,1.8117543084401169,-0.12212039772663004,1.933874706166747,1.933874706166747
2026-04-17,HSBC,1.8117543084401169,-0.2322685241490543,2.044022832589171,2.044022832589171
2026-04-17,IDCBY,0.5206323609871388,0.15827830653627656,0.3623540544508623,0.3623540544508623
2026-04-17,ING,1.7630465444287813,0.017744275608619214,1.745302268820162,1.745302268820162
2026-04-17,JPM,0.1096951121148714,-1.372748144686931,1.4824432568018024,1.4824432568018024
2026-04-17,JPM,0.1096951121148714,0.7154506952934618,-0.6057555831785905,0.6057555831785905
2026-04-17,JPM,0.1096951121148714,0.03904675619799908,0.07064835591687232,0.07064835591687232
2026-04-17,MFG,2.201622247972179,0.41887161144749224,1.782750636524687,1.782750636524687
2026-04-17,MS,0.8007784511162797,-0.2839062060993985,1.084684657215678,1.084684657215678
2026-04-17,MUFG,0.707290533188254,0.006399179924477624,0.7008913532637764,0.7008913532637764
2026-04-17,RY,1.4728548134441244,0.10090620156148279,1.3719486118826416,1.3719486118826416
2026-04-17,SAN,4.715148721831741,4.715148721831743,-1.7763568394002505e-15,1.7763568394002505e-15
2026-04-17,SCBFF,-0.2050861361772016,0.1505320397484399,-0.3556181759256415,0.3556181759256415
2026-04-17,SCGLY,2.9498525073746285,0.059178410668335006,2.8906740967062934,2.8906740967062934
2026-04-17,SMFG,1.404494382022481,0.19753661804735773,1.2069577639751232,1.2069577639751232
2026-04-17,STT,2.4876673713883024,-0.2768714889766344,2.7645388603649366,2.7645388603649366
2026-04-17,TD,1.2591311034217512,0.17072919290756328,1.0884019105141878,1.0884019105141878
2026-04-17,UBS,2.387671821821691,0.0535938583667949,2.334077963454896,2.334077963454896
2026-04-17,WFC,0.1969349446267365,-0.4473085057353819,0.6442434503621184,0.6442434503621184
2026-04-20,ACGBY,1.9672896948206064,0.11281704521452478,1.8544726496060817,1.8544726496060817
2026-04-20,BAC,0.0741977369690394,0.14176604445332774,-0.06756830748428834,0.06756830748428834
2026-04-20,BACHY,1.4678899082568808,0.17459062154779023,1.2932992867090907,1.2932992867090907
2026-04-20,BCMXY,0.0,0.06308002103833471,-0.06308002103833471,0.06308002103833471
2026-04-20,BCS,-0.9876543209876631,-0.10523032622353745,-0.8824239947641257,0.8824239947641257
2026-04-20,BK,0.1999022039775422,0.2731693808994293,-0.07326717692188714,0.07326717692188714
2026-04-20,BNPQY,-0.8865569024787412,0.2684197885063446,-1.1549766909850858,1.1549766909850858
2026-04-20,C,0.6581902845671284,0.5036226076536332,0.15456767691349516,0.15456767691349516
2026-04-20,C,0.6581902845671284,0.5036226076536332,0.15456767691349516,0.15456767691349516
2026-04-20,CICHY,1.704035874439458,0.1844503025281376,1.5195855719113203,1.5195855719113203
2026-04-20,DB,-0.8904719501335645,-0.41560691913888775,-0.47486503099467675,0.47486503099467675
2026-04-20,GS,1.7052756628327614,-0.7605386802429728,2.465814343075734,2.465814343075734
2026-04-20,GS,1.7052756628327614,0.3382915324564124,1.366984130376349,1.366984130376349
2026-04-20,HSBC,-0.6184895833333259,-0.8902118186744404,0.2717222353411145,0.2717222353411145
2026-04-20,IDCBY,2.2613857074923027,0.15827830653627656,2.103107400956026,2.103107400956026
2026-04-20,ING,0.1386001386001423,0.017744275608619214,0.1208558629915231,0.1208558629915231
2026-04-20,JPM,2.159270359985821,-1.2824311556040195,3.4417015155898403,3.4417015155898403
2026-04-20,JPM,2.159270359985821,-0.17962777953749592,2.338898139523317,2.338898139523317
2026-04-20,JPM,2.159270359985821,-0.21441213675609413,2.3736824967419152,2.3736824967419152
2026-04-20,MFG,-2.494331065759648,0.1563188060304614,-2.650649871790109,2.650649871790109
2026-04-20,MS,0.9956301744256324,1.4381389161171432,-0.4425087416915108,0.4425087416915108
2026-04-20,MS,0.9956301744256324,0.05029411943878624,0.9453360549868461,0.9453360549868461
2026-04-20,MUFG,-1.512695840086442,0.006399179924477624,-1.5190950200109197,1.5190950200109197
2026-04-20,RY,0.8798572277331607,-0.05704614823275518,0.9369033759659159,0.9369033759659159
2026-04-20,SAN,-1.552294645172947,-0.2446810154360245,-1.3076136297369225,1.3076136297369225
2026-04-20,SCBFF,-0.7603781339909577,0.1505320397484399,-0.9109101737393975,0.9109101737393975
2026-04-20,SCGLY,-1.0315186246418362,0.059178410668335006,-1.0906970353101713,1.0906970353101713
2026-04-20,SMFG,-2.0775623268697974,0.19753661804735773,-2.275098944917155,2.275098944917155
2026-04-20,STT,3.2661761672282186,0.15710023606376014,3.1090759311644582,3.1090759311644582
2026-04-20,TD,1.0346464167062308,0.17072919290756328,0.8639172237986675,0.8639172237986675
2026-04-20,UBS,0.2092482077844293,0.1720945747475298,0.0371536330368995,0.0371536330368995
2026-04-20,WFC,0.6878557874762992,-0.4473085057353819,1.135164293211681,1.135164293211681
2026-04-21,ACGBY,1.3098231530504378,0.11281704521452478,1.197006107835913,1.197006107835913
2026-04-21,BAC,-0.8711770157553422,0.1805463808720536,-1.0517233966273958,1.0517233966273958
2026-04-21,BAC,-0.8711770157553422,-0.2942144309459805,-0.5769625848093618,0.5769625848093618
2026-04-21,BAC,-0.8711770157553422,-0.1103151498782788,-0.7608618658770634,0.7608618658770634
2026-04-21,BAC,-0.8711770157553422,-0.4107063969678017,-0.46047061878754053,0.46047061878754053
2026-04-21,BAC,-0.8711770157553422,0.41532313206679256,-1.2865001478221347,1.2865001478221347
2026-04-21,BAC,-0.8711770157553422,0.03619167958761328,-0.9073686953429555,0.9073686953429555
2026-04-21,BAC,-0.8711770157553422,0.14176604445332774,-1.01294306020867,1.01294306020867
2026-04-21,BACHY,-0.0602772754671576,0.17459062154779023,-0.23486789701494784,0.23486789701494784
2026-04-21,BCMXY,0.0,0.06308002103833471,-0.06308002103833471,0.06308002103833471
2026-04-21,BCS,-2.7015793848711445,-0.10523032622353745,-2.596349058647607,2.596349058647607
2026-04-21,BCS,-2.7015793848711445,-0.20656311259675303,-2.4950162722743916,2.4950162722743916
2026-04-21,BK,1.8837125133867485,0.2731693808994293,1.6105431324873192,1.6105431324873192
2026-04-21,BNPQY,-2.482657904344654,-0.6303090277265839,-1.85234887661807,1.85234887661807
2026-04-21,C,-1.0297258192648373,0.38512189127289825,-1.4148477105377355,1.4148477105377355
2026-04-21,CICHY,0.3086419753086433,0.1844503025281376,0.12419167278050569,0.12419167278050569
2026-04-21,DB,-2.4558250973345297,-0.41560691913888775,-2.040218178195642,2.040218178195642
2026-04-21,GS,-1.6129717331747728,-0.8032921800288371,-0.8096795531459358,0.8096795531459358
2026-04-21,GS,-1.6129717331747728,0.32689324646538903,-1.939864979640162,1.939864979640162
2026-04-21,HSBC,-1.0372311387706112,0.061112226353976354,-1.0983433651245875,1.0983433651245875
2026-04-21,HSBC,-1.0372311387706112,0.09989256277270224,-1.1371237015433135,1.1371237015433135
2026-04-21,HSBC,-1.0372311387706112,-0.23580488252394033,-0.801426256246671,0.801426256246671
2026-04-21,HSBC,-1.0372311387706112,0.2930420176424139,-1.3302731564130252,1.3302731564130252
2026-04-21,IDCBY,0.9855114686866172,0.15827830653627656,0.8272331621503406,0.8272331621503406
2026-04-21,ING,-1.418685121107266,0.017744275608619214,-1.4364293967158852,1.4364293967158852
2026-04-21,JPM,-1.2587147859553949,-0.35538973455282774,-0.9033250514025671,0.9033250514025671
2026-04-21,JPM,-1.2587147859553949,-0.21441213675609413,-1.0443026491993008,1.0443026491993008
2026-04-21,JPM,-1.2587147859553949,-0.17962777953749592,-1.079087006417899,1.079087006417899
2026-04-21,JPM,-1.2587147859553949,0.7154506952934618,-1.9741654812488567,1.9741654812488567
2026-04-21,JPM,-1.2587147859553949,0.03656895460062187,-1.2952837405560167,1.2952837405560167
2026-04-21,JPM,-1.2587147859553949,-1.1968573121511594,-0.06185747380423545,0.06185747380423545
2026-04-21,JPM,-1.2587147859553949,-1.1968573121511594,-0.06185747380423545,0.06185747380423545
2026-04-21,JPM,-1.2587147859553949,-0.1042796043159745,-1.1544351816394203,1.1544351816394203
2026-04-21,JPM,-1.2587147859553949,0.18777111215377318,-1.446485898109168,1.446485898109168
2026-04-21,MFG,-4.302325581395339,0.1563188060304614,-4.4586443874258,4.4586443874258
2026-04-21,MS,-0.7288568256321404,-0.9403107502423156,0.2114539246101752,0.2114539246101752
2026-04-21,MS,-0.7288568256321404,0.41769301113005536,-1.1465498367621958,1.1465498367621958
2026-04-21,MUFG,-3.839824465167308,0.006399179924477624,-3.8462236450917855,3.8462236450917855
2026-04-21,RY,-1.422149785757465,-0.05704614823275518,-1.3651036375247099,1.3651036375247099
2026-04-21,SAN,-2.760745992207958,0.32375181615832094,-3.084497808366279,3.084497808366279
2026-04-21,SCBFF,0.082832884655204,0.1505320397484399,-0.0676991550932359,0.0676991550932359
2026-04-21,SCGLY,-3.53213665315576,0.059178410668335006,-3.591315063824095,3.591315063824095
2026-04-21,SMFG,-3.9132484677039225,0.19753661804735773,-4.110785085751281,4.110785085751281
2026-04-21,STT,2.2572912504993825,0.15710023606376014,2.100191014435622,2.100191014435622
2026-04-21,TD,-1.0428410372040564,0.17072919290756328,-1.2135702301116198,1.2135702301116198
2026-04-21,UBS,1.1985579849243644,0.21087491116625567,0.9876830737581087,0.9876830737581087
2026-04-21,UBS,1.1985579849243644,-0.13529185913085012,1.3338498440552145,1.3338498440552145
2026-04-21,WFC,-0.512367491166088,-0.8720194732338293,0.3596519820677413,0.3596519820677413
2026-04-21,WFC,-0.512367491166088,-0.6361942232330269,0.12382673206693884,0.12382673206693884
2026-04-21,WFC,-0.512367491166088,-0.5255774572224347,0.013209966056346611,0.013209966056346611
2026-04-21,WFC,-0.512367491166088,-0.09687799806620945,-0.4154894930998786,0.4154894930998786
2026-04-22,ACGBY,-1.3129293998551006,0.11281704521452478,-1.4257464450696253,1.4257464450696253
2026-04-22,BAC,-0.6731488406881092,0.8396377219914535,-1.5127865626795627,1.5127865626795627
2026-04-22,BACHY,-1.7490952955367844,0.17459062154779023,-1.9236859170845746,1.9236859170845746
2026-04-22,BCMXY,0.0,0.06308002103833471,-0.06308002103833471,0.06308002103833471
2026-04-22,BCS,-0.3844510892780817,0.16832676138992736,-0.552777850668009,0.552777850668009
2026-04-22,BCS,-0.3844510892780817,-0.4126167601019174,0.028165670823835698,0.028165670823835698
2026-04-22,BCS,-0.3844510892780817,-0.10523032622353745,-0.27922076305454424,0.27922076305454424
2026-04-22,BCS,-0.3844510892780817,0.44044618166808747,-0.8248972709461692,0.8248972709461692
2026-04-22,BCS,-0.3844510892780817,-0.20656311259675303,-0.17788797668132866,0.17788797668132866
2026-04-22,BK,-1.4790933119417038,0.2731693808994293,-1.7522626928411331,1.7522626928411331
2026-04-22,BNPQY,-0.7300636465743193,0.2684197885063446,-0.998483435080664,0.998483435080664
2026-04-22,C,-1.480848466351281,0.542402944072359,-2.02325141042364,2.02325141042364
2026-04-22,C,-1.480848466351281,0.20670549877571648,-1.6875539651269975,1.6875539651269975
2026-04-22,C,-1.480848466351281,-0.4869822620274687,-0.9938662043238125,0.9938662043238125
2026-04-22,C,-1.480848466351281,-2.9778054460379013,1.4969569796866202,1.4969569796866202
2026-04-22,CICHY,-1.7142857142857126,0.1844503025281376,-1.8987360168138503,1.8987360168138503
2026-04-22,DB,-0.399140313171642,-0.41560691913888775,0.01646660596724575,0.01646660596724575
2026-04-22,GS,0.8947169607684602,0.29951119603768656,0.5952057647307736,0.5952057647307736
2026-04-22,GS,0.8947169607684602,0.29951119603768656,0.5952057647307736,0.5952057647307736
2026-04-22,GS,0.8947169607684602,0.0025940871597698867,0.8921228736086904,0.8921228736086904
2026-04-22,GS,0.8947169607684602,-0.2529612453834429,1.147678206151903,1.147678206151903
2026-04-22,GS,0.8947169607684602,0.374859371259208,0.5198575895092522,0.5198575895092522
2026-04-22,HSBC,-0.187555163283315,-0.2322685241490543,0.04471336086573929,0.04471336086573929
2026-04-22,HSBC,-0.187555163283315,-0.3702235979750215,0.18266843469170652,0.18266843469170652
2026-04-22,HSBC,-0.187555163283315,0.09989256277270224,-0.28744772605601726,0.28744772605601726
2026-04-22,HSBC,-0.187555163283315,0.27730896049209414,-0.46486412377540914,0.46486412377540914
2026-04-22,IDCBY,-1.8280673527698357,0.15827830653627656,-1.9863456593061122,1.9863456593061122
2026-04-22,ING,-1.4391014391014425,0.017744275608619214,-1.4568457147100617,1.4568457147100617
2026-04-22,JPM,0.0063897763578291,0.47957095280719336,-0.47318117644936425,0.47318117644936425
2026-04-22,JPM,0.0063897763578291,-0.26480318638900097,0.2711929627468301,0.2711929627468301
2026-04-22,JPM,0.0063897763578291,-0.14084744311877004,0.14723721947659915,0.14723721947659915
2026-04-22,JPM,0.0063897763578291,0.006389776357823396,5.70463815074973e-15,5.70463815074973e-15
2026-04-22,JPM,0.0063897763578291,-0.3177196746186017,0.3241094509764308,0.3241094509764308
2026-04-22,MFG,0.3645200486026567,0.1563188060304614,0.2082012425721953,0.2082012425721953
2026-04-22,MS,0.919127702297562,-0.2466229894391304,1.1657506917366924,1.1657506917366924
2026-04-22,MS,0.919127702297562,-0.2466229894391304,1.1657506917366924,1.1657506917366924
2026-04-22,MS,0.919127702297562,0.05029411943878624,0.8688335828587758,0.8688335828587758
2026-04-22,MUFG,-0.8556759840273931,0.006399179924477624,-0.8620751639518707,0.8620751639518707
2026-04-22,RY,-0.6014184397163169,-0.05704614823275518,-0.5443722914835617,0.5443722914835617
2026-04-22,SAN,-0.5673327969260678,0.2558241227602396,-0.8231569196863073,0.8231569196863073
2026-04-22,SCBFF,-1.5518311607697122,0.1505320397484399,-1.7023632005181522,1.7023632005181522
2026-04-22,SCGLY,-0.6002400960384291,0.059178410668335006,-0.659418506706764,0.659418506706764
2026-04-22,SMFG,-0.098135426889101,0.19753661804735773,-0.2956720449364587,0.2956720449364587
2026-04-22,STT,-0.7618675522562901,0.15710023606376014,-0.9189677883200502,0.9189677883200502
2026-04-22,TD,-0.7215418209437052,0.18365554442258372,-0.9051973653662889,0.9051973653662889
2026-04-22,UBS,-1.9199629886652805,0.6823003009249475,-2.602263289590228,2.602263289590228
2026-04-22,UBS,-1.9199629886652805,-1.1991614487745577,-0.7208015398907228,0.7208015398907228
2026-04-22,WFC,-1.1894719706387225,-0.055250701741182184,-1.1342212688975404,1.1342212688975404
2026-04-23,ACGBY,0.0052070315754493,0.11281704521452478,-0.10761001363907548,0.10761001363907548
2026-04-23,BAC,-1.2236445783132543,0.023265328072592836,-1.246909906385847,1.246909906385847
2026-04-23,BACHY,0.1227747084100672,0.17459062154779023,-0.05181591313772303,0.05181591313772303
2026-04-23,BCMXY,0.0,0.06308002103833471,-0.06308002103833471,0.06308002103833471
2026-04-23,BCS,-2.358490566037741,-0.22373104260427235,-2.1347595234334684,2.1347595234334684
2026-04-23,BK,-0.3385477469063813,0.2731693808994293,-0.6117171278058107,0.6117171278058107
2026-04-23,BNPQY,-2.1874410710918446,0.2684197885063446,-2.4558608595981894,2.4558608595981894
2026-04-23,C,-0.9403713777656696,0.39804824278791867,-1.3384196205535883,1.3384196205535883
2026-04-23,C,-0.9403713777656696,0.542402944072359,-1.4827743218380287,1.4827743218380287
2026-04-23,C,-0.9403713777656696,0.5789707828751546,-1.5193421606408242,1.5193421606408242
2026-04-23,C,-0.9403713777656696,0.9263695728038235,-1.866740950569493,1.866740950569493
2026-04-23,CICHY,0.26833631484795,0.1844503025281376,0.08388601231981241,0.08388601231981241
2026-04-23,DB,-3.2367447595560983,0.24857030513347206,-3.4853150646895705,3.4853150646895705
2026-04-23,DB,-3.2367447595560983,-0.285342981534232,-2.951401778021866,2.951401778021866
2026-04-23,GS,-0.3786744255701579,0.9587099283823759,-1.3373843539525339,1.3373843539525339
2026-04-23,GS,-0.3786744255701579,0.040646651587093824,-0.41932107715725175,0.41932107715725175
2026-04-23,HSBC,-0.917431192660545,0.27730896049209414,-1.1947401531526392,1.1947401531526392
2026-04-23,HSBC,-0.917431192660545,0.27730896049209414,-1.1947401531526392,1.1947401531526392
2026-04-23,HSBC,-0.917431192660545,0.27730896049209414,-1.1947401531526392,1.1947401531526392
2026-04-23,HSBC,-0.917431192660545,0.27730896049209414,-1.1947401531526392,1.1947401531526392
2026-04-23,HSBC,-0.917431192660545,-0.176414245256218,-0.741016947404327,0.741016947404327
2026-04-23,HSBC,-0.917431192660545,0.27730896049209414,-1.1947401531526392,1.1947401531526392
2026-04-23,IDCBY,0.7086747668832993,0.15827830653627656,0.5503964603470228,0.5503964603470228
2026-04-23,ING,-1.2820512820512775,0.017744275608619214,-1.2997955576598967,1.2997955576598967
2026-04-23,JPM,-0.4248929780844679,-0.17962777953749592,-0.24526519854697199,0.24526519854697199
2026-04-23,JPM,-0.4248929780844679,-0.424892978084471,3.1086244689504383e-15,3.1086244689504383e-15
2026-04-23,JPM,-0.4248929780844679,-0.17962777953749592,-0.24526519854697199,0.24526519854697199
2026-04-23,JPM,-0.4248929780844679,-0.4384923239880887,0.013599345903620774,0.013599345903620774
2026-04-23,JPM,-0.4248929780844679,0.03656895460062187,-0.4614619326850898,0.4614619326850898
2026-04-23,MFG,-1.6949152542372947,0.1563188060304614,-1.8512340602677562,1.8512340602677562
2026-04-23,MS,-1.2562306345143326,-1.3150534076736535,0.05882277315932094,0.05882277315932094
2026-04-23,MS,-1.2562306345143326,-0.7764379635873595,-0.4797926709269731,0.4797926709269731
2026-04-23,MS,-1.2562306345143326,-1.0365439686342348,-0.21968666588009778,0.21968666588009778
2026-04-23,MS,-1.2562306345143326,0.05029411943878624,-1.3065247539531188,1.3065247539531188
2026-04-23,MUFG,-0.9205983889528202,0.006399179924477624,-0.9269975688772978,0.9269975688772978
2026-04-23,RY,-0.1598264741138222,-0.05704614823275518,-0.10278032588106702,0.10278032588106702
2026-04-23,SAN,-3.0179923538688813,0.2150802924176855,-3.233072646286567,3.233072646286567
2026-04-23,SCBFF,-2.1857923497267784,0.1505320397484399,-2.336324389475218,2.336324389475218
2026-04-23,SCGLY,-3.079710144927528,-0.633107734655532,-2.4466024102719963,2.4466024102719963
2026-04-23,SMFG,-1.2770137524557912,0.21046296956237817,-1.4874767220181693,1.4874767220181693
2026-04-23,STT,-0.7545931758530244,-0.7150039172366068,-0.0395892586164176,0.0395892586164176
2026-04-23,TD,0.4398967199005454,0.17072919290756328,0.26916752699298213,0.26916752699298213
2026-04-23,UBS,-3.20754716981132,0.1720945747475298,-3.37964174455885,3.37964174455885
2026-04-23,WFC,-0.0868676354404907,-0.328807789354647,0.2419401539141563,0.2419401539141563
2026-04-23,WFC,-0.0868676354404907,-0.0719824491523704,-0.0148851862881203,0.0148851862881203
2026-04-23,WFC,-0.0868676354404907,-0.4039228161567018,0.3170551807162111,0.3170551807162111
2026-04-24,ACGBY,0.2993887263222694,0.11281704521452478,0.18657168110774464,0.18657168110774464
2026-04-24,BAC,-0.800457404230992,0.03619167958761328,-0.8366490838186053,0.8366490838186053
2026-04-24,BAC,-0.800457404230992,0.14176604445332774,-0.9422234486843197,0.9422234486843197
2026-04-24,BAC,-0.800457404230992,0.013328020602695851,-0.8137854248336879,0.8137854248336879
2026-04-24,BAC,-0.800457404230992,1.1165035416508133,-1.9169609458818053,1.9169609458818053
2026-04-24,BACHY,0.6744328632740881,0.17459062154779023,0.4998422417262979,0.4998422417262979
2026-04-24,BCMXY,0.0,0.06308002103833471,-0.06308002103833471,0.06308002103833471
2026-04-24,BCS,0.7905138339920903,0.7905138339920855,4.773959005888173e-15,4.773959005888173e-15
2026-04-24,BK,-1.0116796135363093,0.2731693808994293,-1.2848489944357386,1.2848489944357386
2026-04-24,BNPQY,1.31096973202236,0.09000339600916285,1.220966336013197,1.220966336013197
2026-04-24,C,-0.4124154646026334,0.39804824278791867,-0.8104637073905521,0.8104637073905521
2026-04-24,C,-0.4124154646026334,0.542402944072359,-0.9548184086749925,0.9548184086749925
2026-04-24,C,-0.4124154646026334,0.39804824278791867,-0.8104637073905521,0.8104637073905521
2026-04-24,C,-0.4124154646026334,1.1628213399983225,-1.575236804600956,1.575236804600956
2026-04-24,C,-0.4124154646026334,0.5036226076536332,-0.9160380722562667,0.9160380722562667
2026-04-24,C,-0.4124154646026334,1.049299115545258,-1.4617145801478915,1.4617145801478915
2026-04-24,CICHY,1.6949152542372836,0.1844503025281376,1.510464951709146,1.510464951709146
2026-04-24,DB,1.338005734310288,-0.06517641146971531,1.4031821457800033,1.4031821457800033
2026-04-24,DB,1.338005734310288,-0.29710620275815286,1.6351119370684408,1.6351119370684408
2026-04-24,DB,1.338005734310288,0.7686546028816006,0.5693511314286874,0.5693511314286874
2026-04-24,DB,1.338005734310288,-0.6612427608292145,1.9992484951395024,1.9992484951395024
2026-04-24,GS,-0.4713840867604402,-0.2529612453834429,-0.2184228413769973,0.2184228413769973
2026-04-24,HSBC,0.0557786702364948,0.061112226353976354,-0.0053335561174815554,0.0053335561174815554
2026-04-24,HSBC,0.0557786702364948,0.09989256277270224,-0.04411389253620744,0.04411389253620744
2026-04-24,HSBC,0.0557786702364948,0.48211504702510394,-0.42633637678860914,0.42633637678860914
2026-04-24,HSBC,0.0557786702364948,-0.38137882820468033,0.43715749844117513,0.43715749844117513
2026-04-24,HSBC,0.0557786702364948,-0.1356574415138113,0.1914361117503061,0.1914361117503061
2026-04-24,HSBC,0.0557786702364948,-0.1909689679776302,0.246747638214125,0.246747638214125
2026-04-24,HSBC,0.0557786702364948,-0.6549770087021822,0.7107556789386771,0.7107556789386771
2026-04-24,HSBC,0.0557786702364948,-0.2322685241490543,0.2880471943855491,0.2880471943855491
2026-04-24,IDCBY,1.090884604161535,0.15827830653627656,0.9326062976252585,0.9326062976252585
2026-04-24,ING,0.8297258297258248,0.17502532840808,0.6547005013177447,0.6547005013177447
2026-04-24,JPM,-1.0940357406397427,-0.42043601555254867,-0.6735997250871941,0.6735997250871941
2026-04-24,JPM,-1.0940357406397427,-0.17962777953749592,-0.9144079611022469,0.9144079611022469
2026-04-24,JPM,-1.0940357406397427,-0.43170897386910245,-0.6623267667706403,0.6623267667706403
2026-04-24,JPM,-1.0940357406397427,-0.2587689105056035,-0.8352668301341393,0.8352668301341393
2026-04-24,JPM,-1.0940357406397427,-0.6156082549368042,-0.4784274857029386,0.4784274857029386
2026-04-24,MFG,-0.1231527093596085,0.1563188060304614,-0.27947151539006987,0.27947151539006987
2026-04-24,MS,-0.3074478154098115,-1.2757324315068548,0.9682846160970433,0.9682846160970433
2026-04-24,MS,-0.3074478154098115,-0.385686355960522,0.0782385405507105,0.0782385405507105
2026-04-24,MS,-0.3074478154098115,0.12564229466030769,-0.43309011007011916,0.43309011007011916
2026-04-24,MUFG,0.4065040650406581,0.006399179924477624,0.4001048851161805,0.4001048851161805
2026-04-24,RY,0.2401234920816453,-0.05704614823275518,0.29716964031440046,0.29716964031440046
2026-04-24,SAN,0.5883254435854468,-0.43356673293366954,1.0218921765191165,1.0218921765191165
2026-04-24,SCBFF,-0.8594757198109093,0.1505320397484399,-1.0100077595593493,1.0100077595593493
2026-04-24,SCGLY,1.6199376947040325,0.059178410668335006,1.5607592840356974,1.5607592840356974
2026-04-24,SMFG,0.4975124378109319,0.01912022555017595,0.47839221226075596,0.47839221226075596
2026-04-24,STT,-0.3371900826446228,0.15710023606376014,-0.4942903187083829,0.4942903187083829
2026-04-24,TD,0.0,0.17072919290756328,-0.17072919290756328,0.17072919290756328
2026-04-24,UBS,0.9015594541910366,0.21087491116625567,0.6906845430247809,0.6906845430247809
2026-04-24,WFC,-1.3538649108145506,-0.4473085057353819,-0.9065564050791688,0.9065564050791688
2026-04-27,ACGBY,-0.369614759672543,0.11281704521452478,-0.48243180488706777,0.48243180488706777
2026-04-27,BAC,1.1143131604226753,0.9974700947135113,0.11684306570916392,0.11684306570916392
2026-04-27,BACHY,-1.1571254567600553,0.17459062154779023,-1.3317160783078454,1.3317160783078454
2026-04-27,BCMXY,0.0,0.06308002103833471,-0.06308002103833471,0.06308002103833471
2026-04-27,BCS,0.6100217864923874,-0.10523032622353745,0.7152521127159248,0.7152521127159248
2026-04-27,BK,0.711503894547616,0.2731693808994293,0.43833451364818665,0.43833451364818665
2026-04-27,BNPQY,0.3425309229305506,0.2684197885063446,0.07411113442420597,0.07411113442420597
2026-04-27,C,0.9063610135228162,0.5036226076536332,0.40273840586918297,0.40273840586918297
2026-04-27,C,0.9063610135228162,0.5036226076536332,0.40273840586918297,0.40273840586918297
2026-04-27,CICHY,-0.7894736842105288,0.1844503025281376,-0.9739239867386664,0.9739239867386664
2026-04-27,DB,0.3458032065388305,-0.29710620275815286,0.6429094092969834,0.6429094092969834
2026-04-27,GS,1.175950200127307,0.36707119996708715,0.8088790001602199,0.8088790001602199
2026-04-27,HSBC,0.3010369048946248,-0.05738849002675854,0.35842539492138337,0.35842539492138337
2026-04-27,IDCBY,-0.598951972822348,0.15827830653627656,-0.7572302793586245,0.7572302793586245
2026-04-27,ING,0.4293381037567156,0.017744275608619214,0.4115938281480964,0.4115938281480964
2026-04-27,JPM,1.086674451797065,-0.4384923239880887,1.5251667757851537,1.5251667757851537
2026-04-27,JPM,1.086674451797065,-0.4384923239880887,1.5251667757851537,1.5251667757851537
2026-04-27,MFG,1.9728729963008675,0.1563188060304614,1.816554190270406,1.816554190270406
2026-04-27,MS,1.1219112959313104,-0.06820659694194865,1.1901178928732592,1.1901178928732592
2026-04-27,MUFG,0.8675534991324563,0.006399179924477624,0.8611543192079787,0.8611543192079787
2026-04-27,RY,0.7642730850396351,-0.05704614823275518,0.8213192332723903,0.8213192332723903
2026-04-27,SAN,0.3351870191208972,-0.2446810154360245,0.5798680345569217,0.5798680345569217
2026-04-27,SCBFF,2.2865192891200703,0.1505320397484399,2.1359872493716305,2.1359872493716305
2026-04-27,SCGLY,0.7970570202330052,0.059178410668335006,0.7378786095646702,0.7378786095646702
2026-04-27,SMFG,0.7425742574257432,0.19753661804735773,0.5450376393783856,0.5450376393783856
2026-04-27,STT,2.1759320684622496,0.15710023606376014,2.0188318323984893,2.0188318323984893
2026-04-27,TD,0.5807864419689501,0.17072919290756328,0.41005724906138685,0.41005724906138685
2026-04-27,UBS,1.8353054817676904,0.0535938583667949,1.7817116234008954,1.7817116234008954
2026-04-27,WFC,1.4353824626275102,-0.4473085057353819,1.882690968362892,1.882690968362892
2026-04-28,ACGBY,0.0255313384152744,0.11281704521452478,-0.08728570679925038,0.08728570679925038
2026-04-28,BAC,0.0570017100512965,-0.4107063969678017,0.4677081070190982,0.4677081070190982
2026-04-28,BAC,0.0570017100512965,-0.2942144309459805,0.351216140997277,0.351216140997277
2026-04-28,BAC,0.0570017100512965,0.31026094587575,-0.2532592358244535,0.2532592358244535
2026-04-28,BACHY,0.0616142945163211,-0.5098387260995271,0.5714530206158481,0.5714530206158481
2026-04-28,BCMXY,0.0,0.06308002103833471,-0.06308002103833471,0.06308002103833471
2026-04-28,BCS,-0.3897791251624038,-0.10523032622353745,-0.28454879893886637,0.28454879893886637
2026-04-28,BCS,-0.3897791251624038,-0.10523032622353745,-0.28454879893886637,0.28454879893886637
2026-04-28,BK,-0.6916040752584229,0.2731693808994293,-0.9647734561578523,0.9647734561578523
2026-04-28,BNPQY,1.4602692964157171,0.2684197885063446,1.1918495079093725,1.1918495079093725
2026-04-28,C,-0.4723337379018533,0.07228678332463528,-0.5446205212264885,0.5446205212264885
2026-04-28,C,-0.4723337379018533,0.5036226076536332,-0.9759563455554865,0.9759563455554865
2026-04-28,C,-0.4723337379018533,0.3751845838030013,-0.8475183217048545,0.8475183217048545
2026-04-28,C,-0.4723337379018533,0.3655307125725274,-0.8378644504743806,0.8378644504743806
2026-04-28,C,-0.4723337379018533,0.3655307125725274,-0.8378644504743806,0.8378644504743806
2026-04-28,C,-0.4723337379018533,0.3655307125725274,-0.8378644504743806,0.8378644504743806
2026-04-28,CICHY,0.5305039787798282,0.1844503025281376,0.34605367625169065,0.34605367625169065
2026-04-28,DB,0.0939849624060018,0.5219573926752197,-0.4279724302692179,0.4279724302692179
2026-04-28,DB,0.0939849624060018,-0.29710620275815286,0.39109116516415465,0.39109116516415465
2026-04-28,GS,-1.200669645237307,0.3382915324564124,-1.5389611776937193,1.5389611776937193
2026-04-28,HSBC,0.0111160515784858,-0.2322685241490543,0.2433845757275401,0.2433845757275401
2026-04-28,HSBC,0.0111160515784858,0.7203109586986657,-0.7091949071201799,0.7091949071201799
2026-04-28,HSBC,0.0111160515784858,-0.1356574415138113,0.1467734930922971,0.1467734930922971
2026-04-28,HSBC,0.0111160515784858,-0.2322685241490543,0.2433845757275401,0.2433845757275401
2026-04-28,HSBC,0.0111160515784858,0.061112226353976354,-0.04999617477549055,0.04999617477549055
2026-04-28,IDCBY,-0.5266126465217291,0.15827830653627656,-0.6848909530580056,0.6848909530580056
2026-04-28,ING,0.1068756679729387,-0.28971379251026264,0.3965894604832013,0.3965894604832013
2026-04-28,JPM,-0.0577608060841394,0.366048728354129,-0.4238095344382684,0.4238095344382684
2026-04-28,JPM,-0.0577608060841394,-0.17962777953749592,0.12186697345335652,0.12186697345335652
2026-04-28,JPM,-0.0577608060841394,-0.4384923239880887,0.38073151790394927,0.38073151790394927
2026-04-28,JPM,-0.0577608060841394,-0.17962777953749592,0.12186697345335652,0.12186697345335652
2026-04-28,MFG,2.1765417170495738,0.1563188060304614,2.0202229110191126,2.0202229110191126
2026-04-28,MS,0.094680049100404,1.2565835352021386,-1.1619034861017346,1.1619034861017346
2026-04-28,MS,0.094680049100404,0.08907445585751213,0.005605593242891879,0.005605593242891879
2026-04-28,MS,0.094680049100404,0.05029411943878624,0.044385929661617765,0.044385929661617765
2026-04-28,MS,0.094680049100404,0.05029411943878624,0.044385929661617765,0.044385929661617765
2026-04-28,MUFG,0.5733944954128267,0.1636802327239384,0.40971426268888833,0.40971426268888833
2026-04-28,MUFG,0.5733944954128267,-1.1578542713712807,1.7312487667841074,1.7312487667841074
2026-04-28,RY,0.6169694911416723,-0.05704614823275518,0.6740156393744275,0.6740156393744275
2026-04-28,SAN,0.5829305123208339,-0.2446810154360245,0.8276115277568584,0.8276115277568584
2026-04-28,SCBFF,3.210085814175234,0.3078130925479007,2.9022727216273334,2.9022727216273334
2026-04-28,SCGLY,1.094890510948909,0.059178410668335006,1.035712100280574,1.035712100280574
2026-04-28,SMFG,2.8992628992629,0.19753661804735773,2.7017262812155423,2.7017262812155423
2026-04-28,STT,-0.9998701467342052,0.15710023606376014,-1.1569703827979654,1.1569703827979654
2026-04-28,TD,-0.2366527830367282,0.17072919290756328,-0.4073819759442915,0.4073819759442915
2026-04-28,UBS,-0.1659947830211061,0.5447313887058809,-0.710726171726987,0.710726171726987
2026-04-28,UBS,-0.1659947830211061,0.1720945747475298,-0.3380893577686359,0.3380893577686359
2026-04-28,UBS,-0.1659947830211061,0.21087491116625567,-0.37686969418736177,0.37686969418736177
2026-04-28,UBS,-0.1659947830211061,-0.16210575079065492,-0.0038890322304511726,0.0038890322304511726
2026-04-28,WFC,1.166887218796031,-0.328807789354647,1.4956950081506781,1.4956950081506781
2026-04-28,WFC,1.166887218796031,0.12112432585896354,1.0457628929370675,1.0457628929370675
2026-04-29,ACGBY,-0.0151065270615258,0.11281704521452478,-0.12792357227605058,0.12792357227605058
2026-04-29,BAC,0.4177744018230234,-0.3274995986623463,0.7452740004853697,0.7452740004853697
2026-04-29,BACHY,2.2167487684729315,0.17459062154779023,2.042158146925141,2.042158146925141
2026-04-29,BCMXY,0.0,0.06308002103833471,-0.06308002103833471,0.06308002103833471
2026-04-29,BCS,0.0,-0.10523032622353745,0.10523032622353745,0.10523032622353745
2026-04-29,BK,-0.9510259098397312,0.2731693808994293,-1.2241952907391607,1.2241952907391607
2026-04-29,BNPQY,-0.2056074766355164,0.3077793739189719,-0.5133868505544883,0.5133868505544883
2026-04-29,BNPQY,-0.2056074766355164,0.2905228757567988,-0.4961303523923152,0.4961303523923152
2026-04-29,BNPQY,-0.2056074766355164,0.3869205048870795,-0.5925279815225959,0.5925279815225959
2026-04-29,C,-0.7158106045030976,1.3593266579138168,-2.0751372624169147,2.0751372624169147
2026-04-29,C,-0.7158106045030976,0.20670549877571648,-0.9225161032788141,0.9225161032788141
2026-04-29,CICHY,-0.8795074758135457,0.1844503025281376,-1.0639577783416834,1.0639577783416834
2026-04-29,DB,-4.006259780907662,-0.41560691913888775,-3.5906528617687745,3.5906528617687745
2026-04-29,GS,-2.261076034752574,-1.0358458056816635,-1.2252302290709103,1.2252302290709103
2026-04-29,HSBC,-0.7669223074358134,-0.2322685241490543,-0.534653783286759,0.534653783286759
2026-04-29,HSBC,-0.7669223074358134,0.061112226353976354,-0.8280345337897898,0.8280345337897898
2026-04-29,HSBC,-0.7669223074358134,-0.1356574415138113,-0.631264865922002,0.631264865922002
2026-04-29,HSBC,-0.7669223074358134,0.07287544757789725,-0.8397977550137106,0.8397977550137106
2026-04-29,HSBC,-0.7669223074358134,0.061112226353976354,-0.8280345337897898,0.8280345337897898
2026-04-29,IDCBY,0.545681147053223,0.15827830653627656,0.38740284051694646,0.38740284051694646
2026-04-29,ING,-1.6014234875444957,0.17502532840808,-1.7764488159525758,1.7764488159525758
2026-04-29,JPM,-0.7063734146733003,-0.2852021444032104,-0.4211712702700899,0.4211712702700899
2026-04-29,JPM,-0.7063734146733003,-0.35538973455282774,-0.35098368012047254,0.35098368012047254
2026-04-29,JPM,-0.7063734146733003,0.33057794663992185,-1.0369513613132222,1.0369513613132222
2026-04-29,JPM,-0.7063734146733003,-0.5437643376085576,-0.1626090770647427,0.1626090770647427
2026-04-29,MFG,-0.355029585798805,-1.0079346452652969,0.6529050594664918,0.6529050594664918
2026-04-29,MS,-1.7230679852647923,0.08907445585751213,-1.8121424411223044,1.8121424411223044
2026-04-29,MS,-1.7230679852647923,-0.24308663106424439,-1.479981354200548,1.479981354200548
2026-04-29,MS,-1.7230679852647923,0.6980100544334399,-2.4210780396982323,2.4210780396982323
2026-04-29,MS,-1.7230679852647923,0.028083980266651543,-1.7511519655314438,1.7511519655314438
2026-04-29,MUFG,-0.5701254275940593,0.006399179924477624,-0.5765246075185368,0.5765246075185368
2026-04-29,RY,-1.428892889288924,-0.05704614823275518,-1.371846741056169,1.371846741056169
2026-04-29,SAN,-0.7456177136626718,-0.2446810154360245,-0.5009366982266473,0.5009366982266473
2026-04-29,SCBFF,-2.976801478135916,0.1505320397484399,-3.1273335178843555,3.1273335178843555
2026-04-29,SCGLY,-0.6016847172081952,0.059178410668335006,-0.6608631278765301,0.6608631278765301
2026-04-29,SMFG,-0.8118433619866416,0.19753661804735773,-1.0093799800339993,1.0093799800339993
2026-04-29,STT,-1.1673662119622286,-1.0897465746679447,-0.0776196372942839,0.0776196372942839
2026-04-29,TD,-1.0247651579846306,-0.5794159257369061,-0.4453492322477245,0.4453492322477245
2026-04-29,UBS,1.4726840855106893,1.073080319798147,0.3996037657125422,0.3996037657125422
2026-04-29,UBS,1.4726840855106893,1.0277986250077134,0.44488546050297595,0.44488546050297595
2026-04-29,UBS,1.4726840855106893,0.1720945747475298,1.3005895107631595,1.3005895107631595
2026-04-29,UBS,1.4726840855106893,0.21087491116625567,1.2618091743444335,1.2618091743444335
2026-04-29,WFC,0.0122166870072382,-0.41772105839140555,0.42993774539864377,0.42993774539864377
2026-04-29,WFC,0.0122166870072382,-0.07668234379846434,0.08889903080570254,0.08889903080570254
2026-04-30,ACGBY,-1.4176231237724046,0.11281704521452478,-1.5304401689869294,1.5304401689869294
2026-04-30,BAC,1.0968229954614106,1.0968229954614002,1.0436096431476471e-14,1.0436096431476471e-14
2026-04-30,BAC,1.0968229954614106,-0.44728261195082836,1.544105607412239,1.544105607412239
2026-04-30,BAC,1.0968229954614106,-0.5316168961859241,1.6284398916473348,1.6284398916473348
2026-04-30,BAC,1.0968229954614106,0.14176604445332774,0.9550569510080829,0.9550569510080829
2026-04-30,BAC,1.0968229954614106,0.14176604445332774,0.9550569510080829,0.9550569510080829
2026-04-30,BACHY,-2.2891566265060392,0.6750957597440543,-2.9642523862500934,2.9642523862500934
2026-04-30,BCMXY,0.0,0.06308002103833471,-0.06308002103833471,0.06308002103833471
2026-04-30,BCS,1.7826086956521658,-0.43943065176172214,2.222039347413888,2.222039347413888
2026-04-30,BCS,1.7826086956521658,-0.06644998980481157,1.8490586854569775,1.8490586854569775
2026-04-30,BCS,1.7826086956521658,-0.10523032622353745,1.8878390218757033,1.8878390218757033
2026-04-30,BK,1.5876616012701297,0.2731693808994293,1.3144922203707003,1.3144922203707003
2026-04-30,BNPQY,-1.685708934257346,0.2684197885063446,-1.9541287227636905,1.9541287227636905
2026-04-30,C,0.2899789936476882,1.3376994557335016,-1.0477204620858134,1.0477204620858134
2026-04-30,CICHY,0.1774622892635191,0.1844503025281376,-0.006988013264618509,0.006988013264618509
2026-04-30,DB,1.238995761330286,-0.285342981534232,1.524338742864518,1.524338742864518
2026-04-30,GS,2.006404593639566,0.3382915324564124,1.6681130611831534,1.6681130611831534
2026-04-30,HSBC,2.889784946236551,-0.044462138511738095,2.9342470847482893,2.9342470847482893
2026-04-30,HSBC,2.889784946236551,0.061112226353976354,2.8286727198825745,2.8286727198825745
2026-04-30,HSBC,2.889784946236551,0.061112226353976354,2.8286727198825745,2.8286727198825745
2026-04-30,HSBC,2.889784946236551,0.27730896049209414,2.612475985744457,2.612475985744457
2026-04-30,HSBC,2.889784946236551,0.27730896049209414,2.612475985744457,2.612475985744457
2026-04-30,IDCBY,-2.5941104869959486,0.15827830653627656,-2.752388793532225,2.752388793532225
2026-04-30,ING,4.629294755877034,1.0372307370399714,3.5920640188370623,3.5920640188370623
2026-04-30,JPM,1.2869846402586926,0.24137504113363167,1.045609599125061,1.045609599125061
2026-04-30,JPM,1.2869846402586926,1.2869846402586893,3.3306690738754696e-15,3.3306690738754696e-15
2026-04-30,JPM,1.2869846402586926,-0.14084744311877004,1.4278320833774627,1.4278320833774627
2026-04-30,JPM,1.2869846402586926,-0.2852021444032104,1.572186784661903,1.572186784661903
2026-04-30,JPM,1.2869846402586926,-0.2685410485742545,1.5555256888329472,1.5555256888329472
2026-04-30,JPM,1.2869846402586926,0.03656895460062187,1.2504156856580708,1.2504156856580708
2026-04-30,JPM,1.2869846402586926,-0.14084744311877004,1.4278320833774627,1.4278320833774627
2026-04-30,JPM,1.2869846402586926,-0.17962777953749592,1.4666124197961885,1.4666124197961885
2026-04-30,JPM,1.2869846402586926,-0.36286040361810235,1.649845043876795,1.649845043876795
2026-04-30,MFG,2.13776722090262,0.1563188060304614,1.9814484148721585,1.9814484148721585
2026-04-30,MS,2.4236887360275183,-0.2839062060993985,2.7075949421269168,2.7075949421269168
2026-04-30,MS,2.4236887360275183,0.6909639346531298,1.7327248013743886,1.7327248013743886
2026-04-30,MS,2.4236887360275183,0.05029411943878624,2.3733946165887323,2.3733946165887323
2026-04-30,MUFG,2.924311926605494,1.0258856413558297,1.8984262852496643,1.8984262852496643
2026-04-30,RY,2.7108777536810846,-0.3745259072513285,3.085403660932413,3.085403660932413
2026-04-30,SAN,1.75256251003455,-0.05862029512588901,1.811182805160439,1.811182805160439
2026-04-30,SAN,1.75256251003455,0.0900164350828282,1.662546074951722,1.662546074951722
2026-04-30,SCBFF,7.659754549301745,0.1505320397484399,7.509222509553305,7.509222509553305
2026-04-30,SCGLY,-2.90556900726393,0.059178410668335006,-2.9647474179322653,2.9647474179322653
2026-04-30,SMFG,2.214732787674545,0.19753661804735773,2.017196169627187,2.017196169627187
2026-04-30,STT,1.4200398142004025,0.15710023606376014,1.2629395781366424,1.2629395781366424
2026-04-30,TD,3.2499280989358725,0.17072919290756328,3.079198906028309,3.079198906028309
2026-04-30,UBS,2.762172284644193,0.1838577959714507,2.5783144886727425,2.5783144886727425
2026-04-30,UBS,2.762172284644193,0.43700267057210723,2.325169614072086,2.325169614072086
2026-04-30,UBS,2.762172284644193,0.1720945747475298,2.590077709896663,2.590077709896663
2026-04-30,UBS,2.762172284644193,0.1838577959714507,2.5783144886727425,2.5783144886727425
2026-04-30,UBS,2.762172284644193,0.27821715107202655,2.4839551335721666,2.4839551335721666
2026-04-30,UBS,2.762172284644193,0.3882913088856476,2.3738809757585457,2.3738809757585457
2026-04-30,UBS,2.762172284644193,0.21087491116625567,2.5512973734779374,2.5512973734779374
2026-04-30,UBS,2.762172284644193,0.1838577959714507,2.5783144886727425,2.5783144886727425
2026-04-30,WFC,0.8833189794513308,-0.1126110552165292,0.9959300346678599,0.9959300346678599
2026-04-30,WFC,0.8833189794513308,-0.328807789354647,1.2121267688059778,1.2121267688059778
2026-05-01,ACGBY,-0.0158545608286653,0.11281704521452478,-0.12867160604319008,0.12867160604319008
2026-05-01,BAC,-0.4115226337448541,0.14176604445332774,-0.5532886781981818,0.5532886781981818
2026-05-01,BAC,-0.4115226337448541,-0.2942144309459805,-0.1173082027988736,0.1173082027988736
2026-05-01,BACHY,-0.0616522811343944,0.17459062154779023,-0.23624290268218462,0.23624290268218462
2026-05-01,BCMXY,0.0,0.06308002103833471,-0.06308002103833471,0.06308002103833471
2026-05-01,BCS,0.0854335753951218,-0.36409487067413016,0.44952844606925196,0.44952844606925196
2026-05-01,BK,-0.439086105529507,0.2731693808994293,-0.7122554864289363,0.7122554864289363
2026-05-01,BNPQY,0.3048199657077477,0.3048199657077416,6.106226635438361e-15,6.106226635438361e-15
2026-05-01,BNPQY,0.3048199657077477,0.2905228757567988,0.014297089950948916,0.014297089950948916
2026-05-01,BNPQY,0.3048199657077477,0.2905228757567988,0.014297089950948916,0.014297089950948916
2026-05-01,BNPQY,0.3048199657077477,-0.4238663568175224,0.7286863225252701,0.7286863225252701
2026-05-01,C,-0.421974053502383,0.777179695267098,-1.199153748769481,1.199153748769481
2026-05-01,CICHY,0.2657218777679437,0.1844503025281376,0.0812715752398061,0.0812715752398061
2026-05-01,DB,0.1932367149758418,-0.6044926366365327,0.7977293516123746,0.7977293516123746
2026-05-01,GS,-0.0064951232449539,0.5157079301758043,-0.5222030534207582,0.5222030534207582
2026-05-01,HSBC,0.0979751796211569,-0.044462138511738095,0.142437318132895,0.142437318132895
2026-05-01,HSBC,0.0979751796211569,0.27730896049209414,-0.17933378087093724,0.17933378087093724
2026-05-01,HSBC,0.0979751796211569,-0.044462138511738095,0.142437318132895,0.142437318132895
2026-05-01,HSBC,0.0979751796211569,0.061112226353976354,0.036862953267180545,0.036862953267180545
2026-05-01,HSBC,0.0979751796211569,0.27730896049209414,-0.17933378087093724,0.17933378087093724
2026-05-01,IDCBY,-0.0166234838236301,0.15827830653627656,-0.17490179035990666,0.17490179035990666
2026-05-01,ING,-1.313515381956443,-1.443669880693458,0.13015449873701512,0.13015449873701512
2026-05-01,JPM,-0.2426332088241833,-0.14084744311877004,-0.10178576570541326,0.10178576570541326
2026-05-01,JPM,-0.2426332088241833,-0.06220618311418566,-0.18042702570999763,0.18042702570999763
2026-05-01,JPM,-0.2426332088241833,-0.35538973455282774,0.11275652572864445,0.11275652572864445
2026-05-01,JPM,-0.2426332088241833,-0.47300853004052656,0.23037532121634327,0.23037532121634327
2026-05-01,JPM,-0.2426332088241833,-0.14084744311877004,-0.10178576570541326,0.10178576570541326
2026-05-01,MFG,-1.0465116279069764,0.1563188060304614,-1.2028304339374378,1.2028304339374378
2026-05-01,MS,-0.220368329922882,-0.1872323521714081,-0.033135977751473894,0.033135977751473894
2026-05-01,MS,-0.220368329922882,-0.2570923144395937,0.03672398451671169,0.03672398451671169
2026-05-01,MS,-0.220368329922882,0.8843709675186547,-1.1047392974415366,1.1047392974415366
2026-05-01,MUFG,-1.4484679665738076,0.006399179924477624,-1.4548671464982852,1.4548671464982852
2026-05-01,RY,-0.2389287103406134,0.4842015332981701,-0.7231302436387835,0.7231302436387835
2026-05-01,SAN,-0.9840966656977868,-0.4603806245934743,-0.5237160411043125,0.5237160411043125
2026-05-01,SAN,-0.9840966656977868,-0.41956104955832024,-0.5645356161394666,0.5645356161394666
2026-05-01,SCBFF,0.8254716981132004,0.8254716981132008,-3.3306690738754696e-16,3.3306690738754696e-16
2026-05-01,SCGLY,0.9975062344139696,-0.633107734655532,1.6306139690695016,1.6306139690695016
2026-05-01,SMFG,-0.3768252472915789,0.19753661804735773,-0.5743618653389366,0.5743618653389366
2026-05-01,STT,-0.5495943470295805,0.15710023606376014,-0.7066945830933407,0.7066945830933407
2026-05-01,TD,-0.3621169916434574,0.17072919290756328,-0.5328461845510206,0.5328461845510206
2026-05-01,UBS,-0.4783599088838297,-0.16210575079065492,-0.31625415809317475,0.31625415809317475
2026-05-01,UBS,-0.4783599088838297,-1.1991614487745577,0.7208015398907279,0.7208015398907279
2026-05-01,UBS,-0.4783599088838297,0.3882913088856476,-0.8666512177694773,0.8666512177694773
2026-05-01,UBS,-0.4783599088838297,0.6823003009249475,-1.1606602098087773,1.1606602098087773
2026-05-01,UBS,-0.4783599088838297,0.6823003009249475,-1.1606602098087773,1.1606602098087773
2026-05-01,WFC,-1.7268307598226618,-0.328807789354647,-1.3980229704680147,1.3980229704680147
