topic_id,term_rank,term,weight
0,1,oil,0.012911169513301275
0,2,rate,0.007358369883627238
0,3,futures,0.007166135386217718
0,4,fed,0.007068546511064323
0,5,dollar,0.006823035169494389
0,6,traders,0.005774380713457692
0,7,inflation,0.005749503199267626
0,8,lower,0.005691255339630438
0,9,data,0.0056884939010276355
0,10,higher,0.0054957130170074356
1,1,head,0.026619145692641333
1,2,appoints,0.023358418525152115
1,3,names,0.019132257866894334
1,4,hires,0.016158559403023444
1,5,chief,0.014042591602316506
1,6,board,0.013430980876618304
1,7,executive,0.011159924746206489
1,8,officer,0.011068703772293747
1,9,directors,0.010958306182567604
1,10,memo,0.009655891840537608
2,1,pay,0.01581108794209456
2,2,fined,0.015098443562264398
2,3,settle,0.013740249685791175
2,4,million,0.013404543730590055
2,5,lawsuit,0.012988256610866607
2,6,epstein,0.011117303510835263
2,7,case,0.0106072619125235
2,8,sec,0.010449775271249271
2,9,fraud,0.0097276753199416
2,10,court,0.009653649463124131
3,1,profit,0.03404408658238103
3,2,beat,0.01748841223062593
3,3,rises,0.01653303912576045
3,4,beats,0.016035249797952608
3,5,earnings beat,0.015763616585325164
3,6,profit rises,0.01507978724872918
3,7,profit beats,0.013705458223458257
3,8,estimates,0.013562796202383213
3,9,jumps,0.01092093142116462
3,10,expectations,0.010279588165192742
4,1,platform,0.010633789969256369
4,2,solution,0.00996952313765605
4,3,digital,0.009887432389794166
4,4,payments,0.009855598228896987
4,5,partnership,0.009571372791582529
4,6,launches,0.008968342302684796
4,7,solutions,0.008883746668214386
4,8,access,0.008716281751710022
4,9,collaborate,0.008499217914772782
4,10,capabilities,0.007732260849595125
5,1,jobs,0.04165920345321326
5,2,cut,0.0265440906606005
5,3,job cuts,0.025215367786050765
5,4,cuts,0.02484976381892199
5,5,job,0.02029351057957029
5,6,layoffs,0.018079064070134154
5,7,staff,0.016247333767706342
5,8,000 jobs,0.015420740699854496
5,9,plans cut,0.015124373671297067
5,10,source,0.01456616361449418
6,1,notes,0.04742031491147209
6,2,redemption,0.04300715918365991
6,3,floating rate,0.03859931332266851
6,4,floating,0.03839771303742794
6,5,senior notes,0.03689587267598998
6,6,announces redemption,0.034189132628234635
6,7,senior,0.029521470557632136
6,8,announces,0.028891473332355023
6,9,preferred,0.028049683785508706
6,10,rate senior,0.025089081417922172
7,1,profit,0.028589124565786526
7,2,profit falls,0.025522750366218795
7,3,falls,0.023979558297169575
7,4,drop,0.016138189510628623
7,5,slump,0.013970217127667222
7,6,profits,0.013683396076400425
7,7,fall,0.01252045297314008
7,8,loss,0.012161296752928602
7,9,provisions,0.012035271047213197
7,10,profit drops,0.011919193565452095
8,1,foundation,0.024450438360611
8,2,support,0.020699613531728205
8,3,million,0.01952684532602625
8,4,grant,0.019097951788012223
8,5,grants,0.01843522411092027
8,6,donates,0.018159492263792824
8,7,awards,0.018093514142476518
8,8,awards million,0.01689527611628731
8,9,homeownership,0.015085067960970812
8,10,communities,0.014094748596006873
9,1,buys,0.05998582235199756
9,2,llc buys,0.04083337915792727
9,3,llc,0.035094035034825465
9,4,ishares,0.030798432805236108
9,5,corp,0.024452481173152563
9,6,sells,0.024242704255017254
9,7,etf,0.0210298949916241
9,8,management llc,0.0181059073273253
9,9,buys ishares,0.018015976823865708
9,10,vanguard,0.016298020507349697
10,1,amp 500,0.05422533810170469
10,2,500 nasdaq,0.05311837421242989
10,3,nasdaq,0.04804544501909617
10,4,500,0.04746051185040769
10,5,dow amp,0.04574785455862034
10,6,market today,0.04244588590018399
10,7,today dow,0.037216917072606735
10,8,stock market,0.03349852981633814
10,9,dow,0.02994771497909306
10,10,today,0.02651291275770096
11,1,stock buy,0.0711620534619719
11,2,best,0.043152701270082104
11,3,amp best,0.04195617441169418
11,4,buy according,0.03867420679483261
11,5,according,0.03730779519713745
11,6,dividend stock,0.03360290222396287
11,7,buy right,0.031090245241845463
11,8,best bank,0.03097618112157574
11,9,stock invest,0.028842920761689775
11,10,corporation best,0.027681846980196736
12,1,roundup,0.02551765301910001
12,2,spurs,0.025046378670132343
12,3,win,0.02114945361626805
12,4,vs,0.019494077078729865
12,5,sharks,0.019450167909790535
12,6,49ers,0.015853912934549765
12,7,nba,0.014609468219523945
12,8,cup,0.01413201863807233
12,9,brewers,0.014013401417555313
12,10,chiefs,0.013454182108355776
13,1,class action,0.04919591627976612
13,2,action,0.044311641480120484
13,3,deadline,0.04366165175182556
13,4,action lawsuit,0.04267264062770144
13,5,class,0.04120441960876098
13,6,alert,0.03556466016112671
13,7,lead plaintiff,0.034808849728305426
13,8,plaintiff,0.034808849728305426
13,9,plaintiff deadline,0.033162127175905554
13,10,lawsuit,0.031059601297723255
14,1,story,0.0903521691186835
14,2,shifting,0.06405151256635581
14,3,narrative,0.059387971857880695
14,4,recent,0.05342284116534133
14,5,developments,0.044166118006294344
14,6,recent developments,0.0435516104233704
14,7,rewriting,0.03591779744046722
14,8,evolving,0.03546741106860004
14,9,shaping,0.035273196640033956
14,10,analyst,0.035185257994746255
15,1,ipo,0.0389799939916593
15,2,billion,0.03233516123420133
15,3,raise,0.02164852536775914
15,4,billion ipo,0.020318981538102222
15,5,seeks billion,0.02011377598825617
15,6,raise billion,0.019752706334425326
15,7,seeks,0.01888016902316406
15,8,billion valuation,0.015134813900158696
15,9,billion hong,0.014958725702465179
15,10,softbank,0.01481977819534344
16,1,forbes,0.08408305282693902
16,2,named,0.07884181690387038
16,3,advisors,0.07178055310703564
16,4,list,0.07009719957530144
16,5,named forbes,0.07004101881585871
16,6,best state,0.06403023843654297
16,7,wealth advisors,0.055126616232552564
16,8,advisors list,0.053801473758871565
16,9,state wealth,0.051518244040040344
16,10,state,0.04948115742008217
17,1,stake,0.03210807518186756
17,2,sell,0.021828604983696754
17,3,agrees,0.017576191176561416
17,4,unit,0.017188427343801375
17,5,acquire,0.015225303201171787
17,6,talks,0.013975023465359495
17,7,dbs,0.012988719258726416
17,8,talks buy,0.012053947056281657
17,9,consumer business,0.01172841421593925
17,10,business,0.011406901516796814
18,1,portfolio invested,0.071322029075058
18,2,warren buffett,0.07014955047931812
18,3,warren,0.0681215069470494
18,4,invested,0.06413277005553977
18,5,buffett,0.06363540613104497
18,6,billion portfolio,0.05831482507042568
18,7,portfolio,0.047096808952191295
18,8,buffett portfolio,0.03474558175029703
18,9,invested stocks,0.03333264811662322
18,10,stocks warren,0.032390220219301186
19,1,china,0.01469477659060961
19,2,china vows,0.012495216631143755
19,3,trump,0.01010368174685472
19,4,support,0.009884982187089594
19,5,vows,0.009497591331081624
19,6,boost,0.00903363921983854
19,7,capital rule,0.008523413368275026
19,8,pledges,0.008140792569498536
19,9,banks,0.007869481091349901
19,10,policy,0.00780861481017437
20,1,notification,0.014059857782298471
20,2,cramer discusses,0.011414242207581667
20,3,flagged block,0.011414242207581667
20,4,notification group,0.011414242207581667
20,5,transparency,0.01055944356879158
20,6,transparency notification,0.010535539161132458
20,7,flagged,0.009957271389853344
20,8,block trades,0.009957271389853344
20,9,ag,0.009833890411122507
20,10,group,0.009433594697955761
21,1,world,0.07343269451571818
21,2,countries,0.0666788172149165
21,3,companies,0.06472451686993155
21,4,companies world,0.05774526093258924
21,5,20,0.04802440187278154
21,6,world 15,0.04245425806054763
21,7,25,0.040623122336191815
21,8,highest,0.03934198172810786
21,9,15,0.03855722306816979
21,10,biggest,0.03717670165838638
22,1,watchlist,0.044629137087173906
22,2,stock portfolio,0.042210940963747744
22,3,reasons,0.03551482838323716
22,4,upcoming dividend,0.028088320827442368
22,5,know betting,0.026664308158238344
22,6,stock facts,0.026664308158238344
22,7,reasons add,0.026664308158238344
22,8,stock long,0.026472908851698607
22,9,portfolio,0.025597942390924562
22,10,facts know,0.024586830351986888
23,1,just,0.01153239641426292
23,2,isn,0.011031893988969197
23,3,means,0.010569374920527943
23,4,money,0.009635864044278424
23,5,investing,0.009097147304196659
23,6,thing,0.008560045953530715
23,7,gave,0.007505038451692974
23,8,don,0.007476656120470823
23,9,portfolio,0.007350847792850687
23,10,wealthy,0.007219315772597274
24,1,good,0.032888861378923384
24,2,according,0.03169242478776903
24,3,buy according,0.02925699864706402
24,4,corporation,0.02199235202421925
24,5,best,0.0218775326971167
24,6,dividend stocks,0.019429781542497655
24,7,stocks buy,0.019287827938855556
24,8,corporation best,0.019239809703760515
24,9,according hedge,0.018835812405863496
24,10,amp good,0.018597537772119473
25,1,award,0.03975646678517187
25,2,awards,0.03488318663978756
25,3,wins,0.03326775946979063
25,4,excellence,0.029078907243760957
25,5,named,0.02442688434432413
25,6,recognized,0.02358303656502525
25,7,named best,0.023402915342672956
25,8,consecutive year,0.019122063345528913
25,9,consecutive,0.018352219733706
25,10,builders,0.01772499603082167
26,1,earnings highlights,0.10232922037371456
26,2,highlights strong,0.07554300316729796
26,3,highlights,0.06213105575697674
26,4,2025 earnings,0.05663600591488153
26,5,strong,0.046156589578601324
26,6,highlights record,0.04564006777171281
26,7,2024 earnings,0.04048709802604362
26,8,q1 2025,0.03571968621340827
26,9,strong revenue,0.03183123959347191
26,10,q4 2024,0.029471653317098147
27,1,zacks,0.10352547009688182
27,2,analyst blog,0.09368508480151495
27,3,zacks analyst,0.09368508480151495
27,4,blog,0.09290224885833472
27,5,blog highlights,0.09269413296920889
27,6,highlights,0.08948399479259261
27,7,analyst,0.04319859108790518
27,8,featured,0.03541987592929186
27,9,zacks com,0.03497934934526054
27,10,com featured,0.03497934934526054
28,1,form,0.23914780373717828
28,2,plc,0.18180377604930859
28,3,plc amendment,0.17496136235211202
28,4,amendment form,0.17313561541240763
28,5,group plc,0.1711846359392447
28,6,plc form,0.16948889508292686
28,7,amendment,0.15966332411941572
28,8,prism group,0.05455417535187833
28,9,form blue,0.05455417535187833
28,10,blue prism,0.05455417535187833
29,1,expands,0.03509337873380964
29,2,expand,0.028978084822863733
29,3,expansion,0.02264772196971852
29,4,opens,0.021515151632449405
29,5,branch,0.020645442217718746
29,6,patents,0.020367489449740588
29,7,opens new,0.01653044382121835
29,8,new,0.016333815500502762
29,9,patents granted,0.01631520896556069
29,10,granted,0.01582987374902738
30,1,consolidated,0.025992070637368064
30,2,drivers,0.02480638922629126
30,3,analysis,0.02479970535689377
30,4,research,0.024125556909193973
30,5,fundamental,0.023161603081097076
30,6,2018,0.022508614925368323
30,7,factors influence,0.022170182728598598
30,8,factors,0.02132464009178432
30,9,influence,0.02061100004964035
30,10,drivers growth,0.01948628474749182
31,1,revenues,0.028600051754482752
31,2,amp revenues,0.025232586071954128
31,3,earnings amp,0.024396016802876338
31,4,beat,0.02416421316406023
31,5,revenues rise,0.023226834798788717
31,6,beat estimates,0.023067819905925137
31,7,earnings beat,0.022517572380039437
31,8,estimates,0.02227987657757895
31,9,q2 earnings,0.01983626914766706
31,10,rise,0.017737447027038607
32,1,amp 500,0.05820716766814537
32,2,500,0.05042360483249135
32,3,500 nasdaq,0.04441679288155149
32,4,nasdaq,0.042203919693732085
32,5,market today,0.03981865338094519
32,6,today dow,0.03939201585531539
32,7,dow amp,0.03867618716050121
32,8,stock market,0.03136933555593936
32,9,500 slips,0.027875282766740717
32,10,amp,0.025978521929483175
33,1,revenue estimates,0.0870056023231205
33,2,estimates,0.08602362508745026
33,3,earnings revenue,0.08119889040181119
33,4,beats,0.0811197147618844
33,5,revenue,0.056465519409438655
33,6,stock earnings,0.05429427048009523
33,7,beats eps,0.04324133026706095
33,8,2024 stock,0.039968768674343715
33,9,revenues estimates,0.03638160230686355
33,10,beats q2,0.035344505852906716
34,1,rally,0.0403079704237294
34,2,late consider,0.036519773391204755
34,3,surge,0.03626722542324276
34,4,attractive,0.03179342707284886
34,5,year surge,0.029215818712963804
34,6,priced,0.0289843866132795
34,7,price surge,0.025244938065133022
34,8,strong,0.024030732352033707
34,9,2025,0.023259787397753147
34,10,justified,0.02233577963871077
35,1,press release,0.039923008018988224
35,2,press,0.03571056887661688
35,3,sanofi,0.0331679590497575
35,4,release sanofi,0.03152400651088981
35,5,phase,0.030140273164420365
35,6,release,0.026153164088780798
35,7,fda,0.02593191793363112
35,8,disease,0.024163415065350552
35,9,sclerosis,0.02278521667366491
35,10,multiple sclerosis,0.02278521667366491
36,1,today,0.0787655665239106
36,2,stock popped,0.04494363298911193
36,3,popped,0.043918384520527806
36,4,falling today,0.041937310144334945
36,5,dropped,0.0389284080541567
36,6,stock dropped,0.0349561589915315
36,7,popped today,0.03108587887861808
36,8,falling,0.029346430095389307
36,9,plunging today,0.027078427819016978
36,10,stock,0.02682840536819937
37,1,ended,0.05709169335013766
37,2,universal registration,0.05374545286463499
37,3,registration document,0.053216944021641205
37,4,registration,0.05093718224286941
37,5,availability,0.05089327383453566
37,6,document,0.048284477340565055
37,7,universal,0.047329691848436536
37,8,form 10,0.04545380784081789
37,9,files form,0.04545380784081789
37,10,chase files,0.04492720184546334
38,1,operations,0.0330308601596373
38,2,wind,0.03159744801736082
38,3,wind russia,0.02128237021375799
38,4,consumer,0.018613602039635697
38,5,considers,0.017719742133119384
38,6,agm,0.017337179268911183
38,7,giant break,0.016685302840805778
38,8,calls banking,0.016685302840805778
38,9,break source,0.016685302840805778
38,10,considers delaying,0.016685302840805778
39,1,44th annual,0.1995132026546963
39,2,44th,0.19852929399606592
39,3,annual healthcare,0.19736789940034472
39,4,present 44th,0.19154652499032945
39,5,healthcare conference,0.187399685973028
39,6,healthcare,0.15449842910216258
39,7,present,0.14911239116159652
39,8,annual,0.12486356284791521
39,9,conference,0.12249598085030085
39,10,therapeutics present,0.06231394444196885
40,1,stocks sell,0.1095912887435751
40,2,sell,0.05135749514779739
40,3,oversold,0.04664475390829784
40,4,burn,0.04362922019293862
40,5,crash,0.04135851368430891
40,6,crash burn,0.039851975838470506
40,7,sorry,0.03149744262685217
40,8,stocks buy,0.030120916262408263
40,9,stocks,0.028529740444894758
40,10,stocks dump,0.028465697027478934
41,1,valuation,0.10699716245924863
41,2,share price,0.08223780366689894
41,3,assessing,0.07305053991875562
41,4,assessing valuation,0.06941130548705295
41,5,recent share,0.05591434145409807
41,6,valuation strong,0.0491318958545868
41,7,enxtpa,0.04862351550951784
41,8,share,0.045981538945249395
41,9,valuation recent,0.04382477177547357
41,10,recent,0.03742725575694091
42,1,premarket,0.1507887066380433
42,2,rise premarket,0.12229548826722392
42,3,fall premarket,0.07313817182790154
42,4,fall,0.07074435259558876
42,5,rise,0.06964857258686978
42,6,falls,0.032754016331083456
42,7,tesla,0.02868973082995993
42,8,gamestop,0.02421248927063767
42,9,apple,0.018283169124596755
42,10,fall tesla,0.0182223601183219
43,1,know week,0.0629749613358761
43,2,watch,0.059673662565608625
43,3,bank earnings,0.05355918757718361
43,4,expect,0.043769570355817335
43,5,earnings know,0.040154975061248696
43,6,preview expect,0.038550080828358986
43,7,week,0.0360137990401359
43,8,watch week,0.03143608176541975
43,9,earnings,0.031055384477791208
43,10,data watch,0.02996648139971421
44,1,smart money,0.25248709680327364
44,2,money right,0.24045444220821247
44,3,smart,0.21515490459777864
44,4,money,0.1378301586561454
44,5,right,0.10752956471512518
44,6,did smart,0.04232042457860988
44,7,correctly,0.03870789997707901
44,8,money play,0.03870789997707901
44,9,did,0.02426163564643773
44,10,correctly did,0.024255792272330875
45,1,news,0.20415318775024263
45,2,2022 news,0.11215450201077819
45,3,2023 news,0.11215450201077819
45,4,2025 news,0.08290168480169836
45,5,news jul,0.0812214373785337
45,6,news oct,0.07917009277151639
45,7,jul,0.07800844944808828
45,8,2024 news,0.0767070204893056
45,9,news jan,0.0741406932823146
45,10,2021 news,0.07037192241192113
46,1,good stock,0.18680073857778473
46,2,good,0.12664101795332566
46,3,stock buy,0.1088100902780148
46,4,buy,0.03795562999415192
46,5,stock,0.025693752798103108
46,6,kdp good,0.014689838169591771
46,7,kdp,0.013843396505328932
46,8,buy right,0.012579880132238278
46,9,best cryptocurrency,0.012397586598637433
46,10,buy sofi,0.012076356314688034
47,1,funds right,0.23489112652520344
47,2,hedge funds,0.12378192603122178
47,3,right,0.12098844867420504
47,4,hedge,0.11265357945908734
47,5,funds,0.0875371348022597
47,6,right stock,0.03170201715855663
47,7,investors right,0.02311339569147692
47,8,expert investors,0.022632980391324116
47,9,baba hedge,0.019458011456949153
47,10,baba,0.017335046768607688
48,1,dividend stocks,0.07212986099165808
48,2,stocks buy,0.05390897314675393
48,3,dividend,0.04828087382678185
48,4,hold,0.047693195569127385
48,5,buy hold,0.04470884141502023
48,6,hold forever,0.03754167490138868
48,7,forever,0.035240375657274454
48,8,buy,0.031596969766323216
48,9,hold long,0.03025427061973868
48,10,stocks,0.026655458272044352
49,1,buy 10,0.0931594280190918
49,2,best,0.08915979346214886
49,3,10 best,0.08655302320813095
49,4,stocks buy,0.08561298361597694
49,5,buy 11,0.0607125899411044
49,6,11 best,0.05619383728584243
49,7,buy 12,0.04909843883622192
49,8,buy,0.04688592870362347
49,9,12 best,0.04214320659573743
49,10,15 best,0.0375752475192469
50,1,stories,0.054573151058484905
50,2,today stories,0.048629283317246266
50,3,today,0.01839857691302625
50,4,midday stories,0.013912523354821987
50,5,elon musk,0.010396138490438097
50,6,midday,0.010336364853969453
50,7,elon,0.010220215527495056
50,8,musk,0.009676315676811984
50,9,apple,0.006760563627070574
50,10,orbit,0.00645165965379035
51,1,assigns,0.0606122322054713
51,2,moody assigns,0.05518944160578206
51,3,moody,0.05345722444929847
51,4,series,0.03970195038647365
51,5,issued,0.026522627123258223
51,6,trust,0.02518105422933132
51,7,gr,0.024517396032474627
51,8,authority,0.024002840541542437
51,9,vmig,0.023407006158053002
51,10,notes,0.021041615451931287
52,1,week high,0.075905515574245
52,2,52 week,0.06812297689434076
52,3,52,0.06225315002656707
52,4,high,0.04439411262875271
52,5,time,0.0432909929565892
52,6,right time,0.04275670288031727
52,7,ytd,0.04195203511507436
52,8,hits 52,0.03803520982334397
52,9,time buy,0.037629059017998435
52,10,buy stock,0.03406562729010819
53,1,stock picks,0.13208766863304394
53,2,10 stock,0.11665294122989799
53,3,picks,0.10220561815427959
53,4,10,0.05581054416474669
53,5,portfolio 10,0.05328568820054638
53,6,billionaire,0.04785239698386559
53,7,capital 10,0.03656295281435255
53,8,new stock,0.028775791418771332
53,9,capital,0.02791517800328227
53,10,picks billionaire,0.026697773120828133
54,1,crypto,0.04002723671998155
54,2,crypto trading,0.03455014097623667
54,3,blockchain,0.03378192264474848
54,4,clients,0.03247072713347014
54,5,tokenized,0.030001704401888003
54,6,offer crypto,0.026199551945881114
54,7,offer,0.02539529046265585
54,8,bitcoin,0.025378810418373744
54,9,ethereum,0.020166381687466026
54,10,bitcoin etfs,0.0177671720505794
55,1,moving markets,0.16668067963633945
55,2,moving,0.12825646583200756
55,3,markets,0.06670281223834769
55,4,markets bank,0.024323652042040105
55,5,markets china,0.02097133158775679
55,6,markets powell,0.019603482540282883
55,7,markets fed,0.01677706527020543
55,8,gdp,0.016257123392247105
55,9,markets retail,0.015369060853364022
55,10,chinese gdp,0.015369060853364022
56,1,stocks buy,0.04266699430687242
56,2,buy hold,0.039662783151292076
56,3,hold,0.03250200972344904
56,4,forever,0.03161034108194746
56,5,dividend stocks,0.03043376057699221
56,6,hold forever,0.028863932989695622
56,7,stocks,0.02695109342398551
56,8,bargain stocks,0.026814271192058866
56,9,buy,0.02667929729099333
56,10,buy today,0.025842989004722386
57,1,tsx dividend,0.08834971399920129
57,2,dividend stocks,0.08737459373764608
57,3,stocks consider,0.08524723834725306
57,4,tsx,0.0767160965068872
57,5,consider,0.06829572372678051
57,6,2025 tsx,0.0675325396414342
57,7,stocks watch,0.05553065755330877
57,8,dividend,0.05212801900524257
57,9,watch,0.05203074048384894
57,10,predictions,0.04942997866189278
58,1,buys,0.07313816891999206
58,2,corp,0.058496290018511844
58,3,llc buys,0.046021048742894456
58,4,sells,0.039668388342471564
58,5,llc,0.03917941336923662
58,6,fund buys,0.028519509193120067
58,7,buys corp,0.0246633130809856
58,8,corp sells,0.02343402326738832
58,9,management buys,0.022625411245509066
58,10,buys group,0.016155068785586847
59,1,earnings transcript,0.21464827097561645
59,2,transcript,0.20998842530063508
59,3,2023 earnings,0.17011136411347
59,4,q4 2023,0.0812730998442495
59,5,transcript corporation,0.0754330645492931
59,6,2023,0.0700105872650116
59,7,q4 2022,0.06774550820386707
59,8,transcript group,0.06746135154516913
59,9,q1 2024,0.06457753854770783
59,10,q4,0.06230395368707957
60,1,rate,0.04570273571392738
60,2,rate cut,0.045684502627527226
60,3,cut,0.03616694776450104
60,4,25bps,0.035599575183133766
60,5,fed rate,0.03546283515735723
60,6,fed,0.035423254624584385
60,7,rate cuts,0.034975677953498714
60,8,sees,0.030983948277581976
60,9,cuts,0.029201872752742466
60,10,cut forecast,0.028123848021360944
61,1,stock market,0.018094617890784027
61,2,worried,0.0167848233550619
61,3,mean,0.016368655447488736
61,4,season won,0.016289890067554255
61,5,won make,0.015351251976361283
61,6,recession,0.0153201880351416
61,7,market worried,0.014685575274962785
61,8,break stock,0.014685575274962785
61,9,isn,0.014470572416585321
61,10,make break,0.014169465955605722
62,1,better names,0.05402057453336399
62,2,want,0.05286141820536712
62,3,buy hold,0.03832346441513009
62,4,got 000,0.03766643800565562
62,5,000,0.034112174541755934
62,6,hold,0.028549539485635475
62,7,passive income,0.026884028470447432
62,8,names buy,0.026554286904859368
62,9,passive,0.025775079921817462
62,10,better,0.02534536334993308
63,1,declares,0.2040642731538195
63,2,stock dividends,0.17491752486860862
63,3,dividends,0.13724461484633668
63,4,dividends declares,0.10811014351028965
63,5,preferred stock,0.10295454957587895
63,6,declares preferred,0.09577264906445862
63,7,preferred,0.0945660146017654
63,8,common stock,0.06868636725303429
63,9,quarter,0.0650032188332661
63,10,declares quarter,0.06482056793533159
64,1,prospering,0.04224632212257014
64,2,soar,0.038882736766250016
64,3,according wall,0.030535533621610385
64,4,prospering industry,0.024238353061819106
64,5,industry stocks,0.02351732482635485
64,6,buy soar,0.02351732482635485
64,7,foreign bank,0.021499252125248388
64,8,industry,0.020464073854063545
64,9,worth look,0.020172359884480434
64,10,stocks huge,0.019694941212487296
65,1,depositary bank,0.1756142261379167
65,2,depositary,0.17504383545546826
65,3,appointed,0.15879757021774574
65,4,appointed depositary,0.15637784298384363
65,5,program,0.08303692280306174
65,6,adr,0.07589857915446582
65,7,program appointed,0.07438244338872317
65,8,depositary receipt,0.07289883253179594
65,9,receipt program,0.07142233361520314
65,10,receipt,0.07030182234721977
66,1,trends highlights,0.05277202279980113
66,2,earnings trends,0.05277202279980113
66,3,zacks earnings,0.04197258277001401
66,4,bank earnings,0.04042268755825273
66,5,trends,0.031745193514477375
66,6,hike shareholder,0.027918376985588442
66,7,shareholder payouts,0.02577829633627049
66,8,stocks earnings,0.022629347294982925
66,9,earnings,0.022017898655141182
66,10,losses office,0.02139752683150582
67,1,transactions,0.1422835696944625
67,2,transactions shares,0.14221405699335035
67,3,declaration transactions,0.14221405699335035
67,4,declaration,0.13875658593325574
67,5,buyback declaration,0.12478785693041128
67,6,group share,0.12406773213134671
67,7,share buyback,0.11069841721476015
67,8,2023 group,0.09623107962129662
67,9,buyback,0.08876870757240914
67,10,share,0.07078660437758101
68,1,services conference,0.11529350089760042
68,2,conference,0.1110811144619329
68,3,speak,0.10588911980981604
68,4,financial services,0.09810172949949082
68,5,present,0.0924394342458832
68,6,mellon speak,0.07475261103441412
68,7,services,0.06760366515810425
68,8,financials,0.06171362503707994
68,9,global financial,0.0592524425176461
68,10,chase present,0.05245853382330093
69,1,xrp,0.03802750775043684
69,2,berkshire hathaway,0.028011955649542043
69,3,hathaway,0.027964455855733778
69,4,hathaway stock,0.027781110898221252
69,5,sell hold,0.02720517636191766
69,6,buy,0.02674162989112805
69,7,years buy,0.02662173248117795
69,8,buy bitcoin,0.024070125372630976
69,9,berkshire,0.023904498169768088
69,10,ethereum,0.020585904867224634
70,1,vs,0.09628747117772102
70,2,bsac,0.07493341694905445
70,3,better,0.06341902515961312
70,4,better value,0.05252471404201627
70,5,vs bsac,0.05100175249461354
70,6,bsac stock,0.046606524052676436
70,7,stock better,0.045476721471252646
70,8,stock value,0.04369274421070096
70,9,value,0.04330657926037437
70,10,investors buy,0.04162443263051271
71,1,underwrite,0.04437374034944102
71,2,firms underwrite,0.03399567442663617
71,3,billion senior,0.03235192685281778
71,4,underwrite billion,0.029198302578050953
71,5,partners diverse,0.02832972868886347
71,6,unsecured debt,0.02639973954432147
71,7,diverse firms,0.024209458380693185
71,8,funding,0.023854604032421504
71,9,billion,0.02187103277891826
71,10,senior unsecured,0.02119106389935753
72,1,warren buffett,0.06845469855945473
72,2,warren,0.06647565368007467
72,3,buffett,0.06468535368729637
72,4,berkshire,0.02879405461358429
72,5,berkshire hathaway,0.026511315168316577
72,6,hathaway,0.02646636000631947
72,7,buffett owns,0.02541697193236858
72,8,owns,0.023902579181911143
72,9,billionaire,0.021244360858771096
72,10,world billionaires,0.01985234334005962
73,1,scammers,0.02324092140038398
73,2,scam,0.02173069921902775
73,3,scams,0.021385041495307695
73,4,stole,0.017430691050287984
73,5,using,0.01702301023425697
73,6,hackers,0.015656172510408888
73,7,victim,0.01475002548776694
73,8,social media,0.013911192522112332
73,9,scammers stole,0.01376902559089062
73,10,scheme,0.013504401018559847
74,1,debut,0.03677542124182678
74,2,ipo,0.024329638588733486
74,3,million ipo,0.02423542313294979
74,4,debut billion,0.023800284436230765
74,5,surges,0.020752460361182612
74,6,surprise merger,0.018659338669858857
74,7,firm tae,0.018659338669858857
74,8,tae,0.017850213327173074
74,9,media stock,0.01722288608406724
74,10,trump media,0.01557212805797441
75,1,hedge funds,0.12404378919931142
75,2,hedge,0.11289190038492554
75,3,funds,0.08772232138142982
75,4,funds selling,0.07545157311549289
75,5,crazy,0.0708541326445883
75,6,aren crazy,0.07023047157814381
75,7,funds aren,0.07023047157814381
75,8,anymore,0.06483332896535625
75,9,anymore hedge,0.05945027665937291
75,10,funds cashing,0.05501044480042131
76,1,best momentum,0.19678505552211098
76,2,momentum stocks,0.15430997876838007
76,3,momentum,0.11543653712955435
76,4,best income,0.11288292127456931
76,5,income stocks,0.09230072536526529
76,6,best,0.08041575621412536
76,7,stocks buy,0.0705428779045181
76,8,best growth,0.044110073058005406
76,9,buy,0.04356137033477244
76,10,buy oct,0.041600597387433456
77,1,update financial,0.16729986412507764
77,2,sector update,0.16627367032087767
77,3,financial stocks,0.1267912239229594
77,4,afternoon,0.11869993696042679
77,5,sector,0.1119432859732644
77,6,afternoon sector,0.10247270480665341
77,7,stocks advance,0.08034075722507636
77,8,advance,0.05370280155384145
77,9,update,0.053668720935007685
77,10,financial,0.046016526596472644
78,1,finance stocks,0.13323119471804687
78,2,outperforming,0.12224992212560287
78,3,lagging,0.10151449788970816
78,4,stocks lagging,0.10092283373104519
78,5,outperforming finance,0.08731847754671399
78,6,stocks year,0.07739741253500348
78,7,finance,0.06834351617912703
78,8,year finance,0.06736877451669449
78,9,stock underperforming,0.0502481434485063
78,10,stock outperforming,0.049090842588202066
79,1,key metrics,0.13514370000826584
79,2,metrics,0.12984095907849066
79,3,look key,0.08762495863675991
79,4,key,0.07831351834241829
79,5,metrics versus,0.05865637555000617
79,6,earnings taking,0.05865637555000617
79,7,versus estimates,0.05865637555000617
79,8,estimates,0.05823693295541011
79,9,taking look,0.0577656118011204
79,10,street estimates,0.053548585833575496
80,1,economy,0.026131141893857714
80,2,recession,0.02141972016901936
80,3,dimon,0.021194736886423256
80,4,dimon says,0.019312902850240888
80,5,warns,0.018851211935392975
80,6,ceo,0.01832530819327394
80,7,economic slowdown,0.018298634292843313
80,8,economic,0.017786336619236044
80,9,mild,0.017443364588889225
80,10,slowdown 2025,0.017081622270108534
81,1,500 stocks,0.10593238677191638
81,2,amp 500,0.08933063821872161
81,3,500,0.07664110285311117
81,4,amp,0.04060134441849528
81,5,500 banks,0.03831374717404528
81,6,index weight,0.03290702131239973
81,7,index,0.027773288502470603
81,8,performing amp,0.027284502609887795
81,9,500 bank,0.027284502609887795
81,10,stocks index,0.025542498116030186
82,1,stake,0.03756328133172486
82,2,acquire,0.036472401714819
82,3,sells,0.027931055187436597
82,4,majority stake,0.02315436842128132
82,5,novolex,0.02080858186743422
82,6,stake novolex,0.02080858186743422
82,7,apollo funds,0.02080858186743422
82,8,billion,0.020670672792496313
82,9,majority,0.01676282655549878
82,10,shares worth,0.016466220989716156
83,1,downgraded,0.12205905416347455
83,2,downgrades,0.1013253740652842
83,3,stock rating,0.05076230432141179
83,4,neutral,0.04938706164099978
83,5,rating downgraded,0.04769081015057681
83,6,downgraded neutral,0.04205037523964147
83,7,sa analyst,0.04205037523964147
83,8,upgrades downgrades,0.03949350497016735
83,9,stock downgraded,0.03664592419332296
83,10,downgraded hold,0.034865616127353186
84,1,results reports,0.18579896099038504
84,2,financial results,0.17922088437151604
84,3,reports quarter,0.12015959879368696
84,4,quarter,0.11213888623338829
84,5,results,0.11099521606071307
84,6,reports,0.10492337166028748
84,7,quarter 2021,0.08686054363636832
84,8,2021 financial,0.08484903563314183
84,9,reports fourth,0.08360246754657268
84,10,fourth quarter,0.08244062088085909
85,1,hedge funds,0.07675784798957855
85,2,hedge,0.06985709953665992
85,3,funds right,0.06244588588166632
85,4,right,0.05956448191216847
85,5,right group,0.057463582122281684
85,6,funds,0.05637003415068863
85,7,corporation hedge,0.05503010377966615
85,8,amp hedge,0.0402462808801032
85,9,right corporation,0.03954224399042047
85,10,cramer right,0.035269902028644384
86,1,stocks watch,0.14801921895121833
86,2,watch,0.10882855450097176
86,3,watch tuesday,0.0493467843573383
86,4,week stocks,0.04764875457401177
86,5,watch wednesday,0.04405813764425296
86,6,stocks defined,0.0401525383900657
86,7,defined week,0.0401525383900657
86,8,defined,0.03671511470354413
86,9,watch week,0.03621633374368913
86,10,watch friday,0.03619116487098286
87,1,undervalued,0.17247360410339824
87,2,2023 undervalued,0.10586546451484669
87,3,stocks buy,0.06451887550328932
87,4,september 2023,0.054234233079767276
87,5,funds undervalued,0.05276118595928259
87,6,buy september,0.05168101589564582
87,7,january undervalued,0.047521323263936
87,8,2024 undervalued,0.04629001198861061
87,9,undervalued dow,0.04522387367938509
87,10,according hedge,0.044420419352582556
88,1,dividend stocks,0.10655108880835049
88,2,yielding,0.07737743979159442
88,3,stocks yield,0.0718072737957724
88,4,dividend,0.06810941763380943
88,5,tsx,0.06053450328059586
88,6,stocks yields,0.05671132782908423
88,7,yield,0.05505057067041745
88,8,yields,0.05301988953771338
88,9,stocks offering,0.04584424410701709
88,10,stocks tsx,0.04362787401579009
89,1,institutional owners,0.11956098359358934
89,2,institutional,0.11907569528045299
89,3,owners hold,0.1102068250813983
89,4,favoured institutional,0.1102068250813983
89,5,favoured,0.1102068250813983
89,6,owners,0.10247773389309947
89,7,controlled institutional,0.10087990564428796
89,8,largely controlled,0.10087990564428796
89,9,institutional shareholders,0.09971115948974955
89,10,controlled,0.09656188809913381
90,1,market news,0.1207614578879095
90,2,picks week,0.0731764274922716
90,3,2025 stock,0.07098114725175758
90,4,stocks reporting,0.06630411347023586
90,5,reporting earnings,0.06504571332646364
90,6,news,0.06136610286757388
90,7,news jul,0.050220501447571626
90,8,jul,0.04823386010976873
90,9,week,0.04732629763463409
90,10,earnings week,0.04667850432516493
91,1,price target,0.17325679814432687
91,2,target raised,0.16742283405383174
91,3,raised,0.1387513769737513
91,4,target,0.1196002780373402
91,5,price,0.1033171172402043
91,6,target lowered,0.08478715247784784
91,7,lowered,0.07712228641853536
91,8,stock price,0.06046238502104817
91,9,isi,0.03532820336447583
91,10,evercore isi,0.03532820336447583
92,1,premarket,0.14835954465164047
92,2,rise premarket,0.12041979059441375
92,3,fall premarket,0.08641970487149594
92,4,rise,0.07806558440814537
92,5,fall,0.0737872760098912
92,6,johnson,0.03489074015834414
92,7,falls,0.03159727272952693
92,8,premarket falls,0.03110098518354082
92,9,pfizer fall,0.024383062188220467
92,10,energy fall,0.024383062188220467
93,1,strategic moves,0.14967142374485956
93,2,strategic,0.08741166415738419
93,3,moves,0.07146759679372766
93,4,takes center,0.04769804675265891
93,5,fund strategic,0.04540493083304791
93,6,significant,0.044986462197330254
93,7,center stage,0.044234820147416115
93,8,significant reduction,0.042928242077393014
93,9,portfolio impact,0.042564815865878076
93,10,stage,0.03500630086871092
94,1,making biggest,0.12854922181215483
94,2,stocks making,0.128425119908476
94,3,biggest moves,0.12335657037433818
94,4,making,0.09494789551690891
94,5,moves midday,0.08502427821913344
94,6,biggest,0.07085322950077232
94,7,midday,0.06679608552817681
94,8,moves,0.06428989876076453
94,9,moves premarket,0.05470901087777197
94,10,premarket,0.034183381257308805
95,1,financial advisor,0.12118946381293547
95,2,joins,0.08549309062250718
95,3,advisor,0.07818583302423837
95,4,private wealth,0.07806592003351258
95,5,joins financial,0.0529953063380512
95,6,joins private,0.05195761511638013
95,7,york city,0.04113954304819665
95,8,financial,0.034283061769202684
95,9,private,0.03398385127885151
95,10,join,0.03394339775817039
96,1,stocks watch,0.16636424973253577
96,2,watch,0.11563376595214832
96,3,watch week,0.09722649152575873
96,4,watch tuesday,0.042151627464409265
96,5,watch friday,0.03709704335985558
96,6,week,0.0368213546797192
96,7,watch monday,0.032947669189513404
96,8,watch thursday,0.032947669189513404
96,9,tsmc,0.03226032850950904
96,10,week tsmc,0.029716279756227794
97,1,successfully,0.03865197567663792
97,2,facility,0.029227640407572784
97,3,liquidity group,0.026098105623647283
97,4,issuance,0.024612864230313277
97,5,revolving credit,0.02448738104360053
97,6,revolving,0.023849023376329454
97,7,credit facility,0.02383078943338025
97,8,offering stabilization,0.02353849686176658
97,9,completes,0.023174100647838366
97,10,bond offering,0.02017996925913241
98,1,hire,0.054491582815183744
98,2,plans,0.024093443971467968
98,3,bankers,0.02399397253097611
98,4,years plans,0.023799036746586445
98,5,income areas,0.023799036746586445
98,6,jobs charlotte,0.023799036746586445
98,7,open,0.022768045348805853
98,8,hire 500,0.021966914586265398
98,9,branches,0.021230473301033413
98,10,new branches,0.02076120896974212
99,1,buy according,0.12562728921822186
99,2,according,0.11340401724242212
99,3,according hedge,0.08823220533503028
99,4,according warren,0.07690625454114051
99,5,stocks buy,0.05448713242977078
99,6,best,0.045877885989487485
99,7,hedge funds,0.0421988746958431
99,8,buffett 10,0.041947297723930764
99,9,12 best,0.04130499917173381
99,10,10 best,0.04095315077914155
100,1,mutual funds,0.2896170089070574
100,2,mutual,0.2613736480374402
100,3,returns mutual,0.12026952998224802
100,4,returns,0.11423156246706709
100,5,funds,0.11188579542351823
100,6,ranked mutual,0.09020214748668601
100,7,mellon mutual,0.0739899392429568
100,8,buy mutual,0.06805635014280702
100,9,portfolio mutual,0.058452433650515
100,10,ranked,0.056295676482474494
101,1,great,0.06391940463660208
101,2,choice trend,0.061510307443097274
101,3,trend investors,0.05813416998569641
101,4,choice,0.05122753042618401
101,5,strong value,0.051000609506208786
101,6,american bank,0.04985741506641107
101,7,best american,0.04714377895714605
101,8,great choice,0.045017213203224736
101,9,great momentum,0.0404018136096849
101,10,trend,0.03659109316156001
102,1,stock outpacing,0.13795172931243835
102,2,peers year,0.13795172931243835
102,3,outpacing,0.13343193940805528
102,4,outpacing finance,0.12919175938536076
102,5,finance peers,0.12919175938536076
102,6,peers,0.11443131611535838
102,7,finance,0.06259703097530693
102,8,performance compared,0.05652512538316133
102,9,stock performance,0.052483073993087784
102,10,compared,0.045595763620531075
103,1,digit,0.025299949240178907
103,2,banking fees,0.025299949240178907
103,3,business owners,0.02264809781558626
103,4,revenue,0.022466573698661212
103,5,anticipate revenue,0.02167087860785134
103,6,mid,0.0207998068210446
103,7,expect revenue,0.020731163787829143
103,8,expects,0.02054699535363766
103,9,digit growth,0.02000258852729728
103,10,revenue growth,0.019831813850921837
104,1,039,0.11138933840795276
104,2,stocks hedge,0.05960607238916919
104,3,ll regret,0.05863347870931673
104,4,regret buying,0.05863347870931673
104,5,regret,0.05523989371117853
104,6,buying soon,0.05435781056877946
104,7,buying,0.048496367810461995
104,8,ll,0.042599185814667304
104,9,funds buying,0.03949350497016735
104,10,soon november,0.03364030019171317
105,1,beats expectations,0.18410858550119735
105,2,earnings beats,0.15513908585007757
105,3,expectations,0.15365378030311905
105,4,2024 earnings,0.11332458435296908
105,5,earnings eps,0.11219058108275426
105,6,beats,0.09935837777960667
105,7,misses expectations,0.08417562997960755
105,8,quarter 2024,0.08301919646988745
105,9,expectations year,0.07859865583764333
105,10,eps,0.07526834557379976
106,1,said,0.026325034971166974
106,2,stake,0.025700291154732945
106,3,billion,0.024068126866948814
106,4,said explore,0.02228660866757248
106,5,talks buy,0.02155215856185948
106,6,talks raise,0.021503368909181253
106,7,talks,0.020577525759075642
106,8,toshiba,0.018155258361025692
106,9,explore,0.014705963496942845
106,10,kkr,0.014244001066795502
107,1,sells,0.07418319583949688
107,2,000 shares,0.043733288564264006
107,3,insider sale,0.04242368429641009
107,4,dimon sells,0.03535307024700841
107,5,dimon sell,0.03443704705946498
107,6,dimon,0.03402089416355771
107,7,shares,0.033487625918109186
107,8,million shares,0.031238063260188572
107,9,vice,0.030616677781051614
107,10,shares ceo,0.029149580738230603
108,1,completion periodic,0.15438945096274934
108,2,periodic,0.15438945096274934
108,3,periodic review,0.15438945096274934
108,4,moody announces,0.15380196925789194
108,5,review ratings,0.1530151814098308
108,6,announces completion,0.15153127326814245
108,7,completion,0.14306391145590255
108,8,ratings,0.10648381336746815
108,9,review,0.10613029771995047
108,10,moody,0.10124869074370664
109,1,problem,0.01808270492858867
109,2,archegos indictment,0.017081622270108534
109,3,questions banks,0.017081622270108534
109,4,banks risk,0.017081622270108534
109,5,management controls,0.017081622270108534
109,6,indictment raises,0.017081622270108534
109,7,raises fresh,0.01609736385856596
109,8,indictment,0.01609736385856596
109,9,worse,0.01604427361093814
109,10,strategist,0.015694510286783266
110,1,squire reminds,0.08493839044326343
110,2,investors contact,0.08126937659357324
110,3,lawsuits filed,0.077383214553492
110,4,action lawsuits,0.077383214553492
110,5,eagel,0.07557636614451489
110,6,bragar,0.07557636614451489
110,7,bragar eagel,0.07557636614451489
110,8,squire,0.07557636614451489
110,9,encourages investors,0.07240641369895777
110,10,contact firm,0.07205629489600095
111,1,according,0.09574300132537285
111,2,buy according,0.08928745817473098
111,3,capital 10,0.05671405316125053
111,4,management 10,0.05189347704294514
111,5,10,0.046891895833126036
111,6,stocks buy,0.04234021044621246
111,7,10 best,0.03603693484791326
111,8,10 dividend,0.030445683744135747
111,9,capital,0.02857812694266912
111,10,dividend stocks,0.027499797340913595
112,1,sector update,0.16852947134753965
112,2,afternoon,0.16829635145373398
112,3,update financial,0.16129790012806122
112,4,afternoon sector,0.13640535044700886
112,5,financial stocks,0.12224252709584003
112,6,sector,0.11346199773886796
112,7,late afternoon,0.08125285848716932
112,8,stocks decline,0.06349730842796794
112,9,trading sector,0.06349730842796794
112,10,afternoon trading,0.061406517791079515
113,1,price target,0.06715662114358854
113,2,rating upgraded,0.05424835203166513
113,3,target,0.052051812978462494
113,4,rating,0.05086548720667235
113,5,stock rating,0.04774152036438082
113,6,upgrades,0.046723546486940354
113,7,upgraded,0.045399815227926875
113,8,price,0.04004707794708437
113,9,lifts,0.03223765770855541
113,10,lifts price,0.030697258408527873
114,1,insiders,0.13580769108552612
114,2,alluding,0.1260836889931353
114,3,stock alluding,0.1260836889931353
114,4,alluding potential,0.1260836889931353
114,5,potential weakness,0.1260836889931353
114,6,sold,0.12343427767435065
114,7,insiders sold,0.12271271295629836
114,8,weakness insiders,0.10558353251880184
114,9,hesitancy,0.09485844065518331
114,10,shares suggesting,0.09485844065518331
115,1,beats,0.038484449580540314
115,2,profit,0.034627564587012695
115,3,falls beats,0.032911207697353735
115,4,falls,0.030221866000235666
115,5,income falls,0.026366819963161335
115,6,profit falls,0.024590305918026654
115,7,beats expectations,0.0244905507128689
115,8,quarterly profit,0.022607081699667127
115,9,expectations,0.020091477573202718
115,10,decreases beats,0.019498162452564943
116,1,eur usd,0.03175166984051315
116,2,usd,0.031064433193153253
116,3,dollar,0.02860902116983521
116,4,canadian dollar,0.02841358766208408
116,5,swiss franc,0.02691392774026215
116,6,rate cut,0.026599739866153566
116,7,franc,0.02635597091305015
116,8,eur,0.023677989718403396
116,9,rate,0.02159067525456754
116,10,loonie,0.020632591315558613
117,1,advisor team,0.14980300911415506
117,2,team joins,0.12871892272605684
117,3,team,0.10505172564245532
117,4,advisor,0.09776671921205678
117,5,joins,0.08259991780674045
117,6,million advisor,0.07031461437325955
117,7,person advisor,0.05731240526915621
117,8,private wealth,0.05427341940053979
117,9,person,0.052756511261201046
117,10,joins private,0.05057116356373697
118,1,etf cash,0.19079369271880134
118,2,announces etf,0.18756678457563214
118,3,cash distributions,0.1859073250064074
118,4,distributions,0.16021552919672205
118,5,global asset,0.13603362365533483
118,6,management announces,0.12444186338977216
118,7,cash,0.09743079636367832
118,8,asset management,0.08137452487613736
118,9,etf,0.06831206473374993
118,10,asset,0.06456167393369824
119,1,moving today,0.16369172576163787
119,2,stocks moving,0.1547131726491225
119,3,moving,0.1040006963168805
119,4,moved today,0.086559767839663
119,5,stocks moved,0.08539362669993546
119,6,moved,0.0774657065399849
119,7,today,0.07058134507196756
119,8,today nvidia,0.040302105423433154
119,9,today asml,0.030798666980055605
119,10,today tesla,0.028832297387353635
120,1,years investors,0.12868449912785862
120,2,investors pleased,0.11385703332739568
120,3,pleased,0.1102609794903604
120,4,return years,0.09717307956080903
120,5,past years,0.09283220630769079
120,6,years,0.0868838118466463
120,7,return,0.08147968648426791
120,8,past,0.060986039139153875
120,9,seen,0.06033696899405666
120,10,investors seen,0.05287549735431055
121,1,days week,0.09051224591854116
121,2,asks,0.08145923516120232
121,3,asks employees,0.07803145825314974
121,4,office days,0.07666643708934041
121,5,office,0.07109556640575948
121,6,return office,0.06833421524333842
121,7,days,0.06702050609081736
121,8,staff,0.05983015258734232
121,9,employees,0.05752715033610993
121,10,return,0.056469135237298386
122,1,series funds,0.08218645743659714
122,2,etf series,0.08218645743659714
122,3,distributions,0.07803342579255405
122,4,management announces,0.0728061950853009
122,5,global asset,0.07022478755440642
122,6,funds global,0.06916387762919102
122,7,distributions etf,0.06827393121947299
122,8,cash distributions,0.05549635683707696
122,9,asset management,0.05180994154825285
122,10,2023 cash,0.04808161702608757
123,1,know stock,0.4161665694396808
123,2,stock moves,0.4122144842465611
123,3,know,0.2267540770191831
123,4,moves,0.21759318874169853
123,5,moves know,0.06196821980244744
123,6,22 know,0.053276664030562144
123,7,moves 22,0.053276664030562144
123,8,stock,0.04722773112455142
123,9,moves 08,0.035517776020374765
123,10,13 know,0.035517776020374765
124,1,favorite,0.15362994123171056
124,2,institutional investors,0.15182311222113778
124,3,institutional,0.15060163821305184
124,4,ownership,0.12423954929108608
124,5,favorite institutional,0.12013269634408542
124,6,big guns,0.11316675658539287
124,7,guns,0.11155178946236505
124,8,favorite big,0.11155178946236505
124,9,investors lot,0.10607245224403998
124,10,lot riding,0.10446162146343956
125,1,quarter 2025,0.08217296121673305
125,2,results,0.07966394034791215
125,3,reports second,0.07777586319983168
125,4,second quarter,0.07227924153881268
125,5,reports,0.07129058737646321
125,6,financial results,0.06736340962806202
125,7,quarter,0.06635005622391635
125,8,2025 financial,0.06476749940209514
125,9,results chesapeake,0.0634703213749612
125,10,second,0.057861833105606594
126,1,buy dip,0.09442613403197045
126,2,dip july,0.0704422964055306
126,3,2024,0.06985999865345316
126,4,dip,0.06938306478514496
126,5,july 2024,0.06327855658503338
126,6,stocks buy,0.05977073315023341
126,7,june 2024,0.057347566298067275
126,8,july,0.04690730917699538
126,9,stocks sell,0.04337378044357738
126,10,buy 2024,0.03922886863280479
127,1,cohort,0.08677614796365012
127,2,lab,0.057395296473277076
127,3,startups,0.03410138267785872
127,4,growth lab,0.03348370514700914
127,5,lab accelerator,0.03348370514700914
127,6,new cohort,0.03248765162895954
127,7,startout,0.03248765162895954
127,8,celebrates,0.03163952748247072
127,9,accelerator,0.027866800552355915
127,10,ventures lab,0.027762653805679917
128,1,buy sell,0.2606098086038378
128,2,stock buy,0.15405518265264745
128,3,sell,0.13382528454351267
128,4,buy,0.046948994348842484
128,5,stock,0.03273044569673114
128,6,sell general,0.0266758541333953
128,7,devices,0.01576341988378945
128,8,jd,0.01576341988378945
128,9,general,0.015101030261236858
128,10,bkng,0.014652356312746747
129,1,earnings ib,0.12550804917593542
129,2,hurt,0.12210179774053531
129,3,aid,0.10556812331864765
129,4,ib,0.09548330839773249
129,5,ib hurt,0.0948832868171081
129,6,trading aid,0.0749407626047156
129,7,aid q1,0.05403862902123343
129,8,hurt trading,0.052420428755063427
129,9,rates aid,0.04326046373899553
129,10,trading,0.04272064155122131
130,1,prime,0.22473462885096865
130,2,prime rate,0.2162204366534125
130,3,increases prime,0.1323520805537606
130,4,percent,0.11892504440486226
130,5,bank increases,0.11499384815503254
130,6,rate 00,0.10213156965336923
130,7,lending rate,0.09333007641433635
130,8,decreases prime,0.0919184126880323
130,9,prime lending,0.09031046402896878
130,10,decreases,0.0888431697467736
131,1,increasing dividend,0.3801268746330984
131,2,increasing,0.3277960555330908
131,3,announced increasing,0.18503555566764326
131,4,announced,0.13466361434170504
131,5,ca,0.118676032553672
131,6,dividend increased,0.11730798748349584
131,7,dividend,0.11191566529288813
131,8,dividend ca,0.10726535329492581
131,9,increased,0.07524832496321258
131,10,group increasing,0.06583715045346952
132,1,metrics say,0.12179289774072227
132,2,earnings key,0.10384614843522516
132,3,grow know,0.0870324072584073
132,4,key metrics,0.08471091099257512
132,5,expect,0.08169613696580867
132,6,metrics,0.08138704154922413
132,7,expected grow,0.07733209200586219
132,8,know ahead,0.07372312264382157
132,9,week release,0.07023001492571035
132,10,ahead week,0.06769187231209457
133,1,option activity,0.3222189540301198
133,2,activity,0.23803162946787568
133,3,option,0.23052086026123528
133,4,noteworthy,0.17819622932170995
133,5,notable,0.1413986607607435
133,6,wednesday option,0.10213156965336923
133,7,tuesday option,0.10213156965336923
133,8,friday option,0.10034496003218753
133,9,monday option,0.07617656398502366
133,10,notable tuesday,0.07617656398502366
134,1,bullish,0.16466079678948103
134,2,funds bullish,0.13083581945414344
134,3,bullish diversified,0.08041700889870292
134,4,diversified bank,0.07856486736282836
134,5,hedge funds,0.05377979516199023
134,6,diversified,0.05304799876370973
134,7,stock hedge,0.04989985428432753
134,8,hedge,0.048944838893899285
134,9,bullish bank,0.04595257651354452
134,10,bank stock,0.04560207124190012
135,1,management announces,0.11349200998591022
135,2,asset management,0.06903650288013578
135,3,management,0.060100375195270395
135,4,risk rating,0.05830052291775133
135,5,announces risk,0.05741516319565354
135,6,asset,0.05477281981374949
135,7,changes,0.05096876325254668
135,8,certain,0.0488309588948211
135,9,funds asset,0.04471672768922884
135,10,announces,0.043081351698097736
136,1,buyback,0.06294454694540956
136,2,billion buyback,0.05563806042201046
136,3,2bn share,0.026934469426624977
136,4,profit,0.02618677791822546
136,5,h1 profit,0.02613323871122472
136,6,share buyback,0.02478775961903116
136,7,profit credit,0.023472763778454444
136,8,2bn,0.02108060067056657
136,9,bln,0.020950566820563246
136,10,12bn doubles,0.02064342896960253
137,1,downgraded,0.17675042116937084
137,2,street analyst,0.15567588040019345
137,3,analyst calls,0.14717186462794057
137,4,downgraded wall,0.1463519259862577
137,5,upgraded,0.11758709168901987
137,6,calls,0.09335662600231039
137,7,analyst,0.06422963884433293
137,8,downgraded updated,0.0524640148846272
137,9,updated rankings,0.0524640148846272
137,10,rankings blue,0.0524640148846272
138,1,conference webcast,0.11626265903466004
138,2,webcast,0.11367671591320452
138,3,results conference,0.11154331044388971
138,4,date release,0.10480077124083775
138,5,announces date,0.10184389214442104
138,6,corporation announces,0.09742818212011317
138,7,date,0.0751923937989295
138,8,financial results,0.07258906732243105
138,9,webcast corporation,0.07146739792879442
138,10,quarter,0.06986288439460292
139,1,minimum,0.2701485786164742
139,2,wage,0.2273951562500733
139,3,minimum wage,0.15793097620237195
139,4,hourly,0.15751568498622914
139,5,minimum hourly,0.14638761427808017
139,6,hourly wage,0.13326593768339526
139,7,raises minimum,0.09850670782319453
139,8,25 2025,0.09543461579916195
139,9,hour,0.09184289529278403
139,10,wage 25,0.08955155256654047
140,1,exit,0.06414243020576024
140,2,consumer banking,0.04899374249919783
140,3,consumer,0.044178557252303935
140,4,business,0.04206565823603551
140,5,divest,0.04132380269618835
140,6,exit consumer,0.03432158149119116
140,7,banking business,0.03291776878626449
140,8,business exit,0.03283329394376395
140,9,considers,0.030374514796409305
140,10,business strategy,0.0242800952129522
141,1,net,0.07679188610322676
141,2,net result,0.07473842723192717
141,3,result,0.06735133886116643
141,4,reports,0.04260311399629123
141,5,net income,0.039135269040389956
141,6,posts,0.03869535129168675
141,7,million,0.0307237256013082
141,8,gaap eps,0.02978126698339239
141,9,gaap,0.02954012792349461
141,10,million mellon,0.02667408816563716
142,1,amp voting,0.28756010855461117
142,2,shares amp,0.2812576013760621
142,3,voting rights,0.2521935753096168
142,4,voting,0.2348763842712092
142,5,rights,0.2297359055351848
142,6,rights 31,0.15460622464068877
142,7,31,0.1205621208326545
142,8,2022 shares,0.11519158775991359
142,9,rights 30,0.10344160131428402
142,10,2023 shares,0.10124219175132805
143,1,worried,0.032391105893153894
143,2,morning brief,0.028472482354702105
143,3,brief,0.027700901688070777
143,4,morning,0.02333207412438752
143,5,saying,0.021869015078881927
143,6,recession,0.01970978275838879
143,7,know,0.01931548069763376
143,8,dimon just,0.019063747326329726
143,9,love,0.01872802479209826
143,10,stock markets,0.017515715491221207
144,1,2024 best,0.1663310460427463
144,2,2023 best,0.08009417466830321
144,3,2024,0.0764445042736637
144,4,best,0.07189521527356912
144,5,stocks buy,0.06973252200860564
144,6,buy april,0.05835735068989043
144,7,buy july,0.057625222898090904
144,8,april 2024,0.04733425887212442
144,9,july 2024,0.04482231091439865
144,10,best bank,0.04333777135004606
145,1,increase quarterly,0.09124167055335512
145,2,increase,0.06881892374194512
145,3,common stock,0.06374094881081582
145,4,quarterly,0.06272800480118693
145,5,quarterly common,0.06229458645675296
145,6,intention increase,0.06229458645675296
145,7,stock dividend,0.06023207549437008
145,8,percent,0.058068228578374126
145,9,quarterly dividend,0.05602957320930439
145,10,common,0.05584830967074597
146,1,honored entrepreneurship,0.48423835080185185
146,2,honored,0.47857376789129025
146,3,entrepreneurship,0.47383621241542817
146,4,ai honored,0.04325592347169022
146,5,founder honored,0.04325592347169022
146,6,entrepreneurship fundbox,0.04325592347169022
146,7,technologies honored,0.04325592347169022
146,8,fundbox,0.04076347832492242
146,9,ceo honored,0.04076347832492242
146,10,founder,0.028903976226258826
147,1,report continue,0.3558481585346814
147,2,earnings report,0.23344291484906737
147,3,continue,0.23116254607691772
147,4,continue earnings,0.21488681008569152
147,5,report,0.1079878832988036
147,6,continue corporation,0.06627777300643761
147,7,corporation earnings,0.05682110585430507
147,8,continue goldman,0.051518908383304404
147,9,earnings,0.04552560005170026
147,10,goldman earnings,0.03809830592146599
148,1,deal apple,0.08955155256654047
148,2,apple credit,0.07653574607732001
148,3,nears deal,0.059864444480708115
148,4,nears,0.03969610246204983
148,5,apple,0.03968962152221886
148,6,reaches deal,0.038847304178677135
148,7,deal,0.038373683288347546
148,8,card,0.037925643818890575
148,9,credit card,0.037579333511127085
148,10,grupo mexico,0.03582062102661619
149,1,trending tickers,0.15304715405445332
149,2,tickers,0.15181637899751313
149,3,trending,0.1391757470053591
149,4,midday movers,0.06920484109891967
149,5,tickers nvidia,0.05430982148743945
149,6,movers,0.04992114716473648
149,7,midday,0.04890616721714373
149,8,tickers apple,0.035787302045282014
149,9,tickers palantir,0.030127539133818264
149,10,bae,0.028204018323841576
150,1,korsinsky llp,0.12657405611569836
150,2,korsinsky,0.12592429565820407
150,3,action update,0.12388847956080935
150,4,llp reminds,0.12340970471280588
150,5,levi korsinsky,0.1215194505572751
150,6,levi,0.11800951129994032
150,7,shareholders class,0.11638432013931113
150,8,class,0.11093217365311767
150,9,llp,0.10546324262742905
150,10,actions behalf,0.10250472603490268
151,1,strategic acquisition,0.26024822550552146
151,2,corp strategic,0.1661464455751408
151,3,acquisition,0.16066477464850248
151,4,strategic,0.12514303740724433
151,5,shares corp,0.11630806356251863
151,6,amp strategic,0.09919784331164673
151,7,corp,0.09670912482330991
151,8,shares chase,0.05355533289531791
151,9,chase amp,0.05052636593794655
151,10,shares,0.04734144449390132
152,1,downgrades,0.12120698798101459
152,2,downgrade,0.04995950218936543
152,3,concerns,0.0439859685296253
152,4,downgraded,0.039544087511963456
152,5,concerns downgrades,0.03388676861575637
152,6,downgrades shares,0.03388676861575637
152,7,stock neutral,0.03172323629651343
152,8,downgrades south,0.02505913570106831
152,9,shares downgrades,0.02505913570106831
152,10,falls downgrades,0.023615205803208174
153,1,opens riyadh,0.0217282459479124
153,2,hq wall,0.0217282459479124
153,3,riyadh,0.020476244908191325
153,4,global push,0.01958833301745422
153,5,unit boost,0.01958833301745422
153,6,boost market,0.017451149606316035
153,7,wins,0.01715663432728512
153,8,push,0.017029008596505926
153,9,debt financing,0.015729452181948038
153,10,focuses,0.015517543557970167
154,1,talks,0.08345148719092643
154,2,talks apple,0.047006697206402624
154,3,apple credit,0.036084602944536776
154,4,talks sell,0.032723582423570874
154,5,card program,0.0322565944903974
154,6,sale local,0.03149317857908032
154,7,local operations,0.03149317857908032
154,8,sell french,0.030127539133818264
154,9,credit card,0.02834827694341758
154,10,card,0.026821424016132994
155,1,epstein,0.06812250732101081
155,2,jeffrey epstein,0.05151885060770899
155,3,jeffrey,0.05024601538627725
155,4,epstein case,0.04136750465443456
155,5,ceo dimon,0.03380671371724141
155,6,documents,0.032313348356689926
155,7,questioning,0.030621658897381648
155,8,inquiry,0.02971074384364613
155,9,dimon,0.029120648510060666
155,10,epstein lawsuit,0.02548486367709611
156,1,host,0.19164034998768575
156,2,chase host,0.14547300910744576
156,3,host quarter,0.10441444709286965
156,4,quarter,0.06997466500963428
156,5,host second,0.06820246243467723
156,6,results host,0.06322900525360427
156,7,investor conference,0.0577727154869272
156,8,host investor,0.05699095114563413
156,9,earnings chesapeake,0.04745796149958409
156,10,host fourth,0.04745796149958409
157,1,000 right,0.16696741578014182
157,2,right smartest,0.16654040247697455
157,3,smartest,0.15625080459123342
157,4,right best,0.14194270181034632
157,5,buy 000,0.1230286221537887
157,6,right,0.10603161120502648
157,7,best warren,0.08234735596552102
157,8,smartest dividend,0.06805635014280702
157,9,000,0.0600713436959029
157,10,500 right,0.05184690581829738
158,1,strategic reduction,0.22887897552820424
158,2,reduction,0.2189783818821337
158,3,strategic,0.11366798380415792
158,4,corp strategic,0.1095285898821922
158,5,holdings corp,0.10470882611193316
158,6,holdings,0.0887186328016963
158,7,corp,0.07922030040917101
158,8,amp strategic,0.06722332180901747
158,9,holdings chase,0.0514144075549407
158,10,significant reduction,0.05026193770386674
159,1,brainer,0.2881261144904545
159,2,right brainer,0.1836780418023305
159,3,brainer stocks,0.13557148819219791
159,4,right,0.09139237174200394
159,5,brainer warren,0.09123954582049677
159,6,buy right,0.07904358016423049
159,7,brainer dividend,0.05992166856008092
159,8,stocks buy,0.05977073315023341
159,9,brainer high,0.05120667257492074
159,10,buffett stocks,0.04738470126287113
160,1,earnings estimates,0.08436060969364435
160,2,run continue,0.07444545359529545
160,3,high run,0.07444545359529545
160,4,beat earnings,0.06432916339944741
160,5,hit 52,0.06203787799607954
160,6,run,0.058542595350516716
160,7,week high,0.0557127021362247
160,8,52 week,0.05000051829744882
160,9,day moving,0.04859872932378826
160,10,moving average,0.04608129244008477
161,1,swaps clearing,0.033094043625677236
161,2,clearing,0.024220357198379103
161,3,swaps,0.023110676317726453
161,4,banks,0.020434333029104492
161,5,exclusive,0.019893989095824797
161,6,russian,0.01968815111112008
161,7,suisse counterparties,0.019023241039647257
161,8,banks hedge,0.019023241039647257
161,9,banks nondisclosure,0.019023241039647257
161,10,businesses bloomberg,0.019023241039647257
162,1,concerned,0.029198662901369746
162,2,concerned ai,0.027948658306758096
162,3,bubble stock,0.027948658306758096
162,4,ai bubble,0.02604468473166102
162,5,bubble,0.02141415137952694
162,6,america biggest,0.021186152595265042
162,7,stock markets,0.01946577526757983
162,8,warnings,0.018632571086840223
162,9,wheat global,0.015351474705402653
162,10,tops market,0.015351474705402653
163,1,undervalued,0.19117514560905027
163,2,undervalued stocks,0.14781507842708735
163,3,best undervalued,0.08268330630183345
163,4,10 undervalued,0.06904946925757009
163,5,stocks buy,0.05538152164460071
163,6,buy 10,0.04867410916135938
163,7,buy undervalued,0.045285071404402966
163,8,stocks invest,0.03476107802233478
163,9,undervalued dividend,0.034524734628785046
163,10,overvalued,0.0313537186808703
164,1,halts,0.04971717806461288
164,2,debt business,0.037708151201896925
164,3,suspends,0.03632103493145056
164,4,distressed debt,0.033769896702740096
164,5,distressed,0.030331977482215323
164,6,suisse electronic,0.0266758541333953
164,7,shut global,0.0266758541333953
164,8,stocks desk,0.0266758541333953
164,9,trading segantii,0.0266758541333953
164,10,desk email,0.0266758541333953
165,1,russia riddled,0.02551392945244886
165,2,risks western,0.02551392945244886
165,3,riddled risks,0.02551392945244886
165,4,riddled,0.02551392945244886
165,5,retreat russia,0.024043793930308144
165,6,western banks,0.024043793930308144
165,7,banks,0.019793571023453003
165,8,taking,0.017415643108261422
165,9,booming,0.016842144067690783
165,10,pandemic,0.015843044385856327
166,1,ecosystem,0.019482245825368755
166,2,innovation,0.018546120500222966
166,3,provides increased,0.018186513749416978
166,4,responsible consumer,0.018186513749416978
166,5,finance products,0.018186513749416978
166,6,funds innovation,0.018186513749416978
166,7,access responsible,0.018186513749416978
166,8,innovation provides,0.018186513749416978
166,9,awards funds,0.018186513749416978
166,10,increased access,0.01713859049883543
167,1,places,0.24717720615489408
167,2,best places,0.2290275499626047
167,3,places retire,0.21354162310356156
167,4,retire,0.18290464177325064
167,5,15 best,0.12742363507602197
167,6,live social,0.09712596813149656
167,7,social security,0.08813955274065563
167,8,couple live,0.08698872145386574
167,9,couple,0.0736978437818802
167,10,15,0.07259537375523152
168,1,makes money,0.09000835664452062
168,2,kind,0.08672917178782824
168,3,kind shareholders,0.07896356051272824
168,4,ownership structure,0.05400501398671237
168,5,makes,0.04850330136382096
168,6,hold majority,0.04379493809439042
168,7,shareholders hold,0.04379493809439042
168,8,kind investors,0.04379493809439042
168,9,structure like,0.04379493809439042
168,10,structure,0.04181972890093961
169,1,rating,0.1055359431727655
169,2,maintains,0.09993841481911038
169,3,buy rating,0.08757169222684595
169,4,pt,0.0853883737764994
169,5,maintains buy,0.0659311803672008
169,6,keeps,0.06211956027129026
169,7,raises pt,0.04809921373475748
169,8,neutral rating,0.04578399226002931
169,9,overweight rating,0.04578399226002931
169,10,amp keeps,0.04215183413179451
170,1,announce,0.1766915862332605
170,2,announce quarter,0.16501021904202104
170,3,quarter results,0.10652156604698909
170,4,announce second,0.10637294220472004
170,5,2023 announce,0.08196656112730653
170,6,quarter,0.0815771389568357
170,7,2024 announce,0.07341153443928779
170,8,results august,0.06459795122447924
170,9,2022 announce,0.06459795122447924
170,10,announce fourth,0.05905466078323673
171,1,chesapeake utilities,0.02705542417504798
171,2,chesapeake,0.02673639424355329
171,3,utilities,0.02544264795645863
171,4,utilities corporation,0.025205508273747623
171,5,startup,0.025182207036173077
171,6,investment expand,0.024383062188220467
171,7,expand,0.021946376329578434
171,8,modine,0.021836485352569365
171,9,raises,0.01968264236041851
171,10,capacity,0.017427395785370173
172,1,according billionaire,0.1502134384829533
172,2,buy according,0.11477786932520179
172,3,according,0.10686409794610303
172,4,billionaire,0.10539121529552249
172,5,gabelli 10,0.08626682783782076
172,6,gabelli,0.0827220249853213
172,7,mario gabelli,0.07953292330248789
172,8,mario,0.0781922252074972
172,9,10 best,0.07774827240428593
172,10,10,0.05901433104492781
173,1,a1,0.08766520997683308
173,2,moody,0.08229108057203016
173,3,moody assigns,0.06166207471216833
173,4,assigns a1,0.06062325525470809
173,5,assigns,0.06033312242902949
173,6,affirms,0.05662339834600349
173,7,branch,0.05372342072205095
173,8,moody affirms,0.053573929440721695
173,9,stable,0.05345611226200166
173,10,mtn,0.047412787070891235
174,1,hang seng,0.09342864936992062
174,2,seng,0.09285815863003839
174,3,hang,0.09230199782681178
174,4,seng bank,0.08916397874159061
174,5,buy credit,0.08608729556574977
174,6,suisse billion,0.05546822238158352
174,7,privatize,0.052312567790546834
174,8,bln,0.04529313017397959
174,9,offers buy,0.04185005423243746
174,10,kong hang,0.04076568957021674
175,1,funds think,0.2659472509522205
175,2,think,0.18129194739565965
175,3,hedge funds,0.10178566524450428
175,4,hedge,0.09263484496537568
175,5,funds,0.0719816356484747
175,6,performance wall,0.02997478705394312
175,7,fund performance,0.028247612911726623
175,8,eog,0.02464194668050415
175,9,street thinks,0.022722035725838627
175,10,ebay,0.02018952034836772
176,1,earnings beat,0.10073044904158747
176,2,beat,0.07892764467924696
176,3,beat higher,0.05937329958790572
176,4,q1 earnings,0.05147663792589615
176,5,fee income,0.05035088280975334
176,6,higher fee,0.04436144252428553
176,7,beat estimates,0.04082318293875378
176,8,q1,0.040777601628463805
176,9,revenues,0.039877372775352415
176,10,fee,0.03853086858749639
177,1,investor day,0.10966079785742251
177,2,date information,0.08144959067434339
177,3,release date,0.08144959067434339
177,4,dates,0.07751185671821378
177,5,date,0.07693762425323614
177,6,reporting dates,0.0699556585794493
177,7,chase announces,0.0699491494585648
177,8,financial reporting,0.06787465889528617
177,9,investor,0.0655481356228809
177,10,earnings release,0.06310294480526134
178,1,earnings report,0.08136050586002914
178,2,investors unfortunately,0.0794042150629074
178,3,unfortunately,0.0794042150629074
178,4,unfortunately lost,0.0794042150629074
178,5,lost,0.05459859882123508
178,6,dropped,0.043154920928607995
178,7,report stock,0.040844781935529685
178,8,fell,0.038654717288905134
178,9,report,0.037636390967894714
178,10,offering solace,0.036514740592985255
179,1,earnings transcript,0.15158528202504337
179,2,transcript,0.14829448439772183
179,3,2025 earnings,0.10090822117247553
179,4,q3 2025,0.08532069938550552
179,5,earnings preview,0.05369778873159423
179,6,preview,0.04923904002679767
179,7,2021 earnings,0.046538563301184825
179,8,q2,0.04593743807486335
179,9,q3,0.04590083614571493
179,10,q2 2025,0.04315789955121715
180,1,report rebound,0.12047442344017809
180,2,fall line,0.09049162298892073
180,3,yearly returns,0.09049162298892073
180,4,week yearly,0.09049162298892073
180,5,returns fall,0.09049162298892073
180,6,line earnings,0.08656988417017093
180,7,sheds week,0.0796274521805102
180,8,yearly,0.07577733202438527
180,9,sheds,0.07338398523128013
180,10,rebound,0.06436372473335406
181,1,report quarter,0.13463732189523744
181,2,mellon report,0.12279925452463301
181,3,results,0.08871345633916332
181,4,report second,0.08105539827918887
181,5,quarter,0.07955575852250703
181,6,results april,0.07827405961884482
181,7,results july,0.07827405961884482
181,8,results october,0.07827405961884482
181,9,report,0.0683894301953485
181,10,financial results,0.06273237131362236
182,1,stocks invest,0.21306979455392344
182,2,invest,0.14823020582912866
182,3,invest 10,0.12311789063502254
182,4,best,0.07712164049735695
182,5,10 best,0.07510152270541662
182,6,invest 11,0.05992270194937533
182,7,11 best,0.04909764940163735
182,8,invest 13,0.0449420264620315
182,9,invest 12,0.0449420264620315
182,10,invest 15,0.0449420264620315
183,1,corpgov,0.05552080703064046
183,2,corpgov forum,0.051503453568301424
183,3,beach,0.044992142174689324
183,4,forum,0.04353899454222494
183,5,palm beach,0.04293674604846604
183,6,palm,0.042663809527937996
183,7,5th palm,0.037922128784256895
183,8,beach corpgov,0.0356189056927224
183,9,5th,0.034306981860581044
183,10,radio city,0.02930324037524366
184,1,sell,0.03941316919326656
184,2,sells armenian,0.0361392676820034
184,3,ardshinbank cjsc,0.0361392676820034
184,4,sources sell,0.0361392676820034
184,5,cjsc,0.0361392676820034
184,6,ownership india,0.0361392676820034
184,7,acquire tesco,0.03405689063136192
184,8,ardshinbank,0.03405689063136192
184,9,sell canadian,0.032580080879930286
184,10,canadian unit,0.029709699211199092
185,1,zoom risk,0.012596723942606095
185,2,windfall tokyo,0.012596723942606095
185,3,whale rock,0.012596723942606095
185,4,weakness merck,0.012596723942606095
185,5,volatility gambling,0.012596723942606095
185,6,vanguard effect,0.012596723942606095
185,7,ups overdraft,0.012596723942606095
185,8,update brokerages,0.012596723942606095
185,9,asian currency,0.012596723942606095
185,10,announcement helps,0.012596723942606095
186,1,zacks bull,0.24726428972640782
186,2,bull bear,0.24726428972640782
186,3,highlighted zacks,0.24726428972640782
186,4,bear day,0.2457242096300502
186,5,highlighted,0.24422377708495602
186,6,bear,0.19052564977588257
186,7,bull,0.16734184537316793
186,8,zacks,0.13249595441223433
186,9,day,0.11679477243629947
186,10,foods highlighted,0.023548032040702386
187,1,look earnings,0.07047982201549129
187,2,metrics reveal,0.07047982201549129
187,3,analyst projections,0.06838322982649003
187,4,projections key,0.06251511641030438
187,5,know,0.06223258622465287
187,6,earnings look,0.05401834730075293
187,7,preview,0.05204155023005201
187,8,projections,0.05158168290951629
187,9,reveal,0.047880820050472846
187,10,earnings preview,0.04729506248153742
188,1,ipo,0.08001946574073888
188,2,taps ipo,0.06641702232521456
188,3,taps,0.06500403024899848
188,4,goldman ipo,0.04473053457279841
188,5,ipo sources,0.042860017803299205
188,6,hire media,0.03307805912541017
188,7,rights sale,0.03307805912541017
188,8,football body,0.03307805912541017
188,9,body hire,0.03307805912541017
188,10,germany football,0.03307805912541017
189,1,speak,0.14474382664517943
189,2,conference,0.09460859797587066
189,3,services conference,0.07553562948112959
189,4,mckay speak,0.059662161147020325
189,5,dave mckay,0.05875612340037096
189,6,financial services,0.05839792961393765
189,7,dave,0.05713736160491617
189,8,mckay,0.05640778764749403
189,9,speak global,0.051983584172772275
189,10,speak national,0.04970832975482821
190,1,comments euro,0.26863288766644505
190,2,comments,0.20048580859397505
190,3,euro,0.187818499480508
190,4,zloty,0.17247649603060927
190,5,poland zloty,0.17247649603060927
190,6,koruna,0.16480380625056945
190,7,republic koruna,0.16480380625056945
190,8,czech republic,0.16289446847335323
190,9,czech,0.15937727300746124
190,10,poland,0.15564922479238208
191,1,trending tickers,0.22830438347130033
191,2,tickers,0.22646840460385528
191,3,trending,0.20761204813328976
191,4,tickers nvidia,0.09258898306943408
191,5,tickers tesla,0.056096881205182136
191,6,nvidia,0.046717376128672834
191,7,dow movers,0.0420726609038866
191,8,tickers tata,0.033234456568083506
191,9,nvda trending,0.033234456568083506
191,10,tickers asml,0.033234456568083506
192,1,previews,0.19825836757417126
192,2,previews week,0.1462045460896252
192,3,policy meeting,0.12251219943373377
192,4,policy,0.11284781025596947
192,5,week policy,0.0983955886299475
192,6,comments,0.09082626340890707
192,7,central bank,0.0894270097363009
192,8,bank previews,0.0881258289238509
192,9,central,0.08398279262755406
192,10,comments canadian,0.070891324818221
193,1,today shares,0.1217839773441945
193,2,today,0.11325203703206527
193,3,today stock,0.0953246285302512
193,4,today chase,0.08996728123734243
193,5,gained,0.08991022704016309
193,6,rising today,0.08809729817658828
193,7,market dipped,0.07573895296190966
193,8,gained today,0.07573895296190966
193,9,dipped,0.07090332893364157
193,10,higher today,0.06854197592888661
194,1,agreement,0.06081055682835033
194,2,management closes,0.05656760418480198
194,3,signs agreement,0.04347243566007139
194,4,signs,0.041663242941126846
194,5,closes,0.03329286494150077
194,6,sell subsidiary,0.028172695647894434
194,7,agreements sell,0.028172695647894434
194,8,agreement state,0.028172695647894434
194,9,partners agrees,0.028172695647894434
194,10,sell,0.02765240588088702
195,1,bullish bearish,0.23281830929729702
195,2,bearish,0.2287028875633335
195,3,street bullish,0.22304446817657023
195,4,outlook wall,0.1426209154311588
195,5,bullish,0.1360914087354807
195,6,stock outlook,0.135460988181961
195,7,stock wall,0.1101946715334144
195,8,wall street,0.062140227431856584
195,9,wall,0.05991049015697571
195,10,street,0.05918727877385102
196,1,dividend year,0.28178280808567624
196,2,larger dividend,0.24787890225477746
196,3,larger,0.24250728320655682
196,4,pay larger,0.18966972321171344
196,5,paying larger,0.08965609855085155
196,6,year pay,0.08733304528833587
196,7,dividend,0.08386627310990986
196,8,checks pay,0.07700408765546435
196,9,passed checks,0.07700408765546435
196,10,pay,0.07660792529580462
197,1,stock reports,0.17100776501162696
197,2,research reports,0.12540569434185977
197,3,reports,0.1169753805672124
197,4,analyst reports,0.08142775835834302
197,5,reports chase,0.07855013333232175
197,6,research,0.06476445855384505
197,7,amp,0.055899093664900756
197,8,salesforce amp,0.04882603362014663
197,9,reports apple,0.046708789173069594
197,10,amp research,0.04506725719786636
198,1,stab,0.3403650411016782
198,2,notice,0.2580013923947249
198,3,stab notice,0.19845259573039722
198,4,primary new,0.1851744005950175
198,5,new issues,0.1851744005950175
198,6,stabilization notice,0.15953213783450354
198,7,primary,0.1576855459285845
198,8,stabilization,0.1445998787951272
198,9,issues stab,0.1366759402344969
198,10,pre stab,0.13472548095963843
199,1,earnings q4,0.16509523474080512
199,2,earnings q2,0.1315719493889089
199,3,earnings q1,0.10480601028159767
199,4,wolfspeed earnings,0.09235837703691646
199,5,wolfspeed,0.08961095449317237
199,6,bancorp earnings,0.0765779544549419
199,7,2023 bancorp,0.0765779544549419
199,8,2024 wolfspeed,0.0765779544549419
199,9,holdings earnings,0.0765779544549419
199,10,corp earnings,0.07582968793056419
200,1,hurt,0.0649106444829309
200,2,muted investment,0.03577143798549447
200,3,mar q2,0.03577143798549447
200,4,hurt q1,0.0337102556122132
200,5,banking hurt,0.03224847700328978
200,6,hurt q3,0.03224847700328978
200,7,overweight,0.03110630897988549
200,8,q2,0.030484691730087436
200,9,muted,0.02986940605185292
200,10,trading hurt,0.028730009657217496
201,1,discuss crypto,0.024793959661903568
201,2,bank ceos,0.023675719536510785
201,3,governor,0.023675719536510785
201,4,discuss,0.021977043065494813
201,5,officials,0.021428805837701168
201,6,exempt,0.02092502711621873
201,7,bank governor,0.02092502711621873
201,8,sources say,0.020897715378698695
201,9,china central,0.02038284478510837
201,10,senators,0.018794770291743063
202,1,new strong,0.2964803741025877
202,2,buy stocks,0.24116824319000293
202,3,strong buy,0.2243594367389647
202,4,strong,0.10542822827427989
202,5,stocks march,0.06197384578138329
202,6,stocks october,0.059795839216076965
202,7,stocks january,0.05801706784790231
202,8,new,0.052821205455027276
202,9,stocks july,0.05126402948713587
202,10,2nd new,0.04858727550953467
203,1,results reports,0.30016535020520185
203,2,reports quarter,0.16575070058679003
203,3,reports,0.14380574652796638
203,4,results,0.13878315360668503
203,5,quarter,0.1171869389898752
203,6,2022 results,0.11714152775821327
203,7,2024 results,0.10112695205902848
203,8,2023 results,0.10071696767461019
203,9,reports second,0.09615697556377903
203,10,2025 results,0.09288388614628863
204,1,great momentum,0.1367827068393283
204,2,momentum stock,0.13163336684418933
204,3,right buy,0.08319037243913116
204,4,great,0.07934772596464658
204,5,momentum,0.07915331076137738
204,6,stock buy,0.07213637121603947
204,7,stock right,0.05797147869285193
204,8,buy great,0.04723599316003997
204,9,dividend stock,0.04710423179795059
204,10,good investment,0.04518887297477587
205,1,looking narrative,0.10385029056001847
205,2,narrative,0.09801262304312026
205,3,looking,0.08593123641018566
205,4,changing,0.055806532423474796
205,5,analysts think,0.0471229251029253
205,6,analyst upgrades,0.042751721798068576
205,7,changing narrative,0.03913702980942241
205,8,analyst,0.03756337664903718
205,9,tracking,0.03317586993515269
205,10,shifting,0.033154258395167606
206,1,equities traded,0.1698310257782043
206,2,traded american,0.15803804417286185
206,3,depositary receipts,0.15572217068621746
206,4,american depositary,0.14641531562171206
206,5,traded,0.13662546827054334
206,6,receipts,0.12721706794137294
206,7,trading european,0.12163959630940296
206,8,european equities,0.11713225249736967
206,9,equities,0.11596375725557459
206,10,depositary,0.10998124582188812
207,1,ept,0.2782694875568203
207,2,form ept,0.2782694875568203
207,3,ept non,0.2782694875568203
207,4,non ri,0.2782694875568203
207,5,ri,0.27251458222169167
207,6,non,0.1750543695665973
207,7,form,0.1497555561216383
207,8,plc form,0.09950137272434556
207,9,arrow,0.09198284150946211
207,10,ri arrow,0.09198284150946211
208,1,warren buffett,0.1026787389307057
208,2,warren,0.09971026727312438
208,3,buffett,0.09915319203491697
208,4,stocks warren,0.09604339081268426
208,5,buffett secret,0.047908539464671045
208,6,buffett stocks,0.04761832653011846
208,7,secret,0.044909524488490615
208,8,buffett 039,0.03708805599333521
208,9,screaming buys,0.033308327277623735
208,10,screaming,0.03261780715782123
209,1,value option,0.2742633837147216
209,2,stock better,0.2604261872606924
209,3,better value,0.22724299881649898
209,4,option vs,0.2106985371051584
209,5,vs,0.2025885827623989
209,6,option,0.1801686440958433
209,7,better,0.15365065082974622
209,8,vs stock,0.1102539626524781
209,9,value,0.10088704077940186
209,10,vs pnc,0.06417038715085004
210,1,today shares,0.22490088274721876
210,2,falling today,0.19204768207727632
210,3,today stock,0.1848397732616631
210,4,falling,0.13438901678875703
210,5,today,0.13260991460649554
210,6,stock falling,0.08127798320501683
210,7,trading lower,0.07872263381773223
210,8,shares,0.07420566033752025
210,9,today pnc,0.0603355155721001
210,10,tanking,0.056858928993990504
211,1,stocks year,0.10823872675904939
211,2,outperforming,0.10685253779707961
211,3,undervalued right,0.10244456706956956
211,4,outpacing finance,0.09806860888196563
211,5,finance peers,0.09806860888196563
211,6,stock outpacing,0.09666299449316809
211,7,peers year,0.09666299449316809
211,8,outpacing,0.09349597057244466
211,9,outperforming finance,0.09158485267114624
211,10,undervaluing,0.08832551056341867
212,1,sinks market,0.09386728808432937
212,2,know chase,0.09302883572059531
212,3,know,0.08976422324209134
212,4,market gains,0.0857670954378373
212,5,stock sinks,0.08346669213069702
212,6,gains market,0.08045767550085375
212,7,dips,0.0784896258409538
212,8,facts,0.07649951802346396
212,9,dips broader,0.072614305936388
212,10,market dips,0.07045421837824241
213,1,earnings decline,0.07397784713057566
213,2,revenues,0.061579058801517886
213,3,estimates revenues,0.05284131937898262
213,4,tax earnings,0.040748832980331086
213,5,decline,0.038391769359109554
213,6,pre tax,0.03800836545192579
213,7,decline despite,0.037466811710197966
213,8,earnings estimates,0.03367024334263875
213,9,costs revenues,0.02959615816484068
213,10,despite revenue,0.026681371499563962
214,1,earnings transcript,0.23849807886179603
214,2,transcript,0.23332047255626118
214,3,2022 earnings,0.1267520293125837
214,4,2021 earnings,0.11390068795935625
214,5,banco central,0.10688730067473894
214,6,central hispano,0.10688730067473894
214,7,hispano,0.10688730067473894
214,8,transcript chase,0.09771506934403434
214,9,transcript groep,0.08476646993458314
214,10,transcript banco,0.07870491013603066
215,1,stocks buy,0.06829758289327224
215,2,fintech stocks,0.06197660654294375
215,3,buy tap,0.052660601643876245
215,4,hidden bull,0.052660601643876245
215,5,tap hidden,0.052660601643876245
215,6,bull market,0.04697354857048295
215,7,cheap,0.04207066745093129
215,8,buy,0.0393727377019909
215,9,11 cheap,0.03894231337479037
215,10,cheap fintech,0.03894231337479037
216,1,rising demand,0.026878956858578194
216,2,market size,0.025099571121482846
216,3,usd,0.024866091399885864
216,4,2034,0.024096403845711156
216,5,bioplastics market,0.022784724681198253
216,6,bioplastics,0.022784724681198253
216,7,trading profitably,0.022784724681198253
216,8,profitably,0.021471848388330286
216,9,size,0.020612784887290535
216,10,2036,0.02054076412040986
217,1,reports earnings,0.12200472286109772
217,2,street expects,0.0872814544595039
217,3,earnings friday,0.07424570842860684
217,4,set report,0.06637523552889968
217,5,watching reports,0.05629517190764782
217,6,earnings street,0.0538540430409046
217,7,expects,0.05337562249089443
217,8,analysts forecasting,0.051961398525585296
217,9,street watching,0.051961398525585296
217,10,watching,0.047066981749331674
218,1,things watch,0.2050068717244519
218,2,things,0.15548236510343288
218,3,watch,0.1091234828329527
218,4,earnings things,0.0503133053344864
218,5,consumer sentiment,0.0503133053344864
218,6,sentiment things,0.04940994722141474
218,7,producer prices,0.041546334329116245
218,8,producer,0.039141718058505644
218,9,watch retail,0.03705746041606106
218,10,sales,0.03561806551542511
219,1,earnings q1,0.18205078987106674
219,2,earnings q4,0.16728527356899947
219,3,corp earnings,0.16391592950215017
219,4,earnings q3,0.13672275292053174
219,5,group earnings,0.1128184787873656
219,6,2023 corp,0.10345837928402354
219,7,bdc earnings,0.10345837928402354
219,8,earnings q2,0.09875354931457787
219,9,q1 2025,0.08651760731604256
219,10,q4 2024,0.08476859468119427
220,1,buy sell,0.2912860427024868
220,2,stock buy,0.16603932691747622
220,3,sell,0.14957778357249457
220,4,buy,0.05502732601788121
220,5,stock,0.03836224675404547
220,6,sell hold,0.03265569078982799
220,7,cart stock,0.026905197828632526
220,8,aig stock,0.026905197828632526
220,9,bby stock,0.026905197828632526
220,10,analysis qcom,0.026905197828632526
221,1,completes investment,0.10318959225654367
221,2,partners completes,0.07757342305585094
221,3,completes,0.06363078904097268
221,4,partners,0.05131946823730041
221,5,investment,0.05098403256077873
221,6,capital partners,0.04652726279704754
221,7,infrastructure partners,0.043654504247934926
221,8,announces strategic,0.042451799923918385
221,9,announces investment,0.03877880270514082
221,10,infrastructure,0.0328099884000554
222,1,credit suisse,0.06005876738611008
222,2,suisse,0.05994264292115352
222,3,suisse deal,0.04574556000297316
222,4,bankers jostle,0.04255288154903572
222,5,jostle,0.04255288154903572
222,6,pickings sources,0.04255288154903572
222,7,slim pickings,0.04255288154903572
222,8,jostle slim,0.04255288154903572
222,9,pickings,0.04070765994312489
222,10,credit,0.039631311586352864
223,1,invested,0.16944582057064464
223,2,today invested,0.15383593478950325
223,3,ago,0.13924124770606172
223,4,invested 000,0.13757866181258904
223,5,invested 1000,0.10616733720747393
223,6,years ago,0.10547447517369721
223,7,1000,0.095619462290825
223,8,ago today,0.09342118405429939
223,9,10 years,0.08839782828203935
223,10,decade ago,0.07785098671191615
224,1,present,0.12634585749100707
224,2,healthcare conference,0.11351612325825364
224,3,present 2026,0.1019735026224487
224,4,conference,0.09893484284596422
224,5,healthcare,0.09260128395907066
224,6,2026 healthcare,0.09053973560927885
224,7,january,0.07012331280009004
224,8,annual healthcare,0.06980189105741912
224,9,conference january,0.06520865349010709
224,10,present 44th,0.06492045298394683
225,1,struggles,0.03422166154646889
225,2,facing potential,0.032580080879930286
225,3,problem,0.028692929607124308
225,4,outage,0.02320562158054595
225,5,sweep lawsuit,0.01985036446482657
225,6,wipeout faces,0.01985036446482657
225,7,threatens send,0.01985036446482657
225,8,warns property,0.01985036446482657
225,9,struggles clean,0.01985036446482657
225,10,struggles fallout,0.01985036446482657
226,1,week know,0.4022396247502418
226,2,know,0.154468579541878
226,3,week,0.10838331509802897
226,4,know corporation,0.07117732352679289
226,5,60 week,0.0603355155721001
226,6,16 week,0.0603355155721001
226,7,know 60,0.0603355155721001
226,8,74 week,0.0603355155721001
226,9,12 week,0.0603355155721001
226,10,stock climbed,0.0543933539154201
227,1,inflows,0.16243591422869713
227,2,etf inflows,0.14313395054939929
227,3,detected,0.14313395054939929
227,4,noteworthy etf,0.1324445019974953
227,5,etf,0.12186181691681167
227,6,etf inflow,0.118620983800726
227,7,inflow alert,0.10437968071756032
227,8,inflow,0.10304832078305995
227,9,noteworthy,0.10090343670469526
227,10,large inflows,0.0896499202323148
228,1,stocks poised,0.07307550647408247
228,2,poised,0.058870148100498926
228,3,ready,0.05375103636843842
228,4,stocks ready,0.049094624361890944
228,5,stocks primed,0.04484687941205772
228,6,primed,0.037323797903619976
228,7,old economy,0.029897919608038483
228,8,end rally,0.028256902183756594
228,9,high flying,0.027606097298988937
228,10,economy stocks,0.02703230054073797
229,1,funds bullish,0.3366261748615557
229,2,bullish,0.1756614650797645
229,3,hedge funds,0.13836949854977537
229,4,hedge,0.1259296877935107
229,5,funds,0.0978532959974917
229,6,bullish facebook,0.04074833370521543
229,7,cbre,0.04074833370521543
229,8,fb hedge,0.03673522162983444
229,9,facebook fb,0.03544420034692098
229,10,fb,0.0334987622990042
230,1,inflation slows,0.05704836592836358
230,2,slows,0.042602027934364226
230,3,slows expected,0.04255288154903572
230,4,job gains,0.037121219464099936
230,5,forecast,0.033405045255152636
230,6,canada job,0.030103158732974998
230,7,rise forecast,0.030103158732974998
230,8,inflation,0.029943964848798597
230,9,expected,0.029117378001875235
230,10,forecast wage,0.028368587699357146
231,1,le pen,0.038250457129656586
231,2,pen,0.03690618446585837
231,3,le,0.034880501991417845
231,4,tax cuts,0.022718096167578423
231,5,erdogan,0.022245897225677727
231,6,democrats,0.02144192103705899
231,7,biden,0.02106431762330569
231,8,macron,0.02077321982824268
231,9,race,0.020666488172137135
231,10,ukraine latest,0.018857511582858418
232,1,highlights strong,0.047218116139851045
232,2,earnings highlights,0.04143940951792207
232,3,q2 2025,0.03844118921775079
232,4,strong,0.03520896236004938
232,5,strong revenue,0.03486554719284962
232,6,growth,0.033466503942823786
232,7,growth amid,0.032330847216943286
232,8,revenue growth,0.026500216103891184
232,9,2025 earnings,0.02643529419979671
232,10,sales return,0.025606876372129914
233,1,ufg,0.150824241704205
233,2,mitsubishi ufg,0.14604369997311284
233,3,says mitsubishi,0.1442268565495268
233,4,mitsubishi,0.13832166652975997
233,5,yen,0.05165215420438373
233,6,bank japan,0.03619740054628298
233,7,ufg mitsubishi,0.03006383613222342
233,8,says,0.027899827278695662
233,9,japan,0.025463005729458425
233,10,sterling,0.022010013072672103
234,1,ago,0.18693757272703648
234,2,invested,0.16658200912763674
234,3,years ago,0.16260766809217145
234,4,invested years,0.13998730900752754
234,5,years,0.08304371833538582
234,6,stock increased,0.07521454873764322
234,7,investors control,0.07257121139280558
234,8,rewarded week,0.06561549508107911
234,9,rewarded,0.06324412317755677
234,10,year ago,0.05958368357274005
235,1,selling 10,0.0752504674940551
235,2,berkshire hathaway,0.07140679814891188
235,3,hathaway,0.07128571384365963
235,4,berkshire,0.06528884476335972
235,5,stocks warren,0.058343483354851185
235,6,10 stocks,0.0577378881006599
235,7,warren buffett,0.05432596717073006
235,8,holds berkshire,0.053588378276079845
235,9,warren,0.05275538794959415
235,10,buffett,0.052019058848993216
236,1,stock moves,0.3779710160290795
236,2,know stock,0.3023517369475007
236,3,know,0.20791716971403776
236,4,moves,0.19951729444934754
236,5,know bdc,0.12963792068351968
236,6,gsbd stock,0.12530072545959306
236,7,bdc gsbd,0.09253866958345557
236,8,gsbd,0.09112058068803412
236,9,bdc,0.08619338512025496
236,10,moves 44,0.0560086658497981
237,1,loses,0.10022220873950219
237,2,suisse loses,0.04309501448582624
237,3,alibaba ties,0.03577143798549447
237,4,serverfarm,0.03577143798549447
237,5,chatter delays,0.03577143798549447
237,6,serverfarm bond,0.03577143798549447
237,7,team insigneo,0.03577143798549447
237,8,delays serverfarm,0.03577143798549447
237,9,loses investment,0.03577143798549447
237,10,billion advisor,0.03541992893625047
238,1,undervalued,0.1590430649103666
238,2,amp undervalued,0.08216406076797798
238,3,undervalued large,0.08003513153155434
238,4,stock buy,0.06844629276232886
238,5,cap stock,0.059570761627945085
238,6,buy undervalued,0.05808029933584091
238,7,group undervalued,0.05504763347202128
238,8,large cap,0.04690192960714648
238,9,according hedge,0.04608157076881487
238,10,undervalued dividend,0.044279645798137056
239,1,stock falls,0.03050024872334646
239,2,suisse drops,0.02947206525848915
239,3,apple stake,0.025635742389282474
239,4,billion common,0.023670636887393032
239,5,resigns,0.021047904993724734
239,6,dumps,0.019850912040638283
239,7,falls,0.016611370601234927
239,8,tesla disbands,0.016188242718695043
239,9,wedoctor planned,0.016188242718695043
239,10,weighs ouster,0.016188242718695043
240,1,swot,0.1695547723707566
240,2,strategic swot,0.14266472304513597
240,3,swot insight,0.14266472304513597
240,4,decoding,0.1370480304698821
240,5,insight decoding,0.12849628564869336
240,6,insight,0.11307933915813635
240,7,case theory,0.09789145033563007
240,8,short swot,0.0915065087530172
240,9,theory,0.08945536205056427
240,10,bull case,0.07599181537783618
241,1,cheap,0.13366346270438895
241,2,stocks buy,0.07160652189285388
241,3,cheap blue,0.05873510086582189
241,4,cheap stocks,0.05379440892891089
241,5,10 cheap,0.05189848529762022
241,6,buy 10,0.049584406032363894
241,7,buy,0.04690943336771854
241,8,15 cheap,0.04639661758514628
241,9,cheap drip,0.04372320282376167
241,10,drip stocks,0.04372320282376167
242,1,warning wall,0.1043790314022603
242,2,billion warning,0.08343363613221394
242,3,warning,0.07089148063081635
242,4,warren buffett,0.07076821383484369
242,5,warren,0.06872228456833646
242,6,buffett,0.06419661990388123
242,7,deafening,0.04180597989636834
242,8,wall street,0.02690972811863875
242,9,wall,0.0259441438856419
242,10,street,0.025630958329416965
243,1,morning brief,0.05085021609034657
243,2,brief,0.04947221739179413
243,3,morning,0.041669742605535534
243,4,saying,0.039056803287843445
243,5,tells labor,0.024670261267787652
243,6,tariffs amid,0.024670261267787652
243,7,tone 2024,0.024670261267787652
243,8,today recession,0.024670261267787652
243,9,bankers eyeing,0.024670261267787652
243,10,banks dust,0.024670261267787652
244,1,launches,0.03644411753274442
244,2,digital,0.03320914791603748
244,3,solutions,0.023870436369940396
244,4,threat partners,0.022778146834270017
244,5,tokens likely,0.022778146834270017
244,6,19 crisis,0.022778146834270017
244,7,zing launches,0.022778146834270017
244,8,based premium,0.022778146834270017
244,9,targets non,0.022778146834270017
244,10,bbx platform,0.022778146834270017
245,1,sap,0.025956077690313738
245,2,2026,0.023210988195851618
245,3,says bank,0.018190688588501057
245,4,zoom gains,0.017751245463948358
245,5,woke backlash,0.017751245463948358
245,6,boost rivals,0.017751245463948358
245,7,2026 jefferies,0.017751245463948358
245,8,tops banking,0.017751245463948358
245,9,2027 cfo,0.017751245463948358
245,10,tesco acquisition,0.017751245463948358
246,1,bank group,0.1539743574953252
246,2,results bank,0.13467779602187965
246,3,group release,0.09964719675274705
246,4,group reports,0.09791490136543848
246,5,quarter financial,0.09423997192553063
246,6,advisory bank,0.08809162223161468
246,7,media advisory,0.08809162223161468
246,8,earnings media,0.0668941417926025
246,9,comments expected,0.0668941417926025
246,10,expected impact,0.06490421430468284
247,1,bullish bearish,0.2668359979211648
247,2,street bullish,0.25563407545706107
247,3,stock wall,0.22803354447682103
247,4,bearish,0.22467365247029894
247,5,bullish,0.1462275734779273
247,6,wall street,0.07121969765983563
247,7,wall,0.06866416767320943
247,8,street,0.06783528599415901
247,9,stock,0.027549509822654993
247,10,financial stock,0.022573440063979218
248,1,amp 500,0.08196847507525619
248,2,500,0.07876371409328463
248,3,sees amp,0.06109262255314269
248,4,500 target,0.04620817769325185
248,5,year end,0.04356762733149079
248,6,target 600,0.04148423208005602
248,7,amp,0.03768096799678533
248,8,end,0.03757753146942109
248,9,target,0.03517137362967789
248,10,2026,0.03138082320185067
249,1,shares voting,0.32331614594671826
249,2,voting rights,0.27997234388340214
249,3,voting,0.2607476885425698
249,4,rights,0.25504099328421265
249,5,rights 31,0.1557539916118426
249,6,31,0.1214571509039571
249,7,2025 shares,0.10877451128984912
249,8,rights 30,0.09496016519153472
249,9,2024 shares,0.08874748069888204
249,10,shares,0.08360096869329153
250,1,invests,0.12409527111339767
250,2,black owned,0.049797358670179044
250,3,invest attitude,0.04379493809439042
250,4,attitude ventures,0.04379493809439042
250,5,ventures fund,0.04379493809439042
250,6,attitude,0.04127143444112083
250,7,owned banks,0.03216289798952215
250,8,owned,0.029801265516111956
250,9,provider,0.02720763534792418
250,10,black,0.025761954030116222
251,1,heavily search,0.13742652943895006
251,2,investors heavily,0.13742652943895006
251,3,heavily,0.11341256709952882
251,4,metrics tell,0.09442663412886285
251,5,search,0.09326147805370172
251,6,need know,0.08246762499212978
251,7,know investors,0.07339952584339507
251,8,tell,0.071660396766777
251,9,need,0.06705008480958968
251,10,key metrics,0.05545080125560902
252,1,survey finds,0.09288939077612622
252,2,survey,0.08958388232987487
252,3,business leaders,0.07751341814886466
252,4,finds,0.07578704009876132
252,5,annual survey,0.06448795615986878
252,6,leaders,0.057662736880971205
252,7,optimistic,0.0397762954593963
252,8,middle income,0.03589860930377011
252,9,leaders remain,0.03006383613222342
252,10,optimistic growth,0.03006383613222342
253,1,recession,0.052604730534458355
253,2,ceo sees,0.03591639308288743
253,3,sees pickup,0.035140929590450364
253,4,fall ceo,0.035140929590450364
253,5,rally risk,0.035140929590450364
253,6,montagu,0.032435674057527154
253,7,chance recession,0.030655366029592696
253,8,sees,0.029778560369347132
253,9,pickup,0.0293268194195274
253,10,hartnett,0.02738538529081329
254,1,higher today,0.264225808230981
254,2,today,0.08436344055512207
254,3,higher,0.08229975654756841
254,4,soared week,0.04798011989180657
254,5,blasted higher,0.04798011989180657
254,6,surging higher,0.04798011989180657
254,7,nebius,0.04521546230580132
254,8,stock blasted,0.04521546230580132
254,9,today shares,0.044711523617834446
254,10,rocketing,0.04325478314775728
255,1,analysts bullish,0.2536788143963217
255,2,street analysts,0.1695233998885729
255,3,stock wall,0.15786937694549147
255,4,bullish,0.14081173742318925
255,5,analysts,0.11483809740789587
255,6,wall street,0.05803086475986607
255,7,wall,0.05594858106705953
255,8,street,0.05527319599524067
255,9,bullish international,0.03768947755576226
255,10,analysts turning,0.03768947755576226
256,1,best value,0.3042651978647215
256,2,value stocks,0.23168120063116712
256,3,value,0.1315695122291374
256,4,best,0.0815953633660348
256,5,stocks buy,0.08140204609984168
256,6,buy april,0.07860377848026058
256,7,7th best,0.058229757712798765
256,8,april,0.04991867828970845
256,9,7th,0.04916328692684101
256,10,buy,0.04512240733466259
257,1,hurt q2,0.07552437321261857
257,2,hurt,0.07465266846678212
257,3,performance hurt,0.06646219292106917
257,4,trading performance,0.0544132409557917
257,5,weak,0.052054852624213874
257,6,weak trading,0.040897154246447284
257,7,hurt q4,0.040897154246447284
257,8,earnings weak,0.040897154246447284
257,9,ib hurt,0.033149344866898064
257,10,q2 earnings,0.029268545860220915
258,1,real estate,0.04904089309715289
258,2,estate,0.04892519118464423
258,3,acquires,0.04127493139507215
258,4,real,0.04096933736910575
258,5,estate investing,0.03725114717392786
258,6,investing acquires,0.0311965395343794
258,7,unit apartment,0.0311965395343794
258,8,management acquire,0.029843763255006785
258,9,million real,0.029843763255006785
258,10,multifamily,0.029843763255006785
259,1,way,0.0282397715586677
259,2,street giant,0.02329431712762575
259,3,wants,0.02262204424130515
259,4,giant,0.02089313422763769
259,5,trying,0.020591224039561328
259,6,ways,0.018793709064155548
259,7,save,0.018359511684450023
259,8,york finance,0.017915990201432797
259,9,washington got,0.017915990201432797
259,10,bank growing,0.017915990201432797
260,1,buy 10,0.08811774209857044
260,2,10 best,0.08539769920535277
260,3,dividend stocks,0.07701556146795449
260,4,dividend,0.0746651432672494
260,5,best dividend,0.07309004674961841
260,6,best,0.07247501539674307
260,7,buy 12,0.07095196358378764
260,8,stocks buy,0.06362690948250653
260,9,buy 15,0.06055302202132909
260,10,12 best,0.05481088599768196
261,1,analyst reports,0.12170803397666402
261,2,research reports,0.11928048047940389
261,3,reports,0.09642700608882461
261,4,reports nvidia,0.07624993814200529
261,5,stock reports,0.07156828828764233
261,6,research,0.06160115595095802
261,7,reports berkshire,0.05108533594704288
261,8,johnson,0.04873342455707022
261,9,amp,0.043094714612718785
261,10,amp johnson,0.042711168528313824
262,1,rally test,0.04196470187552037
262,2,test bank,0.03650223617817235
262,3,bank rally,0.03449872535270582
262,4,bank investors,0.030818776879512268
262,5,strongest,0.030378971826030984
262,6,big bank,0.024206862948737497
262,7,test,0.023755949097527835
262,8,2022 late,0.023050124706918015
262,9,years bear,0.023050124706918015
262,10,won stop,0.023050124706918015
263,1,pay dividend,0.214098185003985
263,2,dividend 51,0.18640440311542658
263,3,announced dividend,0.14994985295651353
263,4,51,0.13874222546895598
263,5,dividend ca,0.118943436113325
263,6,dividend,0.10830548254150464
263,7,announced,0.10239399247180339
263,8,ca,0.09570647786586452
263,9,dividend 15,0.09157693863317826
263,10,chase pay,0.0845270676476111
264,1,traded american,0.19097583293834808
264,2,equities traded,0.19002469484201218
264,3,depositary receipts,0.18817729243244313
264,4,american depositary,0.17693073210399274
264,5,trading european,0.16332370646753505
264,6,receipts,0.1537312464301561
264,7,traded,0.1528708479313027
264,8,european equities,0.1486218149673539
264,9,equities,0.13494246168283963
264,10,depositary,0.13290318883887484
265,1,went,0.03899346347659773
265,2,bank built,0.030363229218789037
265,3,built modern,0.030363229218789037
265,4,modern switzerland,0.030363229218789037
265,5,built,0.028294765486016185
265,6,powerful,0.02709327616175431
265,7,oldest,0.025625249189840223
265,8,modern,0.02387950522929121
265,9,billionaire,0.022965016435885388
265,10,eric,0.021407460292014086
266,1,branches,0.11484210675500112
266,2,close,0.09524042247347454
266,3,permanently close,0.07021977273286106
266,4,permanently,0.06288599138637468
266,5,philadelphia area,0.06125657063510485
266,6,area branches,0.06125657063510485
266,7,card source,0.04967553048869019
266,8,scrap gm,0.04967553048869019
266,9,conservative leader,0.04967553048869019
266,10,area,0.048943248462698936
267,1,amp 500,0.06683528879138384
267,2,500,0.05994766792336004
267,3,history says,0.052256197801450494
267,4,history,0.04056175763446614
267,5,500 year,0.03344802458305597
267,6,500 soared,0.030363229218789037
267,7,strategists,0.029779683455614697
267,8,amp,0.029741469580376035
267,9,year history,0.027372897326766486
267,10,average,0.0241070186116012
268,1,expected decline,0.2208486307494918
268,2,earnings expected,0.18561070129770818
268,3,decline earnings,0.17259591717436454
268,4,earnings preview,0.15310914687900626
268,5,preview,0.14039586340002366
268,6,decline,0.12911850794452714
268,7,preview corporation,0.11792931625669843
268,8,expected,0.10571673879009318
268,9,lag estimates,0.0673881807181134
268,10,earnings,0.055778814640603594
269,1,recent developments,0.08745663591259835
269,2,developments shaping,0.07424460011387657
269,3,play stock,0.07424460011387657
269,4,developments,0.07256506722484622
269,5,earnings cards,0.07120028911400496
269,6,shaping investment,0.06869802876229067
269,7,approach stock,0.06093467807408883
269,8,investment story,0.05961092747669842
269,9,cards,0.059347868095803905
269,10,shaping,0.0586201077571945
270,1,annual report,0.2303517493805721
270,2,publishes,0.20082532246868337
270,3,report form,0.1055094620349009
270,4,form 20,0.10366376221224044
270,5,srep process,0.09516147174854271
270,6,process completed,0.09516147174854271
270,7,annual,0.09188842336856118
270,8,report,0.08927049284375804
270,9,completed,0.08604055191565627
270,10,srep,0.08440756962792072
271,1,shareholders deadline,0.14062858399577713
271,2,deadline alert,0.12921950523197412
271,3,law offices,0.12418970366810968
271,4,actions behalf,0.1067707299321507
271,5,behalf shareholders,0.10578613039163043
271,6,class actions,0.1039069881589315
271,7,offices,0.10073653081539642
271,8,behalf,0.09913749204508943
271,9,actions,0.09640993665994066
271,10,investors class,0.09042151930077397
272,1,strengthens,0.028825772498860664
272,2,presence,0.02765860527427097
272,3,facility,0.023719990926356665
272,4,strengthens presence,0.023283181820034773
272,5,value creation,0.022273552657808227
272,6,presence new,0.022273552657808227
272,7,hyatt,0.02149077173934576
272,8,growth value,0.02149077173934576
272,9,creation,0.01984339858574073
272,10,announces agreement,0.0194309506523055
273,1,biggest moves,0.16493238268491128
273,2,making biggest,0.16349099949682191
273,3,stocks making,0.15573627328919082
273,4,making,0.1151397126589635
273,5,moves premarket,0.11207319948437486
273,6,moves midday,0.08674328904582315
273,7,biggest,0.08396827423906425
273,8,moves,0.0779619224827372
273,9,midday,0.06269483603299304
273,10,premarket,0.06127255345289339
274,1,buffett stocks,0.17743658848254515
274,2,stocks screaming,0.14108479768865498
274,3,screaming buys,0.1379047940120637
274,4,screaming,0.13504586825188233
274,5,warren buffett,0.10285055424173598
274,6,warren,0.09987711535445898
274,7,buffett,0.09329976807058166
274,8,buy hand,0.08274287640723822
274,9,fist,0.07804311349999173
274,10,hand fist,0.07804311349999173
275,1,trending tickers,0.23951575944533737
275,2,tickers,0.23758962090136604
275,3,trending,0.21780728263983526
275,4,glencore,0.07168821457324746
275,5,tickers glencore,0.06308633550285614
275,6,american trending,0.044629127391426424
275,7,superdry,0.044629127391426424
275,8,jd wetherspoon,0.04205755700190408
275,9,wetherspoon,0.04205755700190408
275,10,kingfisher,0.04023381416600915
276,1,missile,0.053276664030562144
276,2,ukraine latest,0.05025299333340823
276,3,ukraine,0.03940233033463495
276,4,coast,0.03696512986581663
276,5,latest,0.03139149874192127
276,6,jet,0.02767906234487027
276,7,russian,0.026004546329075496
276,8,worst wealth,0.02070185462953763
276,9,worst investments,0.02070185462953763
276,10,yacht coast,0.02070185462953763
277,1,better value,0.3290044054578316
277,2,stock right,0.32492513389532746
277,3,value stock,0.3137299153993354
277,4,better,0.22320076154857402
277,5,value,0.14606514190930134
277,6,right,0.13372344843628262
277,7,bns better,0.0560086658497981
277,8,right bns,0.0560086658497981
277,9,right bsac,0.048718123982819675
277,10,bsac better,0.04726888595576104
278,1,favor hedge,0.14247184599730567
278,2,fell favor,0.14247184599730567
278,3,hedge funds,0.1254928417446701
278,4,funds dumping,0.12207172941345869
278,5,hedge,0.1142106789925373
278,6,favor,0.10482425588336958
278,7,dumping,0.10246080389445325
278,8,funds souring,0.09643729589659099
278,9,fell,0.09389316186894937
278,10,souring,0.08904490374831604
279,1,surpasses,0.041173071608138136
279,2,nearly tripled,0.03437206632836021
279,3,revenue saudi,0.03437206632836021
279,4,saudi nearly,0.03437206632836021
279,5,finance goal,0.032391517006356445
279,6,tripled,0.030986922890691646
279,7,75b,0.029897919608038483
279,8,loan portfolio,0.02703230054073797
279,9,corporate investment,0.025632014743567934
279,10,banking revenue,0.0239395720283439
280,1,lags market,0.14595657981731788
280,2,gains lags,0.11747020173164378
280,3,market know,0.11442646527877672
280,4,lags,0.10566666244555335
280,5,gains know,0.10076193625465722
280,6,outpaces stock,0.09789183477636981
280,7,know,0.09502621526932693
280,8,facts,0.09300498333958263
280,9,bdc gsbd,0.08943368672064435
280,10,market gains,0.08937610687952846
281,1,expects earnings,0.10338519008931382
281,2,street expects,0.0906483101725544
281,3,vs rest,0.08396391099637872
281,4,rest,0.08148346204116892
281,5,reports week,0.07938395744441379
281,6,week wall,0.07751136708215152
281,7,earnings growth,0.06587656306168452
281,8,amp brokerage,0.05601421601597629
281,9,rest diversified,0.05596452686355945
281,10,expects,0.05543457098841831
282,1,solid,0.05215061398498522
282,2,robust sales,0.04888609024206563
282,3,039,0.03735242113587715
282,4,solid earnings,0.03704741949079962
282,5,rating upgrade,0.03571161561929385
282,6,sales growth,0.035315840237775724
282,7,strong q3,0.035315840237775724
282,8,lifted,0.031741763760425354
282,9,rose,0.03026174271559358
282,10,039 shares,0.02849369659342264
283,1,buy rating,0.12186869962639398
283,2,rating,0.10806382193419739
283,3,stock initiated,0.10318049160183464
283,4,initiated,0.08399996003450586
283,5,reiterates,0.07494324534135904
283,6,reiterates buy,0.06642921384934973
283,7,initiated buy,0.06385508678688115
283,8,initiated neutral,0.05188562841618715
283,9,neutral,0.046872576779382294
283,10,price target,0.04518021596518185
284,1,rates,0.07393139417694448
284,2,buy rates,0.06400834071865093
284,3,buy rate,0.06400834071865093
284,4,stocks buy,0.06309132943635748
284,5,buy fed,0.05139876546323425
284,6,rate hikes,0.04528180713624807
284,7,fed raised,0.044606499850504334
284,8,hikes 10,0.04267222714576728
284,9,raised rates,0.04267222714576728
284,10,10 stocks,0.04086797017824487
285,1,need know,0.09167002091399834
285,2,know,0.0849577187480329
285,3,release need,0.08159003087313015
285,4,earnings release,0.07890125001401777
285,5,know ahead,0.0774848651916942
285,6,need,0.07453206852224775
285,7,things need,0.0603355155721001
285,8,know buy,0.05092055954890996
285,9,things,0.04721767251624157
285,10,ahead earnings,0.04603475712075708
286,1,insiders,0.12946516232747252
286,2,worth stock,0.12388179312716963
286,3,stock earlier,0.09736389265211004
286,4,worth,0.0959812077443376
286,5,earlier year,0.0794940128703438
286,6,earlier,0.07133150436385458
286,7,insiders sold,0.06492487098799378
286,8,stock high,0.06256341343689814
286,9,6m worth,0.06061227155363959
286,10,0m worth,0.05894237191001975
287,1,real estate,0.0271113464117044
287,2,estate,0.027047382759486552
287,3,5g,0.026947240561542903
287,4,real,0.022649136822842583
287,5,homeowners,0.02173688253747275
287,6,dubai,0.020529875845048378
287,7,want truly,0.018429097319373592
287,8,value 70,0.018429097319373592
287,9,want billion,0.018429097319373592
287,10,younger homeowners,0.018429097319373592
288,1,narrative does,0.050565383418319794
288,2,narrative,0.049318056505793975
288,3,reshape,0.04677860369787822
288,4,does,0.031143495248871757
288,5,xtra dbk,0.028132852216696768
288,6,xtra,0.026675557328547803
288,7,dbk,0.023847794546261156
288,8,says jim,0.022399384532319072
288,9,ceo david,0.02205273009003868
288,10,shape,0.02172874020203543
289,1,form nortonlifelock,0.5791122974022522
289,2,nortonlifelock,0.5729580121793145
289,3,nortonlifelock amendment,0.4274387685040634
289,4,form,0.32198636887458937
289,5,amendment,0.28833425818578834
289,6,amendment form,0.2754914797682142
289,7,nortonlifelock form,0.22671000716361825
289,8,form draftkings,0.08954251674076003
289,9,draftkings,0.0657598105390867
289,10,metal,0.05606979695032736
290,1,counsel,0.18041059580054639
290,2,counsel important,0.1395824334590204
290,3,secure counsel,0.1395824334590204
290,4,deadline securities,0.12562058110680224
290,5,rosen,0.1161288205702128
290,6,secure,0.11457785210856428
290,7,important deadline,0.11334377472606555
290,8,investors secure,0.10629108832252564
290,9,securities class,0.10622890834956684
290,10,encourages plc,0.10003867136237707
291,1,eric dyson,0.0402813040925482
291,2,dyson,0.0402813040925482
291,3,michael eric,0.0402813040925482
291,4,michael,0.029765628900309024
291,5,disruption,0.02876748046420257
291,6,eric,0.02840015505788688
291,7,economic recovery,0.026338096351384153
291,8,combined,0.024647615985889028
291,9,generation,0.023648701261969513
291,10,yields constructive,0.022125477870537348
292,1,important class,0.1308076294977015
292,2,wong reminds,0.12971718725043993
292,3,action deadlines,0.12971718725043993
292,4,deadlines shareholder,0.1287551153547872
292,5,offices vincent,0.1266756091408312
292,6,wong,0.1266756091408312
292,7,vincent wong,0.1266756091408312
292,8,vincent,0.12572986083910262
292,9,deadlines,0.12063430071270198
292,10,investors important,0.11438418103169985
293,1,raises,0.05128309950045105
293,2,management raises,0.0402180077881814
293,3,openai hire,0.035954412092837146
293,4,chatter microsoft,0.035954412092837146
293,5,hire investment,0.035954412092837146
293,6,investment conversion,0.035954412092837146
293,7,stage growth,0.035954412092837146
293,8,banks 14,0.035954412092837146
293,9,raises billion,0.03526341033235193
293,10,microsoft openai,0.03388268658721173
294,1,pay,0.06522969724918914
294,2,ceo,0.055596184676175935
294,3,fraser,0.054276172267145886
294,4,raises ceo,0.053276664030562144
294,5,million ceo,0.04917526455638501
294,6,pay rises,0.04917526455638501
294,7,26 million,0.0477124277810832
294,8,2023 pay,0.0477124277810832
294,9,scharf,0.047200847834860025
294,10,million,0.04535679971331955
295,1,advises amp,0.04798011989180657
295,2,catastrophe information,0.04798011989180657
295,3,amp taylormade,0.04798011989180657
295,4,group advises,0.04798011989180657
295,5,insurance catastrophe,0.04798011989180657
295,6,taylormade,0.04798011989180657
295,7,provides insurance,0.04798011989180657
295,8,taylormade acquisition,0.04798011989180657
295,9,catastrophe,0.04521546230580132
295,10,group provides,0.04521546230580132
296,1,banned,0.046625166474250745
296,2,using chatgpt,0.044629127391426424
296,3,chase ban,0.044629127391426424
296,4,work phones,0.044629127391426424
296,5,ban crypto,0.044629127391426424
296,6,employees using,0.044629127391426424
296,7,crypto transactions,0.04205755700190408
296,8,ban,0.035945503769546416
296,9,watchdog,0.034948833548710624
296,10,phones,0.03443292919742163
297,1,benchmarking,0.14195161632657283
297,2,stocks q3,0.1338788373743304
297,3,recap benchmarking,0.11610173568417968
297,4,stocks q2,0.10323753914659843
297,5,amp brokerage,0.1006815934148345
297,6,brokerage stocks,0.09951514481057719
297,7,banking amp,0.09365299520001111
297,8,custody bank,0.08218484387212069
297,9,reflecting,0.08218484387212069
297,10,recap,0.07879170581801251
298,1,amp squire,0.11536403228466159
298,2,eagel amp,0.11536403228466159
298,3,bragar eagel,0.11142977987192702
298,4,bragar,0.11142977987192702
298,5,eagel,0.11142977987192702
298,6,squire,0.11142977987192702
298,7,investors contact,0.10753395817539486
298,8,contact firm,0.10328868228436741
298,9,squire investigating,0.10307111735078146
298,10,contact,0.10018608122466534
299,1,mellon launches,0.046617647695649626
299,2,cardholders,0.04580215510924778
299,3,platform mellon,0.037960259185099675
299,4,home games,0.037960259185099675
299,5,eligible credit,0.037960259185099675
299,6,exclusive perks,0.037960259185099675
299,7,team offer,0.036314187571039776
299,8,launches,0.03539987347736493
299,9,credit cardholders,0.03503796309366114
299,10,launches new,0.029652364928557964
300,1,aid,0.10652248530035183
300,2,rates loan,0.09464589101925494
300,3,higher rates,0.09435564662143586
300,4,rates aid,0.09094072717887915
300,5,aid mellon,0.06991265507917323
300,6,earnings higher,0.0639274938367592
300,7,rates,0.06344824292832511
300,8,growth aid,0.05678753461155296
300,9,high rates,0.039374886301728355
300,10,inorganic,0.03923731102877054
301,1,investing radar,0.2795218552389079
301,2,radar,0.22132521396607666
301,3,equity etf,0.13997264817165633
301,4,investing,0.13827198575151087
301,5,cap equity,0.08987078615607018
301,6,etf,0.08795459120267984
301,7,russell,0.07436221988657196
301,8,value etf,0.07265129189297541
301,9,cap,0.06610064143525594
301,10,radar ishares,0.06482686169970785
302,1,pfd,0.16169913671135144
302,2,declares,0.15188078419527187
302,3,shs,0.1394135308121827
302,4,dividend corporation,0.10779942447423428
302,5,series declares,0.07858771927819884
302,6,yieldmaxtm,0.06516016175986057
302,7,dp,0.06516016175986057
302,8,yieldmaxtm option,0.06516016175986057
302,9,etf declares,0.06099995051360422
302,10,strategy etf,0.05805086784208984
303,1,attention,0.1945013939470207
303,2,attention know,0.16784130902924302
303,3,attracting investor,0.16784130902924302
303,4,investor attention,0.1605673785230971
303,5,attracting,0.1547644051616768
303,6,attention today,0.14769075155472225
303,7,deserve attention,0.14055054516954119
303,8,deserve,0.11666618161843112
303,9,think,0.09732542375568966
303,10,interesting,0.059568004384464024
304,1,target price,0.25429276679229035
304,2,analysts target,0.24957200715030858
304,3,stock wall,0.1499784211414666
304,4,street analysts,0.1482391386887052
304,5,analysts,0.10227939430072866
304,6,target,0.09607462137619749
304,7,price,0.0844764394954188
304,8,wall street,0.053564045135864914
304,9,wall,0.05164204141993369
304,10,street,0.05101864287812851
305,1,emissions,0.17972360821512087
305,2,cut emissions,0.07623596708034751
305,3,reduction targets,0.07623596708034751
305,4,pledges,0.0706990277388495
305,5,targets,0.061211399260679956
305,6,pledges cut,0.060988773664278
305,7,zero emissions,0.060988773664278
305,8,net zero,0.05843007017880695
305,9,portfolio 2050,0.04955659771421367
305,10,pledges net,0.04955659771421367
306,1,great dividend,0.3080662887694384
306,2,great,0.1931527359709052
306,3,dividend stock,0.18548554795974107
306,4,stock right,0.13696694858547206
306,5,corporation great,0.0873558417315054
306,6,bank great,0.07638083932336495
306,7,dividend,0.06724546412448214
306,8,right,0.05636896249627961
306,9,amp great,0.05248175587848815
306,10,groep great,0.05092055954890996
307,1,gold,0.08097983241017445
307,2,meters,0.07443901086475231
307,3,metres,0.0693627114257997
307,4,drills,0.0478695331077486
307,5,intercepts,0.0478695331077486
307,6,metals drills,0.042122451035133804
307,7,copper,0.041793342163262664
307,8,project,0.04005803503629087
307,9,metals,0.038910379276020195
307,10,gold project,0.03783420623225438
308,1,vote,0.05367078134947865
308,2,bonuses,0.0442207253526938
308,3,reshuffles equities,0.04273001558753594
308,4,trader montesano,0.04273001558753594
308,5,unit executives,0.04273001558753594
308,6,special payout,0.04273001558753594
308,7,executives trader,0.04273001558753594
308,8,reject,0.04080283579696539
308,9,montesano,0.04026787372522732
308,10,equities unit,0.04026787372522732
309,1,relative strength,0.049489015892035526
309,2,relative,0.047261403537401145
309,3,rising relative,0.03785835640770198
309,4,compelling,0.03150760235826743
309,5,rating upgrade,0.029962377191419916
309,6,stock rising,0.029630317970393876
309,7,rising,0.026641390445062346
309,8,strength,0.02656645970972367
309,9,earns,0.026067780631158666
309,10,rating,0.025627519381298827
310,1,earnings revenues,0.2876277254429967
310,2,beat estimates,0.2070802537038444
310,3,revenues beat,0.1856726552863294
310,4,revenues surpass,0.18350557545496812
310,5,revenues,0.18205427135303523
310,6,surpass estimates,0.1739999009148429
310,7,surpass,0.15116603789545363
310,8,estimates,0.14765939409990658
310,9,estimates corporation,0.11666618161843112
310,10,estimates q3,0.1070984466248611
311,1,trading today,0.2788207003211063
311,2,stock trading,0.24952750090961867
311,3,stock today,0.17945858109623963
311,4,today,0.12980027988606566
311,5,trading,0.07224736142784376
311,6,sofi,0.06795463998277843
311,7,amd amd,0.06419258049451745
311,8,today marvell,0.06419258049451745
311,9,sofi sofi,0.06419258049451745
311,10,today sofi,0.06419258049451745
312,1,earnings snapshot,0.48663417495478406
312,2,snapshot,0.4760781707390792
312,3,snapshot banco,0.1634792663059858
312,4,snapshot q3,0.1062684261144368
312,5,snapshot fiscal,0.1062684261144368
312,6,snapshot q2,0.1062684261144368
312,7,banco,0.08628275680832283
312,8,q1 earnings,0.08076601907731513
312,9,snapshot q4,0.07517740710320493
312,10,snapshot q1,0.07517740710320493
313,1,participate 44th,0.3226489317873661
313,2,participate,0.24425909832128354
313,3,44th,0.2178047981619452
313,4,44th annual,0.20936753006238992
313,5,annual healthcare,0.20936753006238992
313,6,healthcare conference,0.20340742336221343
313,7,healthcare,0.17314488316843565
313,8,conference,0.1329596242790552
313,9,annual,0.13103080598381964
313,10,therapeutics participate,0.062329433421112544
314,1,stake,0.060061228369827954
314,2,buffett,0.0532192101706715
314,3,berkshire buys,0.050253078574059196
314,4,buffett berkshire,0.0500445517324765
314,5,stake 10,0.04749482051982101
314,6,trims,0.04360580174322871
314,7,aon,0.0430828521785724
314,8,berkshire,0.03948335433999709
314,9,warren buffett,0.0391113888458985
314,10,aon slashes,0.03851554829671047
315,1,surging,0.1421498940261006
315,2,implied volatility,0.138495996594117
315,3,beat likely,0.138495996594117
315,4,volatility surging,0.138495996594117
315,5,implied,0.13180031667649583
315,6,stock options,0.12661135444188107
315,7,likely mellon,0.09862763783885511
315,8,surprise coming,0.07732371861245012
315,9,continue surging,0.07397072837914134
315,10,post 52,0.07397072837914134
316,1,shifting,0.1505800321002387
316,2,narrative shifting,0.14220206972555408
316,3,narrative,0.11573998653564604
316,4,recent analyst,0.10684658879430275
316,5,shifting recent,0.09684743423157587
316,6,market developments,0.09076281185921603
316,7,analyst market,0.09076281185921603
316,8,story changing,0.07863825800442276
316,9,recent,0.06295541211527239
316,10,developments,0.062298626845768305
317,1,worth stock,0.16285731490552702
317,2,insiders,0.1401624956553781
317,3,insiders sold,0.12495897956634586
317,4,stock possibly,0.11291280954805556
317,5,possibly,0.10853315070221549
317,6,worth,0.10256235372988926
317,7,sold,0.09902343953863837
317,8,signalling downtrend,0.0861827388006975
317,9,downtrend,0.08201617768973227
317,10,weakness,0.07545911249061392
318,1,investors reacting,0.0746262938054504
318,2,reacting,0.0712671958103668
318,3,investors respond,0.06076399270133228
318,4,respond,0.055527474034748024
318,5,reacting launching,0.03937864181596449
318,6,shift,0.03252207622563225
318,7,issuances,0.03162715348819741
318,8,launching,0.027763737017374012
318,9,leadership,0.02397871597445978
318,10,tokenized,0.022165124750694567
319,1,burn hedge,0.3010508924550821
319,2,going burn,0.3010508924550821
319,3,burn,0.27084806419469537
319,4,going,0.18586779291380295
319,5,hedge funds,0.10705652334279256
319,6,hedge,0.09743183795644711
319,7,funds,0.07570912503781467
319,8,hca,0.034528727202710933
319,9,rio,0.029595864932197652
319,10,ebay,0.028956834995059515
320,1,outlook highlights,0.21402293153659802
320,2,industry outlook,0.21061859196182464
320,3,zacks industry,0.21061859196182464
320,4,zacks,0.14836564670115954
320,5,highlights,0.13139586215486038
320,6,industry,0.1106551474745451
320,7,outlook,0.0842158703844046
320,8,highlights robinhood,0.0638977353163977
320,9,highlights chase,0.06089315140440168
320,10,blog highlights,0.06005556630729241
321,1,outlook highlights,0.19721816802335407
321,2,zacks,0.19530885131877507
321,3,zacks industry,0.19408113214852582
321,4,industry outlook,0.19408113214852582
321,5,highlights zacks,0.15819320499861364
321,6,highlights,0.14702432237306812
321,7,analyst blog,0.13637669683315182
321,8,zacks analyst,0.13637669683315182
321,9,blog,0.13523712824206421
321,10,industry,0.10196666922839565
322,1,ranks,0.0980213389599449
322,2,satisfaction,0.09302883572059531
322,3,straight year,0.08859435069825204
322,4,straight,0.062451618286605594
322,5,customer satisfaction,0.0536384503339025
322,6,banking mobile,0.04720236504370471
322,7,according power,0.04720236504370471
322,8,power,0.04508307994665578
322,9,bank ranks,0.04227253102694545
322,10,mobile app,0.037969007442108016
323,1,strong mutual,0.18232174361997633
323,2,fund pick,0.18232174361997633
323,3,pick right,0.17999371879907725
323,4,mutual fund,0.14799975095756657
323,5,strong etf,0.09794129655217329
323,6,mutual,0.09734967805410996
323,7,pick,0.09595435839604334
323,8,etf right,0.09568554063802098
323,9,strong,0.07920541020388834
323,10,right,0.07773669673283004
324,1,signalling caution,0.31409303136699646
324,2,insiders sell,0.3111136981321962
324,3,signalling,0.29794627487143177
324,4,possibly signalling,0.29794627487143177
324,5,stock possibly,0.28697224826675044
324,6,possibly,0.27584117686163073
324,7,caution,0.23622281937766607
324,8,caution insiders,0.19354142824835605
324,9,insiders,0.18659581472890335
324,10,sell,0.10378396983260776
325,1,earnings review,0.272111111275946
325,2,earnings results,0.2317305595022781
325,3,results quarter,0.18540758812550454
325,4,review quarter,0.1656303249406943
325,5,2021 earnings,0.1622627982479813
325,6,quarter 2021,0.15628886744260043
325,7,quarter,0.1429221099052988
325,8,2022 earnings,0.13166621226721595
325,9,review second,0.13078341304478863
325,10,quarter 2022,0.12816169759512494
326,1,research calls,0.10534990055751642
326,2,analyst research,0.08897004897844606
326,3,street analyst,0.060731710468147654
326,4,research,0.04890377482637279
326,5,calls,0.04590431036210542
326,6,latest picks,0.04537383717880423
326,7,picks pans,0.04537383717880423
326,8,pans,0.04402408302373292
326,9,barron latest,0.035269902028644384
326,10,exact sciences,0.034030377884103166
327,1,barriers,0.11965643614853669
327,2,global impact,0.08759490773415286
327,3,youth,0.0856386307962743
327,4,impact challenge,0.08498918606659042
327,5,scholarship recipients,0.07262837514207955
327,6,youth scholarship,0.07262837514207955
327,7,future launch,0.07007592618732228
327,8,recipients,0.06335937490637152
327,9,scholarship,0.05916498713258802
327,10,challenge,0.05886100069657396
328,1,soared,0.11850237264388025
328,2,stock soared,0.11691629029872808
328,3,stock zoomed,0.07067091893471868
328,4,zoomed,0.07067091893471868
328,5,surged,0.05598429748330872
328,6,stock rocketed,0.05226087408289711
328,7,higher month,0.05226087408289711
328,8,surged higher,0.05226087408289711
328,9,13 higher,0.05226087408289711
328,10,higher,0.051898281227316184
329,1,stocks help,0.0926103712908064
329,2,help retire,0.06481404127042971
329,3,grab energy,0.04967553048869019
329,4,help,0.049099440737889695
329,5,stocks make,0.04374591911887294
329,6,grab,0.04346783891833495
329,7,make richer,0.04320936084695314
329,8,energy mutual,0.041923994257583114
329,9,boost portfolio,0.041923994257583114
329,10,richer,0.03704414851632256
330,1,congress 2025,0.05003375253554722
330,2,congress,0.04532786149916998
330,3,society,0.04224341348050986
330,4,cardiology,0.041484947503413694
330,5,cardiology congress,0.041484947503413694
330,6,european society,0.041484947503413694
330,7,society cardiology,0.041484947503413694
330,8,cytokinetics,0.04002700202843777
330,9,clinical,0.03797062758305083
330,10,genetics,0.03783002616417823
331,1,worst performing,0.14054476018554052
331,2,worst,0.13774190458352217
331,3,poorest,0.12127896136165438
331,4,hated,0.11701673798744247
331,5,15 worst,0.11353579306120594
331,6,performing,0.0951870491196343
331,7,2023 15,0.08515184479590446
331,8,countries world,0.08103512293267806
331,9,countries,0.07448459900690194
331,10,cities,0.07120605816377261
332,1,august best,0.08159003087313015
332,2,buy august,0.07817814406181185
332,3,buy best,0.07817814406181185
332,4,best,0.07636938103093717
332,5,stocks buy,0.06772306245348335
332,6,july best,0.056858928993990504
332,7,2021 best,0.056858928993990504
332,8,best blue,0.05622522068680469
332,9,august,0.043949414366512105
332,10,chip stocks,0.03665233360576383
333,1,earnings report,0.3468252333135858
333,2,report earnings,0.2279679147616783
333,3,report goldman,0.16593692832022408
333,4,report,0.16043717944647426
333,5,goldman earnings,0.13107948610742146
333,6,report chase,0.07219783394850776
333,7,amp earnings,0.0676772575722282
333,8,earnings,0.062000773496983394
333,9,report indicator,0.05399854389382892
333,10,lows earnings,0.05399854389382892
334,1,shrinking,0.03372066002580565
334,2,investors need,0.03297063667721978
334,3,ignore,0.032736391957421514
334,4,aren farewell,0.02981386786416037
334,5,ai house,0.02981386786416037
334,6,bank expensive,0.02981386786416037
334,7,banks reluctant,0.02981386786416037
334,8,bargain hunters,0.02981386786416037
334,9,1995 investors,0.02981386786416037
334,10,aren priced,0.02981386786416037
335,1,management raises,0.08712044900376138
335,2,raises,0.08331727938231173
335,3,billion north,0.07021413552516832
335,4,north haven,0.0657312486143824
335,5,raises billion,0.05092518352705302
335,6,investment management,0.04389440659717352
335,7,led asset,0.04356022450188069
335,8,haven,0.04289419402668023
335,9,haven real,0.03894231337479037
335,10,north,0.03601145362143129
336,1,high insider,0.0402180077881814
336,2,insider ownership,0.036715828789401106
336,3,european growth,0.036325645946487704
336,4,ownership expecting,0.035954412092837146
336,5,uae retail,0.035954412092837146
336,6,inbound,0.035954412092837146
336,7,expecting,0.029557731440297823
336,8,companies high,0.02887696622835416
336,9,growth companies,0.026404834410835323
336,10,growth,0.02473160676350822
337,1,need know,0.14424337316805244
337,2,need,0.11727669379422775
337,3,know,0.08507005953315426
337,4,earnings release,0.05013815796345311
337,5,know ahead,0.04923810978999477
337,6,expect,0.030691753273745855
337,7,accenture earnings,0.02807924282479104
337,8,ahead western,0.02807924282479104
337,9,accounts august,0.02807924282479104
337,10,december wall,0.02807924282479104
338,1,buy summer,0.10433659658436638
338,2,2023 best,0.10148451312494049
338,3,summer 2024,0.10123285302812306
338,4,september 2023,0.07702207162826259
338,5,analysts loving,0.0754690165267019
338,6,buy september,0.07339605784193917
338,7,loving,0.07155968621241833
338,8,loving january,0.06488217472163592
338,9,2024,0.06457342937792411
338,10,summer,0.06153168277924913
339,1,partner streamline,0.041226320024338195
339,2,launches,0.0362303690428163
339,3,blockchain,0.03483863967762429
339,4,mellon launches,0.031807544566533175
339,5,trade finance,0.029844444462523108
339,6,streamline,0.029442377366588557
339,7,real time,0.026472102037631597
339,8,zodia custody,0.022644550665154063
339,9,available singapore,0.022644550665154063
339,10,backed blockchain,0.022644550665154063
340,1,expand,0.03785459620869084
340,2,enhances,0.03185932584842693
340,3,sei,0.030193207702932687
340,4,sei investments,0.030193207702932687
340,5,operational efficiency,0.029295037962706227
340,6,operational,0.026312678408440288
340,7,technology strengthen,0.01906615253535194
340,8,technology offerings,0.01906615253535194
340,9,tock,0.01906615253535194
340,10,tether plans,0.01906615253535194
341,1,charting global,0.04714637172811312
341,2,charting,0.045101962499262925
341,3,stocks benefit,0.036216923707189964
341,4,rallying,0.036216923707189964
341,5,global economy,0.03527279044556057
341,6,bank stocks,0.03143625148035392
341,7,big bank,0.028858715615042926
341,8,continue,0.027595917017917387
341,9,banks played,0.027479686038496567
341,10,10 businesses,0.027479686038496567
342,1,hit bank,0.051875184975274255
342,2,spark stress,0.051875184975274255
342,3,stress signals,0.051875184975274255
342,4,fears spark,0.04676624155827632
342,5,bank fears,0.04512269047855254
342,6,alarm,0.03391880305030653
342,7,drag,0.03391880305030653
342,8,spark,0.033607947539487384
342,9,fears,0.02948732201234513
342,10,berenberg good,0.02849369659342264
343,1,apologises customers,0.07226252975781702
343,2,unable access,0.069129007976143
343,3,apologises,0.06669954065284221
343,4,customers unable,0.06303857996267154
343,5,unable,0.05631431047983606
343,6,customers,0.05245893354117792
343,7,shuts,0.05112099958189437
343,8,customers temporary,0.05112063683017936
343,9,wide deposit,0.05112063683017936
343,10,website frank,0.05112063683017936
344,1,right piling,0.1852424498278186
344,2,piling,0.15747258349455828
344,3,funds catch,0.13395975689322936
344,4,catch break,0.12868577776324522
344,5,did hedge,0.12463722883570263
344,6,funds right,0.12446840982515185
344,7,hedge funds,0.10788130395406216
344,8,catch,0.1020578404297066
344,9,hedge,0.09818246844917783
344,10,did,0.08594376017127942
345,1,earnings report,0.1590515265393939
345,2,report continue,0.14261754154371395
345,3,continue,0.09264579070531404
345,4,report,0.07357532224757195
345,5,cma earnings,0.07122650782580531
345,6,pnc,0.07058660938104726
345,7,ibkr,0.06213480103847553
345,8,group pnc,0.06070373008218535
345,9,cma,0.05636287112967358
345,10,services group,0.055506936852885005
346,1,institutional backing,0.294241523275578
346,2,boasts strong,0.294241523275578
346,3,strong institutional,0.2911145887124672
346,4,boasts,0.2775287202294743
346,5,backing,0.239302866226867
346,6,ownership,0.18120478988513483
346,7,institutional,0.13728387198595915
346,8,amp boasts,0.09599102245061505
346,9,strong,0.09142760427624474
346,10,corporation boasts,0.0820301065520575
347,1,bidders,0.11666618161843112
347,2,potential bidders,0.07610943435490293
347,3,mexico license,0.05833267688091005
347,4,bidders banco,0.05833267688091005
347,5,tsb unit,0.05833267688091005
347,6,sabadell,0.05668726421079511
347,7,license,0.053149760784646824
347,8,sabadell tsb,0.052587765403704904
347,9,banco sabadell,0.050739622903268625
347,10,tsb,0.03779150947386341
348,1,aren getting,0.050387724474191126
348,2,moody stocks,0.050387724474191126
348,3,ratings cut,0.047484338550536874
348,4,stocks aren,0.047484338550536874
348,5,cut moody,0.047484338550536874
348,6,getting crushed,0.0438288498913539
348,7,banks ratings,0.0425250551071542
348,8,investors worried,0.03700462456859
348,9,crushed,0.03235479137932751
348,10,ai increasingly,0.0276766730351883
349,1,advisory bank,0.19764846404059697
349,2,media advisory,0.19764846404059697
349,3,media,0.1526911731814203
349,4,bank group,0.14394480470843118
349,5,advisory,0.13877184052128624
349,6,results media,0.11833669257814396
349,7,group release,0.11767123750905789
349,8,executive present,0.11253311433521665
349,9,quarter financial,0.11128596167950257
349,10,group executive,0.10790722536392584
350,1,coupon payments,0.20759394119048089
350,2,coupon,0.19907636626546055
350,3,declares coupon,0.17898304780837973
350,4,etracs exchange,0.17898304780837973
350,5,etracs,0.1729949509920674
350,6,traded notes,0.1729949509920674
350,7,exchange traded,0.16354590472225267
350,8,notes declares,0.16108474302754175
350,9,traded,0.1309139525452621
350,10,declares,0.12070739048805436
351,1,net result,0.08738249888227516
351,2,result,0.07874568024414466
351,3,million strong,0.07617656398502366
351,4,posts,0.05429008797044563
351,5,net,0.049726167011650536
351,6,strong income,0.04773503375628204
351,7,risk costs,0.03742409733220279
351,8,costs posts,0.03351550953360458
351,9,strong,0.0308021039681788
351,10,balances,0.02916466173626161
352,1,consent order,0.27608467429816635
352,2,consent,0.24753627337806103
352,3,order,0.2138485344084648
352,4,occ,0.20733361896258104
352,5,confirms termination,0.14293199814857796
352,6,termination,0.10887050679931053
352,7,confirms,0.0957540886090291
352,8,compliance consent,0.08956644142963167
352,9,cfpb,0.08485070332421202
352,10,terminated,0.08167542751347312
353,1,stock value,0.258110840800252
353,2,value investors,0.23771701588395813
353,3,investors buy,0.22353861968238303
353,4,buy vs,0.17854111435700104
353,5,vs,0.14968666328310432
353,6,vs stock,0.09956633572868964
353,7,value,0.09839600273546599
353,8,investors,0.051221591001278224
353,9,dnbby,0.04882506327117705
353,10,buy,0.0368283022827493
354,1,jnj,0.07836314034679055
354,2,today bank,0.0671429813026022
354,3,tsm,0.05812100832654183
354,4,bank stocks,0.057221614030636116
354,5,moving usb,0.05691568877853977
354,6,usb today,0.05691568877853977
354,7,stocks schw,0.05691568877853977
354,8,ahead tsm,0.05691568877853977
354,9,week ahead,0.05263192059950527
354,10,slb,0.05131032980685377
355,1,weighs launching,0.04639661758514628
355,2,services surge,0.04639661758514628
355,3,surge client,0.04639661758514628
355,4,boost,0.04153088921859764
355,5,launching,0.03271172975314364
355,6,trading pain,0.02548446130962883
355,7,boost expanding,0.02548446130962883
355,8,boost corporate,0.02548446130962883
355,9,team 14,0.02548446130962883
355,10,threat boost,0.02548446130962883
356,1,travel,0.19110050067134304
356,2,abortions,0.17380960024640757
356,3,travel costs,0.1435237004096743
356,4,cover,0.140787731345592
356,5,abortion,0.10292181250300612
356,6,travel expenses,0.08534445429153456
356,7,costs,0.06888484911619097
356,8,cover employee,0.0669097497757565
356,9,abortions states,0.0669097497757565
356,10,staff travel,0.0669097497757565
357,1,earnings conference,0.2183922222577173
357,2,edited transcript,0.15546814629920622
357,3,edited,0.15546814629920622
357,4,conference presentation,0.15546814629920622
357,5,gmt,0.15546814629920622
357,6,gmt edited,0.14385109677967922
357,7,presentation,0.12741400585347518
357,8,25 earnings,0.1173072776781096
357,9,et,0.10954154116325315
357,10,22,0.10149820934399935
358,1,probe,0.0629221279345033
358,2,epstein probe,0.0604028205217236
358,3,findings,0.0577850745008458
358,4,quits,0.048983536184741994
358,5,findings epstein,0.048983188600346075
358,6,leaves findings,0.048983188600346075
358,7,staley leaves,0.048983188600346075
358,8,staley,0.04863631060990908
358,9,ceo staley,0.040268547014482396
358,10,leaves,0.03527005619450421
359,1,alcohol screening,0.041143262284471384
359,2,breathlogix alcohol,0.041143262284471384
359,3,breathlogix,0.041143262284471384
359,4,cannabix,0.03797592894312962
359,5,therapies,0.036846243400298205
359,6,screening,0.03433605876137214
359,7,alcohol,0.03368438725834724
359,8,deepens partnership,0.02910595264658245
359,9,screening device,0.02910595264658245
359,10,therapies improved,0.02910595264658245
360,1,benefit,0.048727162027049555
360,2,yield calmer,0.022382005150195755
360,3,travel strategy,0.022382005150195755
360,4,travelers set,0.022382005150195755
360,5,ties loosening,0.022382005150195755
360,6,138 bn,0.022382005150195755
360,7,superfans,0.022382005150195755
360,8,surges usd,0.022382005150195755
360,9,surges 300,0.022382005150195755
360,10,analyst view,0.022382005150195755
361,1,year earnings,0.1607524396351033
361,2,growth trails,0.14851626610515892
361,3,trails,0.1348636658777019
361,4,shareholder returns,0.1324599635977751
361,5,earnings growth,0.11457933555405427
361,6,yoy,0.09543255004852225
361,7,yoy shareholder,0.09125559044543088
361,8,returns,0.08916881667205385
361,9,returns year,0.0730044723563447
361,10,shareholder,0.06694367890000737
362,1,prediction,0.10363555819100609
362,2,worth,0.05588979164550628
362,3,2030,0.05362761822183057
362,4,hathaway 10,0.03915926219581984
362,5,combined 2030,0.03915926219581984
362,6,apple prediction,0.03915926219581984
362,7,years prediction,0.03915926219581984
362,8,worth nvidia,0.03915926219581984
362,9,xrp worth,0.03915926219581984
362,10,stocks worth,0.03708141042221838
363,1,montagu,0.06260195795061982
363,2,buying dip,0.057803210556074104
363,3,hartnett,0.05285472826605773
363,4,hartnett sees,0.04521546230580132
363,5,says hartnett,0.04521546230580132
363,6,montagu says,0.04521546230580132
363,7,clients buying,0.04521546230580132
363,8,stocks says,0.041734638633746546
363,9,dip stocks,0.041734638633746546
363,10,profit taking,0.0385354737040494
364,1,stock trades,0.16055887557437676
364,2,trending,0.10785740546444245
364,3,trending tickers,0.10542877096982536
364,4,tickers,0.10458093356706417
364,5,trades,0.10402808460309006
364,6,trades thursday,0.08677814708908158
364,7,trades tuesday,0.08301518425082674
364,8,trades monday,0.061389411040608396
364,9,wmt,0.0444408539813117
364,10,aapl,0.04275670288031727
365,1,annual meeting,0.20743469391254873
365,2,meeting,0.18717614722930437
365,3,meeting shareholders,0.15177624707175116
365,4,stockholders,0.14420787233207016
365,5,voting results,0.14410312196229985
365,6,preliminary voting,0.12376770364056416
365,7,meeting stockholders,0.12376770364056416
365,8,annual,0.11767212609514903
365,9,announces preliminary,0.10300562309433584
365,10,2022 annual,0.09142424125738037
366,1,zacks earnings,0.3362925229256001
366,2,earnings preview,0.24016663435746563
366,3,preview,0.220224608900342
366,4,preview zacks,0.17362668841311252
366,5,zacks,0.16077253004899167
366,6,preview fedex,0.06857646404048451
366,7,fedex,0.041961063312562295
366,8,costco,0.04052352331100995
366,9,costco levi,0.03766727696008554
366,10,corp zacks,0.03766727696008554
367,1,chase falling,0.12671760745790403
367,2,today shares,0.11313019360989199
367,3,shares chase,0.09712107001741589
367,4,falling today,0.09274012419482981
367,5,fell today,0.08592910042353753
367,6,falling,0.0811208313776694
367,7,like chase,0.06864316298238232
367,8,today,0.06403753389287763
367,9,shares fell,0.06147404339324364
367,10,fell,0.057831863301405995
368,1,at1,0.15201195452400834
368,2,at1 bonds,0.11640023166632377
368,3,bonds credit,0.11181827522874033
368,4,suisse takeover,0.06143240784156014
368,5,bonds,0.06057879621684857
368,6,bank sell,0.05820048348085812
368,7,at1 bond,0.05493110698669235
368,8,sell at1,0.04830988016597706
368,9,selling at1,0.04830988016597706
368,10,starts selling,0.04830988016597706
369,1,xrp hit,0.05226087408289711
369,2,2026 prediction,0.04924955559702523
369,3,prediction,0.04149274950621322
369,4,stocks benefit,0.03783254855658134
369,5,hit,0.033483802351302605
369,6,xrp,0.032467103891017327
369,7,2026,0.03127874803344317
369,8,2030 ishares,0.028705545638726897
369,9,2037 chargepoint,0.028705545638726897
369,10,210 2025,0.028705545638726897
370,1,affirms,0.15095110843540568
370,2,affirms credit,0.09562589947056162
370,3,best affirms,0.09562589947056162
370,4,credit ratings,0.09258898306943408
370,5,moody affirms,0.08724396038219
370,6,changes outlook,0.08196505668905282
370,7,ratings,0.07904472197963357
370,8,moody,0.05955964733163848
370,9,affirms ratings,0.0449420264620315
370,10,issuer,0.04306266564161268
371,1,15 stock,0.18344560306597535
371,2,stock picks,0.16115038418333133
371,3,picks 2023,0.1434705383225901
371,4,picks,0.13947049726022867
371,5,picks 15,0.0743818789857107
371,6,picks 2022,0.06705635694334858
371,7,15,0.0630379996193887
371,8,picks 2024,0.0627750813486562
371,9,semiconductor stocks,0.059740178811039546
371,10,stocks 10,0.050099920864468045
372,1,tsx dividend,0.1362281108957784
372,2,tsx,0.11829001396117646
372,3,dividend stocks,0.07634391412957117
372,4,liberty star,0.06602058366577966
372,5,star equity,0.06602058366577966
372,6,monthly update,0.06602058366577966
372,7,2025 monthly,0.06602058366577966
372,8,stocks consider,0.06572217222589669
372,9,reliable income,0.06315773153966553
372,10,dividend,0.05205379781064564
373,1,debanking,0.06706359561364832
373,2,annual meetings,0.054444371735341585
373,3,executive order,0.04875817962286036
373,4,banks politicized,0.03851554829671047
373,5,order putting,0.03851554829671047
373,6,warren criticizes,0.03851554829671047
373,7,activists spray,0.03851554829671047
373,8,offices eve,0.03851554829671047
373,9,changes banks,0.03851554829671047
373,10,bank offices,0.03851554829671047
374,1,press digest,0.4029312784418919
374,2,digest,0.3426201817859396
374,3,press,0.2947008364881659
374,4,digest financial,0.28556547512824665
374,5,financial times,0.2814902602177977
374,6,times,0.22269546361951803
374,7,british business,0.1078608635088756
374,8,digest british,0.1078608635088756
374,9,times june,0.1078608635088756
374,10,times aug,0.1078608635088756
375,1,vs,0.17556010462887167
375,2,deserves,0.12269652372384403
375,3,deserves spot,0.11066288796097502
375,4,spot portfolio,0.10737095361896853
375,5,vs global,0.08991943748144653
375,6,value vs,0.08991943748144653
375,7,better,0.07393735634254234
375,8,global bank,0.07007436824413989
375,9,spot,0.06444397140690337
375,10,bank deserves,0.06361165216425034
376,1,project,0.0719809454665939
376,2,high grade,0.055968378388521756
376,3,grade,0.050682590206931
376,4,gold,0.04954405229884524
376,5,mineralization,0.04767348584673582
376,6,drilling,0.04664031532376813
376,7,verde agritech,0.03873722355438534
376,8,agritech,0.03873722355438534
376,9,verde,0.03873722355438534
376,10,silver,0.03813735080694671
