trial,fold,random_seed,n_neighbors,n_components,min_cluster_size,min_samples,ngram_range,n_topics,cv_val,npmi_val,topic_diversity,intra_topic_similarity,inter_topic_similarity,fit_seconds
1,1,42,10,4,8,1,"(1, 2)",53,0.4639521776792045,-0.09692582416695415,0.9037735849056604,0.414136812675233,0.44041669368743896,47.79875810001977
1,2,42,10,4,8,1,"(1, 2)",127,0.5208292493046391,-0.03386148628109691,0.862992125984252,0.48394224329574687,0.3764333724975586,53.03497989999596
1,3,42,10,4,8,1,"(1, 2)",192,0.5164315150723395,0.0019211323872432961,0.846875,0.4488491626499697,0.3967733383178711,42.21843429998262
2,1,42,10,4,8,2,"(1, 2)",49,0.45159508813265514,-0.10660554057422011,0.9081632653061225,0.41071760103754373,0.4177629053592682,39.51669519999996
2,2,42,10,4,8,2,"(1, 2)",118,0.524631840548844,-0.03263117309634462,0.8635593220338983,0.49185226990444825,0.3788488209247589,52.911819500033744
2,3,42,10,4,8,2,"(1, 2)",175,0.5256082886283958,0.016270729256176227,0.8411428571428572,0.4539289865064325,0.3954564929008484,41.97088709997479
3,1,42,10,4,8,4,"(1, 2)",46,0.4559940240816491,-0.08684692617358145,0.9217391304347826,0.41846387052819844,0.42015108466148376,38.34715759998653
3,2,42,10,4,8,4,"(1, 2)",102,0.5375620425409485,-0.01100252190410027,0.8715686274509804,0.5082573537670431,0.38011467456817627,50.94263750000391
3,3,42,10,4,8,4,"(1, 2)",149,0.5122207329558272,0.005604742077551174,0.8523489932885906,0.4584947617893869,0.40644896030426025,42.6085344000021
4,1,42,10,4,8,6,"(1, 2)",41,0.4496472978506172,-0.08859020501206442,0.9365853658536586,0.4320537291075054,0.41834530234336853,39.2420707999845
4,2,42,10,4,8,6,"(1, 2)",97,0.5516160431548596,0.005999804217208249,0.8742268041237113,0.5104635010768728,0.3804541528224945,52.99364309996599
4,3,42,10,4,8,6,"(1, 2)",138,0.5340805628767383,0.03075411263970296,0.8615942028985507,0.4598450191020966,0.4126937687397003,43.53952260001097
5,1,42,10,4,12,1,"(1, 2)",37,0.4384235954872061,-0.12019270489257831,0.9135135135135135,0.3909483454057148,0.4512482285499573,40.52051509998273
5,2,42,10,4,12,1,"(1, 2)",86,0.5103348161753382,-0.04054499957237744,0.8627906976744186,0.45085136665974135,0.4140671491622925,51.35668709996389
5,3,42,10,4,12,1,"(1, 2)",122,0.5425444173651784,0.03495488452113446,0.8418032786885246,0.4426879040082964,0.4477914273738861,41.94325100001879
6,1,42,10,4,12,2,"(1, 2)",37,0.4337039388999899,-0.12616195269192748,0.9162162162162162,0.3989566390713056,0.45324164628982544,39.394506599986926
6,2,42,10,4,12,2,"(1, 2)",79,0.5104563339278648,-0.04851049095617514,0.8683544303797468,0.4534765893691464,0.42253607511520386,49.21571949997451
6,3,42,10,4,12,2,"(1, 2)",118,0.5469488115689383,0.044775382518335904,0.838135593220339,0.44650125633115356,0.445238322019577,42.148085199994966
7,1,42,10,4,12,4,"(1, 2)",32,0.4601234164776937,-0.10263453179244104,0.9375,0.3952005539209612,0.4667954444885254,43.005134199978784
7,2,42,10,4,12,4,"(1, 2)",65,0.5395314345806651,0.005455347473818684,0.8815384615384615,0.47072748204723736,0.4342530369758606,52.08077709999634
7,3,42,10,4,12,4,"(1, 2)",108,0.5487752001692268,0.05459376034858564,0.850925925925926,0.45151563060398286,0.4420801103115082,41.94205750001129
8,1,42,10,4,12,6,"(1, 2)",33,0.44144261771403154,-0.09352708283874547,0.9393939393939394,0.41008651070296764,0.45393165946006775,39.31316219997825
8,2,42,10,4,12,6,"(1, 2)",57,0.5270838774433861,-0.0019839798675602826,0.9017543859649123,0.4492142549969933,0.45231276750564575,50.413749799947254
8,3,42,10,4,12,6,"(1, 2)",102,0.5356006361555644,0.034912520373023594,0.846078431372549,0.4445677036229445,0.45214274525642395,41.59536500001559
9,1,42,10,4,16,1,"(1, 2)",24,0.4774674874371881,-0.0752630155942773,0.925,0.3768729033569495,0.46194252371788025,35.170821799954865
9,2,42,10,4,16,1,"(1, 2)",58,0.48233664788892666,-0.06558962277799589,0.8862068965517241,0.4282283694074865,0.4602160155773163,47.843865200004075
9,3,42,10,4,16,1,"(1, 2)",99,0.516029494160197,0.01204528644288723,0.8535353535353535,0.4274844075648152,0.47224968671798706,39.037978799955454
10,1,42,10,4,16,2,"(1, 2)",23,0.46837428104273887,-0.0791710161424989,0.9304347826086956,0.38239174303801166,0.46295812726020813,36.48163349996321
10,2,42,10,4,16,2,"(1, 2)",55,0.4959085576221825,-0.043174334596419575,0.8981818181818182,0.43512347448955885,0.4604252278804779,47.4153181000147
10,3,42,10,4,16,2,"(1, 2)",97,0.5184791681581835,0.022409838063565852,0.8422680412371134,0.4362069768831134,0.462909072637558,39.26550509996014
11,1,42,10,4,16,4,"(1, 2)",20,0.4731764309426335,-0.07754778621274791,0.94,0.37976772859692576,0.48688071966171265,36.360882800014224
11,2,42,10,4,16,4,"(1, 2)",50,0.49910775065327706,-0.037798372940357775,0.904,0.44584653868029517,0.44386032223701477,47.604470400023274
11,3,42,10,4,16,4,"(1, 2)",84,0.5225394720338267,0.033446909429679886,0.8690476190476191,0.4335099011659622,0.4776361286640167,37.710020200000145
12,1,42,10,4,16,6,"(1, 2)",22,0.46465898584329446,-0.07592873119127007,0.9545454545454546,0.39070414819500665,0.45944973826408386,35.097028400050476
12,2,42,10,4,16,6,"(1, 2)",46,0.5011544807534704,-0.009319685052835017,0.9130434782608695,0.43565859430366094,0.4623267650604248,44.71306810004171
12,3,42,10,4,16,6,"(1, 2)",80,0.5189739113441023,0.03235744687325824,0.86,0.42544012337545806,0.47803643345832825,36.126022599986754
13,1,42,10,4,24,1,"(1, 2)",2,0.6321368161191873,0.2268032726095663,1.0,0.33182135969400406,0.6952225565910339,33.87324980000267
13,2,42,10,4,24,1,"(1, 2)",40,0.49776965936683354,-0.05878077402141415,0.895,0.4196423918008804,0.483053982257843,44.36073369998485
13,3,42,10,4,24,1,"(1, 2)",66,0.4818019973350782,-0.006510834313891682,0.8545454545454545,0.39929168016621563,0.5221549868583679,36.16477079998003
14,1,42,10,4,24,2,"(1, 2)",2,0.6321368161191873,0.2268032726095663,1.0,0.33182135969400406,0.6952225565910339,34.537605199962854
14,2,42,10,4,24,2,"(1, 2)",39,0.4964686580064891,-0.05729829514481167,0.8948717948717949,0.4236024442391518,0.4789314270019531,44.781386099988595
14,3,42,10,4,24,2,"(1, 2)",62,0.4902748876393715,-0.001406170947229188,0.853225806451613,0.4019295392978576,0.5167250037193298,36.62772389996098
15,1,42,10,4,24,4,"(1, 2)",2,0.6321368161191873,0.2268032726095663,1.0,0.33182135969400406,0.6952225565910339,33.28436769999098
15,2,42,10,4,24,4,"(1, 2)",38,0.4784433375587253,-0.0703934078017941,0.9078947368421053,0.4232661707981213,0.47475847601890564,43.5530895999982
15,3,42,10,4,24,4,"(1, 2)",60,0.510956247713541,0.03183650577390644,0.8566666666666667,0.4113547588388125,0.5074798464775085,35.560058199975174
16,1,42,10,4,24,6,"(1, 2)",2,0.6321368161191873,0.2268032726095663,1.0,0.33182135969400406,0.6952225565910339,33.289453400007915
16,2,42,10,4,24,6,"(1, 2)",34,0.47779698969706735,-0.0408946202619531,0.9205882352941176,0.42689611424099316,0.48812711238861084,43.464601999963634
16,3,42,10,4,24,6,"(1, 2)",57,0.517561315864705,0.04258139469514099,0.8649122807017544,0.41194238552921697,0.5020730495452881,34.94755169999553
17,1,42,10,4,32,1,"(1, 2)",2,0.6321368161191873,0.2268032726095663,1.0,0.33182135969400406,0.6952225565910339,32.936365099973045
17,2,42,10,4,32,1,"(1, 2)",25,0.47884399335679745,-0.07912777116282094,0.928,0.3903734076023102,0.5102100372314453,43.03834209998604
17,3,42,10,4,32,1,"(1, 2)",53,0.5025901882603404,-7.20988998651309e-05,0.8566037735849057,0.38871416815046994,0.5404958724975586,35.0623797000153
18,1,42,10,4,32,2,"(1, 2)",2,0.6321368161191873,0.2268032726095663,1.0,0.33182135969400406,0.6952225565910339,33.122020600014366
18,2,42,10,4,32,2,"(1, 2)",24,0.47361060773665625,-0.06346369683891458,0.9458333333333333,0.3940081298351288,0.5026365518569946,43.253710100019816
18,3,42,10,4,32,2,"(1, 2)",52,0.5022043035324837,0.010538837829937907,0.8576923076923076,0.39368973586421746,0.5326811671257019,35.3579757999978
19,1,42,10,4,32,4,"(1, 2)",2,0.6321368161191873,0.2268032726095663,1.0,0.33182135969400406,0.6952225565910339,32.8916881000041
19,2,42,10,4,32,4,"(1, 2)",25,0.4699183177135122,-0.08472708295050864,0.928,0.39705687165260317,0.504956066608429,43.26018240000121
19,3,42,10,4,32,4,"(1, 2)",50,0.5109256745214155,0.03446387819889392,0.862,0.39931120187044145,0.5243404507637024,35.069408799987286
20,1,42,10,4,32,6,"(1, 2)",2,0.6321368161191873,0.2268032726095663,1.0,0.33182135969400406,0.6952225565910339,33.273760200012475
20,2,42,10,4,32,6,"(1, 2)",23,0.49032058175916027,-0.0014742079433032638,0.9434782608695652,0.4033990606017735,0.49723222851753235,43.41812030004803
20,3,42,10,4,32,6,"(1, 2)",46,0.5056928528840137,0.031070255063968922,0.8695652173913043,0.40195776554553403,0.5131726264953613,34.919614399957936
21,1,42,10,6,8,1,"(1, 2)",52,0.49226451533589216,-0.054519449074282536,0.9192307692307692,0.41854539075318503,0.426026850938797,33.50978500000201
21,2,42,10,6,8,1,"(1, 2)",127,0.5405937388230131,-0.011309549916044877,0.8559055118110236,0.4935150321002479,0.36514800786972046,44.41000550001627
21,3,42,10,6,8,1,"(1, 2)",184,0.5059876685041105,-0.0051249848414310645,0.8353260869565218,0.4445922057167059,0.39903929829597473,36.16252459998941
22,1,42,10,6,8,2,"(1, 2)",49,0.48936083340074693,-0.05546285151427867,0.9081632653061225,0.418906328842995,0.426852822303772,33.50530620000791
22,2,42,10,6,8,2,"(1, 2)",121,0.5388619440611861,-0.008721533231613917,0.8578512396694215,0.4941172900681312,0.36159390211105347,44.27265980001539
22,3,42,10,6,8,2,"(1, 2)",172,0.5189566776858708,0.015745500775029623,0.8337209302325581,0.4569177169744906,0.4004945755004883,36.02302680001594
23,1,42,10,6,8,4,"(1, 2)",43,0.4988905108464522,-0.06525776252799428,0.9255813953488372,0.4340636453458241,0.408835232257843,33.45826169999782
23,2,42,10,6,8,4,"(1, 2)",103,0.5802464340281951,0.03808996405140741,0.8776699029126214,0.5061185480180111,0.3684431314468384,44.32362519996241
23,3,42,10,6,8,4,"(1, 2)",144,0.5366463415849526,0.03978033765082852,0.8506944444444444,0.4627968962267628,0.40660473704338074,36.01642619998893
24,1,42,10,6,8,6,"(1, 2)",40,0.4734519056877796,-0.06306268145174616,0.9375,0.4330397936014029,0.416730672121048,33.48130539996782
24,2,42,10,6,8,6,"(1, 2)",91,0.5791486903744083,0.03460539282808289,0.8593406593406593,0.5115535870383058,0.3774660527706146,43.82096600002842
24,3,42,10,6,8,6,"(1, 2)",136,0.5306571715576042,0.0345849959789594,0.850735294117647,0.46314414309673624,0.39993929862976074,36.10097050003242
25,1,42,10,6,12,1,"(1, 2)",35,0.4814629790626029,-0.08424304067731822,0.9342857142857143,0.40784967286246165,0.45022881031036377,33.434600099979434
25,2,42,10,6,12,1,"(1, 2)",78,0.5178465313373242,-0.043324512315990854,0.8628205128205129,0.44466342737800196,0.4266962707042694,44.064645599981304
25,3,42,10,6,12,1,"(1, 2)",119,0.522816384159667,0.013377215963379378,0.8369747899159664,0.43670908251534335,0.4333166778087616,36.325322600023355
26,1,42,10,6,12,2,"(1, 2)",36,0.4992022418853307,-0.05857648841434513,0.9333333333333333,0.417789374930518,0.43781933188438416,33.466741600015666
26,2,42,10,6,12,2,"(1, 2)",74,0.5411535641006047,-0.021993257566133344,0.8689189189189189,0.44980971714560414,0.41608622670173645,43.88985390000744
26,3,42,10,6,12,2,"(1, 2)",114,0.5397209536224479,0.040244474944914045,0.8333333333333334,0.4470950256694447,0.43633314967155457,35.732279299991205
27,1,42,10,6,12,4,"(1, 2)",34,0.4805212650327891,-0.0792965613574602,0.9382352941176471,0.4233722181031198,0.429249107837677,33.2608942000079
27,2,42,10,6,12,4,"(1, 2)",69,0.5453298076957999,-0.004406418487754901,0.8768115942028986,0.46888655866496265,0.40230998396873474,43.76787030004198
27,3,42,10,6,12,4,"(1, 2)",106,0.5471338913664818,0.044810632572403315,0.8471698113207548,0.44978874337439445,0.4439971446990967,36.01113380002789
28,1,42,10,6,12,6,"(1, 2)",29,0.434358504352834,-0.12202688225688661,0.9482758620689655,0.42143577550138744,0.43308117985725403,33.37107619998278
28,2,42,10,6,12,6,"(1, 2)",61,0.5528695779598256,0.00906250247705044,0.8803278688524591,0.4759038933392229,0.415955513715744,43.955807899998035
28,3,42,10,6,12,6,"(1, 2)",99,0.5471656225189181,0.0624053091223012,0.8565656565656565,0.44818071462213993,0.44395193457603455,36.257055399997625
29,1,42,10,6,16,1,"(1, 2)",27,0.49664882478985867,-0.05919889714403393,0.9296296296296296,0.38678425826408247,0.497029185295105,33.17698339995695
29,2,42,10,6,16,1,"(1, 2)",64,0.5066333729700273,-0.03246539971090332,0.8796875,0.43249803734204123,0.45171234011650085,43.73502160003409
29,3,42,10,6,16,1,"(1, 2)",86,0.5152009904603269,0.015609920854806258,0.8465116279069768,0.4200839018120485,0.49044498801231384,35.503260800032876
30,1,42,10,6,16,2,"(1, 2)",4,0.6264383553442283,0.20675349683042243,0.975,0.4629664495587349,0.4620364010334015,33.07786219997797
30,2,42,10,6,16,2,"(1, 2)",57,0.5131560628640818,-0.025474938122207996,0.8947368421052632,0.4269976709376682,0.4462945759296417,43.811472599976696
30,3,42,10,6,16,2,"(1, 2)",87,0.5269530881418795,0.03260142547472834,0.8448275862068966,0.42620101290590623,0.4781457781791687,36.215833299967926
31,1,42,10,6,16,4,"(1, 2)",4,0.6264383553442283,0.20675349683042243,0.975,0.46061674505472183,0.4600960910320282,33.11613859998761
31,2,42,10,6,16,4,"(1, 2)",51,0.5246835432019827,-0.014182693679172962,0.9,0.4388219145487766,0.44616231322288513,43.57279780000681
31,3,42,10,6,16,4,"(1, 2)",82,0.5215619676228191,0.026478147072110905,0.8585365853658536,0.4289117354899645,0.47179457545280457,35.43094409996411
32,1,42,10,6,16,6,"(1, 2)",4,0.6264383553442283,0.20675349683042243,0.975,0.46085744351148605,0.4611375033855438,33.07698570005596
32,2,42,10,6,16,6,"(1, 2)",44,0.5115397836133395,-0.00880943710414952,0.9136363636363637,0.4400134124728136,0.4477039873600006,43.55058480001753
32,3,42,10,6,16,6,"(1, 2)",77,0.5188477987777763,0.02882751913478367,0.8519480519480519,0.4328560472319001,0.48067477345466614,35.94383469998138
33,1,42,10,6,24,1,"(1, 2)",12,0.37845159287705105,-0.1729413661235931,0.9583333333333334,0.30869947746396065,0.6164027452468872,33.129040299972985
33,2,42,10,6,24,1,"(1, 2)",41,0.5127747428017164,-0.04088835123121211,0.9024390243902439,0.4091890621476057,0.4927048087120056,43.39930220000679
33,3,42,10,6,24,1,"(1, 2)",60,0.5073153928252035,0.021906888652278866,0.8533333333333334,0.4050804023941358,0.5235345363616943,35.261801399989054
34,1,42,10,6,24,2,"(1, 2)",12,0.3718883598733474,-0.17909786507944872,0.9583333333333334,0.3153636020918687,0.6066228151321411,33.1307770999847
34,2,42,10,6,24,2,"(1, 2)",40,0.5170858093379567,-0.03573130551055591,0.9025,0.4207662783563137,0.49137449264526367,47.75845790002495
34,3,42,10,6,24,2,"(1, 2)",60,0.5064693033978476,0.020999931407699506,0.8583333333333333,0.40818254500627515,0.516989529132843,35.770889200037345
35,1,42,10,6,24,4,"(1, 2)",13,0.3753702811708726,-0.14201726157295239,0.9461538461538461,0.32519803368128264,0.5693934559822083,33.135132399969734
35,2,42,10,6,24,4,"(1, 2)",36,0.4960210356341659,-0.042921497487212266,0.9222222222222223,0.4116164752178722,0.5001267194747925,43.40175439999439
35,3,42,10,6,24,4,"(1, 2)",61,0.5022118814307812,0.022262334572591736,0.8590163934426229,0.4150386652985557,0.5019899010658264,35.28564539999934
36,1,42,10,6,24,6,"(1, 2)",10,0.36951459018130606,-0.15046299534362223,0.95,0.3292348012328148,0.590421736240387,33.3143010000349
36,2,42,10,6,24,6,"(1, 2)",35,0.5054935277992357,-0.01156271963752387,0.9171428571428571,0.4220265912659028,0.47127440571784973,43.42847980000079
36,3,42,10,6,24,6,"(1, 2)",55,0.5048394261709558,0.017505081453136256,0.8690909090909091,0.4100256697698073,0.509661853313446,35.5092178999912
37,1,42,10,6,32,1,"(1, 2)",10,0.37044602787084985,-0.1677762029564765,0.95,0.3119171544909477,0.6303542852401733,33.02584279997973
37,2,42,10,6,32,1,"(1, 2)",3,0.7773493963662287,0.36551055056172194,0.9666666666666667,0.4764362921317418,0.5546285510063171,43.174944500031415
37,3,42,10,6,32,1,"(1, 2)",54,0.5005776788041622,0.018322826041218435,0.8518518518518519,0.3990282493608969,0.5329333543777466,35.44813899998553
38,1,42,10,6,32,2,"(1, 2)",10,0.3636261210770758,-0.16733204016382489,0.95,0.3205660983920097,0.6216685175895691,33.01014369999757
38,2,42,10,6,32,2,"(1, 2)",3,0.7773493963662287,0.36551055056172194,0.9666666666666667,0.4764362921317418,0.5546285510063171,43.14225230005104
38,3,42,10,6,32,2,"(1, 2)",51,0.4858474918802756,0.012946980558639404,0.8549019607843137,0.3987281766592288,0.5399941802024841,35.04838440002641
39,1,42,10,6,32,4,"(1, 2)",10,0.3669382505730206,-0.1525533136102018,0.96,0.33095845580101013,0.5971227884292603,33.06335740000941
39,2,42,10,6,32,4,"(1, 2)",3,0.7773493963662287,0.36551055056172194,0.9666666666666667,0.4764362921317418,0.5546285510063171,43.201162899960764
39,3,42,10,6,32,4,"(1, 2)",48,0.5088326993771363,0.03581755586477355,0.8770833333333333,0.3990680053830147,0.5274500250816345,35.143639000016265
40,1,42,10,6,32,6,"(1, 2)",9,0.3737663104301183,-0.16755420782869856,0.9333333333333333,0.3303574605120553,0.5971663594245911,33.310120000038296
40,2,42,10,6,32,6,"(1, 2)",3,0.7773493963662287,0.36551055056172194,0.9666666666666667,0.4764362921317418,0.5546285510063171,43.03327239997452
40,3,42,10,6,32,6,"(1, 2)",44,0.5096486762513618,0.02901416761600617,0.875,0.3975638449192047,0.5278914570808411,35.2196144000045
41,1,42,10,8,8,1,"(1, 2)",53,0.46516587816476845,-0.07341024036399872,0.9188679245283019,0.4160200460599019,0.41722026467323303,33.44752669997979
41,2,42,10,8,8,1,"(1, 2)",129,0.5197456341845761,-0.04391705713349252,0.8596899224806202,0.4909909049218351,0.3621446490287781,44.18557110003894
41,3,42,10,8,8,1,"(1, 2)",179,0.5123866464419575,-0.007757814424102747,0.835195530726257,0.4512586610750382,0.39863821864128113,36.37949269998353
42,1,42,10,8,8,2,"(1, 2)",48,0.46217888395830153,-0.08457787127436055,0.9291666666666667,0.40732606484534895,0.41375380754470825,33.30996759998379
42,2,42,10,8,8,2,"(1, 2)",118,0.5337438374819544,-0.02772455365045888,0.8559322033898306,0.5048732742363092,0.3541719317436218,43.86672039999394
42,3,42,10,8,8,2,"(1, 2)",174,0.5105306571742726,-0.009925473312284131,0.843103448275862,0.455963630680066,0.3965902328491211,36.53843670000788
43,1,42,10,8,8,4,"(1, 2)",44,0.4531703766357317,-0.07610841581256303,0.9386363636363636,0.4143805464818364,0.4007759988307953,33.29654870001832
43,2,42,10,8,8,4,"(1, 2)",99,0.5573248829118651,0.007298399793244152,0.8707070707070707,0.5109145574271678,0.3698316514492035,43.653599000012036
43,3,42,10,8,8,4,"(1, 2)",156,0.5182088464628372,0.005096426769553675,0.8474358974358974,0.4662554223429073,0.380918949842453,35.674735600012355
44,1,42,10,8,8,6,"(1, 2)",39,0.466664805834401,-0.08032352300617324,0.941025641025641,0.42560309130284524,0.3942214548587799,33.13479099998949
44,2,42,10,8,8,6,"(1, 2)",89,0.5714214687349279,0.027225808061710783,0.8764044943820225,0.5039420920610428,0.394758403301239,43.81466370000271
44,3,42,10,8,8,6,"(1, 2)",133,0.5381960786840277,0.03746190720911779,0.837593984962406,0.46151751695109194,0.40836402773857117,35.5944954000297
45,1,42,10,8,12,1,"(1, 2)",41,0.46732221793516077,-0.08967267245897781,0.9390243902439024,0.39694247022271156,0.44011229276657104,33.30195669998648
45,2,42,10,8,12,1,"(1, 2)",72,0.5104182920438967,-0.04326986217141832,0.8638888888888889,0.4496766281300697,0.4334005117416382,44.03925149998395
45,3,42,10,8,12,1,"(1, 2)",121,0.5502035503801309,0.047168869762675446,0.8297520661157025,0.44456083486732256,0.4398449659347534,36.03440060000867
46,1,42,10,8,12,2,"(1, 2)",37,0.4801684589100058,-0.07817348598176616,0.9351351351351351,0.40600567269656396,0.43526342511177063,33.16981089999899
46,2,42,10,8,12,2,"(1, 2)",70,0.5110289014921898,-0.045038658828634955,0.8671428571428571,0.45229871051781106,0.4309720993041992,43.80844900000375
46,3,42,10,8,12,2,"(1, 2)",120,0.5427136378511714,0.04040031016064493,0.8275,0.45030144977773356,0.4330379068851471,35.548552299966104
47,1,42,10,8,12,4,"(1, 2)",32,0.45182195971077976,-0.09062471622483477,0.934375,0.4094739623608128,0.4321151077747345,33.18151580000995
47,2,42,10,8,12,4,"(1, 2)",67,0.5239044824098459,-0.02091097275445703,0.8820895522388059,0.47029589043288933,0.41969457268714905,43.97720560000744
47,3,42,10,8,12,4,"(1, 2)",106,0.5388398531347822,0.045782579038165155,0.8452830188679246,0.4509216950397299,0.43266764283180237,35.43513759999769
48,1,42,10,8,12,6,"(1, 2)",28,0.44155263410001894,-0.10886791542889286,0.9464285714285714,0.4129728150588495,0.44682127237319946,33.46724319999339
48,2,42,10,8,12,6,"(1, 2)",61,0.5293435353209502,-0.006758399594437495,0.8786885245901639,0.4583171640655824,0.4338042140007019,43.78007829998387
48,3,42,10,8,12,6,"(1, 2)",101,0.5581792103018719,0.06059920505559301,0.8504950495049505,0.4513243458320185,0.43805190920829773,35.917959499987774
49,1,42,10,8,16,1,"(1, 2)",26,0.4516947308675333,-0.12633992981089032,0.9346153846153846,0.3865069085359573,0.46126803755760193,33.18036880000727
49,2,42,10,8,16,1,"(1, 2)",58,0.48272527604893767,-0.05065650413952866,0.8706896551724138,0.44665398514061644,0.4668038487434387,43.65274389996193
49,3,42,10,8,16,1,"(1, 2)",97,0.5352219998489928,0.023864987152318107,0.843298969072165,0.42821728872756165,0.4711856245994568,35.341565900016576
50,1,42,10,8,16,2,"(1, 2)",4,0.6264383553442283,0.20675349683042243,0.975,0.46431155875325203,0.4762927293777466,32.93668980000075
50,2,42,10,8,16,2,"(1, 2)",58,0.48224122637299704,-0.05318820344484084,0.8706896551724138,0.45096226488905294,0.45913630723953247,43.423285499971826
50,3,42,10,8,16,2,"(1, 2)",87,0.5289146126311852,0.020971356116974895,0.8574712643678161,0.4289390332130499,0.46857011318206787,35.619722999981605
51,1,42,10,8,16,4,"(1, 2)",22,0.48736755686937755,-0.049760297141268124,0.9590909090909091,0.39253409613262524,0.4548141062259674,33.01946440001484
51,2,42,10,8,16,4,"(1, 2)",47,0.5085318248451619,-0.02272338816924662,0.8936170212765957,0.43675688006307767,0.45201101899147034,43.34886250004638
51,3,42,10,8,16,4,"(1, 2)",82,0.5392418854003694,0.04873925888121955,0.848780487804878,0.4347940519452095,0.4713429808616638,35.340623199997935
52,1,42,10,8,16,6,"(1, 2)",5,0.6379586358994904,0.23466860032940798,0.98,0.47472221553325655,0.44241732358932495,33.18269880005391
52,2,42,10,8,16,6,"(1, 2)",45,0.535388682919318,0.00022179218294349082,0.8977777777777778,0.44192428582093934,0.440878301858902,43.39890990004642
52,3,42,10,8,16,6,"(1, 2)",72,0.537858961182038,0.038328956848381786,0.8625,0.42847923073970096,0.48270633816719055,35.62018760002684
53,1,42,10,8,24,1,"(1, 2)",13,0.40077280996614495,-0.1290728977088584,0.9153846153846154,0.3143090032614194,0.5694488286972046,32.96025720000034
53,2,42,10,8,24,1,"(1, 2)",43,0.4649002016779275,-0.08361026003036318,0.8813953488372093,0.40637865385343863,0.48595231771469116,43.37063419999322
53,3,42,10,8,24,1,"(1, 2)",62,0.5127339385478599,0.006166756364047495,0.8693548387096774,0.40458836430503475,0.5098384022712708,35.13209669996286
54,1,42,10,8,24,2,"(1, 2)",13,0.40320672778565003,-0.12989472626932702,0.9384615384615385,0.32000967860221863,0.5624874830245972,32.90152559999842
54,2,42,10,8,24,2,"(1, 2)",42,0.4655679530599854,-0.08381661561692955,0.8761904761904762,0.41449995197000955,0.47844594717025757,43.36961340002017
54,3,42,10,8,24,2,"(1, 2)",59,0.5088088374188201,0.009676487206326061,0.864406779661017,0.40383549236645133,0.5085006356239319,35.44526399997994
55,1,42,10,8,24,4,"(1, 2)",13,0.3951086346311336,-0.156270850136763,0.9461538461538461,0.3203594936774327,0.5350930690765381,33.161609300004784
55,2,42,10,8,24,4,"(1, 2)",37,0.49376712500685677,-0.037080062619731825,0.8972972972972973,0.4197454404186558,0.47486552596092224,43.33611010003369
55,3,42,10,8,24,4,"(1, 2)",57,0.5225494290994727,0.021424281164705926,0.8631578947368421,0.4125425412989499,0.5092719793319702,35.00334729999304
56,1,42,10,8,24,6,"(1, 2)",11,0.394040058133129,-0.14963096448511262,0.9545454545454546,0.33113778043876996,0.5809738039970398,33.07451900001615
56,2,42,10,8,24,6,"(1, 2)",33,0.48923763331008646,-0.026507591970466943,0.9090909090909091,0.42162383415482263,0.46358779072761536,43.3747290999745
56,3,42,10,8,24,6,"(1, 2)",53,0.5309906300411216,0.03491596258010369,0.8735849056603774,0.41208472510553756,0.5076698064804077,34.998908700014
57,1,42,10,8,32,1,"(1, 2)",8,0.3951152215248237,-0.12619076115791014,0.9625,0.31343794241547585,0.6443935036659241,33.401429200021084
57,2,42,10,8,32,1,"(1, 2)",30,0.4570574812500877,-0.08613974450584677,0.9266666666666666,0.39041125078996025,0.5162224173545837,43.50273880001623
57,3,42,10,8,32,1,"(1, 2)",49,0.5081926549130846,0.014580630602877988,0.8653061224489796,0.3952194178590969,0.5376800894737244,34.88377349998336
58,1,42,10,8,32,2,"(1, 2)",8,0.3936805870636684,-0.12645463743763066,0.9625,0.3250271826982498,0.6426141858100891,32.964573799981736
58,2,42,10,8,32,2,"(1, 2)",28,0.45444914569449424,-0.10352639664477889,0.9321428571428572,0.3886653759649822,0.5112666487693787,43.369052699999884
58,3,42,10,8,32,2,"(1, 2)",49,0.5099619231275739,0.016418086319234807,0.863265306122449,0.39690752175389504,0.5322090983390808,35.10420599998906
59,1,42,10,8,32,4,"(1, 2)",9,0.405846147911167,-0.1749019045315966,0.9777777777777777,0.3266483147939046,0.586206316947937,33.12037550000241
59,2,42,10,8,32,4,"(1, 2)",27,0.49627867209205256,-0.02810133320542489,0.9407407407407408,0.39507814469160857,0.4998534917831421,43.22393750003539
59,3,42,10,8,32,4,"(1, 2)",46,0.515747364170577,0.032784516684901004,0.8608695652173913,0.40051301082839136,0.5258318781852722,35.326690699963365
60,1,42,10,8,32,6,"(1, 2)",9,0.41681746629626687,-0.14926283968145412,0.9555555555555556,0.3249739756186803,0.6060587167739868,33.192234199959785
60,2,42,10,8,32,6,"(1, 2)",3,0.7778226653640622,0.407715997130746,0.9666666666666667,0.47148746252059937,0.5596365928649902,43.13764619996073
60,3,42,10,8,32,6,"(1, 2)",44,0.5270206729650484,0.041673208722612,0.8727272727272727,0.3966301909901879,0.5276862382888794,34.90279889997328
61,1,42,30,4,8,1,"(1, 2)",49,0.45055018382231854,-0.11990289637422191,0.9081632653061225,0.4463238610727031,0.3835732936859131,33.82143810001435
61,2,42,30,4,8,1,"(1, 2)",110,0.5373939959376421,-0.01522208680859957,0.8845454545454545,0.4961865575690019,0.35263317823410034,44.85225699999137
61,3,42,30,4,8,1,"(1, 2)",166,0.49372303128202877,-0.010106682622218796,0.8680722891566265,0.4605642714179479,0.3661712110042572,38.958210499957204
62,1,42,30,4,8,2,"(1, 2)",45,0.4553415067805927,-0.1044002713484302,0.9111111111111111,0.4653440018494924,0.35745686292648315,33.90500670002075
62,2,42,30,4,8,2,"(1, 2)",99,0.550182193417601,-0.005010643241347678,0.8757575757575757,0.5173045762759798,0.3662838041782379,45.170378000009805
62,3,42,30,4,8,2,"(1, 2)",148,0.5026342385283348,-0.00947662223726638,0.8716216216216216,0.4653088696624922,0.36845147609710693,39.121995399997104
63,1,42,30,4,8,4,"(1, 2)",42,0.4682897982442869,-0.06377078230592595,0.9119047619047619,0.4708758417297812,0.3436830937862396,33.675002500007395
63,2,42,30,4,8,4,"(1, 2)",86,0.5584936700534773,0.0134520580652986,0.8813953488372093,0.5205345376104605,0.352468878030777,44.77482729998883
63,3,42,30,4,8,4,"(1, 2)",123,0.5339836213451526,0.024195241552013348,0.8569105691056911,0.47143922377200354,0.37971189618110657,38.392299099999946
64,1,42,30,4,8,6,"(1, 2)",35,0.4670168404625452,-0.0762359744410869,0.9171428571428571,0.43948457056078416,0.34491896629333496,33.767988699954
64,2,42,30,4,8,6,"(1, 2)",77,0.5583710965023554,0.021427892771037817,0.8766233766233766,0.5154734347616473,0.3823981285095215,45.08162800001446
64,3,42,30,4,8,6,"(1, 2)",107,0.5302097932427017,0.0356899219894885,0.8560747663551402,0.47245512384435406,0.38909780979156494,38.776696200016886
65,1,42,30,4,12,1,"(1, 2)",32,0.42108956990944013,-0.1167083753316248,0.928125,0.4190932080149651,0.4222795367240906,33.86702060000971
65,2,42,30,4,12,1,"(1, 2)",70,0.501762668343364,-0.027994411519884875,0.8757142857142857,0.4693096231241695,0.4117705821990967,44.972432299982756
65,3,42,30,4,12,1,"(1, 2)",118,0.5170534393327101,0.004873547707979258,0.8584745762711864,0.4564542917991584,0.39274343848228455,38.37303509999765
66,1,42,30,4,12,2,"(1, 2)",30,0.43720250568730973,-0.09676267001886411,0.9333333333333333,0.42943207706723896,0.39851880073547363,34.487194299988914
66,2,42,30,4,12,2,"(1, 2)",67,0.5273809021345308,-0.014248529471448078,0.8716417910447761,0.5000174916104266,0.3967564105987549,44.811319799977355
66,3,42,30,4,12,2,"(1, 2)",112,0.5148470764318722,0.008054860602540058,0.8669642857142857,0.4640264713887087,0.38601934909820557,38.323145500035025
67,1,42,30,4,12,4,"(1, 2)",25,0.43594850810135277,-0.08880163645380702,0.932,0.44958407680193585,0.34578150510787964,33.742406699981075
67,2,42,30,4,12,4,"(1, 2)",56,0.5344171690021633,-0.006034345088710074,0.8875,0.4744048040981094,0.3853507936000824,44.67579900001874
67,3,42,30,4,12,4,"(1, 2)",93,0.5444119696810215,0.046353081474266054,0.8612903225806452,0.47349314479266896,0.4081312417984009,38.78979110001819
68,1,42,30,4,12,6,"(1, 2)",23,0.44286220647326857,-0.06292959603087195,0.9434782608695652,0.4416824145750566,0.3640628159046173,33.711278999981005
68,2,42,30,4,12,6,"(1, 2)",53,0.5217272121321272,-0.015752345979295403,0.9075471698113208,0.4571542347902837,0.3988746404647827,44.61460710002575
68,3,42,30,4,12,6,"(1, 2)",86,0.5570024650846459,0.06231191803042433,0.8546511627906976,0.4755112146958709,0.41171732544898987,38.08032249996904
69,1,42,30,4,16,1,"(1, 2)",23,0.4142604401075474,-0.11965028857756152,0.9434782608695652,0.4017672843259314,0.42079395055770874,33.68104639998637
69,2,42,30,4,16,1,"(1, 2)",51,0.49679900116147874,-0.047903886691426686,0.888235294117647,0.4428147553129399,0.39550653100013733,44.63691090000793
69,3,42,30,4,16,1,"(1, 2)",87,0.5188418300845277,0.004566876871778706,0.8827586206896552,0.44477789263640133,0.42695045471191406,38.4888643999584
70,1,42,30,4,16,2,"(1, 2)",23,0.41417366814082696,-0.11812825551322137,0.9434782608695652,0.41195086999373004,0.3937666118144989,33.730592800013255
70,2,42,30,4,16,2,"(1, 2)",49,0.5135154985631533,-0.031511732228214274,0.8918367346938776,0.4609417648509491,0.3797721862792969,44.83034770004451
70,3,42,30,4,16,2,"(1, 2)",78,0.5258568062035814,0.02371375394203998,0.8923076923076924,0.4408877917130788,0.41990381479263306,38.10735839995323
71,1,42,30,4,16,4,"(1, 2)",21,0.42590651813340674,-0.09056736725834276,0.9476190476190476,0.439539114634196,0.3661355972290039,33.67820590001065
71,2,42,30,4,16,4,"(1, 2)",43,0.5237739158356098,-0.022101723007180236,0.9046511627906977,0.45065487309908253,0.38399869203567505,44.6811255000066
71,3,42,30,4,16,4,"(1, 2)",70,0.5323995055571126,0.0321910955071289,0.8842857142857142,0.44893137207536987,0.42607080936431885,38.45599109999603
72,1,42,30,4,16,6,"(1, 2)",19,0.4406476701676734,-0.062122736651607,0.9578947368421052,0.4304381012916565,0.38027289509773254,33.65881110000191
72,2,42,30,4,16,6,"(1, 2)",39,0.5132425467318751,-0.01499395632931145,0.9230769230769231,0.4528861712250445,0.40439942479133606,44.3247436999809
72,3,42,30,4,16,6,"(1, 2)",69,0.5522983833413012,0.06371005884836603,0.8826086956521739,0.4500017019383835,0.4287774860858917,38.380572099995334
73,1,42,30,4,24,1,"(1, 2)",16,0.33412600459291947,-0.24619007205609228,0.93125,0.3768783137202263,0.45834916830062866,34.5544848999707
73,2,42,30,4,24,1,"(1, 2)",39,0.5024015230154263,-0.04028193942578766,0.9102564102564102,0.4291176613834169,0.4157179594039917,45.46879730001092
73,3,42,30,4,24,1,"(1, 2)",54,0.525423363752482,0.031742529664077465,0.8814814814814815,0.42295750147766537,0.48435524106025696,38.00511679996271
74,1,42,30,4,24,2,"(1, 2)",16,0.3281484071747534,-0.252546881611296,0.9375,0.38743858598172665,0.4415898025035858,33.744341299985535
74,2,42,30,4,24,2,"(1, 2)",37,0.5181130928987732,-0.02696666243995501,0.9054054054054054,0.4456919150693076,0.42302411794662476,44.807230800041
74,3,42,30,4,24,2,"(1, 2)",51,0.5334565934400015,0.036758737267268096,0.8921568627450981,0.4234005852657206,0.4757268726825714,37.94603160000406
75,1,42,30,4,24,4,"(1, 2)",12,0.3689831615298666,-0.19576945033446413,0.9583333333333334,0.3834853967030843,0.46479332447052,33.61810649995459
75,2,42,30,4,24,4,"(1, 2)",33,0.5311053195681605,0.010743244939888706,0.906060606060606,0.4492853456927884,0.40049195289611816,44.45269199996255
75,3,42,30,4,24,4,"(1, 2)",50,0.5383837966595771,0.034708805889510266,0.872,0.42816703903431796,0.47079262137413025,38.04845619999105
76,1,42,30,4,24,6,"(1, 2)",10,0.3608795121672147,-0.21239966654974482,0.94,0.3756741315126419,0.4340934455394745,33.79109460004838
76,2,42,30,4,24,6,"(1, 2)",2,0.5136774857195194,0.15690921255327453,1.0,0.4093489572405815,0.509573221206665,44.28216440003598
76,3,42,30,4,24,6,"(1, 2)",50,0.5484137299518875,0.061579598920541205,0.872,0.4384662801027298,0.4784011244773865,38.5426187000121
77,1,42,30,4,32,1,"(1, 2)",9,0.3285659985159326,-0.14408251060838345,0.9,0.35758162703779006,0.6528661251068115,33.5481274999911
77,2,42,30,4,32,1,"(1, 2)",27,0.5427025237622308,-0.0005692056767523092,0.9148148148148149,0.4209997344475526,0.43565016984939575,44.42521910002688
77,3,42,30,4,32,1,"(1, 2)",44,0.5070105796766545,0.006914628206040707,0.8818181818181818,0.4063112823800607,0.48498958349227905,37.88501470000483
78,1,42,30,4,32,2,"(1, 2)",9,0.3265561204637437,-0.1358092620583481,0.9111111111111111,0.3653262042336994,0.6337474584579468,33.752709900029004
78,2,42,30,4,32,2,"(1, 2)",25,0.5451814721748296,-0.001975287690106131,0.916,0.4224852795402209,0.4480515122413635,44.37731650000205
78,3,42,30,4,32,2,"(1, 2)",41,0.5027757829882469,0.007154100023899157,0.8829268292682927,0.4128567332901606,0.48156633973121643,37.809950900031254
79,1,42,30,4,32,4,"(1, 2)",9,0.3470942295870266,-0.16138248388450685,0.9444444444444444,0.37825848327742684,0.5290160179138184,33.503947200020775
79,2,42,30,4,32,4,"(1, 2)",23,0.5283397622479871,0.011370010799568652,0.9130434782608695,0.4188472337048987,0.45186567306518555,44.630095699976664
79,3,42,30,4,32,4,"(1, 2)",42,0.5319186801909966,0.03417819247811934,0.8809523809523809,0.4211456702976692,0.4781447649002075,38.247133299999405
80,1,42,30,4,32,6,"(1, 2)",8,0.382807141404485,-0.21524568443977843,0.9625,0.3613956943154335,0.3923826515674591,33.478980399959255
80,2,42,30,4,32,6,"(1, 2)",23,0.4986144937450098,-0.006961907190515361,0.9260869565217391,0.4284862526085066,0.448042631149292,44.47698330000276
80,3,42,30,4,32,6,"(1, 2)",41,0.5411343981295541,0.053848501312318935,0.8780487804878049,0.42321860790252686,0.4826882779598236,37.9309104999993
81,1,42,30,6,8,1,"(1, 2)",47,0.48505467358555066,-0.08576945577123422,0.9234042553191489,0.46725553153334437,0.33998769521713257,33.91646590002347
81,2,42,30,6,8,1,"(1, 2)",99,0.561033009880036,0.013908455431309011,0.8777777777777778,0.522298269758099,0.3703567683696747,45.346851099980995
81,3,42,30,6,8,1,"(1, 2)",155,0.5181231179713182,0.003846506525265813,0.8470967741935483,0.4648584968457788,0.3651157021522522,39.69427909998922
82,1,42,30,6,8,2,"(1, 2)",44,0.4901967263993819,-0.08443669602667743,0.9113636363636364,0.4581161615523425,0.33289238810539246,33.93451200000709
82,2,42,30,6,8,2,"(1, 2)",89,0.553251381814401,0.005346960822023826,0.8808988764044944,0.5337264420894476,0.35204505920410156,45.198686100018676
82,3,42,30,6,8,2,"(1, 2)",145,0.5211731504561088,0.015314151475454707,0.8462068965517241,0.48254776411100264,0.363561749458313,39.10551750002196
83,1,42,30,6,8,4,"(1, 2)",41,0.4500858655379654,-0.09135245110394735,0.9219512195121952,0.4819426989113843,0.29861921072006226,34.21812689997023
83,2,42,30,6,8,4,"(1, 2)",85,0.5253399135452529,-0.020098611454682953,0.8729411764705882,0.5299624017169399,0.34032827615737915,45.64338590000989
83,3,42,30,6,8,4,"(1, 2)",122,0.5160885263800593,0.021084565022816595,0.8713114754098361,0.48353420059705515,0.3693147599697113,38.9623385000159
84,1,42,30,6,8,6,"(1, 2)",37,0.46626716682006236,-0.07075046428737027,0.9297297297297298,0.4728359008828799,0.3313779830932617,33.711300700029824
84,2,42,30,6,8,6,"(1, 2)",75,0.5622606591470443,0.02505551616922793,0.888,0.524398925273042,0.3463684916496277,44.95615410001483
84,3,42,30,6,8,6,"(1, 2)",108,0.5280773078491074,0.04034025263517459,0.8796296296296297,0.48261834000763687,0.38553398847579956,39.20136410003761
85,1,42,30,6,12,1,"(1, 2)",35,0.4940076993210019,-0.06343590008425397,0.9285714285714286,0.4450550020644159,0.370706707239151,33.79934460000368
85,2,42,30,6,12,1,"(1, 2)",77,0.5298392027215688,-0.011126579016294364,0.8883116883116883,0.5079015461784421,0.3905269503593445,45.17448080005124
85,3,42,30,6,12,1,"(1, 2)",111,0.5341632062397023,0.024880830381596317,0.8504504504504504,0.45925843983888626,0.4046742618083954,38.82061980001163
86,1,42,30,6,12,2,"(1, 2)",32,0.480495981699127,-0.06926233572000505,0.915625,0.42654631569467744,0.33950144052505493,33.824071099981666
86,2,42,30,6,12,2,"(1, 2)",68,0.5100187488668431,-0.01972349719723984,0.8911764705882353,0.5010858616738949,0.3792048692703247,44.73534040001687
86,3,42,30,6,12,2,"(1, 2)",105,0.5286545076989454,0.032863164866730875,0.8552380952380952,0.47385437184191764,0.3995733857154846,38.60498140001437
87,1,42,30,6,12,4,"(1, 2)",27,0.43584981030177455,-0.08622039259154723,0.9333333333333333,0.45190976858139037,0.3238748013973236,33.72399259998929
87,2,42,30,6,12,4,"(1, 2)",58,0.5191968143059272,-0.011385117894940061,0.896551724137931,0.4888384956121445,0.3641464412212372,44.903575900010765
87,3,42,30,6,12,4,"(1, 2)",92,0.5319059971410526,0.04061482366949933,0.866304347826087,0.4758650729822558,0.40258610248565674,39.01140269997995
88,1,42,30,6,12,6,"(1, 2)",26,0.4681314065287525,-0.047957002319550135,0.9346153846153846,0.45580061457373877,0.3666677176952362,34.102645199978724
88,2,42,30,6,12,6,"(1, 2)",48,0.5455133471654271,0.02042103115028027,0.8979166666666667,0.4812192896550352,0.3866237998008728,44.87795940000797
88,3,42,30,6,12,6,"(1, 2)",86,0.5258023034448593,0.04464362137748433,0.8744186046511628,0.47502560332054045,0.41157060861587524,38.58202229999006
89,1,42,30,6,16,1,"(1, 2)",24,0.439586453878072,-0.1074781683205182,0.9416666666666667,0.41205848364726355,0.36347702145576477,33.661508599994704
89,2,42,30,6,16,1,"(1, 2)",54,0.515170457518357,-0.025031718973141947,0.8981481481481481,0.4744120580809457,0.4036494195461273,44.741148600005545
89,3,42,30,6,16,1,"(1, 2)",83,0.5412914505736905,0.047220290059112026,0.8674698795180723,0.4524844292505288,0.4333619475364685,39.102102599979844
90,1,42,30,6,16,2,"(1, 2)",20,0.4507377585944397,-0.0726866363943173,0.94,0.395268970893489,0.40845373272895813,33.8633599000168
90,2,42,30,6,16,2,"(1, 2)",49,0.5302923368731214,-0.008655126814594098,0.8918367346938776,0.48102176056967844,0.3983401358127594,44.77661519998219
90,3,42,30,6,16,2,"(1, 2)",79,0.5363339461350995,0.05129358568292474,0.8670886075949367,0.4593843546780673,0.42855304479599,38.53246030001901
91,1,42,30,6,16,4,"(1, 2)",17,0.4369801437871472,-0.08316045016078798,0.9647058823529412,0.4082259554415941,0.3909154236316681,33.7352257000166
91,2,42,30,6,16,4,"(1, 2)",43,0.49613250840984474,-0.01857841982914581,0.9186046511627907,0.45924657583236694,0.395462304353714,44.54620870004874
91,3,42,30,6,16,4,"(1, 2)",70,0.5294363233405012,0.045173059621177764,0.8785714285714286,0.4536763526061002,0.415937215089798,38.73770429997239
92,1,42,30,6,16,6,"(1, 2)",18,0.45676542189665587,-0.05988081225620882,0.9611111111111111,0.431975856423378,0.3766029179096222,33.684765100013465
92,2,42,30,6,16,6,"(1, 2)",41,0.5268197567075289,0.0026331547199679095,0.9121951219512195,0.478277991215388,0.3926275372505188,44.56167379999533
92,3,42,30,6,16,6,"(1, 2)",68,0.5248010286968023,0.051721440293926876,0.8838235294117647,0.4557667121742711,0.42837628722190857,38.40967359999195
93,1,42,30,6,24,1,"(1, 2)",12,0.3274392403729904,-0.20683922083007733,0.975,0.35565968230366707,0.4747331738471985,33.621781900001224
93,2,42,30,6,24,1,"(1, 2)",38,0.5050733128004448,-0.025677193272016067,0.9026315789473685,0.453134797714852,0.4314709007740021,45.07663780002622
93,3,42,30,6,24,1,"(1, 2)",60,0.5213913223697173,0.029627241642304444,0.885,0.4268850346406301,0.46705594658851624,38.27944140002364
94,1,42,30,6,24,2,"(1, 2)",12,0.32948589242742665,-0.20026525144005136,0.975,0.35657452419400215,0.4515877068042755,33.62895209999988
94,2,42,30,6,24,2,"(1, 2)",36,0.5064996382332138,-0.022708972752475784,0.9083333333333333,0.4551595212782131,0.41834354400634766,44.47795540001243
94,3,42,30,6,24,2,"(1, 2)",59,0.5266084854093828,0.04091345117501117,0.8796610169491526,0.4349241650710672,0.4608393907546997,38.84334730001865
95,1,42,30,6,24,4,"(1, 2)",10,0.37678982268593897,-0.1906476052045097,0.94,0.36265911608934404,0.4615646004676819,33.782038200006355
95,2,42,30,6,24,4,"(1, 2)",33,0.5005531895988058,-0.00029872964740592853,0.9272727272727272,0.4567959856602453,0.4104275405406952,44.572923599975184
95,3,42,30,6,24,4,"(1, 2)",48,0.5389738663211413,0.05373094641387527,0.8770833333333333,0.43107859666148823,0.4654412269592285,38.291820299986284
96,1,42,30,6,24,6,"(1, 2)",10,0.34859546305243694,-0.17959922077663984,0.96,0.3727293282747269,0.4423587918281555,33.804091799946036
96,2,42,30,6,24,6,"(1, 2)",2,0.5136774857195194,0.15690921255327453,1.0,0.4093489572405815,0.509573221206665,44.37183879996883
96,3,42,30,6,24,6,"(1, 2)",51,0.5322333875480405,0.0537705493132857,0.8745098039215686,0.4404038278495564,0.459873229265213,38.33059249998769
97,1,42,30,6,32,1,"(1, 2)",11,0.325223245226792,-0.22094648498656583,0.9727272727272728,0.3569006093523719,0.48657751083374023,33.72399110003607
97,2,42,30,6,32,1,"(1, 2)",25,0.5037505236854212,-0.023621071186678742,0.932,0.43358503103256224,0.4672738015651703,45.14784569997573
97,3,42,30,6,32,1,"(1, 2)",49,0.5152537280892994,0.031626058624490375,0.8693877551020408,0.415546573546468,0.48363375663757324,38.34534070000518
98,1,42,30,6,32,2,"(1, 2)",10,0.3230486486266345,-0.2308096569977876,0.97,0.3571610674262047,0.46287965774536133,33.68960199999856
98,2,42,30,6,32,2,"(1, 2)",25,0.5041736041021833,-0.006404191727002196,0.924,0.4393898284435272,0.46263444423675537,44.949762400006875
98,3,42,30,6,32,2,"(1, 2)",48,0.5113157170393302,0.03137339048500301,0.8708333333333333,0.42252677989502746,0.4707564115524292,38.41937310004141
99,1,42,30,6,32,4,"(1, 2)",9,0.3706926582440621,-0.19024822826947857,0.9555555555555556,0.34771692090564305,0.49720683693885803,33.69456729997182
99,2,42,30,6,32,4,"(1, 2)",22,0.5118393729127534,0.026367583608688436,0.9181818181818182,0.4274521524255926,0.4559817314147949,44.610058999969624
99,3,42,30,6,32,4,"(1, 2)",40,0.5144818977604086,0.03638582107572753,0.8675,0.4242877200245857,0.46927037835121155,38.616249300015625
100,1,42,30,6,32,6,"(1, 2)",8,0.36648805525807115,-0.1657605058543437,0.9625,0.35686071775853634,0.4779481589794159,33.708052700036205
100,2,42,30,6,32,6,"(1, 2)",23,0.5392735434919645,0.022887377710406942,0.9434782608695652,0.44743860156639764,0.4033532738685608,44.72255549998954
100,3,42,30,6,32,6,"(1, 2)",43,0.5171090429269531,0.045350064324893254,0.8627906976744186,0.43562714027804,0.46719595789909363,38.359689600009006
101,1,42,30,8,8,1,"(1, 2)",46,0.4647175859850658,-0.09755748659415131,0.9065217391304348,0.46541588279333984,0.3207125961780548,33.957079399959184
101,2,42,30,8,8,1,"(1, 2)",103,0.5367061020105018,-0.0011228580275524553,0.870873786407767,0.5292224778731665,0.3525758385658264,45.10261589998845
101,3,42,30,8,8,1,"(1, 2)",156,0.49457439422214317,-0.013940957473548558,0.8634615384615385,0.4797771688268966,0.35812458395957947,39.069920299982186
102,1,42,30,8,8,2,"(1, 2)",43,0.4830739559945442,-0.0840563703916382,0.913953488372093,0.48454124454794256,0.3129318058490753,33.79338960000314
102,2,42,30,8,8,2,"(1, 2)",96,0.5344226569031115,0.0031308128539700923,0.8791666666666667,0.542525220146546,0.3451826572418213,44.89009249996161
102,3,42,30,8,8,2,"(1, 2)",143,0.5189011280439205,0.015269994572182586,0.8566433566433567,0.48239655213223565,0.36660176515579224,38.60409099998651
103,1,42,30,8,8,4,"(1, 2)",37,0.45390765992903775,-0.11215727626006743,0.9378378378378378,0.4782297009671176,0.30157577991485596,33.650084600027185
103,2,42,30,8,8,4,"(1, 2)",87,0.5320290580674859,0.011170732774380215,0.8770114942528736,0.5302044229026426,0.34344059228897095,45.37212620000355
103,3,42,30,8,8,4,"(1, 2)",115,0.5252854680640473,0.041871526093378186,0.86,0.4940278640259867,0.3812922537326813,38.466278599982616
104,1,42,30,8,8,6,"(1, 2)",31,0.47831442358076176,-0.08199476258129519,0.932258064516129,0.46206893485326034,0.3543234169483185,33.643099699984305
104,2,42,30,8,8,6,"(1, 2)",66,0.5504489520866968,0.048601030213775286,0.9030303030303031,0.5066784870751361,0.3606517016887665,44.568829600000754
104,3,42,30,8,8,6,"(1, 2)",109,0.5312534687247575,0.04582805960568513,0.8532110091743119,0.4956263669806978,0.37913599610328674,38.88986910000676
105,1,42,30,8,12,1,"(1, 2)",33,0.45879197183198434,-0.08358780421973677,0.9333333333333333,0.4563816164074273,0.35417789220809937,33.681506799999624
105,2,42,30,8,12,1,"(1, 2)",64,0.5257672770138456,0.0037398001884607845,0.86875,0.5045389859326954,0.3983590304851532,44.83507010003086
105,3,42,30,8,12,1,"(1, 2)",105,0.5179911320167817,0.028481907378226583,0.8514285714285714,0.46788406863655013,0.4105716049671173,38.39606800000183
106,1,42,30,8,12,2,"(1, 2)",31,0.46161699150684515,-0.08445860966348132,0.9354838709677419,0.4622455525856752,0.3587803244590759,33.73620350001147
106,2,42,30,8,12,2,"(1, 2)",60,0.5259879893316939,-0.0024451710211190946,0.8816666666666667,0.5073713101446629,0.39668941497802734,44.70852240000386
106,3,42,30,8,12,2,"(1, 2)",102,0.5278506595686389,0.04026662555405585,0.8568627450980392,0.4819191753864288,0.4044240415096283,38.85123509995174
107,1,42,30,8,12,4,"(1, 2)",28,0.4697596076913083,-0.05117989670521226,0.9357142857142857,0.4540035165846348,0.3530333936214447,33.683464300003834
107,2,42,30,8,12,4,"(1, 2)",53,0.5066392242848908,-0.011357976361423798,0.8924528301886793,0.47260704735914866,0.38130250573158264,44.59129800001392
107,3,42,30,8,12,4,"(1, 2)",93,0.5400489621111777,0.05107485995194917,0.8569892473118279,0.4830471511398043,0.4094494879245758,38.3568796000327
108,1,42,30,8,12,6,"(1, 2)",24,0.504711609242743,-0.033057745590926814,0.95,0.45189467749812384,0.3597370982170105,33.67329210002208
108,2,42,30,8,12,6,"(1, 2)",50,0.5145256169381732,0.014180710989763963,0.908,0.47654660600562426,0.3858035206794739,44.63765639998019
108,3,42,30,8,12,6,"(1, 2)",90,0.5440576713977449,0.058990459562286726,0.8588888888888889,0.48399798288231805,0.4018978774547577,38.72033330000704
109,1,42,30,8,16,1,"(1, 2)",22,0.4761979255355648,-0.05923849776588309,0.9318181818181818,0.4415950640326455,0.39777204394340515,33.675698600010946
109,2,42,30,8,16,1,"(1, 2)",47,0.5012347846958446,-0.025991513643139664,0.8936170212765957,0.46188970704873406,0.42228370904922485,44.56660540000303
109,3,42,30,8,16,1,"(1, 2)",84,0.5277526410797733,0.039983148801988964,0.8654761904761905,0.45925393886864185,0.43046262860298157,38.15309969999362
110,1,42,30,8,16,2,"(1, 2)",22,0.4773384128476316,-0.057850322343673356,0.9272727272727272,0.44608241005947713,0.365288645029068,33.66799869999522
110,2,42,30,8,16,2,"(1, 2)",46,0.49715252078157407,-0.030054683277322632,0.9043478260869565,0.4687149208493349,0.4049376845359802,44.58358739997493
110,3,42,30,8,16,2,"(1, 2)",79,0.5138386506446001,0.03540614686544283,0.8721518987341772,0.46051793773969013,0.4321894347667694,38.49086560000433
111,1,42,30,8,16,4,"(1, 2)",20,0.47820183627260365,-0.07264108557044197,0.97,0.4395369208521313,0.34392061829566956,33.77483259997098
111,2,42,30,8,16,4,"(1, 2)",42,0.496257864762148,-0.029094150302231406,0.9047619047619048,0.4598167657088011,0.4023723006248474,44.70949620002648
111,3,42,30,8,16,4,"(1, 2)",75,0.5309121002907747,0.05079263884657861,0.8773333333333333,0.4611454400378214,0.4269791841506958,38.27149359998293
112,1,42,30,8,16,6,"(1, 2)",18,0.48729331928623065,-0.048391219211648726,0.9722222222222222,0.4353354854716195,0.37858298420906067,33.77797130000545
112,2,42,30,8,16,6,"(1, 2)",38,0.4727827003376938,-0.033569579553035016,0.9236842105263158,0.4610132616944611,0.38903388381004333,44.615137099986896
112,3,42,30,8,16,6,"(1, 2)",65,0.5314664686238834,0.051313872556574144,0.88,0.45269686693236943,0.43153291940689087,38.107743700034916
113,1,42,30,8,24,1,"(1, 2)",13,0.3535830606157448,-0.18317491894305796,0.9461538461538461,0.4030418281371777,0.44226136803627014,33.79361309995875
113,2,42,30,8,24,1,"(1, 2)",36,0.49159137850330914,-0.04369234068160056,0.9,0.44274427805628097,0.4409893751144409,44.935310399974696
113,3,42,30,8,24,1,"(1, 2)",60,0.5096925634439419,0.027307256007830117,0.855,0.4406464124719302,0.4679909646511078,38.25338899996132
114,1,42,30,8,24,2,"(1, 2)",11,0.3480295141958493,-0.14551162115921426,0.9727272727272728,0.4148076444864273,0.4859456717967987,33.580772200017236
114,2,42,30,8,24,2,"(1, 2)",35,0.48021655239064337,-0.040193286699631466,0.9057142857142857,0.4548025004791491,0.4261153042316437,44.6869766000309
114,3,42,30,8,24,2,"(1, 2)",59,0.5115401899648644,0.02818920271423437,0.8576271186440678,0.44493706935438615,0.4510810077190399,38.11692239996046
115,1,42,30,8,24,4,"(1, 2)",13,0.3716958558727605,-0.19493350622418076,0.9538461538461539,0.4023508567076463,0.4013315737247467,33.723991099977866
115,2,42,30,8,24,4,"(1, 2)",33,0.48477808380633947,-0.04419993060684905,0.9212121212121213,0.4586439401872696,0.41776779294013977,44.47843640000792
115,3,42,30,8,24,4,"(1, 2)",55,0.5233600833519169,0.04923625464745977,0.8654545454545455,0.45134014939820327,0.46228647232055664,38.466490100021474
116,1,42,30,8,24,6,"(1, 2)",12,0.34672162849965177,-0.20613138197832914,0.9583333333333334,0.37916995336612064,0.4004484713077545,33.61355770000955
116,2,42,30,8,24,6,"(1, 2)",2,0.5136774857195194,0.15690921255327453,1.0,0.4093489572405815,0.509573221206665,44.205808500002604
116,3,42,30,8,24,6,"(1, 2)",51,0.5403996953410657,0.056322007239315575,0.8705882352941177,0.44594985480402033,0.46237945556640625,38.093968600034714
117,1,42,30,8,32,1,"(1, 2)",8,0.3132585046789296,-0.1997117567624672,0.9625,0.3578908834606409,0.552392840385437,33.63018669997109
117,2,42,30,8,32,1,"(1, 2)",28,0.49473927710070914,-0.019101064704979697,0.9107142857142857,0.4335213058761188,0.4665040969848633,44.329857699980494
117,3,42,30,8,32,1,"(1, 2)",45,0.5003368057096257,0.02134233717135782,0.8711111111111111,0.4124455710252126,0.4725244641304016,38.028607800020836
118,1,42,30,8,32,2,"(1, 2)",8,0.31484877029024533,-0.1841918350168696,0.9625,0.367960549890995,0.5289865732192993,33.72219790000236
118,2,42,30,8,32,2,"(1, 2)",26,0.4981973018679332,-0.01403365541233619,0.9076923076923077,0.4461273407936096,0.441306471824646,44.438838900008705
118,3,42,30,8,32,2,"(1, 2)",44,0.4996448275434276,0.015297326454997283,0.875,0.4184835844261702,0.4600210189819336,38.560825900000054
119,1,42,30,8,32,4,"(1, 2)",9,0.3541561678741249,-0.23556419435874018,0.9555555555555556,0.3703683051798079,0.3954179883003235,33.44057929998962
119,2,42,30,8,32,4,"(1, 2)",25,0.5105236316441897,-0.017926618039142698,0.94,0.44647649054725963,0.4151497185230255,44.373094799986575
119,3,42,30,8,32,4,"(1, 2)",41,0.5186987020315232,0.04164087381128166,0.8707317073170732,0.4281990302772057,0.4743601083755493,37.843204999982845
120,1,42,30,8,32,6,"(1, 2)",9,0.34756983648844786,-0.15988499496298572,0.9444444444444444,0.36143702268600464,0.41660958528518677,33.50711230002344
120,2,42,30,8,32,6,"(1, 2)",23,0.5080013118348867,-0.0005801364635512425,0.9347826086956522,0.44852149757471954,0.3959633409976959,44.253292400040664
120,3,42,30,8,32,6,"(1, 2)",43,0.5352244595425708,0.046277094110561835,0.8767441860465116,0.43348898097526195,0.46675097942352295,37.835095899994485
121,1,42,50,4,8,1,"(1, 2)",45,0.457032365107586,-0.11333198991625307,0.9155555555555556,0.5090719046337264,0.3361952006816864,33.98406200000318
121,2,42,50,4,8,1,"(1, 2)",109,0.5329036189367093,-0.024695467221666344,0.8761467889908257,0.5145932415225467,0.3423047661781311,45.90936930000316
121,3,42,50,4,8,1,"(1, 2)",160,0.5125850084697154,0.005385570015489172,0.869375,0.4875624992020495,0.35302358865737915,40.88800580002135
122,1,42,50,4,8,2,"(1, 2)",45,0.45693317292081576,-0.08353173619866255,0.92,0.5423909172415733,0.3017720878124237,34.10647570004221
122,2,42,50,4,8,2,"(1, 2)",97,0.5369793617206208,-0.02263326039557471,0.8783505154639175,0.5251531138502318,0.34297990798950195,45.60138199996436
122,3,42,50,4,8,2,"(1, 2)",142,0.5273995171578747,0.0229090798486564,0.8640845070422535,0.49963148911388555,0.34918633103370667,41.06897060002666
123,1,42,50,4,8,4,"(1, 2)",36,0.4868673722820192,-0.07436666229394329,0.9305555555555556,0.5636935979127884,0.31933218240737915,33.89071980002336
123,2,42,50,4,8,4,"(1, 2)",83,0.5614571278385849,0.006271370627086539,0.8759036144578313,0.544775500017054,0.3245249092578888,45.32233809999889
123,3,42,50,4,8,4,"(1, 2)",114,0.531400746932486,0.028557514222014274,0.868421052631579,0.48656663334513284,0.3351307511329651,40.49767180002527
124,1,42,50,4,8,6,"(1, 2)",32,0.4650032309534199,-0.0918824926173155,0.94375,0.5571864159668193,0.3026011288166046,34.22881539998343
124,2,42,50,4,8,6,"(1, 2)",70,0.5802261340331105,0.044246460941415294,0.8885714285714286,0.5401734904367097,0.338240385055542,45.286126799997874
124,3,42,50,4,8,6,"(1, 2)",104,0.5488956208557866,0.050217427880525765,0.875,0.4855424548628964,0.35068580508232117,41.008616199949756
125,1,42,50,4,12,1,"(1, 2)",32,0.4421179146284933,-0.11100237177884878,0.940625,0.4735217559337616,0.3518306612968445,34.058432499994524
125,2,42,50,4,12,1,"(1, 2)",74,0.5180595325354346,-0.041868250159513426,0.8743243243243243,0.49304213082673504,0.3560475707054138,45.28231350000715
125,3,42,50,4,12,1,"(1, 2)",111,0.5322833526485743,0.022403220854779755,0.8540540540540541,0.47865529374072424,0.37315621972084045,40.54276090004714
126,1,42,50,4,12,2,"(1, 2)",31,0.4510318578513135,-0.0822458556532056,0.9419354838709677,0.4836515784263611,0.31609857082366943,33.8451540999813
126,2,42,50,4,12,2,"(1, 2)",66,0.5189435439774872,-0.028410563253791044,0.8666666666666667,0.5069824348514279,0.35039836168289185,45.583717399975285
126,3,42,50,4,12,2,"(1, 2)",101,0.5329402598134666,0.02531468298115596,0.8524752475247525,0.4809774753044952,0.3822009861469269,40.60179980000248
127,1,42,50,4,12,4,"(1, 2)",28,0.47603361497529334,-0.06516691042466732,0.9464285714285714,0.5350813981559541,0.33494189381599426,33.92198520002421
127,2,42,50,4,12,4,"(1, 2)",57,0.5358379422496248,-0.021906757165031345,0.887719298245614,0.5157389371168046,0.3364321291446686,45.27927440003259
127,3,42,50,4,12,4,"(1, 2)",79,0.5551864586220245,0.06489788808766493,0.8696202531645569,0.4702844848667366,0.3693923056125641,40.79880470002536
128,1,42,50,4,12,6,"(1, 2)",24,0.47548792455370686,-0.037152241272272984,0.9416666666666667,0.5267272386699915,0.3346380591392517,33.89638570003444
128,2,42,50,4,12,6,"(1, 2)",54,0.5506333927957114,0.016301357486233927,0.9018518518518519,0.5085876700354786,0.3614389896392822,45.08486790000461
128,3,42,50,4,12,6,"(1, 2)",77,0.5548780916488283,0.0693083723625435,0.8714285714285714,0.4677947761727051,0.3826902508735657,40.68284289998701
129,1,42,50,4,16,1,"(1, 2)",24,0.43996242145730013,-0.11410596549174563,0.95,0.4420507876645951,0.364290714263916,34.02188890002435
129,2,42,50,4,16,1,"(1, 2)",53,0.5023887438939854,-0.045917460787957054,0.8962264150943396,0.4605895027163483,0.3674462139606476,45.16784579999512
129,3,42,50,4,16,1,"(1, 2)",83,0.5024035704816106,-0.0032093777392630247,0.8759036144578313,0.44589011629422504,0.4199109673500061,40.45260869996855
130,1,42,50,4,16,2,"(1, 2)",19,0.42840461832545396,-0.0755371337360519,0.9421052631578948,0.45488832394282025,0.3664334714412689,34.05094129999634
130,2,42,50,4,16,2,"(1, 2)",50,0.4982853501330375,-0.04055748923188215,0.898,0.4587170135229826,0.3661925792694092,45.844998299959116
130,3,42,50,4,16,2,"(1, 2)",74,0.5164585490792131,0.01612643103136695,0.8878378378378379,0.44527000824318214,0.42665719985961914,40.40115610003704
131,1,42,50,4,16,4,"(1, 2)",20,0.4553804827105471,-0.09233104651421142,0.955,0.5071877017617226,0.3452565371990204,33.84155369998189
131,2,42,50,4,16,4,"(1, 2)",42,0.5090678869339331,-0.03331725072233732,0.9214285714285714,0.47696518815226024,0.3715726435184479,45.09920759999659
131,3,42,50,4,16,4,"(1, 2)",62,0.5502460991693908,0.05450624266413047,0.885483870967742,0.4519789131550953,0.4162270724773407,40.233362600032706
132,1,42,50,4,16,6,"(1, 2)",19,0.46039946318120323,-0.06695277715626513,0.9631578947368421,0.5229376895087106,0.33603987097740173,33.94553289999021
132,2,42,50,4,16,6,"(1, 2)",41,0.4955268601400586,-0.019355049320549947,0.9292682926829269,0.4764128336400697,0.36931493878364563,45.1488229999668
132,3,42,50,4,16,6,"(1, 2)",61,0.5334422471111465,0.04217841085380133,0.9016393442622951,0.44268355740789783,0.41333168745040894,40.610922000021674
133,1,42,50,4,24,1,"(1, 2)",9,0.4390083517168737,-0.023277240652443576,0.9333333333333333,0.4330927050775952,0.5568010807037354,33.91803619998973
133,2,42,50,4,24,1,"(1, 2)",41,0.5147627539208715,-0.017247462896118143,0.9073170731707317,0.4527341868196215,0.39854884147644043,45.15654630004428
133,3,42,50,4,24,1,"(1, 2)",55,0.5335078371727675,0.03982136326342168,0.8836363636363637,0.4304035479372198,0.46693480014801025,40.39745350001613
134,1,42,50,4,24,2,"(1, 2)",9,0.42951973614899,-0.031158125588446686,0.9444444444444444,0.4342620372772217,0.5259964466094971,33.98654929996701
134,2,42,50,4,24,2,"(1, 2)",38,0.5090733715465311,-0.021498919386456337,0.9026315789473685,0.4525167991717656,0.38608044385910034,45.092840199999046
134,3,42,50,4,24,2,"(1, 2)",54,0.5398183961647975,0.037986693250479014,0.8907407407407407,0.43490926218482684,0.4522673189640045,40.062934099987615
135,1,42,50,4,24,4,"(1, 2)",12,0.3907894028331433,-0.11075426095723169,0.9416666666666667,0.4289687325557073,0.40607690811157227,34.23520459997235
135,2,42,50,4,24,4,"(1, 2)",35,0.4957932529996351,-0.034542618755170645,0.9257142857142857,0.47266936202843984,0.3866836130619049,45.09331269998802
135,3,42,50,4,24,4,"(1, 2)",50,0.5542152380431545,0.06551479773512107,0.886,0.4463232743740082,0.4581005871295929,40.110395499970764
136,1,42,50,4,24,6,"(1, 2)",12,0.3880982466259817,-0.16345538252586017,0.9333333333333333,0.4627531111240387,0.38184061646461487,33.879297900013626
136,2,42,50,4,24,6,"(1, 2)",33,0.49687337182001423,-0.018673399188620696,0.9484848484848485,0.4649640421072642,0.3744332194328308,45.02486400003545
136,3,42,50,4,24,6,"(1, 2)",51,0.5425161471672095,0.04524158611275959,0.8921568627450981,0.44060956058548945,0.4427022933959961,40.22809370001778
137,1,42,50,4,32,1,"(1, 2)",7,0.3242953217580071,-0.12079226753228124,0.9285714285714286,0.3849125568355833,0.6128854155540466,33.7366461000056
137,2,42,50,4,32,1,"(1, 2)",26,0.49078896371186215,-0.03458815228130586,0.9115384615384615,0.4268589952717657,0.41384416818618774,44.895248399989214
137,3,42,50,4,32,1,"(1, 2)",48,0.5302279903004314,0.04525565431901132,0.88125,0.4196003619581461,0.47392433881759644,40.66900480003096
138,1,42,50,4,32,2,"(1, 2)",7,0.33735033492798777,-0.13533555658005644,0.9428571428571428,0.3817193167550223,0.5749499201774597,33.789995400002226
138,2,42,50,4,32,2,"(1, 2)",25,0.4991356880213254,-0.013938577911209518,0.924,0.42813992500305176,0.4290541112422943,45.04613779997453
138,3,42,50,4,32,2,"(1, 2)",48,0.5322813132636363,0.038848051278981915,0.8854166666666666,0.4271416467555026,0.45556992292404175,40.0157822999754
139,1,42,50,4,32,4,"(1, 2)",11,0.3552515572865935,-0.14791357233673505,0.9454545454545454,0.41020189090208575,0.4022603929042816,34.09711480000988
139,2,42,50,4,32,4,"(1, 2)",24,0.5075319858314534,-0.025829898222570993,0.9333333333333333,0.4504368007183075,0.40521612763404846,44.96513010002673
139,3,42,50,4,32,4,"(1, 2)",43,0.5302771566347887,0.039347089980005155,0.8697674418604651,0.4378349933513375,0.4614691436290741,39.996374399983324
140,1,42,50,4,32,6,"(1, 2)",6,0.4008051421573038,-0.16787573147747314,0.9333333333333333,0.3680567493041356,0.4852577745914459,33.68189890001668
140,2,42,50,4,32,6,"(1, 2)",19,0.5216245699500304,0.03288483678831178,0.9315789473684211,0.454708500040902,0.4266476035118103,44.880498600017745
140,3,42,50,4,32,6,"(1, 2)",42,0.5402615784338648,0.04507451113775892,0.8714285714285714,0.4381012214081628,0.4565925896167755,40.379009400028735
141,1,42,50,6,8,1,"(1, 2)",45,0.4428585451098104,-0.11022628870809723,0.9266666666666666,0.525027584284544,0.30219322443008423,34.17702569998801
141,2,42,50,6,8,1,"(1, 2)",97,0.5627960413357299,0.01675813838328753,0.8814432989690721,0.523074891359087,0.3376128077507019,45.637819800002035
141,3,42,50,6,8,1,"(1, 2)",155,0.512425463806675,0.014356073247766034,0.8412903225806452,0.49962330624168994,0.3541858494281769,41.2920834000106
142,1,42,50,6,8,2,"(1, 2)",43,0.4427881794517839,-0.13645268056518986,0.9209302325581395,0.558131355047226,0.3022618889808655,34.08495489996858
142,2,42,50,6,8,2,"(1, 2)",90,0.5640663497214805,0.02575211043564476,0.8733333333333333,0.5367749014805103,0.33833059668540955,45.58891290001338
142,3,42,50,6,8,2,"(1, 2)",143,0.5299883525761815,0.030944252018755006,0.8524475524475524,0.49951131145159405,0.3532119393348694,41.64800250000553
143,1,42,50,6,8,4,"(1, 2)",36,0.43357132353354955,-0.13468536616809934,0.925,0.5350555777549744,0.27265772223472595,34.140450300008524
143,2,42,50,6,8,4,"(1, 2)",79,0.550152773937369,0.007736821874486124,0.8886075949367088,0.543442377820611,0.3349240720272064,45.5530935000279
143,3,42,50,6,8,4,"(1, 2)",109,0.5384028309983393,0.03328944177609617,0.8623853211009175,0.5018839262708833,0.3588646352291107,41.174293599964585
144,1,42,50,6,8,6,"(1, 2)",35,0.4577906240044462,-0.09483777574832016,0.94,0.5496792801552348,0.2796840965747833,34.244848100002855
144,2,42,50,6,8,6,"(1, 2)",65,0.5789605621087098,0.057532883554009144,0.9,0.5360712707042694,0.33766666054725647,45.436888199998066
144,3,42,50,6,8,6,"(1, 2)",98,0.5339632318860645,0.03541947196750076,0.8806122448979592,0.499678936097529,0.3690813183784485,40.97131460002856
145,1,42,50,6,12,1,"(1, 2)",35,0.4429942776243691,-0.06774925423674116,0.9228571428571428,0.5065422629316648,0.3360106348991394,34.07722090004245
145,2,42,50,6,12,1,"(1, 2)",69,0.5341457998110264,-0.015844823745608378,0.8927536231884058,0.49565593635334687,0.3765579164028168,45.5314706999925
145,3,42,50,6,12,1,"(1, 2)",110,0.5170105181069566,0.015262374532647203,0.8409090909090909,0.4872255010361021,0.37761858105659485,41.12330350000411
146,1,42,50,6,12,2,"(1, 2)",32,0.44026156156402596,-0.07492118437540839,0.93125,0.5267001453198885,0.316049188375473,34.19664280000143
146,2,42,50,6,12,2,"(1, 2)",57,0.5288713035088213,-0.002313287139405029,0.8947368421052632,0.49198747697201645,0.3659540116786957,46.06899699999485
146,3,42,50,6,12,2,"(1, 2)",101,0.5231691542597691,0.03347746727240523,0.8475247524752475,0.48595415423898136,0.382480651140213,41.20384480000939
147,1,42,50,6,12,4,"(1, 2)",25,0.4503697015025682,-0.07293272779823538,0.928,0.521975206832091,0.278228223323822,34.03125070000533
147,2,42,50,6,12,4,"(1, 2)",52,0.5141491127560314,-0.013872579413036825,0.8980769230769231,0.4935147288518074,0.3774602711200714,45.32381639996311
147,3,42,50,6,12,4,"(1, 2)",84,0.5453345771837661,0.047387962407713057,0.8738095238095238,0.48223997505617816,0.38300037384033203,40.83905389998108
148,1,42,50,6,12,6,"(1, 2)",21,0.454030094798476,-0.04702917010744534,0.9428571428571428,0.5197715570529302,0.2612863779067993,34.05835459998343
148,2,42,50,6,12,6,"(1, 2)",53,0.5160002582565396,-0.00023320916318958718,0.9132075471698113,0.500633732574742,0.3663368821144104,45.9496710000094
148,3,42,50,6,12,6,"(1, 2)",83,0.551478975119298,0.05364330473083714,0.8759036144578313,0.492593935257952,0.3766852915287018,41.196667000011075
149,1,42,50,6,16,1,"(1, 2)",20,0.4561249543779593,-0.035962213776014426,0.945,0.44522823314917714,0.35163336992263794,34.10083810001379
149,2,42,50,6,16,1,"(1, 2)",48,0.5356342994205169,-0.0017567423300982815,0.8854166666666666,0.46540004866463797,0.3720301687717438,45.38215069996659
149,3,42,50,6,16,1,"(1, 2)",81,0.5175370329365429,0.01726926846062401,0.8802469135802469,0.46512027457356453,0.40916192531585693,40.83409749995917
150,1,42,50,6,16,2,"(1, 2)",20,0.457759356708313,-0.03283550350592392,0.945,0.4785357750952244,0.31272608041763306,34.082479000033345
150,2,42,50,6,16,2,"(1, 2)",47,0.5311062381521826,0.0046297702178167265,0.8893617021276595,0.4804753821629744,0.36849215626716614,45.39252400002442
150,3,42,50,6,16,2,"(1, 2)",73,0.5324220364707349,0.038302655339119036,0.8821917808219178,0.46146356881554446,0.4066345989704132,41.484087500022724
151,1,42,50,6,16,4,"(1, 2)",18,0.4545856104488638,-0.05524211750347188,0.9555555555555556,0.48826045649392263,0.3009982705116272,34.087172500032466
151,2,42,50,6,16,4,"(1, 2)",42,0.5102207766663664,-0.0034682574430415615,0.9047619047619048,0.48834688873852,0.3740883469581604,45.23766819998855
151,3,42,50,6,16,4,"(1, 2)",69,0.5222562247108669,0.031734447142105465,0.8782608695652174,0.45927301674119886,0.4039117693901062,40.79006109997863
152,1,42,50,6,16,6,"(1, 2)",18,0.45928326550467524,-0.04945498499722204,0.9555555555555556,0.5091156008151861,0.2588626742362976,33.90174930001376
152,2,42,50,6,16,6,"(1, 2)",40,0.501888983492772,-0.01632535879618639,0.925,0.4874919170842451,0.35609865188598633,45.225114699976984
152,3,42,50,6,16,6,"(1, 2)",66,0.5355151751534084,0.038087010547308384,0.8863636363636364,0.46819092307174415,0.4037918150424957,40.56467429996701
153,1,42,50,6,24,1,"(1, 2)",9,0.3691552159873079,-0.12715886565083226,0.9111111111111111,0.38556821478737724,0.4410090744495392,34.38768570002867
153,2,42,50,6,24,1,"(1, 2)",35,0.5084238308078927,-0.011499787508450566,0.9028571428571428,0.4555483595017464,0.3933708369731903,45.22625690000132
153,3,42,50,6,24,1,"(1, 2)",54,0.525136488337239,0.03410327893297837,0.8925925925925926,0.4454704599053252,0.44648298621177673,40.88337689999025
154,1,42,50,6,24,2,"(1, 2)",9,0.3587484186998769,-0.17674690053103173,0.9222222222222223,0.39294047984812,0.3975299596786499,33.83802059997106
154,2,42,50,6,24,2,"(1, 2)",32,0.5160884631804141,0.014809272148757066,0.909375,0.46025288970239703,0.3988609313964844,45.21738300001016
154,3,42,50,6,24,2,"(1, 2)",51,0.5212846638509729,0.03538959133600164,0.8921568627450981,0.4430038458108902,0.4449026882648468,40.543612300010864
155,1,42,50,6,24,4,"(1, 2)",8,0.34044181201095214,-0.16940120072671366,0.9375,0.38960742950439453,0.43042442202568054,33.92212120001204
155,2,42,50,6,24,4,"(1, 2)",31,0.5083698661770742,-0.001979495814410152,0.9193548387096774,0.46168302114193255,0.37685227394104004,45.31111900001997
155,3,42,50,6,24,4,"(1, 2)",48,0.5309806100328653,0.026408419713441298,0.8958333333333334,0.4490871494231017,0.4377758502960205,41.23460129997693
156,1,42,50,6,24,6,"(1, 2)",9,0.3633298102153456,-0.13058688267077717,0.9444444444444444,0.3743269741535187,0.38597244024276733,33.91067599999951
156,2,42,50,6,24,6,"(1, 2)",31,0.4750772826068936,-0.029628877208269653,0.9290322580645162,0.46917103763137546,0.37116774916648865,45.179075599997304
156,3,42,50,6,24,6,"(1, 2)",49,0.5423232465389091,0.04487244116619115,0.8836734693877552,0.4524510720123847,0.43374866247177124,40.48346189997392
157,1,42,50,6,32,1,"(1, 2)",9,0.3691552159873079,-0.12715886565083226,0.9111111111111111,0.38556821478737724,0.4410090744495392,33.85378970002057
157,2,42,50,6,32,1,"(1, 2)",26,0.5536846820640373,0.05002215628485742,0.9192307692307692,0.44728645567710584,0.42165878415107727,45.27456039999379
157,3,42,50,6,32,1,"(1, 2)",45,0.50550832221909,0.026159689507943326,0.8777777777777778,0.42971377041604786,0.4758692979812622,40.39724799996475
158,1,42,50,6,32,2,"(1, 2)",8,0.3288510105503658,-0.15361601802096658,0.9375,0.40021425671875477,0.4566147029399872,33.91062909999164
158,2,42,50,6,32,2,"(1, 2)",25,0.5455165343404681,0.056069354624146646,0.936,0.4568256461620331,0.4021087884902954,45.16430360003142
158,3,42,50,6,32,2,"(1, 2)",45,0.5020632743185581,0.027816028555330448,0.88,0.43419952789942423,0.4644394516944885,40.703082599968184
159,1,42,50,6,32,4,"(1, 2)",7,0.3610154108836395,-0.15050605674700904,0.9428571428571428,0.38754904695919584,0.4332342743873596,33.854475800006185
159,2,42,50,6,32,4,"(1, 2)",23,0.5272536362437351,0.02022070121015546,0.9173913043478261,0.45749249106103723,0.40298962593078613,45.51448379998328
159,3,42,50,6,32,4,"(1, 2)",40,0.4899019888983158,0.003757453898031132,0.8875,0.43402410224080085,0.4569944739341736,40.37763340002857
160,1,42,50,6,32,6,"(1, 2)",6,0.3813718191400575,-0.13583432837210702,0.9666666666666667,0.35853791832923887,0.4709034860134125,33.87777000002097
160,2,42,50,6,32,6,"(1, 2)",22,0.5019076846180394,0.014792189211678358,0.9227272727272727,0.4532461613416672,0.3881162703037262,45.137068999989424
160,3,42,50,6,32,6,"(1, 2)",42,0.5040586349216416,0.018369884369155008,0.8761904761904762,0.44119989730062936,0.4513976275920868,40.38442059996305
161,1,42,50,8,8,1,"(1, 2)",49,0.46249320665837856,-0.10070486645273362,0.9020408163265307,0.5386424201230208,0.2854004502296448,34.02149459999055
161,2,42,50,8,8,1,"(1, 2)",89,0.5283490091582147,-0.03209703871937433,0.8696629213483146,0.5396959314931113,0.34274742007255554,45.61653589998605
161,3,42,50,8,8,1,"(1, 2)",148,0.49421846018043486,-0.01849819359863746,0.8574324324324324,0.48200835944503867,0.3484015464782715,41.37070480000693
162,1,42,50,8,8,2,"(1, 2)",46,0.470863247337866,-0.08805355448713961,0.9043478260869565,0.5493899229026976,0.2980180084705353,34.13601870002458
162,2,42,50,8,8,2,"(1, 2)",80,0.5330442844300527,-0.010255669203985698,0.8825,0.5398258777225718,0.3384302854537964,45.36745429999428
162,3,42,50,8,8,2,"(1, 2)",138,0.5203997561510776,0.01448683935615185,0.863768115942029,0.49129641868851404,0.3509189784526825,40.808684699994046
163,1,42,50,8,8,4,"(1, 2)",35,0.4803636885909923,-0.060515517384493164,0.9371428571428572,0.5826229735424644,0.28612345457077026,34.181039199989755
163,2,42,50,8,8,4,"(1, 2)",70,0.5396528952427889,-0.0017531501214919274,0.8814285714285715,0.5537036444459643,0.3387254774570465,45.43143160000909
163,3,42,50,8,8,4,"(1, 2)",115,0.5329054909146641,0.025327458483124822,0.8660869565217392,0.49872228898197773,0.35304978489875793,41.41364240000257
164,1,42,50,8,8,6,"(1, 2)",34,0.47446353060761814,-0.048311349196159876,0.9352941176470588,0.5745560506979625,0.29517319798469543,34.228027799981646
164,2,42,50,8,8,6,"(1, 2)",64,0.557670684571393,0.0228504547873233,0.8890625,0.5438158677324004,0.3476511538028717,45.34359499998391
164,3,42,50,8,8,6,"(1, 2)",99,0.5474484921838947,0.05732675633880675,0.8707070707070707,0.4974123358008373,0.37928470969200134,40.5501201999723
165,1,42,50,8,12,1,"(1, 2)",31,0.4441570375755773,-0.06486338649314712,0.9193548387096774,0.5092155275245508,0.3200695216655731,33.96904669998912
165,2,42,50,8,12,1,"(1, 2)",63,0.49507986004981813,-0.04131149456959986,0.8714285714285714,0.512996461863319,0.3696358799934387,45.41927700000815
165,3,42,50,8,12,1,"(1, 2)",106,0.515127009946437,0.012008145767395263,0.8660377358490566,0.47612307549909105,0.37080976366996765,41.15718239999842
166,1,42,50,8,12,2,"(1, 2)",29,0.4569816869349848,-0.0619419102123961,0.9206896551724137,0.5239846973042739,0.31352195143699646,34.291754800011404
166,2,42,50,8,12,2,"(1, 2)",55,0.5076428012233049,-0.012260278061390977,0.8818181818181818,0.5086732180345626,0.35467812418937683,45.42760679998901
166,3,42,50,8,12,2,"(1, 2)",87,0.5517064822848022,0.050462930082225584,0.8793103448275862,0.4828316331664218,0.3867804706096649,40.72635559999617
167,1,42,50,8,12,4,"(1, 2)",25,0.5251833707396333,0.014170367825150737,0.96,0.5536741651594639,0.2927919030189514,34.02204290003283
167,2,42,50,8,12,4,"(1, 2)",54,0.5131079342915086,-0.02477123030785252,0.8981481481481481,0.5020384454145664,0.3670346736907959,45.08495349995792
167,3,42,50,8,12,4,"(1, 2)",89,0.5468344642914134,0.047785820482997024,0.8640449438202247,0.49080674428688853,0.3681991398334503,41.054773100011516
168,1,42,50,8,12,6,"(1, 2)",23,0.47131630676298863,-0.034457013952187796,0.9565217391304348,0.5363806656428746,0.3531408905982971,34.16526629996952
168,2,42,50,8,12,6,"(1, 2)",47,0.546468307352285,0.0268345889281908,0.9106382978723404,0.5055253746417853,0.3595483601093292,45.30370290001156
168,3,42,50,8,12,6,"(1, 2)",77,0.5724707415265097,0.08130091740161739,0.8753246753246753,0.4882642389976815,0.3774257302284241,40.80525570001919
169,1,42,50,8,16,1,"(1, 2)",22,0.4210776436391642,-0.056701596854172094,0.9272727272727272,0.4477001459974992,0.357587069272995,34.195750700018834
169,2,42,50,8,16,1,"(1, 2)",44,0.5021605585327413,-0.018670123565038305,0.9,0.4758763893654472,0.38232332468032837,45.14694890001556
169,3,42,50,8,16,1,"(1, 2)",80,0.5478931689453189,0.05902124306614609,0.85875,0.47006210446357727,0.4053683578968048,40.97933080000803
170,1,42,50,8,16,2,"(1, 2)",21,0.43906357097915666,-0.040503701161916005,0.9333333333333333,0.4689032007008791,0.3332790732383728,33.99684779997915
170,2,42,50,8,16,2,"(1, 2)",43,0.5058165617862159,-0.007713648925785016,0.8953488372093024,0.48546179632345837,0.36686453223228455,45.059927899972536
170,3,42,50,8,16,2,"(1, 2)",72,0.551155812975786,0.05799723624614986,0.8875,0.4721204331561701,0.40716445446014404,40.4450058999937
171,1,42,50,8,16,4,"(1, 2)",20,0.5383589884311425,0.02372305998075077,0.96,0.5241478741168976,0.3101166784763336,33.94059700000798
171,2,42,50,8,16,4,"(1, 2)",42,0.5128981048473392,-0.01816387813341096,0.9,0.4898652583360672,0.37641507387161255,44.94479580002371
171,3,42,50,8,16,4,"(1, 2)",64,0.5399528369441045,0.0484283819787361,0.871875,0.4673617446826676,0.41027650237083435,40.29795170004945
172,1,42,50,8,16,6,"(1, 2)",16,0.47930022644074666,-0.017068783538558088,0.95625,0.4913491074528013,0.357734352350235,34.008967000001576
172,2,42,50,8,16,6,"(1, 2)",37,0.5495843891285295,0.03004099363586507,0.9108108108108108,0.48201287537813187,0.36592936515808105,45.00226700003259
172,3,42,50,8,16,6,"(1, 2)",62,0.5660558062379265,0.07453981479109512,0.8758064516129033,0.47184987912575405,0.4136950671672821,40.68431340000825
173,1,42,50,8,24,1,"(1, 2)",13,0.38560168592465927,-0.12799599982475865,0.9307692307692308,0.40727509930729866,0.40789198875427246,33.91229290002957
173,2,42,50,8,24,1,"(1, 2)",35,0.47935003690501443,-0.03901002407657802,0.9,0.45854656072333455,0.4066815674304962,44.9509208999807
173,3,42,50,8,24,1,"(1, 2)",53,0.5258179300612423,0.04118652857277312,0.8830188679245283,0.4439371734295251,0.45121440291404724,40.55906469997717
174,1,42,50,8,24,2,"(1, 2)",12,0.40615575773416074,-0.09704133691658012,0.95,0.4098922229475445,0.3920305371284485,33.91077089996543
174,2,42,50,8,24,2,"(1, 2)",33,0.4897970693526817,-0.0322226532445488,0.9030303030303031,0.4666833892464638,0.3871997594833374,44.98393400001805
174,3,42,50,8,24,2,"(1, 2)",51,0.5310419677147241,0.050987672177833315,0.8764705882352941,0.4482577378843345,0.4400883615016937,40.18830749997869
175,1,42,50,8,24,4,"(1, 2)",11,0.3853344640877678,-0.12566514981722904,0.9636363636363636,0.4507606737315655,0.3344878554344177,33.71497780003119
175,2,42,50,8,24,4,"(1, 2)",29,0.5114293565523274,-0.011705471851935607,0.9137931034482759,0.4674041514043455,0.412366658449173,44.87777790002292
175,3,42,50,8,24,4,"(1, 2)",50,0.550025333226721,0.06554421452603143,0.882,0.45578404009342194,0.4416326880455017,40.58559819997754
176,1,42,50,8,24,6,"(1, 2)",10,0.414449454180614,-0.06892676096317275,0.95,0.4614519774913788,0.39890581369400024,33.75424139999086
176,2,42,50,8,24,6,"(1, 2)",31,0.5233192867490228,0.011314298594302103,0.9225806451612903,0.4711796533444832,0.38226574659347534,44.931119700020645
176,3,42,50,8,24,6,"(1, 2)",50,0.5611327670113174,0.06691396428459345,0.89,0.45957102945872713,0.4304473400115967,40.13459079997847
177,1,42,50,8,32,1,"(1, 2)",10,0.42032402198143304,-0.10673318263694462,0.95,0.38635940104722977,0.3992413282394409,33.84107020002557
177,2,42,50,8,32,1,"(1, 2)",27,0.5027235238830173,-0.03238912539846489,0.9148148148148149,0.44994626423487294,0.4329199194908142,44.98601769999368
177,3,42,50,8,32,1,"(1, 2)",44,0.5085658224261935,0.03550511745483875,0.865909090909091,0.4332149089737372,0.46501395106315613,40.29407240002183
178,1,42,50,8,32,2,"(1, 2)",10,0.4221497022972577,-0.10213617487444404,0.96,0.4093016888946295,0.3767915964126587,33.674119500035886
178,2,42,50,8,32,2,"(1, 2)",23,0.5105766997287988,-0.008800359109230093,0.9130434782608695,0.4505015503276478,0.40523791313171387,44.806463399960194
178,3,42,50,8,32,2,"(1, 2)",43,0.5133121780650667,0.04682299945643741,0.8627906976744186,0.43393841108610465,0.45367977023124695,40.40210730000399
179,1,42,50,8,32,4,"(1, 2)",9,0.4117344135610465,-0.09473051398307428,0.9444444444444444,0.4171394026941723,0.3886060416698456,33.81644770002458
179,2,42,50,8,32,4,"(1, 2)",20,0.5759542999099524,0.05194542725085018,0.925,0.4657328873872757,0.4422622621059418,44.839064400002826
179,3,42,50,8,32,4,"(1, 2)",44,0.5162421508666871,0.0329021519358419,0.865909090909091,0.445528929206458,0.44354695081710815,40.028246699948795
180,1,42,50,8,32,6,"(1, 2)",9,0.3553141837513865,-0.09909063320212459,0.9444444444444444,0.4456587036450704,0.4220961034297943,33.78906410001218
180,2,42,50,8,32,6,"(1, 2)",22,0.5444336017068826,0.04744878707995442,0.9227272727272727,0.4643153338269754,0.38607537746429443,45.034828099946026
180,3,42,50,8,32,6,"(1, 2)",41,0.5408067497974572,0.05400316691200729,0.875609756097561,0.4462619870901108,0.4461095929145813,39.98387779999757
181,1,42,70,4,8,1,"(1, 2)",46,0.45628192837287535,-0.11961086016426851,0.908695652173913,0.5695604321203733,0.2922898828983307,34.330683599982876
181,2,42,70,4,8,1,"(1, 2)",100,0.5274752871725984,-0.03450842529989715,0.862,0.5349927055385878,0.32974088191986084,46.600947400031146
181,3,42,70,4,8,1,"(1, 2)",152,0.5151539332009232,0.006400163468439091,0.8552631578947368,0.5022125464041256,0.3528870642185211,42.78469020000193
182,1,42,70,4,8,2,"(1, 2)",42,0.43656439411662606,-0.13123351498787159,0.9261904761904762,0.5721318535506725,0.3007592558860779,34.38179890002357
182,2,42,70,4,8,2,"(1, 2)",97,0.5222951186526263,-0.026131693431158006,0.8793814432989691,0.5567658771859839,0.32941174507141113,45.92171869997401
182,3,42,70,4,8,2,"(1, 2)",140,0.5132981818483403,0.005204611250835973,0.8557142857142858,0.5175857360164324,0.3436269462108612,42.699422500038054
183,1,42,70,4,8,4,"(1, 2)",34,0.4668395012247497,-0.02208681621220864,0.9205882352941176,0.5496734753251076,0.2917604446411133,34.78260390000651
183,2,42,70,4,8,4,"(1, 2)",75,0.570579303581533,0.04451619534684565,0.8906666666666667,0.5542987568134611,0.34098607301712036,45.74943440000061
183,3,42,70,4,8,4,"(1, 2)",113,0.528145572992746,0.023855811154111107,0.8610619469026549,0.5274521744786165,0.3466108441352844,42.76443449995713
184,1,42,70,4,8,6,"(1, 2)",29,0.43801596402517085,-0.06676267677323734,0.9586206896551724,0.5688399937417772,0.29064399003982544,34.22035429999232
184,2,42,70,4,8,6,"(1, 2)",66,0.5838588538091507,0.04415655480057386,0.8863636363636364,0.5489764618567932,0.32449421286582947,45.61538880004082
184,3,42,70,4,8,6,"(1, 2)",93,0.5460109526723611,0.03773583678694517,0.8709677419354839,0.5046232103461951,0.3499786853790283,42.28811049996875
185,1,42,70,4,12,1,"(1, 2)",34,0.44626914915242577,-0.09240034350646262,0.9205882352941176,0.5425005820062425,0.3143594264984131,34.58823839999968
185,2,42,70,4,12,1,"(1, 2)",69,0.5201883619141191,-0.044612001484661025,0.8797101449275362,0.5124327741390051,0.3387281000614166,46.2512485999614
185,3,42,70,4,12,1,"(1, 2)",109,0.5182427067879203,0.014910040227612492,0.8486238532110092,0.4896150752045642,0.37887081503868103,42.44411499996204
186,1,42,70,4,12,2,"(1, 2)",31,0.4568328276785215,-0.06176875865412604,0.9258064516129032,0.5738435536623001,0.3038806617259979,34.35886869998649
186,2,42,70,4,12,2,"(1, 2)",63,0.5202350763994025,-0.035564415039053124,0.8904761904761904,0.5315913354478231,0.3407290279865265,45.91681590001099
186,3,42,70,4,12,2,"(1, 2)",98,0.5322209977530257,0.024041406127638696,0.8397959183673469,0.5041487618553929,0.36615532636642456,42.42675849999068
187,1,42,70,4,12,4,"(1, 2)",21,0.4480639958214181,-0.021863412085128014,0.9238095238095239,0.5275352055376227,0.314100980758667,34.26240070001222
187,2,42,70,4,12,4,"(1, 2)",55,0.5489858730663271,0.029073224234735125,0.8945454545454545,0.534844313405062,0.34798574447631836,46.05765109998174
187,3,42,70,4,12,4,"(1, 2)",84,0.5426008424208654,0.042550296282416945,0.8761904761904762,0.5029241315264633,0.37320423126220703,42.20912629994564
188,1,42,70,4,12,6,"(1, 2)",18,0.4692695262552674,0.0058465168188321604,0.9555555555555556,0.5515718758106232,0.29997411370277405,34.23975500004599
188,2,42,70,4,12,6,"(1, 2)",49,0.5614607269357468,0.02972018981202349,0.9142857142857143,0.5244381120428443,0.3345620632171631,45.67527459998382
188,3,42,70,4,12,6,"(1, 2)",78,0.5596663123131224,0.06014483281729439,0.8692307692307693,0.501127799126235,0.3598773777484894,42.13356789998943
189,1,42,70,4,16,1,"(1, 2)",24,0.4656204472159291,-0.07121375324243646,0.95,0.5073424140612285,0.3259623050689697,34.197565000038594
189,2,42,70,4,16,1,"(1, 2)",46,0.5212239974512711,-0.035929738188173466,0.9043478260869565,0.49664050691268025,0.3617258071899414,45.63036949996604
189,3,42,70,4,16,1,"(1, 2)",78,0.540516751386185,0.03711006940225834,0.8551282051282051,0.4746355851077371,0.4100668728351593,42.4399953999673
190,1,42,70,4,16,2,"(1, 2)",24,0.44577331875232984,-0.07328312169207069,0.9666666666666667,0.5643432209124932,0.31113529205322266,34.22388020000653
190,2,42,70,4,16,2,"(1, 2)",46,0.5265450084455185,-0.03217900562412276,0.9065217391304348,0.5085678497950236,0.35549163818359375,45.50861130002886
190,3,42,70,4,16,2,"(1, 2)",74,0.5422623900798403,0.03974114877353097,0.8689189189189189,0.48010339398882285,0.3898879587650299,41.942988399998285
191,1,42,70,4,16,4,"(1, 2)",17,0.4378540668649686,-0.053633016233009825,0.9235294117647059,0.510521537065506,0.3341570496559143,34.19838710001204
191,2,42,70,4,16,4,"(1, 2)",40,0.5420461530683792,0.008606440967446083,0.92,0.523740416765213,0.3627569079399109,45.62938599998597
191,3,42,70,4,16,4,"(1, 2)",64,0.5426369428357292,0.04927080757963388,0.8890625,0.47684161904557,0.3932066261768341,42.40867450000951
192,1,42,70,4,16,6,"(1, 2)",16,0.43577225187544205,-0.042347634527025356,0.95625,0.56105295249394,0.311082124710083,34.141084900009446
192,2,42,70,4,16,6,"(1, 2)",40,0.5436387974530117,0.021510152666525117,0.9225,0.5092520621316187,0.3407449424266815,45.73221759998705
192,3,42,70,4,16,6,"(1, 2)",63,0.5516506295095387,0.04881400993648401,0.8873015873015873,0.47183285201234476,0.396781325340271,41.90665859996807
193,1,42,70,4,24,1,"(1, 2)",9,0.3951309381420727,-0.13107651296722517,0.9222222222222223,0.42653753076280865,0.43103086948394775,34.158347100019455
193,2,42,70,4,24,1,"(1, 2)",36,0.49289998975277527,-0.07370565572760396,0.9222222222222223,0.4718487019892092,0.36379703879356384,45.80943629995454
193,3,42,70,4,24,1,"(1, 2)",54,0.522377480635692,0.021030334092069693,0.8777777777777778,0.4348458054440993,0.4555071294307709,42.0508731000009
194,1,42,70,4,24,2,"(1, 2)",7,0.3833635416911229,-0.14382213881006906,0.9571428571428572,0.4408021441527775,0.4097153842449188,34.508678899961524
194,2,42,70,4,24,2,"(1, 2)",35,0.49995775162707434,-0.05568132955890026,0.9257142857142857,0.47964357446741174,0.36407095193862915,45.8153508999967
194,3,42,70,4,24,2,"(1, 2)",53,0.531023349076779,0.03631226636742988,0.8905660377358491,0.4521214734105503,0.4392329752445221,42.36373189999722
195,1,42,70,4,24,4,"(1, 2)",11,0.43355250416549646,-0.07121344388066642,0.9454545454545454,0.4715382128953934,0.39904916286468506,34.03771370003233
195,2,42,70,4,24,4,"(1, 2)",33,0.5180200079264676,-0.0036657708936990887,0.9333333333333333,0.5033388550464923,0.3646530508995056,45.56528809998417
195,3,42,70,4,24,4,"(1, 2)",49,0.5544625884541866,0.06873555951985835,0.8918367346938776,0.45260851465641183,0.4244670867919922,41.715407599986065
196,1,42,70,4,24,6,"(1, 2)",8,0.3630607879668298,-0.16688067689733949,0.9625,0.4435602009296417,0.34581121802330017,34.03945169999497
196,2,42,70,4,24,6,"(1, 2)",32,0.533139606180303,0.003086582314574038,0.928125,0.4937917602062225,0.351663738489151,45.49377469997853
196,3,42,70,4,24,6,"(1, 2)",48,0.5489952762253071,0.045098096148982136,0.8916666666666667,0.4568824356664782,0.4249688982963562,41.78091890003998
197,1,42,70,4,32,1,"(1, 2)",6,0.4075319289335335,-0.15500575710243933,0.9333333333333333,0.40298651655515033,0.47051846981048584,33.937195700011216
197,2,42,70,4,32,1,"(1, 2)",26,0.4871019151919126,-0.06065109354247263,0.9153846153846154,0.45838414913132075,0.3610538840293884,45.38229280000087
197,3,42,70,4,32,1,"(1, 2)",45,0.5056688058797328,0.011343870242771163,0.8644444444444445,0.4306819770071242,0.4581720530986786,42.00136370002292
198,1,42,70,4,32,2,"(1, 2)",6,0.41557162001181464,-0.16063569379709694,0.95,0.41617122789223987,0.440245658159256,34.61194069997873
198,2,42,70,4,32,2,"(1, 2)",22,0.48546827754144056,-0.02583297003953037,0.9318181818181818,0.46761410957888555,0.36809641122817993,45.6677341000177
198,3,42,70,4,32,2,"(1, 2)",44,0.503550062546852,0.02025108028837169,0.8795454545454545,0.4395138536180769,0.44561901688575745,41.90521340002306
199,1,42,70,4,32,4,"(1, 2)",8,0.3888599930862826,-0.14728658596484334,0.9875,0.39798590168356895,0.41966381669044495,34.111458499974106
199,2,42,70,4,32,4,"(1, 2)",24,0.49710871484454544,-0.012034705738930063,0.9291666666666667,0.47619933046792684,0.36112675070762634,45.605409599957056
199,3,42,70,4,32,4,"(1, 2)",41,0.5437804788272416,0.0611339126340995,0.8780487804878049,0.4394229035824537,0.4398213028907776,41.8870273999637
200,1,42,70,4,32,6,"(1, 2)",6,0.3954865113947484,-0.17764871574259464,0.9166666666666666,0.4277886986732483,0.3496421277523041,34.09767370001646
200,2,42,70,4,32,6,"(1, 2)",4,0.6762781171913315,0.20392808100451623,0.975,0.4522303268313408,0.5593773722648621,45.211627800017595
200,3,42,70,4,32,6,"(1, 2)",40,0.5231140772548624,0.037605550267189355,0.8725,0.4413035592207542,0.4262956380844116,41.675633599981666
201,1,42,70,6,8,1,"(1, 2)",45,0.48043917810311515,-0.07252426911104201,0.9244444444444444,0.5278270807531145,0.2432997226715088,34.566718200047035
201,2,42,70,6,8,1,"(1, 2)",95,0.5558538726954034,0.004151957658469272,0.8778947368421053,0.5703576449304819,0.31446826457977295,46.95818529999815
201,3,42,70,6,8,1,"(1, 2)",148,0.5243008202702528,0.022301014665374465,0.8513513513513513,0.5167282646440942,0.3316515386104584,43.25799409998581
202,1,42,70,6,8,2,"(1, 2)",38,0.46458461280667995,-0.08281483890978614,0.9157894736842105,0.5176279194214765,0.24668483436107635,34.27400299999863
202,2,42,70,6,8,2,"(1, 2)",91,0.5496129920804143,-0.00706671291645444,0.8714285714285714,0.5757919006877475,0.3101290166378021,46.126111300021876
202,3,42,70,6,8,2,"(1, 2)",135,0.5275176951874662,0.0198673261625806,0.8629629629629629,0.5232578990299527,0.3393772542476654,43.84094720002031
203,1,42,70,6,8,4,"(1, 2)",33,0.44973357155912913,-0.09244763393701608,0.9242424242424242,0.5716842090090116,0.24740132689476013,34.46473979996517
203,2,42,70,6,8,4,"(1, 2)",72,0.5839647776579269,0.05351229110871704,0.8777777777777778,0.5931621997094736,0.3029722571372986,46.31994140002644
203,3,42,70,6,8,4,"(1, 2)",111,0.5346231096101289,0.034612863574622565,0.8621621621621621,0.510035319102777,0.33644893765449524,43.03209069999866
204,1,42,70,6,8,6,"(1, 2)",24,0.473788159152695,-0.09251587433488213,0.9458333333333333,0.5538239061832428,0.27967599034309387,34.40125930000795
204,2,42,70,6,8,6,"(1, 2)",62,0.5948508963607988,0.06585442159651088,0.8806451612903226,0.5578841260737843,0.31767088174819946,46.00522839999758
204,3,42,70,6,8,6,"(1, 2)",100,0.5547601192936119,0.05103598459160278,0.877,0.5073665478336278,0.33616840839385986,42.789566499996
205,1,42,70,6,12,1,"(1, 2)",28,0.42787931871080137,-0.09066393910218518,0.925,0.48114533722400665,0.2724227011203766,34.23063279996859
205,2,42,70,6,12,1,"(1, 2)",71,0.5135703869993836,-0.030219663516779578,0.8830985915492958,0.5557797402143478,0.3245570957660675,46.37524520000443
205,3,42,70,6,12,1,"(1, 2)",116,0.5209674721044054,0.02149788957303538,0.8551724137931035,0.5030593616379933,0.34447550773620605,43.117924500023946
206,1,42,70,6,12,2,"(1, 2)",26,0.4391933272137632,-0.09407535227921518,0.926923076923077,0.5003807211623472,0.2550922930240631,34.4751169999945
206,2,42,70,6,12,2,"(1, 2)",65,0.5140150975072032,-0.04127226822169745,0.8907692307692308,0.566429112966244,0.3347833752632141,46.101135600009
206,3,42,70,6,12,2,"(1, 2)",101,0.5324344059873629,0.020130127353167625,0.8782178217821782,0.4979080051565782,0.34707143902778625,42.822819699998945
207,1,42,70,6,12,4,"(1, 2)",20,0.4541106986309006,-0.0688352902511335,0.95,0.5853003534403715,0.24084708094596863,34.88255079998635
207,2,42,70,6,12,4,"(1, 2)",47,0.5619222982555622,0.016727174710199706,0.9,0.5454817318147228,0.3251090347766876,45.74762239999836
207,3,42,70,6,12,4,"(1, 2)",85,0.5373637785239488,0.04211502449592158,0.8623529411764705,0.4937663306928661,0.37199997901916504,42.710390500025824
208,1,42,70,6,12,6,"(1, 2)",18,0.4530009340251458,-0.06528618006742128,0.9555555555555556,0.5538239061832428,0.27967602014541626,34.283774699957576
208,2,42,70,6,12,6,"(1, 2)",45,0.5758980060738204,0.04920813921683759,0.9044444444444445,0.5259075780709584,0.3242301046848297,45.904915900027845
208,3,42,70,6,12,6,"(1, 2)",76,0.5584153525120534,0.07176212055427289,0.8736842105263158,0.4898378134719909,0.3595072627067566,42.58817150001414
209,1,42,70,6,16,1,"(1, 2)",23,0.4420702706573293,-0.05779784464487538,0.9304347826086956,0.49520797096192837,0.2836746275424957,34.33050119999098
209,2,42,70,6,16,1,"(1, 2)",46,0.4987256327326165,-0.050048162575789236,0.9021739130434783,0.5045450493212669,0.34534379839897156,45.949460199975874
209,3,42,70,6,16,1,"(1, 2)",81,0.5123607446874765,0.015203296950124855,0.8740740740740741,0.47772931496598825,0.3740851879119873,43.274975800013635
210,1,42,70,6,16,2,"(1, 2)",23,0.4486704865282473,-0.0794276054749607,0.9260869565217391,0.5155538896719615,0.2706197500228882,34.318744499993045
210,2,42,70,6,16,2,"(1, 2)",44,0.5046386313500352,-0.04586803532035633,0.9090909090909091,0.5169061879316966,0.3467620015144348,45.90010119997896
210,3,42,70,6,16,2,"(1, 2)",72,0.5161197033074105,0.02904533965201143,0.8805555555555555,0.47689631185494363,0.38778895139694214,42.613648600003216
211,1,42,70,6,16,4,"(1, 2)",18,0.451642712790717,-0.06785511231031771,0.9555555555555556,0.5800381541252136,0.24703624844551086,34.33064830000512
211,2,42,70,6,16,4,"(1, 2)",39,0.5334870152059374,-0.002388104148595903,0.9205128205128205,0.524830225441191,0.3300541937351227,45.683831200003624
211,3,42,70,6,16,4,"(1, 2)",65,0.5439985415404253,0.053151282884389306,0.8769230769230769,0.47089384774030263,0.3884207308292389,42.47439370001666
212,1,42,70,6,16,6,"(1, 2)",17,0.4112534184717287,-0.11895619263951787,0.9647058823529412,0.5328796969519721,0.2657746970653534,34.24034850002499
212,2,42,70,6,16,6,"(1, 2)",39,0.5682571812260598,0.04445661272115686,0.9128205128205128,0.5107556506991386,0.3183990716934204,45.68204749998404
212,3,42,70,6,16,6,"(1, 2)",61,0.5529923235056509,0.06304353057699955,0.8754098360655738,0.47054093965777644,0.3832133114337921,42.81758410000475
213,1,42,70,6,24,1,"(1, 2)",12,0.3287056854575921,-0.19583535204821897,0.9416666666666667,0.38749779760837555,0.31486180424690247,34.50864099996397
213,2,42,70,6,24,1,"(1, 2)",35,0.49481931435721876,-0.023198555111359744,0.9085714285714286,0.4814554678982702,0.36910802125930786,45.576635500008706
213,3,42,70,6,24,1,"(1, 2)",54,0.5285742732664455,0.03989828432729405,0.8888888888888888,0.4497751401594052,0.42738160490989685,42.22507129999576
214,1,42,70,6,24,2,"(1, 2)",8,0.35390012566966833,-0.14243970085355356,0.9375,0.3721218534878322,0.427814245223999,34.19288460002281
214,2,42,70,6,24,2,"(1, 2)",35,0.5012026834692088,-0.026526268513060405,0.9142857142857143,0.4963580274156162,0.3695715069770813,45.62931299995398
214,3,42,70,6,24,2,"(1, 2)",54,0.5389301039598969,0.05249489346643177,0.8962962962962963,0.46479305946359445,0.4091818630695343,42.24486499995692
215,1,42,70,6,24,4,"(1, 2)",10,0.3585172728146827,-0.1593225828682611,0.94,0.4970587491989136,0.30743834376335144,34.22999520000303
215,2,42,70,6,24,4,"(1, 2)",31,0.5154647757320581,0.003320672803965043,0.9193548387096774,0.49168159315983456,0.3442821502685547,45.70198229997186
215,3,42,70,6,24,4,"(1, 2)",50,0.5461478550316368,0.04943581951823004,0.876,0.4695213370177211,0.4141601622104645,42.71826389996568
216,1,42,70,6,24,6,"(1, 2)",9,0.36204384964695374,-0.209599831605258,0.9444444444444444,0.46230171620845795,0.3007863163948059,34.22634450002806
216,2,42,70,6,24,6,"(1, 2)",31,0.5612990331266534,0.05762764199051626,0.9258064516129032,0.5018118298053742,0.3282411992549896,45.67000090004876
216,3,42,70,6,24,6,"(1, 2)",48,0.5436774597436326,0.047612970115766956,0.8791666666666667,0.4597113229658293,0.4096161425113678,42.35194309998769
217,1,42,70,6,32,1,"(1, 2)",10,0.350380556502819,-0.1817417670481781,0.94,0.37935471369160545,0.3809165060520172,34.1925462000072
217,2,42,70,6,32,1,"(1, 2)",26,0.4872993725447626,-0.032422980875288936,0.9346153846153846,0.47017762064933777,0.35945719480514526,45.70940230000997
217,3,42,70,6,32,1,"(1, 2)",44,0.5172556441366497,0.019368023898010886,0.875,0.44652931711503435,0.42645886540412903,42.30563700001221
218,1,42,70,6,32,2,"(1, 2)",7,0.3489616974661116,-0.12850548808853254,0.9428571428571428,0.3721218534878322,0.45800304412841797,34.63775799999712
218,2,42,70,6,32,2,"(1, 2)",24,0.49177008182083676,-0.039733477019586516,0.9333333333333333,0.4857746288180351,0.37971025705337524,45.87211719999323
218,3,42,70,6,32,2,"(1, 2)",36,0.5285579020445976,0.05033573046192189,0.8694444444444445,0.45723044706715477,0.44423145055770874,42.31615149998106
219,1,42,70,6,32,4,"(1, 2)",9,0.36262068759370003,-0.16188018301958343,0.9555555555555556,0.4970587491989136,0.30743834376335144,34.24705339997308
219,2,42,70,6,32,4,"(1, 2)",21,0.5237735288832811,0.01904050342431563,0.919047619047619,0.4803357571363449,0.3615950047969818,46.24849540001014
219,3,42,70,6,32,4,"(1, 2)",42,0.5367636937027436,0.04000415195239261,0.8642857142857143,0.4591925520272482,0.4216916561126709,42.246750899998005
220,1,42,70,6,32,6,"(1, 2)",8,0.38696953048573923,-0.19756729361626318,0.9375,0.4327236201081957,0.35597091913223267,34.058329099963885
220,2,42,70,6,32,6,"(1, 2)",21,0.5405349518015778,0.03392190813735788,0.9333333333333333,0.4790149174238506,0.34301844239234924,45.677714099991135
220,3,42,70,6,32,6,"(1, 2)",41,0.5320734678930135,0.04234022415704378,0.8731707317073171,0.44788353964686395,0.41542232036590576,42.36113510001451
221,1,42,70,8,8,1,"(1, 2)",40,0.482913531696082,-0.08325640773677533,0.905,0.5762131599818959,0.2778407335281372,34.54707689996576
221,2,42,70,8,8,1,"(1, 2)",98,0.5284441159334199,-0.001517551480753668,0.8612244897959184,0.5581764181454977,0.3068895936012268,46.10846030001994
221,3,42,70,8,8,1,"(1, 2)",147,0.5251120532581062,0.01951048255081641,0.8591836734693877,0.5338763581381903,0.3308924436569214,43.46302759996615
222,1,42,70,8,8,2,"(1, 2)",37,0.4822532078243771,-0.08666791899375387,0.9243243243243243,0.615148933728536,0.2584037482738495,34.3629902000539
222,2,42,70,8,8,2,"(1, 2)",92,0.5531176025680931,0.018156009521865708,0.8543478260869565,0.5528820891712987,0.30863726139068604,46.13042480003787
222,3,42,70,8,8,2,"(1, 2)",125,0.5298723731968772,0.020991579156634486,0.8576,0.5342052200945412,0.3387424349784851,43.148950100003276
223,1,42,70,8,8,4,"(1, 2)",32,0.4738576005938549,-0.052720107360437966,0.915625,0.599661477974483,0.27465593814849854,34.40676909999456
223,2,42,70,8,8,4,"(1, 2)",77,0.5418027853330714,-0.0013442373098781278,0.8688311688311688,0.5747643331202065,0.30719611048698425,45.83314149995567
223,3,42,70,8,8,4,"(1, 2)",109,0.5436467750454453,0.042506751197369894,0.8761467889908257,0.5209319503374503,0.3421454429626465,43.01083609997295
224,1,42,70,8,8,6,"(1, 2)",32,0.47019578874829926,-0.07911225165080034,0.921875,0.6073375160877521,0.27623695135116577,34.197198699985165
224,2,42,70,8,8,6,"(1, 2)",65,0.5991999829479236,0.07495819331068915,0.8938461538461538,0.554309978204615,0.3095000088214874,45.71213270002045
224,3,42,70,8,8,6,"(1, 2)",99,0.5503447295698621,0.049254457194119555,0.8757575757575757,0.51519867609924,0.3406055271625519,42.400997399992775
225,1,42,70,8,12,1,"(1, 2)",29,0.46957816096912747,-0.07048036034517677,0.9344827586206896,0.5340893884499868,0.2832394540309906,34.16462530003628
225,2,42,70,8,12,1,"(1, 2)",68,0.4984149251415614,-0.05054229743972771,0.8808823529411764,0.5133328951895237,0.3405311107635498,45.865332400018815
225,3,42,70,8,12,1,"(1, 2)",100,0.5299298334454873,0.04073378111594256,0.853,0.5118016277144595,0.36457639932632446,43.17312900000252
226,1,42,70,8,12,2,"(1, 2)",29,0.47192886411546087,-0.07306334400765951,0.9448275862068966,0.5713288944501144,0.2699618935585022,34.155137299967464
226,2,42,70,8,12,2,"(1, 2)",64,0.5245032161452908,-0.030826357291698435,0.8765625,0.5112998916043175,0.33112385869026184,45.69986059999792
226,3,42,70,8,12,2,"(1, 2)",97,0.5245421212916688,0.03910260708144897,0.8587628865979381,0.5226565781351807,0.36083218455314636,42.38576790003572
227,1,42,70,8,12,4,"(1, 2)",20,0.49009305339435133,-0.026392631023463703,0.935,0.5436893370416429,0.276203453540802,34.241908900032286
227,2,42,70,8,12,4,"(1, 2)",53,0.5306169810743148,-0.007829076750199768,0.8962264150943396,0.540553480386734,0.31533920764923096,45.637927200004924
227,3,42,70,8,12,4,"(1, 2)",80,0.5423015923541227,0.04017429068343375,0.87625,0.49395042955875396,0.36687979102134705,42.5903461999842
228,1,42,70,8,12,6,"(1, 2)",18,0.4536033101477146,-0.04253752224285163,0.9444444444444444,0.5724943851431211,0.2797461152076721,34.28093239996815
228,2,42,70,8,12,6,"(1, 2)",44,0.5374033395034923,0.006000621191298299,0.9113636363636364,0.5279161095619201,0.3309338092803955,45.422225999995135
228,3,42,70,8,12,6,"(1, 2)",77,0.5484296450976212,0.05646894226966887,0.8831168831168831,0.4980860740849466,0.3573910593986511,42.22291349997977
229,1,42,70,8,16,1,"(1, 2)",21,0.45593274884437773,-0.08709682488755632,0.9476190476190476,0.49823350402025074,0.27852949500083923,34.22645379998721
229,2,42,70,8,16,1,"(1, 2)",52,0.47995683626898894,-0.07956730976936771,0.8903846153846153,0.5051564676421029,0.35295066237449646,45.48493330000201
229,3,42,70,8,16,1,"(1, 2)",79,0.5377391422442707,0.060928104531911643,0.850632911392405,0.49322512703282495,0.3860240578651428,42.1157217999571
230,1,42,70,8,16,2,"(1, 2)",19,0.4623931276286973,-0.08024300552416433,0.9631578947368421,0.5244061946868896,0.26883605122566223,34.22909050004091
230,2,42,70,8,16,2,"(1, 2)",44,0.513618879633366,-0.02750041578478626,0.8954545454545455,0.5032662249663297,0.3499627113342285,45.62938459997531
230,3,42,70,8,16,2,"(1, 2)",71,0.5365319652806424,0.04660305753877229,0.8704225352112676,0.4860600583976315,0.3772270679473877,42.88419310003519
231,1,42,70,8,16,4,"(1, 2)",14,0.4566806952533236,-0.04014647040685087,0.9571428571428572,0.5343116886085935,0.3079490661621094,34.352775599982124
231,2,42,70,8,16,4,"(1, 2)",39,0.5165516110189412,-0.021014817987854383,0.9051282051282051,0.5107869250433785,0.3417205810546875,45.58666779997293
231,3,42,70,8,16,4,"(1, 2)",67,0.5490137649704279,0.05288397591741447,0.8835820895522388,0.4731726433182585,0.3726482093334198,42.03169239999261
232,1,42,70,8,16,6,"(1, 2)",18,0.4536033101477146,-0.04253752224285163,0.9444444444444444,0.5724943851431211,0.2797461152076721,34.11373519996414
232,2,42,70,8,16,6,"(1, 2)",36,0.549280378614861,0.02763376517085208,0.9166666666666666,0.5190469313550878,0.3333878815174103,45.695129100000486
232,3,42,70,8,16,6,"(1, 2)",62,0.5424712599248154,0.056928978172786145,0.882258064516129,0.47375275992921423,0.3811839520931244,42.53538760001538
233,1,42,70,8,24,1,"(1, 2)",11,0.42641742725387827,-0.1609640970061273,0.9636363636363636,0.4740749533687319,0.30705270171165466,34.30076770001324
233,2,42,70,8,24,1,"(1, 2)",35,0.48533787423600194,-0.044347724235520976,0.9057142857142857,0.47975364944030496,0.362703412771225,45.68260320002446
233,3,42,70,8,24,1,"(1, 2)",52,0.519447926042686,0.03669125973791771,0.8884615384615384,0.4570849078893662,0.4349885880947113,42.267410700034816
234,1,42,70,8,24,2,"(1, 2)",8,0.45830054638214324,-0.09186939196437988,0.975,0.4837171712091991,0.34755897521972656,34.17686180002056
234,2,42,70,8,24,2,"(1, 2)",34,0.49165986379189697,-0.041272650169500144,0.9088235294117647,0.47406298560755594,0.3544066548347473,45.466276600025594
234,3,42,70,8,24,2,"(1, 2)",51,0.524665347334023,0.04089933212734335,0.8862745098039215,0.4578365099673368,0.41902828216552734,41.951244099996984
235,1,42,70,8,24,4,"(1, 2)",7,0.3486590004730945,-0.1531691918273966,0.9571428571428572,0.39513370607580456,0.374557763338089,34.22869180003181
235,2,42,70,8,24,4,"(1, 2)",32,0.4746571440839301,-0.05282851355643561,0.909375,0.49690770415159374,0.35211077332496643,45.71729950001463
235,3,42,70,8,24,4,"(1, 2)",49,0.5560182151742048,0.05764426560152558,0.8857142857142857,0.459718675352633,0.4167117178440094,42.03703730000416
236,1,42,70,8,24,6,"(1, 2)",9,0.3849484022525316,-0.09252818882488087,0.9333333333333333,0.5047324877232313,0.3521994650363922,34.159059099969454
236,2,42,70,8,24,6,"(1, 2)",30,0.5287271302366211,0.004285712660022057,0.9333333333333333,0.48783327185589337,0.3525806963443756,45.41352320002625
236,3,42,70,8,24,6,"(1, 2)",47,0.5474624467918746,0.05781508088483035,0.8808510638297873,0.46482332970233675,0.41632840037345886,42.27577069995459
237,1,42,70,8,32,1,"(1, 2)",7,0.45754206281076737,-0.041547396252238945,0.9714285714285714,0.4166326288666044,0.4138340651988983,34.13459910004167
237,2,42,70,8,32,1,"(1, 2)",25,0.509124801202725,-0.02103106248047047,0.916,0.46380476518110797,0.3802308142185211,46.07497149996925
237,3,42,70,8,32,1,"(1, 2)",46,0.5120907850823092,0.027416936365753583,0.8869565217391304,0.44953867263264125,0.4380378723144531,42.02216860000044
238,1,42,70,8,32,2,"(1, 2)",7,0.45399887975172604,-0.04372802924995378,0.9714285714285714,0.46071951729910715,0.3788638710975647,34.199537199980114
238,2,42,70,8,32,2,"(1, 2)",23,0.5171861235585014,-0.008513151490605539,0.9434782608695652,0.4568585270927066,0.3733394742012024,45.595240199996624
238,3,42,70,8,32,2,"(1, 2)",44,0.5188869776272284,0.03767153192282215,0.8772727272727273,0.45268445191058243,0.4275105595588684,41.85087269998621
239,1,42,70,8,32,4,"(1, 2)",7,0.3486590004730945,-0.1531691918273966,0.9571428571428572,0.39513370607580456,0.374557763338089,34.198536700045224
239,2,42,70,8,32,4,"(1, 2)",21,0.5298175324310362,0.002607999239531705,0.9238095238095239,0.46966241896152494,0.3775327205657959,45.76716089999536
239,3,42,70,8,32,4,"(1, 2)",43,0.534726618648073,0.047741624557617414,0.8744186046511628,0.45317331268343813,0.41659408807754517,41.80744460003916
240,1,42,70,8,32,6,"(1, 2)",6,0.349377682009282,-0.11540806222480711,0.95,0.4746629223227501,0.3854432702064514,34.06018019997282
240,2,42,70,8,32,6,"(1, 2)",21,0.5434026879633056,0.03264633941824765,0.9428571428571428,0.47761041091548073,0.35538384318351746,45.96837299998151
240,3,42,70,8,32,6,"(1, 2)",42,0.5288709400787951,0.038916580478459695,0.8857142857142857,0.4565300451857703,0.4237758219242096,41.8222839999944
241,1,42,90,4,8,1,"(1, 2)",50,0.4663228828362394,-0.11540123255706114,0.914,0.5943170402731214,0.28388163447380066,34.46830609999597
241,2,42,90,4,8,1,"(1, 2)",99,0.531359660255418,-0.021912149733597192,0.8595959595959596,0.5594423138433032,0.31490257382392883,46.30162099999143
241,3,42,90,4,8,1,"(1, 2)",160,0.523259639030327,0.019401244883688003,0.855,0.49947723299264907,0.3302259147167206,44.281365200004075
242,1,42,90,4,8,2,"(1, 2)",41,0.44253429911640885,-0.09567496543676274,0.9219512195121952,0.6311612203717232,0.27580100297927856,34.458874200005084
242,2,42,90,4,8,2,"(1, 2)",94,0.5520896746848206,-0.0009298370660778827,0.8648936170212767,0.5693202675917209,0.2944399118423462,46.666506199981086
242,3,42,90,4,8,2,"(1, 2)",140,0.5398896346519451,0.03968075243869777,0.8492857142857143,0.5099823076177288,0.3274887502193451,44.86409759998787
243,1,42,90,4,8,4,"(1, 2)",36,0.46599508795949823,-0.048340962345990966,0.925,0.6299431897126712,0.29297080636024475,34.345618700026534
243,2,42,90,4,8,4,"(1, 2)",78,0.5511089306881323,0.014610784334773683,0.8884615384615384,0.5838492597852435,0.2935267984867096,46.047956399968825
243,3,42,90,4,8,4,"(1, 2)",109,0.5641012631701935,0.06172062805477675,0.8660550458715597,0.5069523645298821,0.3319404125213623,43.99185170000419
244,1,42,90,4,8,6,"(1, 2)",27,0.4795695501678341,-0.027353646342880195,0.9333333333333333,0.5547934174537659,0.310902863740921,34.287372799997684
244,2,42,90,4,8,6,"(1, 2)",65,0.5930838881422476,0.058342974164415654,0.8830769230769231,0.5848574401701198,0.30634066462516785,45.97709689999465
244,3,42,90,4,8,6,"(1, 2)",94,0.552304919837313,0.05641841287359435,0.8851063829787233,0.5344921071998409,0.3254851996898651,44.396712599962484
245,1,42,90,4,12,1,"(1, 2)",31,0.43455146249678633,-0.12046417151942687,0.9161290322580645,0.587312638759613,0.29319995641708374,34.37946159997955
245,2,42,90,4,12,1,"(1, 2)",71,0.5110232466207382,-0.04628214382615006,0.8577464788732394,0.5279494527727365,0.32952168583869934,46.34781300002942
245,3,42,90,4,12,1,"(1, 2)",107,0.5263973962157749,0.014953303880039306,0.8523364485981308,0.48602936596055574,0.36020180583000183,44.18567289999919
246,1,42,90,4,12,2,"(1, 2)",28,0.43726867592794344,-0.10050123998729316,0.9285714285714286,0.5836619858940443,0.28466981649398804,34.385481099947356
246,2,42,90,4,12,2,"(1, 2)",64,0.5125554895998474,-0.04201494732493776,0.8625,0.527146867579884,0.31010371446609497,45.93127979995916
246,3,42,90,4,12,2,"(1, 2)",99,0.5426514170558273,0.032593641071592926,0.8575757575757575,0.4887060171791485,0.33855265378952026,44.580985700013116
247,1,42,90,4,12,4,"(1, 2)",23,0.4341990911631281,-0.03510627068565751,0.9478260869565217,0.6045908790368301,0.30351167917251587,34.33452620002208
247,2,42,90,4,12,4,"(1, 2)",51,0.5115221599673138,-0.03725246798502073,0.907843137254902,0.5477566868066788,0.30876779556274414,45.97597099997802
247,3,42,90,4,12,4,"(1, 2)",83,0.5479583887247638,0.05005555443450116,0.8819277108433735,0.4895529657129257,0.3450734317302704,43.88110719999531
248,1,42,90,4,12,6,"(1, 2)",18,0.4664106069287576,-0.03518492790657617,0.95,0.5551140874624252,0.31695911288261414,34.22125420003431
248,2,42,90,4,12,6,"(1, 2)",45,0.5675877358244814,0.04963580680881201,0.9066666666666666,0.534414964062827,0.34447231888771057,45.64384700002847
248,3,42,90,4,12,6,"(1, 2)",78,0.5548458139158657,0.06080162997837121,0.8910256410256411,0.5214935040899685,0.336993008852005,43.80179419997148
249,1,42,90,4,16,1,"(1, 2)",23,0.4518622378861505,-0.062187124202890805,0.9173913043478261,0.5800258150467505,0.30365845561027527,34.20059709995985
249,2,42,90,4,16,1,"(1, 2)",53,0.46547420716624754,-0.07924230102747387,0.8905660377358491,0.50947077933586,0.3506162762641907,46.36217950005084
249,3,42,90,4,16,1,"(1, 2)",79,0.5252961076804054,0.023936433553614325,0.8670886075949367,0.4575197881282265,0.4041897654533386,43.72190689999843
250,1,42,90,4,16,2,"(1, 2)",19,0.4444939905995533,-0.052516241184124735,0.9368421052631579,0.5982840846885334,0.2999114394187927,34.36930329998722
250,2,42,90,4,16,2,"(1, 2)",48,0.48421899507798644,-0.06406281418939472,0.8979166666666667,0.5035165309906006,0.3329608142375946,45.92953409999609
250,3,42,90,4,16,2,"(1, 2)",71,0.5280713323751787,0.01821060960968594,0.8915492957746479,0.44867930346626345,0.3747709393501282,43.69994140003109
251,1,42,90,4,16,4,"(1, 2)",19,0.43029629880707104,-0.0488347970909332,0.9631578947368421,0.6052609592676162,0.32076385617256165,34.22385070001474
251,2,42,90,4,16,4,"(1, 2)",41,0.49568667538431316,-0.03376449381278109,0.9121951219512195,0.522200866540273,0.32672396302223206,45.77233690000139
251,3,42,90,4,16,4,"(1, 2)",59,0.5440089761074486,0.05762547259271162,0.9101694915254237,0.4655751265012301,0.3595063388347626,43.32034340000246
252,1,42,90,4,16,6,"(1, 2)",15,0.46891189894690477,-0.0397137196349989,0.9533333333333334,0.5656545393996768,0.3416939377784729,40.28185739996843
252,2,42,90,4,16,6,"(1, 2)",39,0.5331664748111311,0.01548516391605823,0.9051282051282051,0.5128508617480596,0.34716928005218506,49.4833150000195
252,3,42,90,4,16,6,"(1, 2)",57,0.5482265821298062,0.05739615679171242,0.9105263157894737,0.49377612484262345,0.3510744869709015,46.32260399998631
253,1,42,90,4,24,1,"(1, 2)",12,0.35060217377683506,-0.20240621188344035,0.9,0.48583935839789255,0.3167728781700134,37.16915179998614
253,2,42,90,4,24,1,"(1, 2)",39,0.47423015435934357,-0.07858903762281728,0.8897435897435897,0.4848297993684637,0.3653765022754669,49.679593099979684
253,3,42,90,4,24,1,"(1, 2)",53,0.5182349421939668,0.01731435865053656,0.8849056603773585,0.4409259253740311,0.41863223910331726,47.12375779997092
254,1,42,90,4,24,2,"(1, 2)",2,0.32933192981196274,-0.1542342721753674,0.95,0.29545100033283234,0.5510099530220032,37.18131130002439
254,2,42,90,4,24,2,"(1, 2)",34,0.5156263019390139,-0.013760249801724982,0.8911764705882353,0.47059583549316114,0.37322667241096497,48.96924369997578
254,3,42,90,4,24,2,"(1, 2)",53,0.5231045846255769,0.017780298665606573,0.8924528301886793,0.44495685003241714,0.38410916924476624,45.817453299998306
255,1,42,90,4,24,4,"(1, 2)",7,0.37874693277359534,-0.12248747187420309,0.9428571428571428,0.4482787350813548,0.35095134377479553,36.44360790000064
255,2,42,90,4,24,4,"(1, 2)",31,0.511492263269553,-0.006433621677418813,0.9290322580645162,0.4975358570615451,0.33155596256256104,47.963033300009556
255,3,42,90,4,24,4,"(1, 2)",47,0.5522545335666553,0.0638833713243463,0.8957446808510638,0.45398878441615537,0.3777318596839905,46.15829880000092
256,1,42,90,4,24,6,"(1, 2)",7,0.36573125357776837,-0.15019440093330333,0.9428571428571428,0.4932706207036972,0.4134298264980316,36.398028899973724
256,2,42,90,4,24,6,"(1, 2)",31,0.5367138747478502,0.020943025868138575,0.9290322580645162,0.4880972516078215,0.3347335457801819,48.715102999995
256,3,42,90,4,24,6,"(1, 2)",47,0.5469338886707994,0.05400242741767145,0.902127659574468,0.4846873112022877,0.35920798778533936,45.67826730001252
257,1,42,90,4,32,1,"(1, 2)",2,0.32933192981196274,-0.1542342721753674,0.95,0.28163545578718185,0.5865602493286133,36.327803599997424
257,2,42,90,4,32,1,"(1, 2)",24,0.4949299698113932,-0.009903816234447088,0.9125,0.47681119022044266,0.3979218900203705,47.9074435000075
257,3,42,90,4,32,1,"(1, 2)",46,0.5258678642426883,0.022684852857298786,0.8804347826086957,0.4341867091980847,0.4188598692417145,45.82835919997888
258,1,42,90,4,32,2,"(1, 2)",2,0.32933192981196274,-0.1542342721753674,0.95,0.29545100033283234,0.5510099530220032,36.06617459998233
258,2,42,90,4,32,2,"(1, 2)",24,0.5044721334993496,0.003870207051561015,0.9125,0.4642469684282939,0.36423414945602417,47.98720980004873
258,3,42,90,4,32,2,"(1, 2)",46,0.5288851461143169,0.02052237929114157,0.8847826086956522,0.4419553432353707,0.3850039839744568,46.48423390003154
259,1,42,90,4,32,4,"(1, 2)",5,0.37633844531243693,-0.11156410906813363,0.94,0.47866498231887816,0.46980851888656616,36.18232830002671
259,2,42,90,4,32,4,"(1, 2)",2,0.6790626293824399,0.31773238003244403,1.0,0.45791660249233246,0.49396130442619324,47.902988100016955
259,3,42,90,4,32,4,"(1, 2)",41,0.5547445414048052,0.059471720782239536,0.8926829268292683,0.4499798478224339,0.36693698167800903,45.56938440003432
260,1,42,90,4,32,6,"(1, 2)",6,0.3713028789006674,-0.17799253967215742,0.9666666666666667,0.4724780976772308,0.3929658532142639,36.1154635999701
260,2,42,90,4,32,6,"(1, 2)",2,0.6790626293824399,0.31773238003244403,1.0,0.4565804749727249,0.4942028224468231,47.73479060002137
260,3,42,90,4,32,6,"(1, 2)",35,0.5151450500892955,0.02685842843488375,0.8914285714285715,0.4536462935709184,0.3768060505390167,45.63291540002683
261,1,42,90,6,8,1,"(1, 2)",46,0.4568755633682112,-0.10288295197677638,0.9260869565217391,0.611875303586324,0.2973721921443939,37.08665929996641
261,2,42,90,6,8,1,"(1, 2)",102,0.5949779126371176,0.05401562125947831,0.8794117647058823,0.5826714736850638,0.29834774136543274,48.79526129999431
261,3,42,90,6,8,1,"(1, 2)",145,0.5021425386391005,-0.003495037153810368,0.8524137931034482,0.5262722318822687,0.3371419608592987,47.65219330001855
262,1,42,90,6,8,2,"(1, 2)",42,0.4584053932932895,-0.08858151963027626,0.9238095238095239,0.6278531930663369,0.2928633987903595,36.54825739999069
262,2,42,90,6,8,2,"(1, 2)",93,0.5927932950912302,0.05645898334758967,0.878494623655914,0.5966299120336771,0.28366681933403015,48.879449800006114
262,3,42,90,6,8,2,"(1, 2)",138,0.5220000385259073,0.016150040708582943,0.8528985507246377,0.5355976738713004,0.3353916108608246,47.132880299992394
263,1,42,90,6,8,4,"(1, 2)",32,0.473023385616695,-0.03504469776485986,0.9375,0.5901029949838464,0.29029932618141174,36.671903599984944
263,2,42,90,6,8,4,"(1, 2)",72,0.5918289093337236,0.06635165804683862,0.9013888888888889,0.5863046384218967,0.2813314199447632,48.85226610000245
263,3,42,90,6,8,4,"(1, 2)",108,0.5399728265147103,0.028680145642352245,0.8787037037037037,0.534239357426053,0.3386423587799072,47.78106479998678
264,1,42,90,6,8,6,"(1, 2)",29,0.4767299372486514,-0.022844987827294015,0.9448275862068966,0.5871980279684067,0.28624022006988525,37.063744199986104
264,2,42,90,6,8,6,"(1, 2)",63,0.5579730486467764,0.038900958007721635,0.9174603174603174,0.5859921822945277,0.29205963015556335,49.147237099998165
264,3,42,90,6,8,6,"(1, 2)",105,0.5598098271503409,0.04298202193666716,0.8790476190476191,0.5336479943687633,0.3334524929523468,46.93642599997111
265,1,42,90,6,12,1,"(1, 2)",33,0.457618530450004,-0.08070936151241252,0.9242424242424242,0.5940929685647671,0.28524139523506165,36.742815000005066
265,2,42,90,6,12,1,"(1, 2)",64,0.5270434690321055,-0.006755118116697477,0.88125,0.5381855032136363,0.30475926399230957,48.737214100023266
265,3,42,90,6,12,1,"(1, 2)",107,0.5263106633667611,0.021494110263131878,0.8542056074766355,0.5023160478786418,0.34916332364082336,47.030653599998914
266,1,42,90,6,12,2,"(1, 2)",27,0.4393893720414892,-0.07827544326595591,0.9333333333333333,0.5892851501703262,0.27423354983329773,36.58066620002501
266,2,42,90,6,12,2,"(1, 2)",56,0.5444252558612032,0.007740695347036835,0.8982142857142857,0.543490614493688,0.3005659282207489,49.444682399975136
266,3,42,90,6,12,2,"(1, 2)",97,0.5484446150046367,0.049920359771331906,0.8639175257731959,0.5233281855262927,0.3451916575431824,46.696644599956926
267,1,42,90,6,12,4,"(1, 2)",17,0.482645135044328,0.0056891822820286505,0.9470588235294117,0.5797184705734253,0.32691770792007446,36.49357560003409
267,2,42,90,6,12,4,"(1, 2)",47,0.5439874669385752,0.028503202692433362,0.925531914893617,0.5325587199580285,0.30224019289016724,48.563053599966224
267,3,42,90,6,12,4,"(1, 2)",89,0.5645725408014857,0.054232871968997065,0.8764044943820225,0.5248150303959846,0.3438504636287689,46.80057980003767
268,1,42,90,6,12,6,"(1, 2)",18,0.4668124398898174,-0.012835642091594239,0.9722222222222222,0.5550152808427811,0.3148796856403351,36.66012770001544
268,2,42,90,6,12,6,"(1, 2)",46,0.5443948272153857,0.021852775420745155,0.9326086956521739,0.5254592332575057,0.30361250042915344,48.98250509996433
268,3,42,90,6,12,6,"(1, 2)",74,0.5715446014125851,0.0704082559695193,0.8756756756756757,0.5103003347461874,0.3616839051246643,47.422282599960454
269,1,42,90,6,16,1,"(1, 2)",3,0.5093164775456746,0.1124305367629621,0.9666666666666667,0.46857253462076187,0.36768922209739685,36.349622200010344
269,2,42,90,6,16,1,"(1, 2)",44,0.5092617493695608,-0.03130368822101311,0.9045454545454545,0.506864895080698,0.3188331723213196,48.61594739998691
269,3,42,90,6,16,1,"(1, 2)",83,0.5414173779637449,0.033409033743147645,0.8722891566265061,0.49431393339353447,0.3601815700531006,46.795516999962274
270,1,42,90,6,16,2,"(1, 2)",3,0.5035102269101136,0.13007635171514845,0.9666666666666667,0.46718426793813705,0.642280101776123,36.828864499984775
270,2,42,90,6,16,2,"(1, 2)",42,0.5132137020732082,-0.01866496383566108,0.9071428571428571,0.5228780088601289,0.3067353367805481,48.48347959999228
270,3,42,90,6,16,2,"(1, 2)",79,0.5457973366307691,0.0473307877127038,0.8746835443037975,0.5126789343559136,0.3522116243839264,46.59500259999186
271,1,42,90,6,16,4,"(1, 2)",16,0.49575284108572737,0.011018937567998717,0.9375,0.5634116259488192,0.31204116344451904,36.6538291000179
271,2,42,90,6,16,4,"(1, 2)",39,0.5177756069594704,0.017309740590877025,0.9153846153846154,0.5161187604621604,0.30031219124794006,48.784633700037375
271,3,42,90,6,16,4,"(1, 2)",62,0.5332868080873484,0.04390588822648597,0.885483870967742,0.5005203622336291,0.36894580721855164,47.0753644000506
272,1,42,90,6,16,6,"(1, 2)",15,0.3930030441918329,-0.09691947148169007,0.98,0.5401235553953383,0.317842960357666,36.67693820002023
272,2,42,90,6,16,6,"(1, 2)",40,0.5370824019324667,0.04767485977001743,0.92,0.5175325063367685,0.3010866641998291,48.74215940001886
272,3,42,90,6,16,6,"(1, 2)",61,0.5476744182020946,0.04975403810934109,0.8852459016393442,0.4962961001663792,0.37219247221946716,46.59939519996988
273,1,42,90,6,24,1,"(1, 2)",9,0.3212107629173826,-0.1364114927981599,0.9444444444444444,0.4666943613971983,0.32198140025138855,36.440338799962774
273,2,42,90,6,24,1,"(1, 2)",35,0.4728599746634432,-0.06984439198528143,0.9028571428571428,0.4921742844581604,0.3084997236728668,48.443533000012394
273,3,42,90,6,24,1,"(1, 2)",53,0.527410217215982,0.01745928424899003,0.879245283018868,0.4687193526575963,0.4019922614097595,46.37505890004104
274,1,42,90,6,24,2,"(1, 2)",8,0.3414211032228853,-0.13946685740441486,0.9375,0.4735287683350699,0.31602004170417786,36.50581659999443
274,2,42,90,6,24,2,"(1, 2)",35,0.4735601057756193,-0.06104747451738106,0.9028571428571428,0.5129115780194601,0.29463300108909607,48.670672700041905
274,3,42,90,6,24,2,"(1, 2)",51,0.5270930015209254,0.02689467120391364,0.888235294117647,0.4809273682210756,0.40328794717788696,47.383820899995044
275,1,42,90,6,24,4,"(1, 2)",8,0.3640297983066343,-0.13507936291282663,0.925,0.48292678594589233,0.3604995310306549,36.63382149999961
275,2,42,90,6,24,4,"(1, 2)",29,0.5116803820136699,0.0066549453520964325,0.9172413793103448,0.49211351697643596,0.2961178123950958,48.240130899997894
275,3,42,90,6,24,4,"(1, 2)",46,0.5336843087040379,0.02380477911048184,0.8978260869565218,0.4811993993637038,0.39440688490867615,46.29284439998446
276,1,42,90,6,24,6,"(1, 2)",8,0.3401102265669743,-0.11680395004838574,0.9375,0.4886907807418278,0.34821194410324097,36.57539319997886
276,2,42,90,6,24,6,"(1, 2)",30,0.4849909271721733,-0.01728733093966264,0.9233333333333333,0.5088724856791289,0.2965938448905945,48.30134160001762
276,3,42,90,6,24,6,"(1, 2)",45,0.5680643075788815,0.06135980741223232,0.9,0.4825784699168316,0.3883531391620636,46.19212439999683
277,1,42,90,6,32,1,"(1, 2)",7,0.35960933805515793,-0.13159933766371332,0.9428571428571428,0.4372701421380043,0.323048859834671,36.49594400002388
277,2,42,90,6,32,1,"(1, 2)",26,0.48435338571319037,-0.03140348507675727,0.9076923076923077,0.45523490756750107,0.3211381137371063,48.51412569999229
277,3,42,90,6,32,1,"(1, 2)",37,0.5193426141812074,0.02264496616623543,0.8945945945945946,0.4431559627546984,0.39760011434555054,46.02314380003372
278,1,42,90,6,32,2,"(1, 2)",6,0.33661952084740715,-0.08400042680394586,0.95,0.4096620261669159,0.4097192883491516,36.47339319996536
278,2,42,90,6,32,2,"(1, 2)",26,0.4838807892031991,-0.02879086440350168,0.9115384615384615,0.4870800331234932,0.2913590371608734,48.422556400008034
278,3,42,90,6,32,2,"(1, 2)",36,0.49373598915982275,0.013008602920544822,0.8888888888888888,0.44926911126822233,0.39900559186935425,46.85677810001653
279,1,42,90,6,32,4,"(1, 2)",8,0.3640297983066343,-0.13507936291282663,0.925,0.48292678594589233,0.3604995310306549,36.58436040004017
279,2,42,90,6,32,4,"(1, 2)",21,0.46754123299255257,-0.003139512681679889,0.9142857142857143,0.4578937242428462,0.2968124449253082,46.432030399970245
279,3,42,90,6,32,4,"(1, 2)",30,0.5139891302469464,0.0364498199782709,0.88,0.44110591504080543,0.4394724369049072,44.078519299975596
280,1,42,90,6,32,6,"(1, 2)",6,0.33506537840388834,-0.16992250107480286,0.9166666666666666,0.49838748574256897,0.3329309821128845,34.40373419999378
280,2,42,90,6,32,6,"(1, 2)",23,0.49593207434581843,0.005428335590808582,0.9260869565217391,0.5012111146199075,0.29809334874153137,46.336577599984594
280,3,42,90,6,32,6,"(1, 2)",33,0.5251721932408335,0.04109268661487237,0.8878787878787879,0.44340740609914064,0.4082120954990387,44.04169079998974
281,1,42,90,8,8,1,"(1, 2)",51,0.4833131351849737,-0.07014372823965552,0.9117647058823529,0.6356943952185767,0.25652697682380676,34.696318999980576
281,2,42,90,8,8,1,"(1, 2)",96,0.5781933794411095,0.049162739267827146,0.84375,0.6058266618185573,0.29123982787132263,46.387789500004146
281,3,42,90,8,8,1,"(1, 2)",152,0.5218035475701099,0.003702496236950095,0.8611842105263158,0.5327506959438324,0.3093344271183014,45.48904030001722
282,1,42,90,8,8,2,"(1, 2)",46,0.4844378046151913,-0.06265449724179145,0.9152173913043479,0.6206651649304799,0.25994157791137695,34.73267420002958
282,2,42,90,8,8,2,"(1, 2)",77,0.5790180260297596,0.04696428144488896,0.8792207792207792,0.6137276020120171,0.2918480932712555,46.24741449998692
282,3,42,90,8,8,2,"(1, 2)",128,0.5208496062176423,0.012209931325741882,0.8578125,0.5307847314021167,0.3106176257133484,44.60417419997975
283,1,42,90,8,8,4,"(1, 2)",36,0.46064193650605034,-0.08586210084272795,0.925,0.57581544170777,0.25452902913093567,34.76730389997829
283,2,42,90,8,8,4,"(1, 2)",66,0.5658295684407998,0.015480632438458089,0.8878787878787879,0.607306055950396,0.3045324385166168,46.61335150001105
283,3,42,90,8,8,4,"(1, 2)",115,0.5196461620437604,0.01932769715646937,0.8669565217391304,0.5379507055408076,0.31063270568847656,44.93383369996445
284,1,42,90,8,8,6,"(1, 2)",30,0.49430266003945394,-0.025782432436400573,0.9366666666666666,0.5431825160980225,0.28854408860206604,34.98943869996583
284,2,42,90,8,8,6,"(1, 2)",57,0.580365598832508,0.04744939226212085,0.9035087719298246,0.6009488990530372,0.32002535462379456,46.37571409996599
284,3,42,90,8,8,6,"(1, 2)",97,0.5692392145705953,0.06216351258914795,0.8711340206185567,0.5312457414610046,0.3236737847328186,44.09422949998407
285,1,42,90,8,12,1,"(1, 2)",33,0.4590399758667483,-0.08993965593989574,0.9181818181818182,0.5624648988246918,0.2704220414161682,34.877630100003444
285,2,42,90,8,12,1,"(1, 2)",61,0.5424632255194877,-0.0028251400625698285,0.8852459016393442,0.5630407079177744,0.2905440628528595,46.519507999997586
285,3,42,90,8,12,1,"(1, 2)",105,0.5341580801651301,0.023312945695501398,0.8428571428571429,0.5157016172177262,0.33277785778045654,44.366432400012854
286,1,42,90,8,12,2,"(1, 2)",30,0.4423143867689061,-0.08819558470957266,0.9466666666666667,0.5743111733879361,0.2716682255268097,34.69283469999209
286,2,42,90,8,12,2,"(1, 2)",59,0.5350013760609545,-0.010279388354492202,0.8915254237288136,0.5789741845801473,0.29963818192481995,46.35316669999156
286,3,42,90,8,12,2,"(1, 2)",98,0.5527842360898931,0.04830681954378711,0.8479591836734693,0.5249514987363535,0.3167954385280609,44.99096060002921
287,1,42,90,8,12,4,"(1, 2)",26,0.466835257272586,-0.04877312924558907,0.9346153846153846,0.57581544170777,0.2555411159992218,34.781462399987504
287,2,42,90,8,12,4,"(1, 2)",54,0.5389575547248027,0.005171181306636878,0.8981481481481481,0.5682038622243064,0.3110472857952118,46.37638210004661
287,3,42,90,8,12,4,"(1, 2)",80,0.5448368189796227,0.04833441607300141,0.8575,0.513580339605158,0.32385721802711487,44.2652262999909
288,1,42,90,8,12,6,"(1, 2)",21,0.4976658470660915,0.0021110869262834925,0.9571428571428572,0.5474868525158275,0.3051984906196594,34.48777589999372
288,2,42,90,8,12,6,"(1, 2)",47,0.5661675059714883,0.03238837179341724,0.9170212765957447,0.5648500611384709,0.3269522786140442,46.15008550003404
288,3,42,90,8,12,6,"(1, 2)",75,0.5685989541620687,0.06874248363480036,0.872,0.5065488548806081,0.3355262279510498,44.53688000002876
289,1,42,90,8,16,1,"(1, 2)",23,0.4339408430550841,-0.07993005047026283,0.9304347826086956,0.5193623378872871,0.28076133131980896,34.50897379999515
289,2,42,90,8,16,1,"(1, 2)",48,0.5565903628755121,0.0346429359416062,0.8958333333333334,0.5539178929545663,0.29159218072891235,46.82774979999522
289,3,42,90,8,16,1,"(1, 2)",74,0.5268142883631203,0.022359541081904685,0.8648648648648649,0.5012222621284548,0.35020384192466736,44.35712010000134
290,1,42,90,8,16,2,"(1, 2)",23,0.44916905172953486,-0.07786945479774658,0.9434782608695652,0.5400999658382856,0.29169413447380066,34.554956100007985
290,2,42,90,8,16,2,"(1, 2)",45,0.5701863424315335,0.0406175397948951,0.8911111111111111,0.5596226202324033,0.3038848042488098,46.20556980004767
290,3,42,90,8,16,2,"(1, 2)",71,0.5410808698694588,0.038415074415056004,0.8535211267605634,0.5128323137760162,0.3465040326118469,43.931770500028506
291,1,42,90,8,16,4,"(1, 2)",2,0.2637374463527959,-0.12987380332456736,1.0,0.2860788106918335,0.5802592039108276,34.24506569997175
291,2,42,90,8,16,4,"(1, 2)",43,0.5096009652841975,-0.010829817798936086,0.9093023255813953,0.5365794742548907,0.31647634506225586,46.20291759999236
291,3,42,90,8,16,4,"(1, 2)",60,0.5502928507095978,0.061381414122100235,0.8616666666666667,0.491057392428903,0.3592255413532257,44.69156990002375
292,1,42,90,8,16,6,"(1, 2)",3,0.5035102269101137,0.13007635171514845,0.9666666666666667,0.4249730259180069,0.5292486548423767,34.430091299989726
292,2,42,90,8,16,6,"(1, 2)",37,0.554982004711102,0.03994631461144935,0.9135135135135135,0.557305861402441,0.3214949071407318,46.05828499997733
292,3,42,90,8,16,6,"(1, 2)",60,0.5450500492911987,0.05244115471060843,0.88,0.4941173062032583,0.3595881462097168,43.840118399995845
293,1,42,90,8,24,1,"(1, 2)",10,0.39624122986164706,-0.10075647920845157,0.98,0.46030830442905424,0.3337012231349945,34.43383970001014
293,2,42,90,8,24,1,"(1, 2)",36,0.5598887614010865,0.044888002620915135,0.8916666666666667,0.5274359732866287,0.2969803810119629,45.95482400001492
293,3,42,90,8,24,1,"(1, 2)",52,0.5344781179462949,0.026575043209769496,0.875,0.4713798076548475,0.39535826444625854,44.07970559998648
294,1,42,90,8,24,2,"(1, 2)",10,0.4023579170760536,-0.1031294423099117,0.98,0.5092396475374699,0.30286017060279846,34.41382939997129
294,2,42,90,8,24,2,"(1, 2)",32,0.5333353954073162,0.010649042358881124,0.890625,0.5192359796276799,0.31412696838378906,45.98879649996525
294,3,42,90,8,24,2,"(1, 2)",49,0.5424922480355222,0.045203451743946965,0.8877551020408163,0.47278494503762986,0.3855818510055542,43.79867819999345
295,1,42,90,8,24,4,"(1, 2)",8,0.33357528006955167,-0.12370631091976596,0.9875,0.5079728237220219,0.31473299860954285,34.44522779999534
295,2,42,90,8,24,4,"(1, 2)",32,0.4988763244286362,-0.0027998043121224003,0.915625,0.5149909014051611,0.3003259599208832,46.651981099974364
295,3,42,90,8,24,4,"(1, 2)",45,0.5459855333780874,0.05453009813013569,0.8866666666666667,0.4792835797582354,0.37984371185302734,43.775904699985404
296,1,42,90,8,24,6,"(1, 2)",8,0.3206550139108494,-0.16638135601249487,0.9375,0.47269014120101926,0.2856038510799408,34.42607909999788
296,2,42,90,8,24,6,"(1, 2)",30,0.5398185921840905,0.02506862485397871,0.9233333333333333,0.534164337011484,0.33685141801834106,46.07752170000458
296,3,42,90,8,24,6,"(1, 2)",47,0.5527947658954947,0.052849342497469094,0.8957446808510638,0.47970148424307507,0.37301337718963623,43.778150200028904
297,1,42,90,8,32,1,"(1, 2)",8,0.32745045269845846,-0.15681233742456502,0.975,0.44062087312340736,0.33828505873680115,34.456446600030176
297,2,42,90,8,32,1,"(1, 2)",22,0.5024949078092784,-0.007486931621362469,0.9181818181818182,0.5157444611191749,0.31068503856658936,46.00807959999656
297,3,42,90,8,32,1,"(1, 2)",40,0.5364790807435543,0.04032602044275142,0.885,0.4529138612441527,0.4107521176338196,43.5003647999838
298,1,42,90,8,32,2,"(1, 2)",8,0.3350963117164666,-0.1597785413013902,0.975,0.4645090571471623,0.3138110637664795,34.388001100043766
298,2,42,90,8,32,2,"(1, 2)",17,0.5376182919028318,0.0396763228419256,0.9352941176470588,0.4923486355692148,0.3597360849380493,46.44633700000122
298,3,42,90,8,32,2,"(1, 2)",40,0.5398399240620908,0.04268931662729046,0.8925,0.4609365776563302,0.39403507113456726,44.30151590000605
299,1,42,90,8,32,4,"(1, 2)",8,0.33357528006955167,-0.12370631091976596,0.9875,0.5079728237220219,0.31473299860954285,34.36213660001522
299,2,42,90,8,32,4,"(1, 2)",16,0.4757860327632605,0.0018788176607203513,0.90625,0.4699406589453037,0.3750612139701843,46.12960760004353
299,3,42,90,8,32,4,"(1, 2)",41,0.5292256322268937,0.04271991612577693,0.875609756097561,0.4638043634201351,0.3937259912490845,43.81223780004075
300,1,42,90,8,32,6,"(1, 2)",5,0.35704681200214294,-0.1955733082075644,0.96,0.45346001386642454,0.43038758635520935,34.55561989999842
300,2,42,90,8,32,6,"(1, 2)",16,0.4919690029048024,0.03752050618694993,0.925,0.47384091913700105,0.3670647442340851,46.02751350001199
300,3,42,90,8,32,6,"(1, 2)",39,0.5537301306097141,0.06161804739599688,0.8794871794871795,0.468112803167767,0.3957059681415558,43.82045509997988
