metric,value
coherence_c_v,0.5556940356818761
topic_diversity,0.6083333333333333
