split,row_index,date,headline,topic
train,0,2024-09-17 15:00:55,What are share buybacks?,10
train,1,2025-04-02 03:26:24,"PBOC Seen Deploying Stimulus Soon on Tariff Risks, Cash Shortage",4
train,2,2025-04-02 07:33:46,"Across Chinese Fintech And Bank Stocks, See Where FinVolution Stands Out",-1
train,3,2025-04-02 12:41:01,Japan's __COMPANY__ Plans Stablecoin Development With Ava Labs Collaboration,1
train,4,2025-04-02 13:34:13,"Japanese Banking Giant __COMPANY__ Explores Stablecoin Use With Ava Labs, Fireblocks",1
train,5,2025-04-03 11:40:29,Shares of banking companies are trading lower as markets react to President Trump's announcement of sweeping tariffs.,30
train,6,2025-04-04 05:30:00,Japan Megabank Stocks Plunge As Trump Tariffs Risk Monetary Policy Normalization,24
train,7,2025-04-04 07:20:42,"Japan’s Stock Plunge Deepens, Bonds Rally, Rate-Hike Bets Fade",33
train,8,2025-04-04 08:16:57,"Guess, Tesla, Nvidia And Other Big Stocks Moving Lower In Friday's Pre-Market Session",-1
train,9,2025-04-06 11:15:17,S&P500 Fell 9.1% Last Week And These Large Cap Stocks Were Obliterated (Mar 31-Apr 4),-1
train,10,2025-04-07 08:30:36,Chinese Stocks Suffer ‘Panic Selling’ as Tariff War Escalates,4
train,11,2025-04-07 08:46:38,"China Appeals for Calm, Readies Plans to Counter Trump’s Tariffs",4
train,12,2025-04-07 09:54:00,Thornburg Developing World Fund Q4 2024 Commentary,0
train,13,2025-04-07 10:30:15,Emerging Stocks Sink Most Since 2008 as Tariff Turmoil Deepens,-1
train,14,2025-04-07 15:52:00,__COMPANY__ : Information regarding executed transactions within the framework of a share buyback program (outside the liquidity agreement),10
train,15,2025-04-08 10:20:02,China Vows ‘Fight to the End’ on Tariffs as It Props Up Markets,4
train,16,2025-04-08 14:50:24,"Ransomware attack on vendor exposes DBS, BOC Singapore customer data",-1
train,17,2025-04-08 16:16:00,__COMPANY__ announces results of the offer to purchase certain of its debt securities,28
train,18,2025-04-09 04:10:00,Chinese Banks Risk Losing Momentum In Market Cap Growth Following U.S. Tariffs,4
train,19,2025-04-09 15:01:32,Shares of banks and financial services companies are trading higher amid an overall market surge following President Trump's decision to implement a 90-day pause on reciprocal tariffs for all countries except China.,30
train,20,2025-04-09 15:39:04,Shares of banking companies are trading higher following President Trump's decision to implement a 90-day pause on reciprocal tariffs for all countries except China.,30
train,21,2025-04-09 16:47:00,Completion of __COMPANY__ ’s 872 million euros share buyback program for cancellation purpose,10
train,22,2025-04-10 13:20:19,Shares of companies in the broader financial services sector are trading lower as stocks pull back after surging Wednesday following President Trump's tariff pause announcement.,30
train,23,2025-04-10 13:53:00,"Can __TICKER__ Overcome Lower NII, Fee Revenue and Cost Woes in Q1 Earnings?",45
train,24,2025-04-10 17:00:00,"William Connelly, future __COMPANY__ chairman of the board of directors, starting May 2026",-1
train,25,2025-04-10 23:55:00,Harbor Diversified International All Cap Fund Q4 2024 Commentary,0
train,26,2025-04-11 07:31:46,Bond Analysts Debate If China Had Role in Treasuries Swings,-1
train,27,2025-04-14 04:07:39,Investing in __TICKER__ Groep (AMS:INGA) five years ago would have delivered you a 338% gain,40
train,28,2025-04-14 05:02:43,China’s Credit Expansion Beats Forecasts on Bond Sale Deluge,-1
train,29,2025-04-14 09:22:01,Gold-Trading Frenzy Erupts in China as Tensions With US Escalate,4
train,30,2025-04-15 05:31:02,China gets worst 2025 growth forecast yet with __TICKER__ downgrade,4
train,31,2025-04-15 16:14:00,__COMPANY__ : Availability or consultation of the information relating to the combined General Meeting of Shareholders dated 20 May 2025,-1
train,32,2025-04-16 06:43:17,Strong China GDP Growth Fails to Stem Calls for Urgent Stimulus,4
train,33,2025-04-16 15:38:47,5 Tariff-Resistant International Stocks With Dividends,3
train,34,2025-04-17 10:38:15,Could A Recession Accelerate AI Adoption And Turn Palantir To A Defensive Play?,6
train,35,2025-04-17 12:48:00,"__COMPANY__ Group: Strong Industry, Solid Earnings Estimate Revisions",18
train,36,2025-04-17 14:57:35,"Shares of US-listed Japanese banking companies are trading higher amid US-Japan trade negotiations. Japan's adjusted trade balance data may indicate strength in the Yen, which may support BOJ policymaker desires.",24
train,37,2025-04-18 07:21:48,Asian Stocks Edge Higher in Thin Holiday Trading: Markets Wrap,55
train,38,2025-04-21 07:41:47,"__COMPANY__ , __COMPANY__ Reportedly Looking Into Expanding To US Crypto Market",1
train,39,2025-04-21 13:11:24,Portfolio Performance Q1 2025,0
train,40,2025-04-21 14:55:35,Oil Declines on Fear Trade War Will Weaken Global Energy Demand,17
train,41,2025-04-22 08:04:53,__COMPANY__ and Rakuten's advisory venture targets $360 million in assets by 2029,-1
train,42,2025-04-22 09:30:00,Trump’s FDA Sends a Bullish Signal to Biotech,-1
train,43,2025-04-22 09:50:14,Strategist Who Called End of US Exceptionalism Sees No Recovery,-1
train,44,2025-04-22 14:39:33,Vanguard CEO Says US Exceptionalism ‘Absolutely’ Hasn’t Peaked,-1
train,45,2025-04-22 15:46:44,Shares of banking companies are trading higher amid Treasury Secretary Scott Bessent's remarks about trade de-escalation with China.,30
train,46,2025-04-22 17:57:00,Results of __TICKER__ ’s 2025 Annual General Meeting,-1
train,47,2025-04-23 13:18:42,"Shares of banking companies are trading higher amid overall market strength after President Trump said he will not be firing Fed Chair Powell. Additionally, Trump indicated the final tariff rate would be lower than the current, which may lead to greater business and lending activity for financial institutions.",30
train,48,2025-04-24 00:00:00,Crude Caught in Crossfire of OPEC+ Discord and Tariff Shocks,17
train,49,2025-04-24 09:03:37,"Out Of 70 Graham Value All-Stars, These 16 'Safer' Stocks Stand Out For April",3
train,50,2025-04-24 10:00:00,Aristotle International Equity ADR Q1 2025 Commentary,0
train,51,2025-04-24 10:31:33,3 European Dividend Stocks With Up To 7.4% Yield,3
train,52,2025-04-24 12:24:26,"__COMPANY__ , Inc. - Depositary Receipt () __TICKER__ Price Target Increased by 81.22% to 13.06",61
train,53,2025-04-25 05:00:19,"Stocks to watch next week: Apple, Microsoft, Shell, __TICKER__ , Lloyds and AstraZeneca",12
train,54,2025-04-25 13:40:09,Are Investors Undervaluing Banco __COMPANY__ Chile (BSAC) Right Now?,-1
train,55,2025-04-28 10:13:16,__COMPANY__ ’s Wilson Says Weak Dollar Will Buoy US Stocks,-1
train,56,2025-04-28 11:34:08,"__COMPANY__ sees weaker U.S. dollar, raises EUR/USD forecast to 1.16",-1
train,57,2025-04-28 15:45:12,This is Why __TICKER__ Groep __TICKER__ is a Great Dividend Stock,52
train,58,2025-04-29 04:20:00,Japanese Banks Brace For Higher Credit Costs As Tariff Risks Mount,24
train,59,2025-04-29 05:40:42,__TICKER__ sees up to $1.6 billion in loss on China bank stake reduction,-1
train,60,2025-04-29 13:00:00,__COMPANY__ Americas Hires Greg Keeley as Chief Operating Officer,15
train,61,2025-04-29 14:17:45,__TICKER__ Braces for $1.6 Billion Hit in China Shakeup -- But Investors Are Getting a $3 Billion Surprise,4
train,62,2025-04-29 14:19:54,"Bitcoin Outshines Gold, Tech Stocks in April Amid Tariff Turmoil",39
train,63,2025-04-30 04:00:48,"Chinese Bank Shares Slump as Earnings Show Margin, Profit Pain",4
train,64,2025-04-30 04:25:00,__COMPANY__ : First quarter 2025 earnings,66
train,65,2025-04-30 08:51:09,__TICKER__ Traders Aid Profit Beat as Ermotti Warns on Tariffs,-1
train,66,2025-04-30 17:33:00,__COMPANY__ : Availability of the first amendment to 2025 Universal Registration Document,41
train,67,2025-04-30 22:20:00,Templeton Foreign Fund Q1 2025 Commentary,0
train,68,2025-05-01 01:00:17,__COMPANY__ Société anonyme __TICKER__ Q1 2025 Earnings Call Transcript,-1
train,69,2025-05-01 12:38:14,__COMPANY__ Americas Renews Title Sponsor Agreement For __COMPANY__ Americas Open Through 2030; To Raise 2026 Purse To $3.25M,-1
train,70,2025-05-01 14:45:27,__COMPANY__ downgraded to Neutral from Buy at __COMPANY__,43
train,71,2025-05-01 16:30:00,"__COMPANY__ Americas Announces Five-Year Renewal Agreement With the LPGA Tour as Title Sponsor of the __COMPANY__ Americas Open, Reinforcing Its Commitment to Women’s Sports",-1
train,72,2025-05-01 23:29:00,Templeton International ADR Equity SMA Q1 2025 Commentary,0
train,73,2025-05-02 03:33:25,"__TICKER__ Groep Q1 EPS $0.49 Beats $0.46 Estimate, Sales $5.93B Beat $5.60B Estimate",13
train,74,2025-05-02 04:32:20,"Earnings Scheduled For May 2, 2025",27
train,75,2025-05-02 04:55:32,__COMPANY__ cautious on tariff impact after strong first quarter,46
train,76,2025-05-02 04:59:00,"__TICKER__ posts 1Q2025 net result of €1,455 million, with strong growth in customer balances and fee income",-1
train,77,2025-05-02 05:05:00,__TICKER__ completes share buyback and announces new programme of up to €2.0 billion,10
train,78,2025-05-02 07:03:00,"__COMPANY__ Posts Profit Growth, Maintains Guidance",32
train,79,2025-05-02 07:18:13,__TICKER__ Groep shares are trading higher after the company reported better-than-expected Q1 EPS and sales.,50
train,80,2025-05-02 08:51:34,"Trending tickers: Apple, Amazon, Reddit, Airbnb and __COMPANY__",62
train,81,2025-05-02 09:02:36,__TICKER__ : Q1 Earnings Snapshot,-1
train,82,2025-05-02 09:25:00,"Dutch Bank __TICKER__ Beats Views, Lifting Shares",-1
train,83,2025-05-02 09:55:10,Trade-Focused __COMPANY__ Spots Opportunities in Tariff Chaos,46
train,84,2025-05-02 14:56:40,__COMPANY__ PLC __TICKER__ Q1 2025 Earnings Call Transcript,19
train,85,2025-05-02 14:57:28,__COMPANY__ PLC 2025 Q1 - Results - Earnings Call Presentation,44
train,86,2025-05-02 16:00:09,Are You Looking for a Top Momentum Pick? Why __TICKER__ Groep __TICKER__ is a Great Choice,-1
train,87,2025-05-02 17:29:38,FTSE surges to longest winning streak on record,58
train,88,2025-05-02 20:58:33,__TICKER__ Groep N.V. __TICKER__ Q1 2025 Earnings Call Transcript,49
train,89,2025-05-02 21:14:09,__TICKER__ Groep N.V. 2025 Q1 - Results - Earnings Call Presentation,49
train,90,2025-05-03 07:00:39,__COMPANY__ PLC __TICKER__ Q1 2025 Earnings Call Highlights: Strong Profit Growth Amid ...,-1
train,91,2025-05-03 07:00:41,__TICKER__ Groep NV __TICKER__ Q1 2025 Earnings Call Highlights: Strong Growth in Deposits and Sustainable ...,49
train,92,2025-05-04 08:24:41,__COMPANY__ First Quarter 2025 Earnings: EPS Beats Expectations,66
train,93,2025-05-04 23:47:15,Warren Buffett And His Successor Greg Abel Say Berkshire Hathaway Could Hold This $20B Bet For '50 Years Or Forever',-1
train,94,2025-05-05 07:04:01,European Firms Fare Better Than Feared Through Early Trade Pain,-1
train,95,2025-05-05 08:44:31,__TICKER__ Groep First Quarter 2025 Earnings: EPS Beats Expectations,49
train,96,2025-05-05 12:04:04,__TICKER__ Groep: Share Buyback Presents An Exit Opportunity,10
train,97,2025-05-06 06:51:41,Surging Asian Currencies Spur Hunt for Winners in Stock Markets,4
train,98,2025-05-06 10:45:00,Fidelity Emerging Markets Fund Q1 2025 Commentary,0
train,99,2025-05-06 12:04:00,"Japanese, Singaporean Banks Lead Capital Raising Recovery In Asia-Pacific",24
train,100,2025-05-06 17:00:00,__COMPANY__ Names 2023 __COMPANY__ Americas Open Junior Winner Yana Wilson as Brand Ambassador,-1
train,101,2025-05-07 04:48:37,"China Cuts Key Rate, Reserve Ratio to Aid Economy Hit by Tariffs",4
train,102,2025-05-07 05:45:14,Chinese Regulator Applauds Warren Buffett’s Long-Term Approach,4
train,103,2025-05-07 11:55:36,China Keeps Adding Gold to Reserves as Challenges Stack Up,4
train,104,2025-05-07 13:27:26,__COMPANY__ on What's Next for The Taiwan Dollar After Recent Jump,-1
train,105,2025-05-07 14:06:00,__COMPANY__ Americas Hires Lloyd Walmsley as Managing Director and Senior Equity Research Analyst Covering the Internet Sector,15
train,106,2025-05-07 15:48:00,__COMPANY__ : shares & voting rights as of 30 April 2025,41
train,107,2025-05-08 09:10:00,Templeton Dragon Fund Inc Q1 2025 Commentary,0
train,108,2025-05-08 10:17:32,__COMPANY__ says its trade business resilient to Trump tariff disruption,46
train,109,2025-05-09 10:42:57,Japan's __COMPANY__ to take 20% stake in India's Yes Bank,20
train,110,2025-05-10 19:00:00,Wall Street Plays Long Game as Deals Go Private,31
train,111,2025-05-11 01:38:00,Invesco Oppenheimer International Growth Fund Q1 2025 Commentary,0
train,112,2025-05-11 01:45:00,Invesco Short Term Bond Fund Q1 2025 Commentary,0
train,113,2025-05-12 11:29:21,__COMPANY__ to purchase 20% stake in India’s YES Bank,20
train,114,2025-05-12 13:05:20,Oil Leads Commodity Rally After US-China Truce as Gold Retreats,-1
train,115,2025-05-12 15:25:00,Japan's Megabanks Likely To Post Better-Than-Expected Full-Year Earnings,24
train,116,2025-05-12 18:00:00,"Strategically Building A $500,000 Dividend Portfolio: Boosting SCHD's Income With May's High-Yield Picks",3
train,117,2025-05-13 08:22:58,Chinese Stocks Slide as Trade Truce Seen Dashing Stimulus Hopes,4
train,118,2025-05-13 12:37:00,Best Value Stocks to Buy for May 13th,47
train,119,2025-05-13 19:32:00,__COMPANY__ Banking Corporation ( __COMPANY__ ) Global Foundation supports the American Camp Association (ACA) with Grants to Strengthen Camp-School Partnerships,-1
train,120,2025-05-14 03:03:04,Crypto platform FalconX partners with __COMPANY__,1
train,121,2025-05-14 03:20:12,"Wall Street Sees Higher China Growth, Less Stimulus on US Truce",4
train,122,2025-05-14 03:53:33,__COMPANY__ Partners With FalconX To Fuel Institutional Crypto Access As Bitcoin Soars Past $103K,1
train,123,2025-05-14 06:40:00,Gator Capital Management Q1 2025 Investor Letter,0
train,124,2025-05-14 08:32:05,"Japan's __TICKER__ posts record annual profit, forecasts better year ahead despite tariff hit",-1
train,125,2025-05-14 08:52:33,__COMPANY__ Will Provide Banking Services for FalconX to Enhance Cross-Border Settlement,-1
train,126,2025-05-14 15:45:11,__TICKER__ Groep __TICKER__ is a Top Dividend Stock Right Now: Should You Buy?,52
train,127,2025-05-14 19:12:24,Oil Declines After Biggest US Crude Stockpile Gain Since March,17
train,128,2025-05-15 00:00:00,American Shale Patch Is Under-Hedged But Bullishly Optimistic,17
train,129,2025-05-15 04:32:23,"Earnings Scheduled For May 15, 2025",27
train,130,2025-05-15 08:10:35,__COMPANY__ builds US-based private equity team amid investment bank push,23
train,131,2025-05-15 08:38:07,"__COMPANY__ Financial Gr Q4 EPS $0.02 Misses $2.51 Estimate, Sales $12.83B Miss $671.67B Estimate",13
train,132,2025-05-15 11:50:17,"India's Yes Bank expects Japan's __COMPANY__ to maintain at least 20% stake, CEO says (May 15)",20
train,133,2025-05-15 12:57:50,"UnitedHealth stock falls on criminal probe, __COMPANY__ sees risk of Dow removal",57
train,134,2025-05-15 17:05:15,__COMPANY__ shares are trading lower after the company reported worse-than-expected Q4 financial results.,50
train,135,2025-05-16 23:44:28,ABN AMRO: All Eyes On November,0
train,136,2025-05-17 05:15:14,US Loses Last Top Credit Rating With Downgrade From Moody’s,-1
train,137,2025-05-19 05:00:00,__COMPANY__ LAUNCHES A SHARE BUYBACK PROGRAMME PLANNED FOR 2025 OF EUR 1.084 BILLION,10
train,138,2025-05-19 08:31:08,Bond Investors Detect Trouble in US Debt Stripped of AAA Rating,64
train,139,2025-05-19 11:21:38,__COMPANY__ Financial: Consider Both Organic And Inorganic Prospects (Rating Downgrade),43
train,140,2025-05-19 11:33:28,EIF backs €200m green leasing push with __COMPANY__,2
train,141,2025-05-19 13:13:00,Janus Henderson Overseas Fund Q1 2025 Commentary,0
train,142,2025-05-19 18:07:53,' __COMPANY__ and Mercer to team up to offer asset management services'- Nikkei Asia,-1
train,143,2025-05-20 00:07:01,China cuts key rates to aid economy as trade war simmers,4
train,144,2025-05-20 06:07:00,__COMPANY__ launches a new global employee share ownership programme,10
train,145,2025-05-20 07:54:47,Japan Bonds Plunge as Weak Auction Adds to Fear Over BOJ Retreat,33
train,146,2025-05-20 09:33:00,Janus Henderson Global Research Fund Q1 2025 Commentary,0
train,147,2025-05-20 10:55:02,__COMPANY__ and __COMPANY__ See European Stocks Blowing Past the US,-1
train,148,2025-05-20 11:31:49,"__COMPANY__ , Mercer collaborate for OCIO services in Japan",-1
train,149,2025-05-20 12:30:05,3 Reasons Why Japan's Record Bond Yield Spike Matters,33
train,150,2025-05-20 12:31:21,__COMPANY__ shares are trading higher after the company announced it will partner with U.S. pensions consultant Mercer to offer asset management services for corporate pension funds and other institutional clients.,30
train,151,2025-05-20 13:03:35,Government-Backed Funds Expanding MSTR Holdings Show Rising BTC Demand: __COMPANY__,5
train,152,2025-05-20 16:38:17,"__COMPANY__ ’s Crypto Arm to Launch Dollar Denominated Stablecoin on Ethereum, Reports Say",1
train,153,2025-05-20 19:38:00,__COMPANY__ _ Combined General Meeting and Board of Directors dated 20 May 2025,-1
train,154,2025-05-21 08:10:00,My Dividend Stock Portfolio: New All-Time Dividend Record In April - 100 Holdings With 14 Buys,3
train,155,2025-05-21 08:13:00,Janus Henderson Responsible International Dividend Fund Q1 2025 Commentary,0
train,156,2025-05-21 11:00:24,Giant US companies are rushing to Europe to borrow money,-1
train,157,2025-05-21 11:43:46,"Market Chatter: __COMPANY__ , __COMPANY__ Lead $15 Billion Loan to SoftBank",2
train,158,2025-05-21 18:01:28,Sector Update: Financial Stocks Fall in Afternoon Trading,5
train,159,2025-05-22 04:32:00,U.S. Tariff Regime Prompting U.K. Banks To Ramp Up Bad Loan Provisions,-1
train,160,2025-05-22 13:01:16,__COMPANY__ Previews Next Week's Policy Meeting at South Korea Central Bank,-1
train,161,2025-05-22 15:30:43,__TICKER__ Plans to Cut About 2% of Workforce Amid Restructuring,-1
train,162,2025-05-23 01:14:09,Senior US-China Officials Vow to Keep Communication Lines Open,4
train,163,2025-05-23 03:20:00,Chinese Banks May Arrest Margin Decline Amid More Stable Cost Of Deposits,4
train,164,2025-05-23 05:30:00,"Big European, U.S. Investment Bank Reap Trading Benefits Of Volatility In Q1 2025",-1
train,165,2025-05-23 07:02:58,"China 50-Year Bond Yields Rise in Auction, First Time Since 2022",-1
train,166,2025-05-23 08:25:53,Trump Tariff Threat Hits Europe: Stocks Sink As 50% Duties Loom,46
train,167,2025-05-23 09:59:10,Buy Any Of 18 Ideal 'Safer' May Dividend Dogs Out Of 70 Graham Value All-Stars (GVAS),3
train,168,2025-05-23 10:45:00,Lazard International Equity Select Portfolio Q1 2025 Commentary,0
train,169,2025-05-23 11:39:54,US Long-Term Borrowing Costs Surge Over Deficit Concerns,64
train,170,2025-05-23 16:10:03,Will Royal Bank __TICKER__ Beat Estimates Again in Its Next Earnings Report?,-1
train,171,2025-05-24 02:25:00,Central Europe's Big Banks Sharpen Focus On Risk Costs Amid Tariff Hurdles,-1
train,172,2025-05-24 09:00:00,Charting the Global Economy: Long-Term Bond Yields Soar Around the World,-1
train,173,2025-05-24 19:00:00,Junkiest Junk Is Offering a Warning Sign for Debt,-1
train,174,2025-05-26 00:56:35,WiseTech Buys E2Open for $2.1 Billion in Its Biggest Deal,10
train,175,2025-05-26 03:56:54,__COMPANY__ Expects Stronger Yuan to Boost Chinese Stocks,4
train,176,2025-05-26 16:00:00,"__COMPANY__ share buyback programme - Declaration of transactions in own shares from May 19, 2025 to May 23, 2025",10
train,177,2025-05-26 16:00:00,"How To Build A $100,000 Dividend Portfolio That Could Yield 10.75% In 15 Years",3
train,178,2025-05-27 02:31:47,__COMPANY__ Financial: Staying Bullish On New Goals And Potential Earnings Beat,-1
train,179,2025-05-27 04:17:35,Hedge Funds Bet on Korean Won to Mirror Taiwan Dollar Surge,-1
train,180,2025-05-27 09:50:00,Pzena International Value ADR Q1 2025 Commentary,0
train,181,2025-05-27 11:20:00,Pzena European Focused Value Q1 2025 Commentary,0
train,182,2025-05-28 00:39:13,Chinese Stock Market in Limbo as Investors Lack Conviction,4
train,183,2025-05-28 08:34:05,China Deflation Worry Is Eclipsing Trade War Thaw for Economists,4
train,184,2025-05-28 10:01:03,__COMPANY__ 's Earnings Outlook,18
train,185,2025-05-28 11:01:00,__COMPANY__ 's Avion Rewards scores hat trick at 2025 International Loyalty Awards,23
train,186,2025-05-28 15:52:00,__COMPANY__ : the Board of Directors launches a co-option procedure of a woman Director,-1
train,187,2025-05-28 16:47:34,Global investors launch Europe defence funds to profit from rearmament,-1
train,188,2025-05-28 17:43:05,US Treasuries Pare Losses as Investors Snap Up Five-Year Notes,36
train,189,2025-05-29 04:05:00,Bank of Japan Policy Normalization To Boost Japanese Megabanks' Margins,24
train,190,2025-05-29 04:32:10,"Earnings Scheduled For May 29, 2025",27
train,191,2025-05-29 04:38:07,Bitcoin ETFs Pull In $9 Billion as Investors Ditch Gold Holdings,8
train,192,2025-05-29 06:01:43,"__COMPANY__ Q2 Adj. EPS $2.19 Misses $2.25 Estimate, Sales $11.03B Miss $11.20B Estimate",13
train,193,2025-05-29 08:15:17,__COMPANY__ 2025 Q2 - Results - Earnings Call Presentation,44
train,194,2025-05-29 10:00:00,__COMPANY__ REPORTS SECOND QUARTER 2025 RESULTS,66
train,195,2025-05-29 10:05:03,"Canada's No.1 lender __COMPANY__ posts rare profit miss, CIBC beats",-1
train,196,2025-05-29 10:30:52,__COMPANY__ Lodges Lower-Than-Expected Q2 Adjusted Earnings and Revenue as PCLs Weigh; Dividend Raised,-1
train,197,2025-05-29 12:09:55,__COMPANY__ __TICKER__ Q2 2025 Earnings Call Transcript,19
train,198,2025-05-29 13:15:14,__COMPANY__ shares are trading lower after the company reported Q2 financial results and missed its adjusted EPS and revenue estimates.,50
train,199,2025-05-29 14:25:00,Carillon ClariVest International Stock Fund Q1 2025 Commentary,0
train,200,2025-05-29 15:10:00,Deteriorating Outlook Upping The Heat On Paused Bank Of Canada,-1
train,201,2025-05-29 16:45:11,"__COMPANY__ braces for rocky economy, boosts loan-loss provisions",-1
train,202,2025-05-29 17:34:21,__COMPANY__ ( __TICKER__ ) Reports Strong Q2 Earnings and Raises Dividends,51
train,203,2025-05-29 20:58:43,Canada's __COMPANY__ asks staff to return to office four days a week,22
train,204,2025-05-29 23:07:23,David Herro's Strategic Moves: __COMPANY__ Reduced by 1.5%,32
train,205,2025-05-30 05:30:00,"Tariff Turmoil Clouds European Investment Banks' Advisory, Underwriting Outlook",-1
train,206,2025-05-30 07:03:34,__COMPANY__ __TICKER__ Q2 2025 Earnings Call Highlights: Strong Earnings and Dividend Boost ...,63
train,207,2025-05-30 07:40:00,abrdn Global Dynamic Dividend Fund Q1 2025 Commentary,3
train,208,2025-05-30 12:00:05,Dive Deposits: __COMPANY__ has its eyes on the end of summer with RTO push,-1
train,209,2025-05-30 15:45:10,Why __TICKER__ Groep __TICKER__ is a Top Dividend Stock for Your Portfolio,52
train,210,2025-05-30 15:59:31,Helrom secures $44m green loan to boost sustainable rail freight,2
train,211,2025-05-31 01:12:21,"Dividend Champion, Contender, And Challenger Highlights: Week Of June 1",56
train,212,2025-06-01 07:00:00,Europe Stocks Stage World-Beating Rally as Trade War Backfires,-1
train,213,2025-06-01 12:47:44,__COMPANY__ ( __TICKER__ ) Is Increasing Its Dividend To CA$1.54,52
train,214,2025-06-02 03:26:08,Carry Trades Roar Back as Emerging Market Currencies Gain,-1
train,215,2025-06-02 12:14:09,"__COMPANY__ : Quality Bank, Uninspiring Upside",-1
train,216,2025-06-02 14:01:00,__COMPANY__ and Pattison Food Group expand partnership to bring added convenience and everyday value to shoppers in Western Canada,23
train,217,2025-06-02 14:57:00,__COMPANY__ Q2 Earnings Improve Y/Y on Higher Revenues,45
train,218,2025-06-02 16:15:00,"__COMPANY__ share buyback programme - Declaration of transactions in own shares from May 26, 2025 to May 30, 2025",10
train,219,2025-06-02 19:43:18,"__COMPANY__ , Inc. - Depositary Receipt () __TICKER__ Price Target Decreased by 18.97% to 10.11",61
train,220,2025-06-03 00:49:45,Toyota Industries Board to Discuss $42 Billion Buyout on Tuesday,10
train,221,2025-06-03 04:23:20,China Private Factory Gauge Plunges to Weakest in Over Two Years,4
train,222,2025-06-03 06:49:19,Japan’s Bonds Pass 10-Year Supply Test as 30-Year Sale Looms,33
train,223,2025-06-03 07:20:00,abrdn Total Dynamic Dividend Fund Q1 2025 Commentary,3
train,224,2025-06-03 11:35:00,Thornburg Better World International Fund Q1 2025 Commentary,0
train,225,2025-06-03 11:42:08,__COMPANY__ Banker Warns of Silicon Valley Trap for Clean Tech,-1
train,226,2025-06-03 11:47:35,"__COMPANY__ hires __TICKER__ executive to lead data, analytics and AI",6
train,227,2025-06-03 13:58:13,Today's Corporate Bitcoin Holders Could be Tomorrow's Forced Sellers: __COMPANY__,-1
train,228,2025-06-03 16:09:57,4 Stocks To Buy On EU Tariff Pause,-1
train,229,2025-06-03 22:11:20,BlackRock Escapes Texas Oil-Boycott List After ESG Retreat,17
train,230,2025-06-04 07:00:00,Thornburg Developing World Fund Q1 2025 Commentary,0
train,231,2025-06-04 09:25:47,Chinese Banks' NIMs Near 'Critical Point',4
train,232,2025-06-04 10:00:24,Global Stocks Hit Record as Economic Bets Outweigh Trade Jitters,46
train,233,2025-06-04 11:30:00,Harbor Diversified International All Cap Fund Q1 2025 Commentary,0
train,234,2025-06-04 12:00:00,__COMPANY__ Americas Hires Nick Setyan as Managing Director and Senior Equity Research Analyst Covering the Restaurant Sector,15
train,235,2025-06-04 12:59:00,Cambrian and __TICKER__ Announce $150 Million Facility,-1
train,236,2025-06-04 13:53:00,U.S. Natural Gas Little Changed in Early Trade,38
train,237,2025-06-04 18:43:13,__COMPANY__ : 100%+ RoR Since 2023 Leads To Rating Downgrade,43
train,238,2025-06-04 22:52:00,U.S. Natural Gas Ends Flat Ahead of Storage Data,-1
train,239,2025-06-04 23:01:00,Confidence in UK economy falls from 45% in 2015 to 28% a decade later – survey,54
train,240,2025-06-05 00:00:00,__COMPANY__ : OPEC+ Is About To Become Much More Transparent,17
train,241,2025-06-05 03:50:52,"Reported Earlier, __COMPANY__ Announces $1.25B NVCC Additional Tier 1 LRCNs With 6.750% Interest Rate, Maturing in 2085",28
train,242,2025-06-05 05:39:00,"Impact Of Tariffs On Chinese Banks Likely To Be Indirect, Uneven",-1
train,243,2025-06-05 06:32:00,European Banks' Loan Loss Provisions Jump 18% YOY Amid Tariff Risks,-1
train,244,2025-06-05 08:11:30,Japanese Bonds Rise as 30-Year Auction Brings Some Relief,33
train,245,2025-06-05 09:16:44,"Bitcoin price holds above $104,500 amid US debt warning",64
train,246,2025-06-05 10:25:34,Swiss Chocolate Stocks Diverge as Costly Cocoa Takes Toll,-1
train,247,2025-06-05 13:42:39,Mortgage lenders raise rates amid uncertainty over BoE interest rate cuts,14
train,248,2025-06-05 14:41:58,Delta Air Lines Plans Bond Sale to Repay Pandemic Payroll Loan,2
train,249,2025-06-06 13:48:00,Are __COMPANY__ ' Restructuring Efforts Key to Boosting Profitability?,32
train,250,2025-06-06 20:09:33,Robinhood Extends Rally as Speculation Over S&P 500 Inclusion Grows,-1
train,251,2025-06-09 10:01:00,__COMPANY__ helps to address food insecurity as part of $2 billion toward community investment by 2035,-1
train,252,2025-06-09 11:54:32,__COMPANY__ to shutter 200 branches in France by 2027,-1
train,253,2025-06-09 12:00:00,__COMPANY__ Wins 2025 Global Markets Choice Awards for Best in CLOs and Best in Equity Research,-1
train,254,2025-06-09 14:30:37,__COMPANY__ Cuts More Than 200 Investment Bank Jobs to Reduce Costs,-1
train,255,2025-06-09 15:35:51,"Top Midday Stories: US, Chinese Officials Meet in London for Trade Talks; Warner Bros. Discovery to Split Into 2 Public Companies",4
train,256,2025-06-10 01:00:30,__COMPANY__ Just Cut 200 Bankers--Here's Why Investors Are Cheering,-1
train,257,2025-06-10 02:45:00,Japanese Megabanks Focus On India In Hunt For Higher Returns,24
train,258,2025-06-10 07:32:46,__COMPANY__ becomes first major bank to launch dollar-pegged stablecoin,1
train,259,2025-06-10 07:35:23,"__COMPANY__ Announced That The Toronto Stock Exchange And The Office Of The Superintendent Of Financial Institutions Have Approved Its Normal Course Issuer Bid To Purchase, For Cancellation, Up To 35M Of Its Common Shares.",10
train,260,2025-06-10 08:30:17,__COMPANY__ ’s Crypto Arm Unveils Dollar Stablecoin on Ethereum and Solana,1
train,261,2025-06-10 09:00:00,The Highest-Quality Dividend Contenders By Quality Scores,3
train,262,2025-06-10 09:00:00,American Century Focused Global Growth Fund Q1 2025 Commentary,0
train,263,2025-06-10 09:30:00,Wary Wall Street Positioning Leaves Room for S&P 500 to Rally,-1
train,264,2025-06-10 10:00:00,__COMPANY__ LS and Segen to accelerate commercial energy and solar adoption,-1
train,265,2025-06-10 11:00:20,"Popular US Treasury Bet Risks Being Next Pain Trade, BNP Warns",-1
train,266,2025-06-10 11:31:00,__COMPANY__ to repurchase up to 35 million of its common shares,10
train,267,2025-06-10 11:44:35,__COMPANY__ Up 0.7% in U.S. Pre-market as Moves to Repurchase Up to 35 Million Common Shares,-1
train,268,2025-06-10 14:06:16,Warner Bros. Split Leaves Bondholders With Painful Choices,64
train,269,2025-06-10 14:11:00,__COMPANY__ Plans to Trim IB Workforce by More Than 200 to Reduce Costs,-1
train,270,2025-06-10 14:14:00,"LPLA, SF & Others to Face Penalty for Overcharging Retail Investors",-1
train,271,2025-06-10 15:31:00,American Century Emerging Markets Fund Q1 2025 Commentary,0
train,272,2025-06-10 15:42:00,__COMPANY__ : shares & voting rights as of 31 May 2025,41
train,273,2025-06-10 16:00:00,"__COMPANY__ share buyback programme - Declaration of transactions in own shares from June 2, 2025 to June 6, 2025",10
train,274,2025-06-10 17:24:23,__COMPANY__ ( __TICKER__ ) Announces 35 Million Share Buyback Plan,10
train,275,2025-06-10 17:42:22,__COMPANY__ : A Rare Breed Among Large-Cap Banks,1
train,276,2025-06-11 01:32:20,"Laurentian Bank: Long Road To Success, But Worth The Wait",1
train,277,2025-06-11 01:34:00,American Century International Growth Fund Q1 2025 Commentary,0
train,278,2025-06-11 08:00:00,American Century Focused International Growth Fund Q1 2025 Commentary,0
train,279,2025-06-11 09:06:00,Harbor International Fund Q1 2025 Commentary,0
train,280,2025-06-11 09:13:17,XTransfer and __COMPANY__ forge cross-border payments alliance,-1
train,281,2025-06-11 09:30:00,Musk-Trump Feud Distracts Tesla Traders Ahead of Robotaxi Launch,-1
train,282,2025-06-11 10:05:25,Major lenders raise mortgage rates ahead of Reeves’s spending review,14
train,283,2025-06-11 15:18:00,__COMPANY__ Rises 32.3% YTD: Is it the Right Time to Buy the Stock?,9
train,284,2025-06-12 06:15:00,US long-dated debt faces crucial test in $22 billion auction,64
train,285,2025-06-12 12:10:00,__COMPANY__ Announces the Redemption of 4 iPath® ETNs,28
train,286,2025-06-12 14:09:33,Mortgage rates steady ahead of Bank of England interest rate decision,14
train,287,2025-06-12 15:05:00,__COMPANY__ Establishes CCB SG Vision Foundation with TT Foundation Advisors,-1
train,288,2025-06-12 15:43:10,__COMPANY__ analyst predicts XRP will flip Ethereum in 3 years,-1
train,289,2025-06-12 16:48:00,__COMPANY__ SA : 2025 MREL requirements notification,-1
train,290,2025-06-12 20:45:34,"__COMPANY__ elevates US investment bankers Chawhan, Monga to unit heads",-1
train,291,2025-06-12 23:30:00,World’s Top Carry Trade Renews Debate Over Hong Kong Dollar Peg,4
train,292,2025-06-13 03:36:46,Oil Outlook in Flux as Analysts Revise Views After Israel Strike,17
train,293,2025-06-13 05:00:09,Oil Curve Shift Shows Fears of Protracted Mideast Conflict,17
train,294,2025-06-13 05:19:00,Impax Ellevate Global Women's Leadership Fund Q1 2025 Commentary,0
train,295,2025-06-13 09:43:58,"Trending tickers: Boeing, Adobe, Exxon, Oracle and Novo Nordisk",62
train,296,2025-06-13 13:02:30,__COMPANY__ Capital Markets promotes two investment bankers to lead US advisory units,23
train,297,2025-06-13 13:05:00,"__COMPANY__ Global Asset Management Inc. announces May sales results for __COMPANY__ Funds, PH&N Funds and BlueBay Funds",-1
train,298,2025-06-13 20:39:57,Wall Street’s Momentum Machine Faces a Middle East Stress Test,-1
train,299,2025-06-15 08:46:00,Impax International Sustainable Economy Fund Q1 2025 Commentary,0
train,300,2025-06-15 08:57:39,"Institutional investors in __TICKER__ Groep N.V. (AMS:INGA) see €1.8b decrease in market cap last week, although long-term gains have benefitted them.",40
train,301,2025-06-15 12:56:24,__COMPANY__ 's ( __TICKER__ ) Dividend Will Be Increased To CA$1.54,52
train,302,2025-06-15 19:00:00,Fed on Hold Leaves Wall Street Asking What It Will Take to Cut Interest Rates,36
train,303,2025-06-16 05:31:39,Markets Cautious as Israel-Iran Clash Tests Nerves: Markets Wrap,58
train,304,2025-06-16 07:22:16,__COMPANY__ Financial Group and SBI launch wealth management JV,-1
train,305,2025-06-16 07:42:47,LIVE: FTSE 100 and US indices higher as Iran-Israel nerves ease,58
train,306,2025-06-16 12:31:51,3 TSX Dividend Stocks Yielding Up To 6.3%,3
train,307,2025-06-16 14:50:22,__COMPANY__ __TICKER__ Returning Value by Repurchasing 35 Million Common Shares,10
train,308,2025-06-16 15:45:10,Why __TICKER__ Groep __TICKER__ is a Great Dividend Stock Right Now,52
train,309,2025-06-16 16:03:00,"__COMPANY__ share buyback programme - Declaration of transactions in own shares from June 9, 2025 to June 13, 2025",10
train,310,2025-06-16 17:30:25,Reeflex Solutions Announces Credit Facility With the __COMPANY__,-1
train,311,2025-06-16 19:48:16,"Fed rate-cut bets heat up, __COMPANY__ warns tariff-induced inflation is near",-1
train,312,2025-06-17 06:49:29,"Häagen-Dazs, Starbucks Mull Overhauls in China to Fend Off Powerful Local Rivals",4
train,313,2025-06-17 07:13:20,TSB’s Spanish owner considers sale of UK banking business,35
train,314,2025-06-17 12:43:39,BXSL: 10% Yield With Strong Financials,3
train,315,2025-06-17 13:08:00,Wasatch International Value Fund Q1 2025 Commentary,0
train,316,2025-06-17 15:00:00,Top 10 Stocks For H2 2025,3
train,317,2025-06-18 03:38:14,China Consumer Rush for Subsidies Overloads Stimulus Program,4
train,318,2025-06-18 06:30:00,Pierre & Vacances-Center Parcs Group Initiates a Review of Its Strategic Options,-1
train,319,2025-06-18 07:51:41,PBOC Head Imagines New World Currency Order After Dollar Era,4
train,320,2025-06-18 09:15:00,"Two ETFs Offering Yield, Growth, And Potential Outperformance",8
train,321,2025-06-18 13:01:04,Market Chatter: Banco __COMPANY__ Reaches Out to Banco de Sabadell About TSB Takeover,35
train,322,2025-06-18 13:38:58,' __COMPANY__ Said to Be Among Firms Interested in Buying TSB'- Bloomberg,35
train,323,2025-06-18 15:21:00,__TICKER__ Gains 18.3% So Far This Year: How to Play the Stock?,-1
train,324,2025-06-18 16:28:45,__COMPANY__ India says it offers structured products only to eligible clients after report on lapses,20
train,325,2025-06-19 01:29:10,London Seeks More Chinese Listings as City Battles IPO Drought,-1
train,326,2025-06-19 04:00:00,First CSRD Disclosures: A Messy Start,21
train,327,2025-06-19 04:42:57,Nippon Steel Says It Could Issue Equity to Fund US Takeover,-1
train,328,2025-06-19 13:00:00,"CUBE ANNOUNCES ACQUISITION OF LEADING AI OPERATIONAL RISK PROVIDER, ACIN",6
train,329,2025-06-19 13:40:04,Is Pagaya Technologies Ltd. (PGY) Stock Outpacing Its Finance Peers This Year?,-1
train,330,2025-06-19 13:40:05,Is Flex LNG (FLNG) Stock Outpacing Its Transportation Peers This Year?,-1
train,331,2025-06-19 13:40:05,Is BGSF (BGSF) Stock Outpacing Its Business Services Peers This Year?,-1
train,332,2025-06-19 14:25:55,Lenders follow Bank of England and hold mortgage rates,14
train,333,2025-06-19 15:18:02,__TICKER__ COO Roussel-Pollet exits after four months to join __COMPANY__ Leasing Solutions,29
train,334,2025-06-19 15:18:02,__TICKER__ CCO Roussel-Pollet exits after four months to join __COMPANY__ Leasing Solutions,29
train,335,2025-06-19 16:00:04,__COMPANY__ __TICKER__ Upgraded to Strong Buy: Here's Why,-1
train,336,2025-06-20 07:52:08,LIVE: FTSE 100 and US markets upbeat as Trump sets deadline on Iran decision,58
train,337,2025-06-20 08:52:06,Goldman and __COMPANY__ See Europe’s Economy Powering Stock Rally,-1
train,338,2025-06-20 09:25:00,"Big Beautiful (Bill) Noise, Same Strategy - May Dividend Income Report",3
train,339,2025-06-20 09:41:15,"Trending tickers: SoftBank, Pop Mart, Snowflake, Salesforce and Nvidia",62
train,340,2025-06-20 10:37:03,Currency Traders Are Ditching Dollar for Euro on Option Bets,11
train,341,2025-06-20 11:01:00,__COMPANY__ deepens its commitment to advancing reconciliation and human rights with the launch of its inaugural Reconciliation Action Plan,-1
train,342,2025-06-20 13:19:32,__COMPANY__ appoints ex- __TICKER__ executive as UAE private bank head,15
train,343,2025-06-20 15:40:02,__TICKER__ or NABZY: Which Is the Better Value Stock Right Now?,37
train,344,2025-06-20 20:30:09,Wall Street’s First-Half Whiplash Rewards All-Weather Portfolios,-1
train,345,2025-06-22 12:30:00,Central Banks in Asia Are Becoming Wary of Currency Intervention,-1
train,346,2025-06-22 14:15:01,Investors set to flock to safety as world awaits Iran’s response,58
train,347,2025-06-23 00:32:52,Tesla Starts Long-Awaited Robotaxi Service With Low-Key Rollout,-1
train,348,2025-06-23 00:52:13,Japan Flags Big Cut to Long-End Bond Issuance Before Auction,33
train,349,2025-06-23 09:30:00,10 Stocks That Pay $100 or More in Dividends,3
train,350,2025-06-23 09:57:37,Firms Wary of Market Chaos Are Selling Debt Before Iran Reacts,58
train,351,2025-06-23 10:00:02,__COMPANY__ and ALTIOS join forces to boost SME across Asia,23
train,352,2025-06-23 10:11:30,__TICKER__ UK cuts financial advice fee to 1% for Premier customers,-1
train,353,2025-06-23 12:25:35,__COMPANY__ 's Comment on Currencies After U.S. Strike on Iran,11
train,354,2025-06-23 12:28:22,__TICKER__ names new head of wealth and premier solutions in Singapore,-1
train,355,2025-06-23 13:40:04,Are Finance Stocks Lagging __COMPANY__ __TICKER__ This Year?,-1
train,356,2025-06-23 14:00:00,Steven Cress' Top 10 Stocks For H2 2025,3
train,357,2025-06-23 14:00:00,__COMPANY__ Americas Hires Yaron Kinar as Managing Director and Senior Equity Research Analyst Covering the Insurance Sector,15
train,358,2025-06-23 15:14:15,European Equities Traded in the US as American Depositary Receipts Edge Lower in Monday Trading,38
train,359,2025-06-23 15:27:10,"__COMPANY__ Cut Samsara Target to $38 in Early June, Holding Neutral Stance",42
train,360,2025-06-23 16:00:03,Royal Bank __TICKER__ Upgraded to Buy: Here's Why,-1
train,361,2025-06-23 16:45:00,__TICKER__ Experts Share Strategies for Managing Art as an Alternative Asset Class,-1
train,362,2025-06-23 19:13:59,Powell Headed for Congressional Grilling Over Fed’s Rate Hold,-1
train,363,2025-06-23 21:54:30,Tesla Robotaxi Incidents Draw Scrutiny From US Safety Agency,-1
train,364,2025-06-24 06:51:15,Japanese Equities Rise as Israel-Iran Ceasefire Boosts Sentiment,33
train,365,2025-06-24 08:30:00,"Digital Asset, Builder of Privacy-Focused Blockchain Canton, Raises $135M",1
train,366,2025-06-24 09:40:54,Wall Street Says Buy Tech as Geopolitical Risks Often Contained,-1
train,367,2025-06-24 09:59:38,__COMPANY__ 's Overnight Economic News Summary,18
train,368,2025-06-24 10:06:07,US stocks head toward record as geopolitics fail to derail rally,46
train,369,2025-06-24 10:42:40,"China on Cusp of Seeing Over 100 DeepSeeks, Ex-Top Official Says",4
train,370,2025-06-24 11:00:00,"How To Build A $1,000,000 Dividend Portfolio That Could Yield 11%+ In 15 Years",3
train,371,2025-06-24 12:24:07,A Key Gauge Signals Waning Demand for US Dollar in $7.5 Trillion Market,-1
train,372,2025-06-24 12:44:00,__TICKER__ Lowers Financial Advice Fee to 1% for UK Premier Clients,-1
train,373,2025-06-24 15:10:59,__COMPANY__ wraps up divestment of Tanzania operations to Access Bank,-1
train,374,2025-06-24 22:44:00,Athene Prices $600 Million Junior Subordinated Debentures Offering,-1
train,375,2025-06-25 02:40:26,China Seizes Moment to Globalize Yuan as Dollar Doubts Mount,4
train,376,2025-06-25 04:43:12,"Australia’s Monthly CPI Cools, Cementing July Rate-Cut Case",22
train,377,2025-06-25 06:41:46,Most Hawkish BOJ Member Flags Rate Hike Risk as Inflation Gains,-1
train,378,2025-06-25 08:10:00,My Dividend Stock Portfolio: New May Dividend Record - 100 Holdings With 15 Buys,3
train,379,2025-06-25 08:57:00,Correction: Stabilization Notice - PRE STAB - Kepler SPA (BIOFARMA) - Dates corrected,34
train,380,2025-06-25 10:42:00,Victory RS International Fund Q1 2025 Commentary,0
train,381,2025-06-25 11:48:00,Stabilization Notice - PRE STAB - DOLCETTO HOLDCO S.P.A.,34
train,382,2025-06-25 12:30:00,Phoenix Aviation Capital and AIP Capital Announce Closing of Inaugural $550 Million Senior Unsecured Notes Offering,2
train,383,2025-06-25 14:15:12,17 Ideal 'Safer' Dividend Dogs To Buy Out Of 72 June Graham Value All-Stars,3
train,384,2025-06-25 15:04:20,European Equities Traded in the US as American Depositary Receipts Fall in Wednesday Trading,38
train,385,2025-06-25 22:00:37,Chinese Toymaker Takes Drastic Action to Survive Trump’s Tariffs,4
train,386,2025-06-25 22:50:00,__COMPANY__ announces NVCC subordinated debenture issue,28
train,387,2025-06-26 01:54:54,"Reported Earlier, __COMPANY__ Bank Updates Cash Tender Offers And Consent Solicitations For Exchange-Traded Notes, New Expiration Set For September 24, 2025",28
train,388,2025-06-26 03:10:00,__COMPANY__ Bank PLC Updates Announcement of 2 Cash Tender Offers and Consent Solicitations,28
train,389,2025-06-26 05:00:53,Lenders drop mortgage rates as regulator pushes rule changes,14
train,390,2025-06-26 08:00:00,CloudBees accelerates European momentum,-1
train,391,2025-06-26 08:28:16,China Opens First Offshore Gold Vault in Hong Kong,4
train,392,2025-06-26 10:45:00,Japan Regional Bank M&A May Accelerate As Lenders Brace For Higher Rates,24
train,393,2025-06-26 11:49:00,Jes Staley Loses Appeal Over Jeffrey Epstein Ban,-1
train,394,2025-06-26 12:05:24,__COMPANY__ : Is The Valuation Re-Rating Sustainable?,-1
train,395,2025-06-26 14:30:42,Asian Equities Traded in the US as ADRs Rise in Thursday Trading,55
train,396,2025-06-26 17:33:23,__COMPANY__ ( __TICKER__ ) Announces $1 Billion NVCC Note Offering,28
train,397,2025-06-26 20:42:50,Revolut to acquire __COMPANY__ -owned Argentine lender in market expansion,-1
train,398,2025-06-27 03:25:33,Mexico Steps In to Run Banks Tarred by US Drug Accusations,-1
train,399,2025-06-27 04:31:49,3 Asian Dividend Stocks To Consider With Up To 7.3% Yield,3
train,400,2025-06-27 10:03:15,__COMPANY__ Buys __TICKER__ 's Custody Business In Germany,-1
train,401,2025-06-27 10:15:29,Euro Poised for Best Run Since 2017 as Traders Target $1.20,11
train,402,2025-06-27 11:20:00,Sale of Custody Business in __COMPANY__ Germany,-1
train,403,2025-06-27 12:04:47,Revolut reportedly to acquire Argentina’s Banco Cetelem,1
train,404,2025-06-27 13:40:57,__COMPANY__ to acquire __TICKER__ 's custody and depositary business in Germany,-1
train,405,2025-06-27 15:01:47,European Equities Traded in the US as American Depositary Receipts Rise in Friday Trading; Up 2.5% for Week,38
train,406,2025-06-27 15:06:00,__COMPANY__ vs. __TICKER__ : Which Global Bank is the Smarter Buy Today?,16
train,407,2025-06-27 18:00:00,"Driven by AI agents and large models powering new quality productive forces, LexinFintech wins The Asian Banker ’s Best AI Technology for Financial Technology Company in China",6
train,408,2025-06-27 18:16:45,Sector Update: Financial Stocks Rise Friday Afternoon,5
train,409,2025-06-27 19:48:52,Sector Update: Financial Stocks Rise Late Afternoon,5
train,410,2025-06-27 20:33:00,NIQ Announces Filing of Registration Statement for Proposed Initial Public Offering,41
train,411,2025-06-27 20:44:22,Wall Street’s Booming June Is Big Bet Against Economy Doomsayers,-1
train,412,2025-06-28 16:39:15,Shell (SHEL) Advances Share Buyback Program with $63.8 Million Purchase,10
train,413,2025-06-29 12:50:15,Top Piotroski-Graham Long-Term Value Portfolio: Mid-Year 2025 Selections,0
train,414,2025-06-29 19:00:27,What Traders Have Gotten Wrong in 2025,-1
train,415,2025-06-30 06:31:31,China’s Stimulus Outlook Clouded by Surprise Economic Strength,4
train,416,2025-06-30 08:18:00,Liquidity Buffers At Most Large European Banks Expand In Q1 2025,-1
train,417,2025-06-30 10:13:01,__COMPANY__ Faces Epstein Fallout As Former CEO Faces Trial,-1
train,418,2025-06-30 13:51:00,TCL Technology pioneers the first sustainability-linked offshore syndicated loan in China's display panel industry,-1
train,419,2025-06-30 15:14:54,European Equities Traded in the US as American Depositary Receipts Rise in Thursday Trading,38
train,420,2025-06-30 16:01:00,__TICKER__ 's Arm to Exit German Custody Business Under Simplification Plan,-1
train,421,2025-06-30 16:51:00,Securitas signs new revolving credit facility agreement and a new loan agreement,2
train,422,2025-06-30 17:55:57,EU to Accept Trump’s Universal Tariff But Seeks Key Exemptions,46
train,423,2025-06-30 23:46:00,"Ad Agencies’ Low Growth Will Drag On as They Adjust to Era of AI, __COMPANY__ Says",6
train,424,2025-07-01 01:37:19,Japan’s Business Confidence Beats Expectations Despite Tariffs,-1
train,425,2025-07-01 05:15:34,__COMPANY__ Bank faces $2.7 billion lawsuit over alleged role in 1MDB fraud,26
train,426,2025-07-01 06:09:00,__COMPANY__ CARDIF COMPLETES THE ACQUISITION OF AXA INVESTMENT MANAGERS,-1
train,427,2025-07-01 06:33:06,European Banks’ First-Half Stock Gains Are Biggest This Century,-1
train,428,2025-07-01 07:59:00,__COMPANY__ Primary New Issues: Post-Stabilization Notice - NO STAB - Kepler SPA (BIOFARMA),34
train,429,2025-07-01 08:10:00,__COMPANY__ Primary New Issues: STAB Notice - No Stab DOLCETTO HOLDCO S.P.A,34
train,430,2025-07-01 08:20:00,__COMPANY__ Primary New Issues: STAB Notice - No Stab CMA,34
train,431,2025-07-01 09:04:57,"Stocks to Watch Tuesday: Tesla, Robinhood, Wolfspeed",12
train,432,2025-07-01 09:46:25,Euro on Cusp of Best Winning Streak in Two Decades Versus Dollar,11
train,433,2025-07-01 11:32:28,"Dollar tumbles, Japan trade tensions, European bank rally: 3 Things",33
train,434,2025-07-01 11:40:00,Stabilization Notice -PAPREC Pre -Stab,34
train,435,2025-07-01 12:30:00,NYLI WMC International Research Equity Fund Q1 2025 Commentary,0
train,436,2025-07-01 12:31:00,Liquidators File $2.7 Billion Lawsuit Against __COMPANY__ Bank Over 1MDB Role,26
train,437,2025-07-01 14:58:27,European Equities Traded in the US as American Depositary Receipts Edge Higher in Tuesday Trading,38
train,438,2025-07-01 15:06:00,AM Best Affirms Credit Ratings of Greenval Insurance Designated Activity Company,-1
train,439,2025-07-01 17:31:00,Banco __COMPANY__ Chile welcomes Andrés Trautmann Buc as the Bank's New CEO and Country Head,-1
train,440,2025-07-01 18:00:23,Sector Update: Financial Stocks Higher Tuesday Afternoon,5
train,441,2025-07-01 18:33:00,__COMPANY__ to buy TSB for £2.6bn,35
train,442,2025-07-01 18:40:18,Traders’ Fear of Missing Out on Stock Gains Outweighs Tariff Concerns,46
train,443,2025-07-01 19:24:00,Sabadell Seeks Shareholder Approval of Nearly $4 Billion Sale of U.K. Unit to __COMPANY__,35
train,444,2025-07-01 20:35:00,"__COMPANY__ Holdings USA, Inc. Announces 2025 Stress Capital Buffer",-1
train,445,2025-07-02 04:00:00,Stablecoin Push Gains Ground in China in New Challenge to US,4
train,446,2025-07-02 05:47:49,__COMPANY__ Agrees to Buy Sabadell's UK Unit TSB,35
train,447,2025-07-02 06:55:29,TSB brand could disappear from high streets in £2.65bn __COMPANY__ takeover deal,35
train,448,2025-07-02 06:58:03,__COMPANY__ CFO Says TSB Brand Has a 'Lot of Value',35
train,449,2025-07-02 08:55:00,Best Value Stocks to Buy for July 2nd,47
train,450,2025-07-02 08:58:27,"Expect One More ECB Cut by End of Year, __COMPANY__ Says",-1
train,451,2025-07-02 09:04:46,"Trending tickers: AstraZeneca, Constellation Brands, Ford, __COMPANY__ and Greggs",62
train,452,2025-07-02 09:30:00,‘Irrational Exuberance’ Stock Gauge Sparks Fresh Bubble Worries,-1
train,453,2025-07-02 09:48:00,New Strong Buy Stocks for July 2nd,47
train,454,2025-07-02 11:26:00,Financial Services Roundup: Market Talk,31
train,455,2025-07-02 11:32:05,"__COMPANY__ -TSB deal, Centene selloff: Trending Tickers",62
train,456,2025-07-02 12:08:40,Spain's __COMPANY__ buys TSB Bank to boost presence in the UK,35
train,457,2025-07-02 12:10:44,__COMPANY__ 's TSB takeover: What it means for your account,35
train,458,2025-07-02 12:18:39,__COMPANY__ agrees to acquire TSB from Sabadell,35
train,459,2025-07-02 12:41:00,LENZING PRE - Stabilization Notice,34
train,460,2025-07-02 13:40:02,Is __COMPANY__ Group __TICKER__ Stock Undervalued Right Now?,9
train,461,2025-07-02 16:23:00,__COMPANY__ : Termination of the liquidity contract and half-year statement,-1
train,462,2025-07-02 23:55:00,NYLI Epoch International Choice Fund Q1 2025 Commentary,0
train,463,2025-07-03 02:06:17,"Oil Declines With Trade Deal Progress, OPEC+ Decision in Focus",17
train,464,2025-07-03 05:02:41,__COMPANY__ 's bet on Britain with TSB deal shows banks' need for scale,35
train,465,2025-07-03 06:31:46,Top UK Dividend Stocks To Consider In July 2025,3
train,466,2025-07-03 08:32:54,Nippon Steel to raise $5.6 billion in subordinated loans to fund US Steel deal,24
train,467,2025-07-03 09:14:00,WEBUILD __COMPANY__ Primary New Issues: NO STAB Notice,34
train,468,2025-07-03 10:00:00,The Man Tasked With Ending __COMPANY__ ’s Fat-Finger Blunders,-1
train,469,2025-07-03 11:33:00,__COMPANY__ Primary New Issues: NO STAB Notice,34
train,470,2025-07-03 11:51:04,Halifax scraps monthly prize draw for mortgages and savers,14
train,471,2025-07-03 12:20:12,"Exchange-Traded Funds, Equity Futures Higher Pre-Bell Thursday Ahead of June Jobs Report",5
train,472,2025-07-03 12:36:24,__COMPANY__ : Smart Buy For Growth-Oriented Investors,-1
train,473,2025-07-03 12:36:42,Nippon Steel Secures $5.56 Billion in Loans to Fund US Steel Acquisition,-1
train,474,2025-07-03 14:50:18,"Meta, FedEx, Oracle: Trending Tickers",62
train,475,2025-07-03 15:02:40,European Equities Traded in the US as American Depositary Receipts Track Lower in Thursday Trading,38
train,476,2025-07-03 15:21:05,"Rivian, Lucid to Benefit From Trump Tax Bill, __COMPANY__ Says",6
train,477,2025-07-03 15:45:00,Fnac Darty: June 2025 - Half-yearly report on liquidity contract,-1
train,478,2025-07-03 15:45:00,Half year liquidity contract EUTELSAT COMMUNICATIONS contracted with __COMPANY__,-1
train,479,2025-07-03 23:01:00,Self-made people ‘holding estimated £40.7bn in under-utilised cash savings’,-1
train,480,2025-07-04 04:45:00,"European Banking Stocks Surge Ahead Of U.S., Asia Rivals In H1 2025",-1
train,481,2025-07-04 05:01:00,The most popular stocks and funds investors bought in June,47
train,482,2025-07-04 11:36:07,European companies advocate two-year postponement of AI Act,6
train,483,2025-07-04 13:37:00,__TICKER__ Agrees to Sell UK Life Insurance Business to Chesnara,-1
train,484,2025-07-04 15:45:00,__COMPANY__ Sa: __COMPANY__ S.A. completes the acquisition of __COMPANY__ ’s 30.5% stake in CACEIS and now brings its ownership to 100%,20
train,485,2025-07-05 19:00:00,The Securities That Banks Are Backing Away From: Credit Weekly,31
train,486,2025-07-06 14:00:00,It’s Déjà Vu for Option Traders as Markets Calm Into Tariffs Day,46
train,487,2025-07-06 22:53:18,Banco __COMPANY__ : When Global Banking Becomes A Smart Bet,1
train,488,2025-07-07 02:52:00,"__TICKER__ Holdings: Positioned For Uncertainty, Not Opportunity",-1
train,489,2025-07-07 09:06:00,Noah ARK Partners with Greenwich Economic Forum (GEF) to Deliver Smarter Global Wealth Solutions,-1
train,490,2025-07-07 09:44:29,China's central bank asks financial institutions about dollar weakness: Source,4
train,491,2025-07-07 12:01:00,Vietnamese Users Can Link UnionPay Cards to Alipay and WeChat Pay for Convenient Payments in China,-1
train,492,2025-07-07 13:58:50,Dollar Jumps Ahead of Trump Tariff Deadline,-1
train,493,2025-07-07 15:06:39,European Equities Traded in the US as American Depositary Receipts Lower in Monday Trading,38
train,494,2025-07-07 15:40:58,"__COMPANY__ : AI, DeepTech dominate as unicorns swell to $4.9 trillion valuation",6
train,495,2025-07-07 15:54:00,"Affluent Investors Double Allocations to Alternative Investments, __TICKER__ Investor Snapshot Finds",-1
train,496,2025-07-07 16:00:00,__COMPANY__ ADAPTS ITS GOVERNANCE AHEAD OF ITS FUTURE STRATEGIC PLAN,-1
train,497,2025-07-08 06:45:00,Major Asia-Pacific Banks Post Market Cap Gains In Q2 As Interest Rates Fall,24
train,498,2025-07-08 11:43:18,"UnionPay cards link to Alipay, WeChat Pay for Vietnam users in China",-1
train,499,2025-07-08 12:30:29,"Oil Steadies as Traders Assess Trump Tariffs, Red Sea Attacks",17
train,500,2025-07-08 14:15:00,"__COMPANY__ Consumer Launches Drive Together, Offering Dealers Pre-Qualified Leads from Web Traffic",-1
train,501,2025-07-08 15:39:00,__COMPANY__ : shares & voting rights as of 30 June 2025,41
train,502,2025-07-08 15:54:00,Publicis Groupe Half-Year Liquidity Contract Statement,-1
train,503,2025-07-08 16:18:26,Gold Declines as Market Parses Trump Comments on Tariff Deadline,39
train,504,2025-07-08 20:27:55,Why __TICKER__ Is Betting Billions on Britain's Rich--Just as They Start to Flee,54
train,505,2025-07-09 06:40:46,"Longest 0% balance transfer credit card deals of the week, 9 July",31
train,506,2025-07-09 09:30:00,‘Unloved’ Stocks Rally Is Luring Some Big Buyers Off Sidelines,9
train,507,2025-07-09 13:52:00,"TFC Launches Truist Merchant Engage, Rides on Payment Innovation",-1
train,508,2025-07-09 16:00:00,"Hermès International: Situation of the liquidity contract as of June 30, 2025",-1
train,509,2025-07-09 16:00:00,"Half-Year Statement on the Implementation of the Liquidity Contract as of June 30, 2025",-1
train,510,2025-07-10 04:30:00,Luxury Isn’t What It Used to Be. Here’s How to Play the Stocks Now.,-1
train,511,2025-07-10 06:25:00,"__TICKER__ Continues Its Growth In Spain By Expanding Services For Its More Than 4.4M Customers, Through More Than 740 New NCR Atleos Terminals, Its Customers Of ""Cuenta Nómina"" Will Be Able To Withdraw Cash Without Fees",16
train,512,2025-07-10 07:01:20,Japan 20-Year Bond Sale Leaves Traders in Limbo Before Election,33
train,513,2025-07-10 08:31:03,Jack Ma-Backed Ant to Add Circle’s Stablecoin to Global Net,1
train,514,2025-07-10 09:00:00,Xi Signals China May Finally Move to End Deflationary Price Wars,4
train,515,2025-07-10 09:30:00,Regional Banks’ Torrid Rally Draws Bearish Bets as Earnings Loom,-1
train,516,2025-07-10 09:30:22,Trump’s 50% Levy on Brazil Shows World Nothing Is Off Limits,-1
train,517,2025-07-10 10:05:15,CaixaBank: Earnings Growth Set To Pick Up In 2027,27
train,518,2025-07-10 10:20:03,Should You Invest in the iShares MSCI Europe Financials ETF (EUFN)?,8
train,519,2025-07-10 10:21:00,Stabilization Notice - Morrisons - Pre-stab,34
train,520,2025-07-10 11:23:22,Major lenders offer better sub-4% mortgages amid mini price war,14
train,521,2025-07-10 14:12:00,DNB Bank Scheduled to Report Q2 Earnings: What to Expect?,59
train,522,2025-07-10 15:16:38,European Equities Traded in the US as American Depositary Receipts Higher in Thursday Trading,38
train,523,2025-07-10 15:48:57,Banco __COMPANY__ shares are trading lower amid US tariffs on Brazil.,30
train,524,2025-07-10 22:00:00,__COMPANY__ announces Japanese Yen NVCC subordinated debenture issue,28
train,525,2025-07-11 02:32:39,Dollar losing allure for Chinese traders creates runway for yuan,4
train,526,2025-07-11 02:53:20,Alibaba Risks Deepening $100 Billion Rout as Turf War Heats Up,-1
train,527,2025-07-11 03:30:43,PBOC Adviser Urges $209 Billion Stimulus to Counter US Tariffs,4
train,528,2025-07-11 04:22:51,"__COMPANY__ : Sold Off About A Month Ago, A 'Hold' Going Into 2025-2027",-1
train,529,2025-07-11 11:46:41,Half-Year Portfolio Performance 2025,-1
train,530,2025-07-11 14:51:08,__TICKER__ Reportedly Leaves Net-Zero Banking Alliance,16
train,531,2025-07-11 15:10:13,European Equities Traded in the US as American Depositary Receipts Drop Sharply in Friday Trading,38
train,532,2025-07-11 15:40:02,__TICKER__ vs. BNS: Which Stock Is the Better Value Option?,37
train,533,2025-07-11 15:45:03,Why Banco __COMPANY__ __TICKER__ is a Top Dividend Stock for Your Portfolio,52
train,534,2025-07-11 15:58:28,Update: __TICKER__ Reportedly Leaves Net-Zero Banking Alliance,16
train,535,2025-07-11 16:00:02,__COMPANY__ __TICKER__ Upgraded to Buy: Here's What You Should Know,29
train,536,2025-07-11 17:44:50,Sector Update: Financial Stocks Lower in Afternoon Trading,5
train,537,2025-07-11 19:25:56,Wall Street Just Got Backdoor Access to India's $639B Credit Boom,31
train,538,2025-07-11 20:07:28,Surprised By Amount of Dry Powder: BNP's Hjort,40
train,539,2025-07-11 20:45:28,Battle-Hardened Wall Street Bulls Are Proving Very Hard to Scare,-1
train,540,2025-07-12 04:43:46,FFC: There Is No Compelling Reason To Buy This Fund Over Other Preferred CEFs,0
train,541,2025-07-12 13:00:00,Five Themes for Investors to Watch as Earnings Season Kicks Off,18
train,542,2025-07-12 19:00:00,Worst Spate of Downgrades Since 2021 Signals Pain,-1
train,543,2025-07-13 10:14:19,__TICKER__ Holdings: Personal Banking Segment May Impact Revenues,16
train,544,2025-07-13 19:00:00,Bond Traders Cast Doubt on September Fed Cut Before Key CPI Data,36
train,545,2025-07-14 01:38:38,Bank of Montreal: Tallying The Scorecard,-1
train,546,2025-07-14 03:33:08,"China’s GDP Seen Outpacing Target, Easing Stimulus Pressure",4
train,547,2025-07-14 05:00:20,Bank issues warning over building projects scams after seeing jump in cases,-1
train,548,2025-07-14 09:17:30,Japanese Bonds Tumble as Fiscal Worries Mount Before Election,33
train,549,2025-07-14 09:43:43,"Dollar-Selling Is Becoming a Bubble, Which May Burst, __TICKER__ Says",-1
train,550,2025-07-14 13:00:00,"__COMPANY__ US Announces $25 Million Commitment to Education, Employability and Entrepreneurship, Including New Scholarship and Grant Funding",-1
train,551,2025-07-14 13:03:48,The Dollar's Collapse Party Might Be Ending -- __TICKER__ Says the Real Bubble Is Forming Now,-1
train,552,2025-07-14 13:51:57,Options Signal More Earnings Season Swings on Tariff Turmoil,46
train,553,2025-07-14 15:45:03,__COMPANY__ SA __TICKER__ is a Top Dividend Stock Right Now: Should You Buy?,52
train,554,2025-07-14 16:00:53,Scotiabank Remains Too Undervalued With A 6% Yield,-1
train,555,2025-07-15 01:11:31,Oil Holds Decline as Traders Assess Outlook for Russian Supply,17
train,556,2025-07-15 04:04:16,Japanese Bonds Risk Liz Truss Moment as Election Jolts Market,33
train,557,2025-07-15 08:41:20,Japan Bond Rout Touches New Pain Point as 10-Year Yield Rises,33
train,558,2025-07-15 09:33:00,Stabilization Notice - Pre Stab - Nexture SPA,34
train,559,2025-07-15 10:32:00,__COMPANY__ signs an agreement with the State of Cameroon to sell its subsidiary __COMPANY__ Cameroun,-1
train,560,2025-07-15 11:55:39,China’s Growth Momentum Offers Xi Rare Window to Fight Deflation,4
train,561,2025-07-15 12:31:42,Top TSX Dividend Stocks For Your Portfolio,3
train,562,2025-07-15 13:10:54,__COMPANY__ Financial __TICKER__ Invests Big in AI and Digital Growth,6
train,563,2025-07-15 13:10:59,__COMPANY__ __TICKER__ and Mercer Team to Offer Comprehensive OCIO Services,-1
train,564,2025-07-15 13:27:26,Oakmark Global Fund Added __COMPANY__ SA __TICKER__ on a Dip,0
train,565,2025-07-15 17:20:32,"__COMPANY__ 's Botin on US Consumer, Europe and Stablecoins",1
train,566,2025-07-15 18:10:04,"Banco __COMPANY__ , S.A. __TICKER__ Is A European Bank That’s Not A Loser, Says Jim Cramer",-1
train,567,2025-07-15 20:30:37,Botin: Openbank is a 'Major Step' for US Strategy,1
train,568,2025-07-15 21:06:35,"Banco __COMPANY__ , S.A. __TICKER__ Boosts UK Presence With TSB Bank Acquisition",35
train,569,2025-07-16 05:00:00,"Half-year report on Pluxee N.V.’s liquidity contract as of June 30, 2025",-1
train,570,2025-07-16 11:01:37,The $20 Trillion Bet: What If Trump Gets His 300bps Cut?,-1
train,571,2025-07-16 11:42:00,Third China International Supply Chain Expo Opens in Beijing,4
train,572,2025-07-16 15:18:00,__COMPANY__ Fined $56 Million for Money-Laundering Failures,26
train,573,2025-07-16 20:10:53,"ASML cuts outlook, Palantir & ARM upgraded: Trending Tickers",62
train,574,2025-07-17 00:22:54,Should You Buy __COMPANY__ __TICKER__ for Income in 2025? Here’s What to Know,-1
train,575,2025-07-17 05:25:00,Japanese Banks Step Up Digitization To Retain Customers Amid Rising Rates,24
train,576,2025-07-17 06:04:00,Institutional investors have a lot riding on __COMPANY__ PLC (LON:STAN) with 66% ownership,-1
train,577,2025-07-17 10:59:46,Mortgage rate war heats up with __COMPANY__ dropping to 3.75%,14
train,578,2025-07-17 12:01:00,__COMPANY__ and BDC collaborate to expand access to financing for entrepreneurs,23
train,579,2025-07-17 14:24:12,Wall Street's Big 7 Are Now Bigger Than China's Entire Economy,4
train,580,2025-07-17 15:24:35,Lloyds to make extra £4bn available to help more first-time buyers,35
train,581,2025-07-17 16:00:02,__COMPANY__ __TICKER__ is a Great Momentum Stock: Should You Buy?,-1
train,582,2025-07-17 16:00:21,Harvard Bonds Draw Buyers as Clash With Trump Fuels Selloff,-1
train,583,2025-07-17 16:37:07,__COMPANY__ : Taking Stock After The Big 2025 Rally,9
train,584,2025-07-17 20:07:20,Dollar Gains as Traders Turn Focus to Signs of Economic Strength,46
train,585,2025-07-17 20:53:00,Sevasti Balafas Recounts Her ‘Scary’ Career Gamble That Is Paying Off,-1
train,586,2025-07-18 07:50:06,Traders’ Guide to Navigating Japan’s Upper House Election,33
train,587,2025-07-18 09:04:11,__COMPANY__ Downgrades __COMPANY__ to Neutral,43
train,588,2025-07-18 12:18:57,' __TICKER__ Sells French Loan Portfolio to Its Former France Subsidiary'- Bloomberg,-1
train,589,2025-07-18 13:01:00,__COMPANY__ joins Massachusetts Institute of Technology's (MIT) CSAIL fintech research initiative on the role of AI in the future of finance,6
train,590,2025-07-18 15:09:58,European Equities Traded in the US as American Depositary Receipts Edge Higher in Friday Trading,38
train,591,2025-07-18 17:53:24,"Dividend Champion, Contender, And Challenger Highlights: Week Of July 20",56
train,592,2025-07-18 20:29:49,"Trump Threats, Fed Feuds Fail to Break Markets as Logic Prevails",58
train,593,2025-07-19 08:00:00,Our Top 10 High Growth Dividend Stocks - July 2025,3
train,594,2025-07-19 23:18:31,__TICKER__ Groep: Attractive Valuation Relative To European Large-Caps (Rating Upgrade),-1
train,595,2025-07-20 16:43:29,ECB Won’t Flinch Yet in the Shadow of Trump’s Trade War,-1
train,596,2025-07-20 17:00:00,Oakmark Global Fund Q2 2025 Commentary,0
train,597,2025-07-20 23:35:00,Oakmark Global Select Fund Q2 2025 Commentary,0
train,598,2025-07-21 08:00:00,ECB Taking Breather But Busy Data Week to Help Decide Next Steps,-1
train,599,2025-07-21 10:30:00,Biggest US Power Sale to Offer Glimpse of AI’s Cost to Consumers,6
train,600,2025-07-21 16:50:12,Trump Wanted To Break China—Now It's Crushing The US At Its Own Game,4
train,601,2025-07-22 05:51:57,Investors in __COMPANY__ (LON:BARC) have seen solid returns of 274% over the past five years,7
train,602,2025-07-22 06:22:22,"__COMPANY__ Chase Shakes Up Quantum Computing Division, Recruits __COMPANY__ 's Rob Otter As Marco Pistoia, Charles Lim Exit",65
train,603,2025-07-22 14:52:54,"5 Ideal ""Safer"" Dividend Buys From Bloomberg's July Watch List",3
train,604,2025-07-22 15:21:00,Oakmark Global Concentrated Strategy Q2 2025 Commentary,0
train,605,2025-07-22 20:30:44,Figma’s Auction-Like IPO Set Up to Capitalize on Strong Demand,-1
train,606,2025-07-23 05:00:00,Dodge & Cox Global Stock Fund Q2 2025 Shareholder Letter,0
train,607,2025-07-23 05:25:22,China’s Long Bonds Join Global Drop as US Trade Tensions Ease,4
train,608,2025-07-23 06:01:28,"LDP: Preferred Stocks, If You Want Them",47
train,609,2025-07-23 07:40:13,Shares of US-listed Japanese stocks are trading higher after President Trump announced a trade deal with Japan.,24
train,610,2025-07-23 07:40:53,"Best cashback card deals of the week, 23 July",31
train,611,2025-07-23 09:33:21,S&P Global And __COMPANY__ Sign Multi-Year Strategic Agreement To Enhance Data-Driven Solutions And Cross-Asset Pricing Accuracy,-1
train,612,2025-07-23 11:16:29,Hong Kong watchdog penalises three banks for anti-money laundering violations,26
train,613,2025-07-23 11:26:00,Dodge & Cox Balanced Fund Q2 2025 Shareholder Letter,0
train,614,2025-07-23 12:21:00,Dodge & Cox Income Fund Q2 2025 Shareholder Letter,0
train,615,2025-07-23 13:39:49,XRP Gets Its Own Treasury Company: Look Who's Building A $20 Million XRP Reserve,-1
train,616,2025-07-23 14:16:00,Alex Ham joins __COMPANY__ as Global Chairman of Investment Banking,-1
train,617,2025-07-23 14:38:35,Asian Equities Traded in the US as American Depositary Receipts Soar in Wednesday Trading,55
train,618,2025-07-23 16:31:53,The meme stock rally continues the Trump trade rebound that has stocks trading at record highs,-1
train,619,2025-07-23 18:01:34,Tesla’s Darkening Outlook to Test Robotaxi Vision Pushed by Musk,-1
train,620,2025-07-23 23:35:00,Dodge & Cox International Stock Fund Q2 2025 Shareholder Letter,0
train,621,2025-07-24 03:50:00,Japan's Banks Seen To Get Boost From U.S. Trade Deal,24
train,622,2025-07-24 05:44:06,Tom Hayes Libor Victory Puts Convictions in $10 Billion Scandal at Risk,26
train,623,2025-07-24 08:28:00,Stabilization Notice - Pre Stab - Alstria HoldCo,34
train,624,2025-07-24 10:19:00,Correction: Stabilization Notice - Pre Stab - Alstria HoldCo,34
train,625,2025-07-24 10:42:07,"Morning Bid: Trade relief, business lift and market high",-1
train,626,2025-07-24 11:23:00,__COMPANY__ Expects Retail Banking to Boost Profit Growth,-1
train,627,2025-07-24 11:36:32,This week's best mortgage deals include a 3.76% rate for first-time buyers,14
train,628,2025-07-24 11:44:10,"__COMPANY__ , Lloyds, __COMPANY__ : Trending Tickers",62
train,629,2025-07-24 12:06:54,__COMPANY__ Aktiengesellschaft 2025 Q2 - Results - Earnings Call Presentation,44
train,630,2025-07-24 12:25:52,__COMPANY__ SA (BNPQF) Q2 2025 Earnings Call Transcript,19
train,631,2025-07-24 12:26:59,__COMPANY__ SA 2025 Q2 - Results - Earnings Call Presentation,44
train,632,2025-07-24 14:16:54,__COMPANY__ Hits Decade High as Sewing’s Strategy Pays Off,32
train,633,2025-07-24 14:37:13,Asian Equities Traded in the US as American Depositary Receipts Trend Lower in Thursday Trading,55
train,634,2025-07-24 14:50:51,__COMPANY__ And Largest French Lender Top Views. Stocks Outpace U.S. Market.,-1
train,635,2025-07-24 15:34:00,"__COMPANY__ Q2 Earnings Rise Y/Y, Expenses & Provision Fall Y/Y",45
train,636,2025-07-24 17:10:00,__COMPANY__ : changes in share capital,10
train,637,2025-07-24 20:39:57,Stocks Close at Record as Alphabet Fuels AI Hopes: Markets Wrap,-1
train,638,2025-07-24 21:00:00,Fidelity Diversified International Fund Q2 2025 Commentary,0
train,639,2025-07-24 21:25:00,Fidelity International Discovery Fund Q2 2025 Commentary,0
train,640,2025-07-25 00:11:30,Michael Saylor Amps Up Bitcoin War Chest With $2.8 Billion Deal,-1
train,641,2025-07-25 05:13:39,PBOC Moves to Steady Bond Market as Downward Spiral Worries Grow,4
train,642,2025-07-25 08:37:16,"__COMPANY__ , __COMPANY__ say no more rate cuts by the ECB in 2025",-1
train,643,2025-07-25 09:00:34,__COMPANY__ Downgrades __COMPANY__ to Sell,43
train,644,2025-07-25 10:21:17,16 Ideal 'Safer' Dividend Dogs To Buy From 70 July Graham Value All-Stars (GVAS),3
train,645,2025-07-25 10:31:36,Strategy Upsizes $500 Million IPO To $2.5 Billion: Which Other Companies Are Buying Bitcoin?,20
train,646,2025-07-25 14:36:32,"Stocks to watch this week: Microsoft, Apple, Shell, AstraZeneca and __TICKER__",12
train,647,2025-07-25 15:50:23,Why Oklo Stock's Bouncing All Over the Place Today,-1
train,648,2025-07-25 16:05:00,Transaction in Own Shares,10
train,649,2025-07-26 07:05:24,__COMPANY__ AG __TICKER__ Q2 2025 Earnings Call Highlights: Strong Profit Growth Amid Market Challenges,63
train,650,2025-07-26 07:17:29,__COMPANY__ Second Quarter 2025 Earnings: EPS Misses Expectations,-1
train,651,2025-07-26 09:26:35,__COMPANY__ __TICKER__ Jumps on 4th Day as Q2 Earnings Impress,51
train,652,2025-07-26 19:00:00,Rising Fiscal Deficits Drive Billions Into Credit,64
train,653,2025-07-27 07:35:00,Fidelity Emerging Markets Fund Q2 2025 Commentary,0
train,654,2025-07-27 10:00:00,Franklin Mutual Shares Fund Q2 2025 Commentary,0
train,655,2025-07-27 16:00:00,Franklin Mutual Global Discovery Fund Q2 2025 Commentary,0
train,656,2025-07-27 20:45:00,Fidelity Overseas Fund Q2 2025 Commentary,0
train,657,2025-07-28 13:04:00,__COMPANY__ Set to Report Q2 Earnings: Here's What You Should Know,-1
train,658,2025-07-28 14:35:00,__COMPANY__ Primary New Issues: POST-STAB Notice: No Stab Alstria HoldCo,34
train,659,2025-07-28 17:48:41,Sector Update: Financial Stocks Decline Monday Afternoon,5
train,660,2025-07-28 19:34:19,Wall Street Piles Into London Mega Deal: __COMPANY__ Bets $1.7B on Olympia Revival,31
train,661,2025-07-28 21:06:00,Treasury Expects to Borrow Over $1 Trillion This Quarter,64
train,662,2025-07-29 02:41:16,"__COMPANY__ Q2 EPS $0.63 Beats $0.50 Estimate, Sales $9.59B Beat $9.35B Estimate",13
train,663,2025-07-29 02:44:52,"__COMPANY__ Targets ~11% RoTE in 2025; Sees >£12.5B NII, Cost-Income Ratio Around 61%, CET1 Between 13%–14%",-1
train,664,2025-07-29 02:52:17,__COMPANY__ Q2 RoTE Rises To 12.3% On £2.5B Profit Before Tax; Loan Loss Ratio Up To 44bps On £0.5B Credit Impairments Including Tesco Bank Impact,-1
train,665,2025-07-29 04:32:31,"Earnings Scheduled For July 29, 2025",27
train,666,2025-07-29 09:15:00,Franklin Mutual International Value Fund Q2 2025 Commentary,0
train,667,2025-07-29 09:15:29,__COMPANY__ PLC 2025 Q2 - Results - Earnings Call Presentation,44
train,668,2025-07-29 10:01:18,A Glimpse of Banco __COMPANY__ 's Earnings Potential,-1
train,669,2025-07-29 10:10:00,Templeton Foreign Fund Q2 2025 Commentary,0
train,670,2025-07-29 10:23:14,__COMPANY__ PLC __TICKER__ Q2 2025 Earnings Call Transcript,19
train,671,2025-07-29 11:12:48,__COMPANY__ Q2 Earnings: Signs Of Recovery In French Retail Banking,59
train,672,2025-07-29 11:55:00,"__COMPANY__ Trading Unit Boosted by Market Turmoil, Lifting Earnings Above Views",-1
train,673,2025-07-29 12:19:03,__COMPANY__ shares are trading higher after the company reported better-than-expected Q2 financial results.,50
train,674,2025-07-29 12:53:00,__COMPANY__ ' Q2 Earnings Increase Y/Y on Growth in Revenues,45
train,675,2025-07-29 15:40:02,__TICKER__ or NU: Which Is the Better Value Stock Right Now?,37
train,676,2025-07-29 16:36:18,FTSE 100 climbs as earnings cascade brings cheer,58
train,677,2025-07-29 16:39:55,"Strategy Closes $2.52B STRC IPO, Acquires 21,021 Bitcoin At $117K Each",-1
train,678,2025-07-29 21:39:00,Bond Investors Are Watching Closely as the Bessent Treasury Plans $1 Trillion in New Borrowing,64
train,679,2025-07-30 04:27:12,"Banco __COMPANY__ Q2 EPS $0.25 Beats $0.23 Estimate, Sales $16.443B Beat $15.615B Estimate",13
train,680,2025-07-30 04:32:48,"Earnings Scheduled For July 30, 2025",27
train,681,2025-07-30 05:47:57,__TICKER__ posts lower-than-expected profits for first half of 2025,-1
train,682,2025-07-30 06:29:50,__COMPANY__ __TICKER__ Builds Momentum with Stable Credit and Diversified Growth,-1
train,683,2025-07-30 06:33:22,__TICKER__ launches $3bn share buyback despite second-quarter profit plunge,10
train,684,2025-07-30 06:43:45,Banco __COMPANY__ Sees FY2025 Sales $70.296B vs $61.890B Est,13
train,685,2025-07-30 07:51:00,"2 Cryptocurrencies That Can Soar Up to 324% by 2028, According to a Leading Wall Street Analyst",-1
train,686,2025-07-30 08:01:00,Earn A Potential 12%-14% Consistent Income: Monthly Options Series (August 2025),27
train,687,2025-07-30 08:31:46,__TICKER__ Holdings plc __TICKER__ H1 2025 Earnings Call Transcript,19
train,688,2025-07-30 08:32:41,__TICKER__ Holdings plc 2025 Q2 - Results - Earnings Call Presentation,-1
train,689,2025-07-30 09:46:05,"Banco __COMPANY__ , S.A. __TICKER__ H1 2025 Earnings Call Transcript",19
train,690,2025-07-30 09:48:38,"Banco __COMPANY__ , S.A. 2025 Q2 - Results - Earnings Call Presentation",59
train,691,2025-07-30 10:35:49,"__TICKER__ Holdings Q2 2025 Earnings Per ADS. EPS $1.95 Up From $1.70 YoY, Sales $16.473B Miss $16.916B Estimate",13
train,692,2025-07-30 10:42:44,Mitsubishi UFG Notes Still Plenty of Uncertainties After EU-U.S. Trade Deal,53
train,693,2025-07-30 10:50:00,NuScale Power to Participate in Upcoming Investor Conferences,1
train,694,2025-07-30 11:10:00,Templeton International ADR Equity SMA Q2 2025 Commentary,0
train,695,2025-07-30 11:56:00,Hong Kong Property Downturn Stings __TICKER__,-1
train,696,2025-07-30 12:32:00,"__TICKER__ Q2 Pre-Tax Earnings Dip on Higher ECL, $3B Buyback Plan Unveiled",51
train,697,2025-07-30 12:43:08,__TICKER__ shares are trading lower after a Q2 revenue miss.,50
train,698,2025-07-30 13:35:00,"Company News for Jul 30, 2025",-1
train,699,2025-07-30 15:27:35,Banco __COMPANY__ Q2 Earnings: Another Record Bottom Line,59
train,700,2025-07-30 15:30:00,"__TICKER__ Group Q2 Earnings & Revenues Rise Y/Y, Expenses Decline",45
train,701,2025-07-30 15:45:04,Why __COMPANY__ SA __TICKER__ is a Top Dividend Stock for Your Portfolio,52
train,702,2025-07-30 17:18:00,__COMPANY__ : shares & voting rights as of 28 July 2025,41
train,703,2025-07-30 19:35:00,Templeton Global ADR Equity SMA Q2 2025 Commentary,0
train,704,2025-07-30 20:55:00,Franklin Mutual Quest Fund Q2 2025 Commentary,0
train,705,2025-07-30 23:13:00,"3 Finance Stocks to Watch After Crushing Earnings Expectations: __TICKER__ , CINF, LC",12
train,706,2025-07-31 01:14:35,"__TICKER__ Groep Q2 EPS US$0.63 Beats US$0.53 Estimate, Sales US$6.465B Beat US$5.649B Estimate.",13
train,707,2025-07-31 04:14:47,__COMPANY__ profit jumps 26% as CEO Winters' turnaround takes root,32
train,708,2025-07-31 04:25:00,__COMPANY__ : Second quarter and first half 2025 results,66
train,709,2025-07-31 04:32:50,"Earnings Scheduled For July 31, 2025",27
train,710,2025-07-31 05:17:55,"__COMPANY__ Q2 profit beats expectations, announces $1.3 bln buyback",-1
train,711,2025-07-31 05:53:56,__COMPANY__ Unveils New $1.3 Billion Buyback as Profit Beats,10
train,712,2025-07-31 06:03:58,"__COMPANY__ CEO on Earnings, Volatility, Digital Assets",-1
train,713,2025-07-31 06:18:57,PBOC Moves to Stabilize Yuan With Fixing After Dollar Rally,4
train,714,2025-07-31 06:50:00,"__COMPANY__ Quarterly Profit Jumps, Announces $1.3 Billion Buyback",-1
train,715,2025-07-31 08:04:46,"__COMPANY__ Finl Gr Q1 EPS $0.40 Up From $0.36 YoY, Sales $16.910B Up From $16.187B YoY",13
train,716,2025-07-31 08:46:43,India's Tata Motors to raise 1 billion euros in equity for Iveco deal,20
train,717,2025-07-31 09:26:48,"__COMPANY__ Financial Gr Q1 EPS $0.15, Inline, Sales $14.736B Down From $15.278B YoY",13
train,718,2025-07-31 09:27:00,"__COMPANY__ Shares Jump to 2008 High on Upbeat Outlook, Higher Returns",-1
train,719,2025-07-31 09:47:55,__COMPANY__ Société anonyme __TICKER__ Q2 2025 Earnings Call Transcript,-1
train,720,2025-07-31 09:49:40,__COMPANY__ Société anonyme 2025 Q2 - Results - Earnings Call Presentation,-1
train,721,2025-07-31 10:36:40,Mitsubishi UFG Comments on Yen as Bank of Japan Raises Inflation Forecast But Governor Is Still Cautious,-1
train,722,2025-07-31 12:00:00,"CoreWeave Closes $2.6 Billion Secured Debt Financing Facility, Strengthening Market Position as AI Cloud Leader",2
train,723,2025-07-31 12:21:24,This bank has the cheapest mortgage rate for first-time buyers this week,14
train,724,2025-07-31 13:10:13,US Treasuries Steady as Inflation Reading Offers Few Surprises,36
train,725,2025-07-31 14:03:00,4 Stocks Trading Near 52-Week High With Room to Rise Further,-1
train,726,2025-07-31 17:23:00,EQT completes sale of shares in Galderma Group AG,-1
train,727,2025-07-31 20:10:00,Templeton Dragon Fund Inc. Q2 2025 Commentary,0
train,728,2025-08-01 03:17:34,"Taiwan Says 20% US Tariff Temporary, Expects Cut After Talks",-1
train,729,2025-08-01 03:22:00,Fosun Tourism Group Signs Syndicated Loan Agreement with Seven International Banks,-1
train,730,2025-08-01 09:12:50,Mastercard Q2 Proves It's In A League Of Its Own,1
train,731,2025-08-01 09:32:36,Mastercard To Enable Stablecoins As Settlement Currencies As It Touts Open Banking For Fraud Prevention: 'We See It As Another Currency',1
train,732,2025-08-01 12:15:43,__TICKER__ shares are trading lower. The company reported Q2 financial results on Thursday.,50
train,733,2025-08-01 13:26:21,Are Wall Street Analysts Predicting Keurig Dr Pepper Stock Will Climb or Sink?,-1
train,734,2025-08-01 13:33:42,Do Wall Street Analysts Like Walt Disney Stock?,-1
train,735,2025-08-01 13:35:31,10 Financials Stocks Whale Activity In Today's Session,12
train,736,2025-08-01 13:38:04,Shares of banking and financial services stocks are trading lower amid overall market uncertainty following US tariff announcements on trading partners.,30
train,737,2025-08-01 15:40:02,KB or __TICKER__ : Which Is the Better Value Stock Right Now?,37
train,738,2025-08-01 15:59:00,__COMPANY__ : Availability of the second amendment to 2025 Universal Registration Document and of the interim financial report,41
train,739,2025-08-01 16:05:00,__COMPANY__ : The European Banking Authority publishes the results of the 2025 European stress testing exercise,-1
train,740,2025-08-01 16:32:52,European Banks Weather Stress Test Simulating Trade Shock,-1
train,741,2025-08-01 16:52:00,__COMPANY__ Group : 2025 EBA STRESS TEST RESULTS CONFIRM __COMPANY__ ’ STRONG SHOCK ABSORPTION CAPACITY AND STRUCTURAL RESILIENCE,-1
train,742,2025-08-01 17:37:13,Sector Update: Financial Stocks Decline Friday Afternoon,5
train,743,2025-08-02 07:57:56,__COMPANY__ Second Quarter 2025 Earnings: Beats Expectations,66
train,744,2025-08-02 16:00:21,"For US Companies, Europe Is Hard to Resist: Credit Weekly",31
train,745,2025-08-03 12:00:00,Wall Street Banks Lose Ground in Europe as Tariffs Spook Clients,-1
train,746,2025-08-03 15:06:05,"The Rich Are Using Self-Directed IRAs To Invest In Crypto, Startups—And Even Cows. Should You?",-1
train,747,2025-08-04 05:35:31,__COMPANY__ : Guidance Raise Is On The Cards (Rating Upgrade),-1
train,748,2025-08-04 05:57:30,China to Tax Bond Interest Income After Decades of Exemption,-1
train,749,2025-08-04 09:04:31,__TICKER__ : Fiscal Q1 Earnings Snapshot,-1
train,750,2025-08-04 09:05:41,__TICKER__ Chief Calls for Earlier BOJ Rate Hike to Tackle Inflation,-1
train,751,2025-08-04 09:09:00,__COMPANY__ Posts Lower Net Profit but Backs Guidance,32
train,752,2025-08-04 10:00:47,"__COMPANY__ Finl Gr Q1 EPS $0.33 Beats $0.29 Estimate, Sales $22.511B Down From $22.620B YoY",13
train,753,2025-08-04 10:58:51,US Dollar Seen at Risk From Trump’s Moves to Pick Policymakers,-1
train,754,2025-08-04 12:52:26,__COMPANY__ PLC Beat Analyst Estimates: See What The Consensus Is Forecasting For This Year,18
train,755,2025-08-04 14:47:06,Asian Equities Traded in the US as American Depositary Receipts Kick Off Week Higher in Monday Trading,55
train,756,2025-08-04 18:29:00,10-Year Treasuries Mark a Not-So-Happy Anniversary as Returns Tank,36
train,757,2025-08-04 22:15:02,__COMPANY__ Bank __TICKER__ Gains But Lags Market: What You Should Know,-1
train,758,2025-08-05 04:48:00,Janus Henderson Global Equity Income Fund Q2 2025 Commentary,0
train,759,2025-08-05 07:03:16,Traders Burned by August Crash Keep Betting on Japan Stocks,-1
train,760,2025-08-05 09:02:26,Ciner Glass secures $583.1m to build new container glass facility in Belgium,-1
train,761,2025-08-05 09:40:26,"__COMPANY__ : A Banking Royalty With A Robust Balance Sheet, But It's Expensive",1
train,762,2025-08-05 10:00:00,Trump’s Fed Pick Likely to Find Colleagues Cautious on Rate Cuts,36
train,763,2025-08-05 10:34:02,"Weak Japanese Government Bond Auction, Political Risks Highlight Downside Yen Risks, Says Mitsubishi UFG",33
train,764,2025-08-05 10:43:00,"If You'd Invested $1,000 in __TICKER__ 5 Years Ago, Here's How Much You'd Have Today",48
train,765,2025-08-05 10:58:08,Pulse Clean Energy secures $292m for six UK battery storage systems,2
train,766,2025-08-05 11:10:51,__COMPANY__ Financial: Still Undervalued After Positive Results Surprise,57
train,767,2025-08-05 12:00:00,Lane42 Strengthens Senior Leadership with the Appointment of Two Partners,-1
train,768,2025-08-05 12:01:43,__COMPANY__ Previews This Week's Bank of England Policy Meeting,-1
train,769,2025-08-05 12:46:10,"Canada Merchandise Trade Deficit With the World Expands in June, Trade Surplus With U.S. Widens",22
train,770,2025-08-05 17:48:08,Sector Update: Financial Stocks Decline Tuesday Afternoon,5
train,771,2025-08-06 01:00:01,__COMPANY__ Financial: This Megabank's Re-Rating Story Is Not Over,-1
train,772,2025-08-06 04:54:06,Platinum Crunch Comes to a Head as US and China Snap Up Metal,4
train,773,2025-08-06 06:23:06,China’s Policy Banks Rush to Issue Bonds Before Tax Deadline,-1
train,774,2025-08-06 09:00:00,Labour demands __COMPANY__ reinstate ‘free forever’ customer accounts,-1
train,775,2025-08-06 10:05:29,Sabadell shareholders approve sale of TSB to __COMPANY__ as BBVA threat looms,35
train,776,2025-08-06 10:20:01,__COMPANY__ Comments on Currencies in Latin America,11
train,777,2025-08-06 11:00:00,"Capitolis Announces Strategic Investments from __COMPANY__ , __COMPANY__ , and __COMPANY__ , Alongside Existing VC Investors Canapi Ventures, 9Yards Capital, and Greenfield Partners",-1
train,778,2025-08-06 11:15:33,Mitsubishi UFG Comments on The Yen After Wage Data in Japan,33
train,779,2025-08-06 11:15:43,Big Tech continues to defy earnings expectations: __COMPANY__,18
train,780,2025-08-06 12:00:00,U Power Partners with Chia Tai and __COMPANY__ Thai to Advance Use of Intelligent and Battery-Swapping Compatible Agricultural Drones in Thailand,2
train,781,2025-08-06 12:00:00,__TICKER__ Bank Appoints Chris Ward as Head of U.S. Small Business Banking,15
train,782,2025-08-06 13:00:00,__COMPANY__ Americas Joins ICE Clear Credit as Clearing Member,-1
train,783,2025-08-06 13:40:02,Here's Why __COMPANY__ __TICKER__ is a Strong Value Stock,-1
train,784,2025-08-06 13:58:44,"__COMPANY__ : Plans £10 Billion In Capital Returns, Stock Could Be Undervalued",-1
train,785,2025-08-06 14:36:40,Sabadell shareholders approve £2.65 billion sale of TSB to __COMPANY__,35
train,786,2025-08-06 15:02:21,European Equities Traded in the US as American Depositary Receipts Higher in Wednesday Trading,38
train,787,2025-08-06 16:54:00,"Itau Unibanco H1 Earnings & Revenues Rise Y/Y, Expenses Up",45
train,788,2025-08-06 22:52:56,"__COMPANY__ Is A Buy As Strong Profits, Cash Returns, And Value Drive More Upside",-1
train,789,2025-08-07 03:30:51,Japanese Banking Giant Creates 'AI CEO' Using ChatGPT To Mimic Its Group Head: 'Sounds Like The Boss',6
train,790,2025-08-07 04:01:00,Trump’s Tariffs Take Effect in Fresh Test for Global Economy,46
train,791,2025-08-07 07:00:00,"oneZero appoints Adam Collins as Head of Institutional Sales, Americas and EMEA",15
train,792,2025-08-07 07:53:27,China’s Export Machine Powers Ahead But Trade With US Slumps,4
train,793,2025-08-07 08:38:00,"__TICKER__ Bank, Ltd. announces Consolidated Summary Report for the three months ended June 30, 2025",-1
train,794,2025-08-07 10:09:55,SoftBank Swings to Profit After Masayoshi Son’s AI Bets Pay Off,-1
train,795,2025-08-07 10:52:53,"Mitsubishi UFG Says Bank of England in A ""Bind"" as Outlook Continues to Deteriorate",-1
train,796,2025-08-07 13:00:00,__COMPANY__ Appoints Five Senior Equity Research Analysts,15
train,797,2025-08-07 14:19:58,Lenders hold mortgage deals as Bank of England cuts interest rates,14
train,798,2025-08-07 15:00:00,Media Advisory - __TICKER__ Bank Group to release third-quarter financial results,-1
train,799,2025-08-07 15:45:00,Ariel Global Fund Q2 2025 Commentary,0
train,800,2025-08-07 16:29:40,"U.K. Stagflation Mix, Worsening Growth Outlook Will Limit Sterling Gains, Says Mitsubishi UFG",54
train,801,2025-08-08 07:05:00,This 4 Fund Portfolio Gives You The Whole Shebang,0
train,802,2025-08-08 07:17:26,New York Gold Futures Spike Over Spot Price After Tariff Shock,39
train,803,2025-08-08 13:45:39,Tariff hit on GDP could reach 1% as price effects build— __COMPANY__,46
train,804,2025-08-08 13:57:40,What Are Wall Street Analysts’ Target Price for NiSource Stock?,-1
train,805,2025-08-08 14:19:42,"Deutsche upgrades e.l.f. Beauty after stock drop, sees timing issues overstated",-1
train,806,2025-08-08 14:51:22,"Stocks to watch next week: CoreWeave, Cisco, Aviva, Entain and Persimmon",12
train,807,2025-08-08 18:05:42,__COMPANY__ on Restaurant Brands International's Q2,-1
train,808,2025-08-09 17:43:22,Everything’s Expensive. There’s Nowhere to Hide: Credit Weekly,31
train,809,2025-08-10 12:30:00,Carry Traders Ramp Up Bets in Emerging Markets as Fed Cuts Loom,-1
train,810,2025-08-10 13:00:00,Divergence Emerges Between Human Traders and Computer-Driven Investors,-1
train,811,2025-08-10 18:00:34,My Top 10 High-Yield Dividend Stocks For August 2025: One Yields 11%-Plus,3
train,812,2025-08-10 20:45:00,Conventum Alluvium Global Fund Q2 2025 Quarterly Report,0
train,813,2025-08-10 22:35:54,SoftBank Plans Biggest US IPO Since Arm Went Public: Taps Top Wall Street Banks For A Potential $2 Billion Offering,-1
train,814,2025-08-11 10:48:23,Mitsubishi UFG Says Australia's Central Bank Is Set to Act as Australian Dollar Sentiment Improves,53
train,815,2025-08-11 11:40:26,European Banks: Strong Returns Since 2019 But Are Valuations Still Attractive?,-1
train,816,2025-08-11 12:07:00,Wasatch International Value Fund Q2 2025 Commentary,0
train,817,2025-08-11 13:59:09,__TICKER__ Previews Next Week's Policy Meeting at Sweden Central Bank,-1
train,818,2025-08-11 14:28:35,__TICKER__ sees S&P 500 rising to 6800 by end of 2026,-1
train,819,2025-08-11 15:33:00,"__TICKER__ Announces New Office in Downtown Napa at Napa Square, 1455 First Street",-1
train,820,2025-08-11 16:45:00,"Banco __COMPANY__ and LATAM Pass renew their historic alliance, reaffirming the leadership of the loyalty program in Chile",-1
train,821,2025-08-11 17:18:13,__COMPANY__ mortgage cap jumps by as much as 24% as bank eases lending rules,14
train,822,2025-08-11 17:35:00,__TICKER__ Group Touches 52-Week High: Should You Buy the Stock Now?,9
train,823,2025-08-11 20:14:37,Dow Falls 200 Points. All Eyes Are on CPI Tomorrow.,-1
train,824,2025-08-12 04:25:00,Japan's Megabanks Likely To Cash In On Higher Rates To Improve Margins,24
train,825,2025-08-12 06:10:55,BBVA to Maintain Takeover Bid for Sabadell,35
train,826,2025-08-12 10:00:00,"Fifty-nine per cent of new Canadians say better access to credit would improve their living experience, finds __TICKER__",22
train,827,2025-08-12 10:58:02,__TICKER__ warns that CTAs are ’more or less’ done buying equity indices,-1
train,828,2025-08-12 12:27:37,"U.K. Labor Market Report Not Weak Enough to Encourage Bank of England Rate Cuts, Says Mitsubishi UFG",54
train,829,2025-08-12 12:56:48,Enjoy Life In The USA; Now Go Buy Some International Companies,-1
train,830,2025-08-12 13:20:23,Dow Stock Outlook: Is Wall Street Bullish or Bearish?,-1
train,831,2025-08-12 13:22:26,__COMPANY__ __TICKER__ Raises 2025 Guidance on Booming Business,-1
train,832,2025-08-12 13:35:48,Shares of banks and financial services stocks are trading higher amid broad market strength following the latest CPI report and after President Trump extended the tariff truce with China by 90 days.,30
train,833,2025-08-12 13:41:52,Is Wall Street Bullish or Bearish on Ameren Stock?,-1
train,834,2025-08-12 13:57:58,Black Horse appoints Rob Turnbull to lead Jaguar Land Rover FS,-1
train,835,2025-08-12 14:17:12,Best 0% purchase credit cards,31
train,836,2025-08-12 14:54:25,Asian Equities Traded in the US as American Depositary Receipts Rise in Tuesday Trading,55
train,837,2025-08-12 15:28:00,ICICI Bank Faces Roughly $1M Penalty Over Regulatory Non-Compliance,26
train,838,2025-08-12 16:15:40,"July Inflation Validates Colombia's Central Bank Continued Caution, Says __COMPANY__",-1
train,839,2025-08-12 20:35:43,Why IDEX (IEX) Stock Is Up Today,-1
train,840,2025-08-13 07:57:37,__TICKER__ in Talks to Arrange New Debt Swaps After $465 Million Deal,-1
train,841,2025-08-13 08:15:00,My Dividend Stock Portfolio: New July Dividend Record - 100 Holdings With 12 Buys,3
train,842,2025-08-13 11:35:15,__TICKER__ Sees Two 25bps Rate Cuts in Australia After This Week's Reduction; Comments on Australian Dollar,-1
train,843,2025-08-13 13:54:54,5 Overlooked Stocks That Are Soaring Even More Than AI,-1
train,844,2025-08-13 15:16:04,Transition Finance Goes Mainstream,31
train,845,2025-08-13 18:00:00,"Building A $50,000 Dividend Portfolio: Enhancing SCHD's Income With August's Top High-Yield Stocks",3
train,846,2025-08-13 18:16:00,__COMPANY__ Is Betting Against 10-Year Treasury Debt. Why It Could Make Sense.,-1
train,847,2025-08-13 22:15:01,__COMPANY__ Bank __TICKER__ Beats Stock Market Upswing: What Investors Need to Know,-1
train,848,2025-08-14 03:51:01,__COMPANY__ Capital Lifts PT on __COMPANY__ PLC __TICKER__ to 435 GBp From 355 GBp,-1
train,849,2025-08-14 04:00:00,Vesttoo Creditors File Landmark Lawsuit Against Aon and __COMPANY__ for Fraudulent Conduct Leading to Vesttoo’s Collapse and Billions in Insurance Industry Claims,26
train,850,2025-08-14 08:33:00,"__TICKER__ Bank, Ltd. Announces Risk-Adjusted Capital Ratio Based on the Basel 3 Standards for the First Quarter Ended June 30, 2025",-1
train,851,2025-08-14 09:30:00,__TICKER__ Recommends Options Pair Trade to Ride S&P 500’s Grind Higher,37
train,852,2025-08-14 10:03:55,S&P Global Stock Outlook: Is Wall Street Bullish or Bearish?,-1
train,853,2025-08-14 11:00:00,Majority of Canadian workers are optimistic about AI but aren't ready,6
train,854,2025-08-14 11:01:43,Mortgages as low as 3.73% as lenders follow Bank of England rate cut,14
train,855,2025-08-14 11:50:31,__COMPANY__ advances AI-driven banking through OpenAI partnership,6
train,856,2025-08-14 12:16:19,"Market Chatter: __TICKER__ on Track to Miss 85,000 Workforce Target After Credit Suisse Acquisition",-1
train,857,2025-08-14 12:19:28,"US Two-Year, Five-Year Yields Fall to Lowest Levels Since May",36
train,858,2025-08-14 12:56:11,"' __COMPANY__ , BMO Planning $2B Sale Of Canadian Payments Venture'",23
train,859,2025-08-14 13:00:02,Why Investors Need to Take Advantage of These 2 Finance Stocks Now,12
train,860,2025-08-14 13:27:59,"Stronger U.K. GDP Data Further Dampens Bank of England Rate Cut Expectations, Says Mitsubishi UFG",54
train,861,2025-08-14 13:33:00,"__TICKER__ Auto Finance Ranks Highest in National Non-Captive Prime Credit Dealer Satisfaction, according to J.D. Power",16
train,862,2025-08-14 14:39:21,Asian Equities Traded in the US as American Depositary Receipts Track Lower in Thursday Trading,55
train,863,2025-08-14 15:05:09,European Equities Traded in the US as American Depositary Receipts Decline in Thursday Trading,38
train,864,2025-08-14 16:10:02,Will __COMPANY__ __TICKER__ Beat Estimates Again in Its Next Earnings Report?,-1
train,865,2025-08-14 18:04:00,__TICKER__ Bank Appoints Laura Nitti to Retail Market President for Metro PA & South New Jersey,15
train,866,2025-08-15 06:53:43,Jim Cramer on Banco Bradesco: “I Don’t Want to Be Connected With Brazil”,-1
train,867,2025-08-15 10:23:29,"National Bank Of Canada: Fundamentals Are Robust, But I'm Waiting For A Dip",-1
train,868,2025-08-15 12:08:17,' __COMPANY__ Is Selling Thames Water Debt as Rescue Talks Continue'- Bloomberg,2
train,869,2025-08-15 13:57:20,__COMPANY__ Bank __TICKER__ Announced its Strategic Partnership with Fiserv,23
train,870,2025-08-15 15:29:52,Shares of Japanese banking companies are trading higher after better-than-expected GDP data showed an economic expansion.,24
train,871,2025-08-15 16:03:48,"__COMPANY__ , Joby, Target downgrade: Trending Tickers",62
train,872,2025-08-15 17:45:00,Legence Files Registration Statement for Proposed Initial Public Offering,41
train,873,2025-08-15 17:48:49,"Dividend Champion, Contender, And Challenger Highlights: Week Of August 17",56
train,874,2025-08-15 20:49:46,"EUR, US curve steepening to persist on inflation, pre-emptive Fed easing bets",36
train,875,2025-08-16 08:15:00,Our Top 10 High Growth Dividend Stocks - August 2025,3
train,876,2025-08-17 02:15:00,Gator Capital Management Q2 2025 Investor Letter,0
train,877,2025-08-18 04:15:39,Legendary Investor Stanley Druckenmiller Made Huge AI And Chipmaker Bets In Q2 — Here's What He Knows That You Don't,6
train,878,2025-08-18 04:35:00,Columbia Convertible Securities Fund Q2 2025 Commentary,0
train,879,2025-08-18 06:27:00,Macquarie Systematic Emerging Markets Equity Fund Q2 2025 Commentary,0
train,880,2025-08-18 08:26:04,Oil Prices Mixed as Market Digests Trump-Putin Meeting,17
train,881,2025-08-18 13:03:00,__TICKER__ Hires Ryan Rozniakowski as Senior Market Director for Northern New Jersey,15
train,882,2025-08-18 14:55:00,__TICKER__ Group to Miss Workforce Reduction Goal Post CS Takeover,-1
train,883,2025-08-18 15:36:47,Why markets aren’t ’priced for perfection’,-1
train,884,2025-08-18 17:09:00,__TICKER__ Advisors With $1.2 Billion in Client Assets Jump to Sanctuary Wealth,23
train,885,2025-08-18 21:14:00,"At __TICKER__ , Melinda Hightower Led a Group Focused on Minority Investors. Now She’s Branched Out on Her Own.",-1
train,886,2025-08-19 02:25:00,Columbia International Dividend Income Fund Q2 2025 Commentary,0
train,887,2025-08-19 05:10:00,Columbia Overseas Value Fund Q2 2025 Commentary,0
train,888,2025-08-19 08:19:16,Oil prices slip on hopes of Russia-Ukraine peace talks,17
train,889,2025-08-19 14:00:00,__TICKER__ & BMO Consider the Sale of Canada Payments Venture Moneris,-1
train,890,2025-08-19 15:45:02,Why __COMPANY__ Bank __TICKER__ is a Top Dividend Stock for Your Portfolio,52
train,891,2025-08-19 20:00:00,__TICKER__ Declares Quarterly Coupon Payment on Exchange Traded Note: AMUB,28
train,892,2025-08-19 21:28:32,Tracking Ken Fisher's Fisher Asset Management Portfolio - Q2 2025 Update,0
train,893,2025-08-19 22:30:00,Hartford Balanced Income Fund Q2 2025 Commentary,0
train,894,2025-08-20 04:33:54,__TICKER__ Lifts NuScale Power (SMR) Price Target to $38 on Nuclear Policy Support,-1
train,895,2025-08-20 10:00:00,"Market uncertainty leaves Canadians divided, expert advice becomes a key resource in navigating mortgage decisions",22
train,896,2025-08-20 10:40:14,"' __COMPANY__ , __TICKER__ to Lead $22 Billion Loan for Vantage Data Centers'- Bloomberg",2
train,897,2025-08-20 10:48:55,Masdar and partners reach financial close for 2GW solar project,2
train,898,2025-08-20 13:02:31,__TICKER__ Group AG 2025 Q2 - Results - Earnings Call Presentation,-1
train,899,2025-08-20 15:40:03,__TICKER__ vs. __TICKER__ : Which Stock Is the Better Value Option?,37
train,900,2025-08-20 17:00:00,MEDIA ADVISORY - __TICKER__ Bank Group Executive to Present at the Scotiabank Financials Summit,21
train,901,2025-08-21 01:13:41,2 New IPO Stocks in Town – __TICKER__ Picks the Superior One to Buy,-1
train,902,2025-08-21 03:33:19,Custody Bank Stocks Q2 Earnings Review: Voya Financial ( __TICKER__ ) Shines,-1
train,903,2025-08-21 04:21:23,__TICKER__ Raises Outlook for Array Technologies (ARRY) Amid Margin Strength,9
train,904,2025-08-21 10:08:13,"__TICKER__ Comments on Euro, Swiss Franc, Norway's Krone",11
train,905,2025-08-21 13:00:00,"__TICKER__ Invests in Domino Data Lab, Deepening Strategic Partnership to Drive Next Wave of Enterprise AI Innovation",6
train,906,2025-08-21 15:40:03,KB vs. __TICKER__ : Which Stock Should Value Investors Buy Now?,37
train,907,2025-08-22 07:36:29,Investors in __COMPANY__ (ETR:DBK) have seen enviable returns of 325% over the past five years,7
train,908,2025-08-22 11:51:40,Shares of banking and broader financial services stocks are trading higher amid overall market strength after Fed Chair Powell said restrictive policy and shifting risks may warrant adjusting the Fed's stance.,30
train,909,2025-08-22 12:04:59,Reuters Reports __COMPANY__ Expects Fed To Cut Interest Rates By 25 BPs In September And December Vs Prior Forecast Of Only December Cut In 2025,36
train,910,2025-08-22 12:43:00,"Nio, __COMPANY__ , BJ's: Trending Stocks",62
train,911,2025-08-22 14:48:30,Best savings account deals as inflation ticks higher,14
train,912,2025-08-22 20:27:55,"Stock Market Week Ahead: Nvidia, Dollar Stores And Canada's Big 5 Banks",-1
train,913,2025-08-22 22:15:02,__COMPANY__ Bank __TICKER__ Rises Yet Lags Behind Market: Some Facts Worth Knowing,-1
train,914,2025-08-24 06:20:21,"__TICKER__ Slashes lululemon athletica inc. (LULU)’s Price Target to $240, Maintains Neutral Rating",42
train,915,2025-08-25 02:21:44,"Reported Earlier, Japanese Banks Weigh Overseas Deals As __COMPANY__ Prioritises Private Markets Tie-Ups And __TICKER__ Pursues Asset Management Expansion",24
train,916,2025-08-25 07:23:00,"BlackRidge & Co Expands to Palm Beach, Solidifying Presence in 'Wall Street South'",-1
train,917,2025-08-25 10:20:00,"German Businesses Accentuate Positives in Ifo Survey, Says __TICKER__",-1
train,918,2025-08-25 12:16:00,__COMPANY__ Agrees to Pay $330M to Resolve 1MDB AML Allegations,26
train,919,2025-08-25 13:36:00,"Treasury Yields, Dollar Rise Ahead of Data Reports",36
train,920,2025-08-25 14:46:22,__COMPANY__ Maintains a Buy on __COMPANY__ __TICKER__,29
train,921,2025-08-25 17:56:00,Sector Update: Financial Stocks Retreat Monday Afternoon,5
train,922,2025-08-25 18:15:00,MEDIA ADVISORY - __TICKER__ Bank Group Executive to Present at the __COMPANY__ Global Financial Services Conference,21
train,923,2025-08-26 05:12:00,Visible Alpha Breakdown Of Canadian Big Banks' Q3 Earnings Expectations,-1
train,924,2025-08-26 05:20:51,LPL Financial: 4 Reasons Why The Stock Is A Buy,-1
train,925,2025-08-26 09:19:40,"ACWA Power, SEC and KEPCO close on 3.6GW Saudi power projects",2
train,926,2025-08-26 10:01:13,Preview: __COMPANY__ 's Earnings,18
train,927,2025-08-26 10:16:23,"__TICKER__ Comments on Euro, Sterling, Hungary's Forint, Poland's Zloty",11
train,928,2025-08-26 12:01:00,"Back-to-School Adds Extra Financial Stress to Students, __TICKER__ Survey Finds",-1
train,929,2025-08-26 14:41:19,9 Top 100 Financial Stocks to Buy: What’s the Smartest Bet?,-1
train,930,2025-08-26 15:00:00,/R E P E A T -- Media Advisory - __TICKER__ Bank Group to release third-quarter financial results/,-1
train,931,2025-08-26 15:18:48,__COMPANY__ cuts ratings on UK retail stocks but highlights 'buy' rated picks,29
train,932,2025-08-27 00:15:00,Thornburg Global Opportunities Fund Q2 2025 Commentary,0
train,933,2025-08-27 00:30:00,Thornburg Developing World Fund Q2 2025 Commentary,0
train,934,2025-08-27 04:32:13,"Earnings Scheduled For August 27, 2025",27
train,935,2025-08-27 06:02:44,"__COMPANY__ Q3 Adj. EPS $2.79 Beats $2.36 Estimate, Sales $12.362B Beat $11.590B Estimate",13
train,936,2025-08-27 07:10:00,"XTransfer Hosts ""2025 TradeVision Summit""",-1
train,937,2025-08-27 07:46:57,__COMPANY__ shares are trading higher after the company reported better-than-expected Q3 EPS and sales.,50
train,938,2025-08-27 08:11:26,"JM Smucker, Baidu And Other Big Stocks Moving Lower In Wednesday's Pre-Market Session",-1
train,939,2025-08-27 08:23:29,Oil slips as markets weigh impact of hefty US tariffs on India,17
train,940,2025-08-27 10:00:44,A Peek at __COMPANY__ Bank's Future Earnings,18
train,941,2025-08-27 10:12:23,"__TICKER__ Comments on Euro, Sterling, Hungary's Forint",11
train,942,2025-08-27 10:57:43,"Kohl's Posts Better-Than-Expected Earnings, Joins MongoDB, Canada Goose, Donaldson Company And Other Big Stocks Moving Higher On Wednesday",-1
train,943,2025-08-27 11:02:44,__COMPANY__ shares are trading lower after __COMPANY__ downgraded the stock from Buy to Neutral.,43
train,944,2025-08-27 11:34:55,This __COMPANY__ Analyst Is No Longer Bullish; Here Are Top 4 Downgrades For Wednesday,-1
train,945,2025-08-27 11:47:06,__COMPANY__ __TICKER__ Q3 2025 Earnings Call Transcript,19
train,946,2025-08-27 11:49:18,__COMPANY__ 2025 Q3 - Results - Earnings Call Presentation,44
train,947,2025-08-27 13:34:18,"Micron initiated, Eli Lilly upgraded: Wall Street's top analyst calls",63
train,948,2025-08-27 16:28:22,__TICKER__ apologises after customers unable to access online banking and app,16
train,949,2025-08-27 16:28:39,__TICKER__ Isn't Changing Its Euro Call as A Result of The French Political Storm,11
train,950,2025-08-28 02:53:25,__COMPANY__ To Sell Entire Stake In Entercard Group AB With Swedbank As Buyer For Approximately SEK 2.6B,20
train,951,2025-08-28 04:32:14,"Earnings Scheduled For August 28, 2025",27
train,952,2025-08-28 06:02:20,"__COMPANY__ Bank Q3 Adj. EPS $1.60 Beats $1.46 Estimate, Sales $11.134B Miss $13.730B Estimate",13
train,953,2025-08-28 07:22:21,__COMPANY__ Bank shares are trading higher after the company reported better-than-expected Q3 EPS.,50
train,954,2025-08-28 09:53:25,"__TICKER__ Comments on Euro, Swiss Franc",11
train,955,2025-08-28 10:00:00,__TICKER__ Bank Group Reports Third Quarter 2025 Results,-1
train,956,2025-08-28 10:00:28,__TICKER__ stock has given up its prior gain. __COMPANY__ Bank shares were trading higher after the company reported better-than-expected Q3 EPS.,50
train,957,2025-08-28 10:57:09,"French Political Crisis Escalates, Impact on Euro, Bonds, Notes Mitsubishi UFG",53
train,958,2025-08-28 11:20:28,"Eurozone Sentiment Dips But Remains in Line With Q3 Strength, Says __TICKER__",11
train,959,2025-08-28 11:45:10,__TICKER__ Bank Q3 Earnings Analysis: Positive Progress Continues,51
train,960,2025-08-28 11:55:23,__TICKER__ Maintains Buy Rating on FEMSA (FMX) Amid CEO Succession Plans,-1
train,961,2025-08-28 12:00:38,"__COMPANY__ : Great Franchise, But I'm Not Buying More At This Price",-1
train,962,2025-08-28 12:56:22,The __COMPANY__ Bank __TICKER__ Q3 2025 Earnings Call Transcript,19
train,963,2025-08-28 12:56:43,The __COMPANY__ Bank 2025 Q3 - Results - Earnings Call Presentation,59
train,964,2025-08-28 13:34:36,"Snowflake, Buffett & Japan firms, Best Buy: Trending Tickers",62
train,965,2025-08-28 13:54:00,Chinese Yuan Rises After PBOC Fixing,4
train,966,2025-08-28 14:20:00,Pinpointing Targets In The Financial Sector,-1
train,967,2025-08-28 15:48:00,"Bank of Montreal Q3 Earnings Rise on Higher NII, Lower Provisions",45
train,968,2025-08-28 15:48:24,"Top Midday Stories: Nvidia Shares Fall Despite Earnings Topping Estimates; Snowflake Shares Soar After Q2 Beat, Raised Guidance",60
train,969,2025-08-28 16:29:08,__COMPANY__ Comments on Germany's GDP,11
train,970,2025-08-28 16:47:00,"__TICKER__ Bank, CIBC Results Echo Peers Buoyed by Lower Credit-Loss Provisions",-1
train,971,2025-08-28 20:23:37,Tracking David Tepper's Appaloosa Management Portfolio - Q2 2025 Update,0
train,972,2025-08-29 04:20:37,"Desjardins Upgrades __TICKER__ Bank __TICKER__ , Cites Strong Canadian P& __TICKER__ Business and Deposit Base",-1
train,973,2025-08-29 04:39:09,2 Unpopular Stocks That Deserve a Second Chance and 1 We Avoid,12
train,974,2025-08-29 07:05:10,The __COMPANY__ Bank __TICKER__ Q3 2025 Earnings Call Highlights: Strong Earnings and Strategic ...,63
train,975,2025-08-29 07:48:52,FTSE 100 and US stocks lower as US inflation data holds steady,58
train,976,2025-08-29 08:39:39,Pound dips as dollar strengthens with investors eyeing US inflation data,36
train,977,2025-08-29 09:30:00,"Profitability pressure grows for China's state banks amid low rates, poor loan demand",4
train,978,2025-08-29 10:35:46,"__TICKER__ Comments on Euro, Poland's Zloty, Czech Republic's Koruna",11
train,979,2025-08-29 11:22:44,__TICKER__ Comments on Canadian Dollar as Canada's Growth Outlook Keeps Deteriorating,22
train,980,2025-08-29 11:23:30,__COMPANY__ Limited __TICKER__ Q2 2025 Earnings Call Transcript,19
train,981,2025-08-29 11:56:21,"Scotiabank Maintains Sector Perform on __COMPANY__ Bank, Raises Price Target to __TICKER__ $104",-1
train,982,2025-08-29 13:09:41,__TICKER__ taps insider Henderson for interim US CEO as McGeough leaves,15
train,983,2025-08-29 13:37:28,China’s ‘big five’ banks pressured by consumer woes,4
train,984,2025-08-29 14:07:12,"Argus Research Maintains Buy on __COMPANY__ , Raises Price Target to $162",42
train,985,2025-08-29 15:00:00,/R E P E A T -- MEDIA ADVISORY - __TICKER__ Bank Group Executive to Present at the Scotiabank Financials Summit/,21
train,986,2025-08-29 15:02:42,__COMPANY__ Corporation __TICKER__ Q2 2025 Earnings Call Transcript,19
train,987,2025-08-29 15:20:07,"Deal Dispatch: PepsiCo, Sycamore, Dr. Phil, SSENSE, Bain's Chindata Lead M&A, Bankruptcy Moves",-1
train,988,2025-08-29 16:00:01,__TICKER__ Groep __TICKER__ Is Up 0.12% in One Week: What You Should Know,-1
train,989,2025-08-29 16:22:00,__COMPANY__ Fined $3M by Hong Kong's SFC Over Multiple Breaches,26
train,990,2025-08-29 16:40:00,__COMPANY__ to Exit Entercard JV With $273M Sale to Swedbank,20
train,991,2025-08-29 17:15:35,__COMPANY__ Limited (BACHF) Q2 2025 Earnings Call Transcript,19
train,992,2025-08-29 17:30:21,Sector Update: Financial Stocks Rise in Afternoon Trading,5
train,993,2025-08-30 08:35:05,What’s next for the AI rally in the 4th year?,-1
train,994,2025-08-30 10:09:29,Does Recent 35% Rally Leave Room for __TICKER__ Bank Shares to Grow in 2025?,9
train,995,2025-08-30 15:41:10,US Corporate Leverage Poised to Rise With $1 Trillion Deals Deluge,-1
train,996,2025-08-31 06:04:36,Analysts Split as __COMPANY__ __TICKER__ Posts Strong Profit and Efficiency Gains,-1
train,997,2025-08-31 07:09:49,__TICKER__ Posts Solid Profit While Credit Suisse Integration Faces Regulatory Hurdles,-1
train,998,2025-09-01 08:39:40,"Trending tickers: Alibaba, BYD, Novo Nordisk, bitcoin and BAE",62
train,999,2025-09-01 11:05:20,__COMPANY__ Stock Jumps Amid Rumours of Stablecoin Licensing Plans,1
train,1000,2025-09-01 13:00:41,Hong Kong regulator fines __COMPANY__ for regulatory violations,26
train,1001,2025-09-01 15:26:56,__COMPANY__ Stock Surges 6.7% on Shock Stablecoin Issuer License News — Is a Digital Yuan Rival Coming?,-1
train,1002,2025-09-01 16:46:00,__COMPANY__ - Board of Directors: co-option of a woman Director,15
train,1003,2025-09-02 05:34:36,__COMPANY__ __TICKER__ Retains A1 Rating as Profitability Outlook Improves,-1
train,1004,2025-09-02 12:52:44,__COMPANY__ reportedly initiates sale of retail banking assets in India,20
train,1005,2025-09-02 13:56:11,__TICKER__ sees early signs CTAs cutting equity positions,-1
train,1006,2025-09-02 14:40:03,Are Finance Stocks Lagging The __COMPANY__ __TICKER__ This Year?,-1
train,1007,2025-09-02 14:41:07,The 'Ninja Rally' Is Real—And It's Stealing Wall Street's Swagger,9
train,1008,2025-09-02 16:00:03,Are You Looking for a Top Momentum Pick? Why Royal Bank __TICKER__ is a Great Choice,-1
train,1009,2025-09-02 17:22:16,"__TICKER__ gives America a recession checkup and sees a 93% probability from the hard data, with a ‘soggy’ economy ahead",-1
train,1010,2025-09-02 19:03:00,Here's What Makes __TICKER__ Stock a Solid Investment Option Now,-1
train,1011,2025-09-02 21:37:27,Tracking Stanley Druckenmiller's Duquesne Family Office Portfolio - Q2 2025 Update,0
train,1012,2025-09-03 01:10:00,Japan's Megabanks Expected To Accelerate Foreign Bond Investments,24
train,1013,2025-09-03 08:17:14,"Bruker, Mineralys Therapeutics And Other Big Stocks Moving Lower In Wednesday's Pre-Market Session",-1
train,1014,2025-09-03 11:00:00,"Preparing to Pay: __TICKER__ Insurance survey finds more than half of small business owners turning to costly financing options in emergencies, even though they have insurance",-1
train,1015,2025-09-03 12:52:49,"__TICKER__ raises S&P 500 year-end target on earnings strength, modest tariff impact",-1
train,1016,2025-09-03 12:56:10,The __COMPANY__ Bank ( __TICKER__ :CA) Presents At 2025 Scotiabank Financials Summit Transcript,21
train,1017,2025-09-03 13:09:00,"__COMPANY__ Intends to Continue Growing on Its Own, Chief Executive Says",-1
train,1018,2025-09-03 13:16:00,__TICKER__ Study Reveals More People Taking Intentional Pauses from Their Careers,-1
train,1019,2025-09-03 13:20:06,__COMPANY__ ( __TICKER__ :CA) Presents At 2025 Scotiabank Financials Summit Transcript,21
train,1020,2025-09-03 15:43:00,3 Stocks to Consider From the Thriving Foreign Banks Industry,-1
train,1021,2025-09-03 16:36:46,__COMPANY__ warns lofty valuations point to weaker performance,43
train,1022,2025-09-03 17:38:00,"IREN Shares Jump 26% Despite Q4 Earnings Miss, Revenues Surge Q/Q",45
train,1023,2025-09-03 17:52:38,__TICKER__ explains why investors shouldn’t fear September or record highs,-1
train,1024,2025-09-03 18:05:23,PTA: Long Duration Could Weigh On Real Returns,9
train,1025,2025-09-03 19:45:00,Nikkei 225 Slips As Rising Yields And BOJ Signals Weigh On Sentiment,-1
train,1026,2025-09-03 20:08:24,Bond Market Breakdown? Why __COMPANY__ Thinks the Pain Isn't Over,64
train,1027,2025-09-04 03:16:04,Asia's Wealthy Families Are Going All-In on Crypto—Here's How Much They're Betting,1
train,1028,2025-09-04 08:37:43,__COMPANY__ hikes and Halifax cuts mortgage rates amid mixed economic signals,14
train,1029,2025-09-04 09:29:00,"Zacks Industry Outlook Highlights __TICKER__ , __TICKER__ Group and __COMPANY__ PLC",-1
train,1030,2025-09-04 10:30:00,__TICKER__ reshuffles leadership with wealth head Maggie Ng taking on Hong Kong CEO role,-1
train,1031,2025-09-04 14:16:42,Sector Update: Financial Stocks Edge Higher Premarket Thursday,5
train,1032,2025-09-04 15:00:00,/R E P E A T -- MEDIA ADVISORY - __TICKER__ Bank Group Executive to Present at the __COMPANY__ Global Financial Services Conference/,21
train,1033,2025-09-04 17:12:31,"__TICKER__ Comments on The Australian Dollar as GDP Bounce Cements ""Modest"" Recovery View",22
train,1034,2025-09-04 17:20:01,'Banks Ready $38 Billion of Debt for Data Centers Tied to Oracle'- Bloomberg,2
train,1035,2025-09-04 19:36:27,"Copart (CPRT) Stock Is Up, What You Need To Know",-1
train,1036,2025-09-04 22:59:48,__COMPANY__ : Attractively Valued Ahead Of The Investor Deep Dive,-1
train,1037,2025-09-05 05:00:00,"Big European Banks Up Q2 Provisions As Economic, Geopolitical Risks Persist",-1
train,1038,2025-09-05 07:11:00,Revolut Names Former __COMPANY__ Boss Oudea as Western Europe Chair,20
train,1039,2025-09-05 08:00:00,__COMPANY__ Alternative Investments Invests in Corinex to Accelerate Deployment of Advanced Grid Solutions,-1
train,1040,2025-09-05 11:00:25,Congressional Trading Report: Rep. Donald Norcross Sold Over $15K In __COMPANY__ Bank Stock,30
train,1041,2025-09-05 11:26:38,KB Financial Group: An Interesting Value Play In The Financial Sector,-1
train,1042,2025-09-05 11:42:00,"BMO Upgraded, __COMPANY__ Downgraded at CIBC",43
train,1043,2025-09-05 13:00:03,"Canada Employment Falls Again in August, Part-Time Jobs Lead Decline",22
train,1044,2025-09-05 13:16:27,"__COMPANY__ , __COMPANY__ , __TICKER__ and others see $8.3M in CFTC penalties",26
train,1045,2025-09-05 13:24:42,"Exchange-Traded Funds Higher, Equity Futures Mixed Pre-Bell Friday Amid Rate-Cut Hopes",5
train,1046,2025-09-05 13:32:23,__COMPANY__ doubles down on net-zero commitment in updated transition plan,-1
train,1047,2025-09-05 15:40:24,"__COMPANY__ , __TICKER__ Among Firms Fined $8.3 Million in CFTC Compliance Settlements",26
train,1048,2025-09-05 15:57:41,"Update: __COMPANY__ , __TICKER__ Among Firms Fined $8.3 Million in CFTC Compliance Settlements",26
train,1049,2025-09-05 17:34:15,Spain's BBVA bank to start Sabadell offer Monday,35
train,1050,2025-09-05 20:22:00,"Week’s Best: Insurance Costs, Like Sea Levels, Are Rising",-1
train,1051,2025-09-05 20:22:00,Stocks Slip After Weak Jobs Report,-1
train,1052,2025-09-05 20:39:55,Sector Update: Financial Stocks Fall Late Afternoon,5
train,1053,2025-09-05 21:07:00,"__COMPANY__ , __TICKER__ , U.S. Bank, Others Settle With CFTC for $8.3 Million",26
train,1054,2025-09-05 21:50:24,Meta’s Backstop Is Linchpin for $26 Billion AI Data-Center Deal,2
train,1055,2025-09-06 09:59:55,‘AI Stays in Charge’: __TICKER__ Suggests 2 AI-Driven Stocks to Buy,6
train,1056,2025-09-06 10:39:12,China launches corruption probe into former securities regulator chair,-1
train,1057,2025-09-07 02:12:14,__COMPANY__ : On Track To Achieve 2026 Financial Targets,-1
train,1058,2025-09-08 12:04:27,Israel's JVP boosts investment in insurance firm Earnix via new vehicle,23
train,1059,2025-09-08 13:26:45,CDZ:CA: Canadian Dividend Aristocrat Index Leaves A Lot To Be Desired,3
train,1060,2025-09-08 14:02:30,A Fresh Look at __COMPANY__ Financial Group ( __TICKER__ ) Valuation After Major Bond Issuances,-1
train,1061,2025-09-08 14:42:33,' __COMPANY__ CEO Urges UK to Consider Investment Over Fresh Bank Tax'- Bloomberg,-1
train,1062,2025-09-08 15:25:17,Shares of Japanese-related companies are trading higher after Prime Minister Shigeru Ishiba announced his resignation and called on members of Japan's Liberal Democratic Party to hold an emergency leadership vote.,24
train,1063,2025-09-08 16:19:00,__TICKER__ & Merrill Expand Private Markets Access: A Push for UHNW Clients?,-1
train,1064,2025-09-08 17:32:00,__TICKER__ HOLDINGS PLC ANNOUNCES PRICING TERMS OF ITS TENDER OFFERS FOR FOUR SERIES OF NOTES,28
train,1065,2025-09-08 17:42:21,__COMPANY__ PLC __TICKER__ Presents At __COMPANY__ 23rd Annual Global Financial Services Conference Transcript,21
train,1066,2025-09-08 20:52:44,Tracking Dan Loeb's Third Point Portfolio - Q2 2025 Update,0
train,1067,2025-09-08 21:09:53,__TICKER__ __TICKER__ Upgraded to Strong Buy: Here's What You Should Know,-1
train,1068,2025-09-08 21:37:00,"__COMPANY__ to redeem NVCC Non-Cumulative 5-Year Fixed Rate Reset First Preferred Shares, Series BQ and NVCC AT1 Limited Recourse Capital Notes, Series 1",28
train,1069,2025-09-08 21:45:00,"__COMPANY__ to redeem NVCC Non-Cumulative 5-Year Rate Reset First Preferred Shares, Series BF",28
train,1070,2025-09-08 22:51:00,Canadian Utilities Limited Announces Hybrid Note Issue,28
train,1071,2025-09-09 05:00:42,Bank of England poised to hold interest rates as retail sales jump,14
train,1072,2025-09-09 06:52:34,__COMPANY__ Financial's Best Days Are Still Ahead,-1
train,1073,2025-09-09 09:30:00,"__TICKER__ opens wealth centre on 99th floor of ICC, in boost to Hong Kong's weak office market",-1
train,1074,2025-09-09 10:51:14,"Initial Yen Losses Triggered by Japan Prime Minister's Resignation Quickly Reversed, Says Mitsubishi UFG",-1
train,1075,2025-09-09 10:52:00,__TICKER__ HOLDINGS PLC ANNOUNCES RESULTS OF ITS TENDER OFFERS FOR FOUR SERIES OF NOTES,28
train,1076,2025-09-09 10:58:54,__TICKER__ sees gradual unwinding of OPEC+ voluntary cuts over next year,17
train,1077,2025-09-09 11:54:57,Are Shares of __COMPANY__ Still Attractive After a 48.8% Rise Ahead of 2025?,-1
train,1078,2025-09-09 12:04:49,The __COMPANY__ Bank ( __TICKER__ :CA) Presents At __COMPANY__ 23rd Annual Global Financial Services Conference Transcript,21
train,1079,2025-09-09 12:54:33,GL Events Valuation in Focus After Strong 61.7% Year-to-Date Rally,9
train,1080,2025-09-09 13:04:59,Evaluating __COMPANY__ (BME: __TICKER__ ) Valuation After Recent Uptrend in Investor Sentiment,7
train,1081,2025-09-09 13:57:40,__TICKER__ Holdings Plc __TICKER__ Presents At __COMPANY__ 23rd Annual Global Financial Services Conference Transcript,21
train,1082,2025-09-09 14:00:00,__COMPANY__ and __TICKER__ Join Privacy-Focused Blockchain Canton,-1
train,1083,2025-09-09 14:17:54,How Monte dei Paschi went from near collapse to buying Mediobanca,1
train,1084,2025-09-09 14:18:18,__COMPANY__ (XTRA:DBK): Assessing Valuation After a Period of Quiet Share Price Momentum,7
train,1085,2025-09-09 15:37:00,__COMPANY__ : shares & voting rights as of 31 August 2025,41
train,1086,2025-09-09 15:40:02,__TICKER__ or HDB: Which Is the Better Value Stock Right Now?,37
train,1087,2025-09-09 18:01:24,__COMPANY__ ( __TICKER__ :CA) Presents At __COMPANY__ 23rd Annual Global Financial Services Conference Transcript,21
train,1088,2025-09-10 08:26:00,Republic of Colombia Announces New Bonds Offering and Tender Offer,-1
train,1089,2025-09-10 10:30:00,"CNOOC, __TICKER__ say Hong Kong is ideal place for global companies to set up captive insurers",16
train,1090,2025-09-10 10:37:00,Beijing Marathon to Global Runners: Welcome to a Golden Autumn Race in Beijing,-1
train,1091,2025-09-10 11:07:41,"Bank of Japan Rate Hike Signal Supports Yen, __TICKER__ Says",33
train,1092,2025-09-10 12:04:55,UniCredit Mandate Might Change The Case For Investing In __COMPANY__ (ENXTPA:BNP),40
train,1093,2025-09-10 13:10:00,"Connor, Clark & Lunn Infrastructure announces closing of more than US$200 million in debt financing across its US Renewable Power Portfolio",2
train,1094,2025-09-10 14:01:00,__COMPANY__ and WestJet deliver enhanced flexibility and points earning potential with refreshed suite of co-branded Mastercard personal credit cards,1
train,1095,2025-09-10 14:33:01,"__TICKER__ Bank Appoints Taylan Turan As COO, Effective September 29, 2025",-1
train,1096,2025-09-10 18:30:00,__TICKER__ Bank Group Announces New Executive Appointments to Drive Execution Excellence and Client Experience Leadership,15
train,1097,2025-09-11 03:05:00,Chinese Megabanks Face Headwinds In Maintaining Earnings Momentum,4
train,1098,2025-09-11 10:30:00,New Strong Buy Stocks for September 11th,47
train,1099,2025-09-11 11:24:00,INDAQUA successfully completes €358m financing,2
train,1100,2025-09-11 11:33:09,Lenders raise mortgage rates ahead of interest rate decision,14
train,1101,2025-09-11 11:51:26,"Euro Continues to Consolidate at Stronger Levels Ahead of ECB Update, Notes Mitsubishi UFG",11
train,1102,2025-09-11 12:11:06,"' __COMPANY__ , __COMPANY__ Lead €750 Million Kelvion Buyout Debt'- Bloomberg",2
train,1103,2025-09-11 12:31:48,TSX's Top Dividend Stocks For September 2025,3
train,1104,2025-09-11 12:47:18,__COMPANY__ (ENXTPA:GLE): Assessing Valuation After Recent Share Price Movements Catch Investor Attention,40
train,1105,2025-09-11 12:47:39,Leadership Shakeup and Bond Issuances Could Be a Game Changer for __COMPANY__ (XTRA:DBK),7
train,1106,2025-09-11 15:00:00,Best Momentum Stocks to Buy for September 11th,47
train,1107,2025-09-11 15:08:00,Nvidia Stock Rises After Upgrade. The Case to Buy Amid Oracle AI Surge.,60
train,1108,2025-09-11 15:23:00,__TICKER__ Shares Reach 52-Week High: Is There Further Upside Potential?,9
train,1109,2025-09-11 15:33:06,__COMPANY__ Bank __TICKER__ Discloses Prospectus for $40B Global Note Program,-1
train,1110,2025-09-11 16:15:00,"Factoring Market to Grow by $2.2 Trillion During 2025-2029: __COMPANY__ , __COMPANY__ , __COMPANY__ , __COMPANY__ , and __TICKER__ Group Lead the Industry",-1
train,1111,2025-09-11 17:13:16,Tata Motors arranges $4.5bn bridge loan for Iveco acquisition,-1
train,1112,2025-09-11 17:28:00,Klarna Completes Initial Public Offering,41
train,1113,2025-09-11 17:50:09,"Market Chatter: Apollo Secures 750 Million Euros Debt Financing From __COMPANY__ , __COMPANY__ for Kelvion Deal",2
train,1114,2025-09-11 18:15:37,__COMPANY__ Exane Touts Nokia Corp (NOK) Prospects Amid AI and Data Center Opportunity,-1
train,1115,2025-09-11 18:56:29,Sector Update: Financial Stocks Advance in Afternoon Trading,5
train,1116,2025-09-11 19:34:00,Dollar Under Pressure as Fed Looks Poised to Cut While EU Holds,36
train,1117,2025-09-12 04:00:49,GreenIT Secures €370 Million Financing for Italian Renewable Projects,2
train,1118,2025-09-12 05:02:59,"CIBC Downgrades __COMPANY__ __TICKER__ To Neutral, Keeps the PT",43
train,1119,2025-09-12 10:28:45,Board of Spain's Sabadell bank rejects BBVA takeover bid,35
train,1120,2025-09-12 12:30:00,"LogProstyle Inc. Announces Company Shares Now Available for Trading Through __COMPANY__ __COMPANY__ Securities Co., Ltd.",10
train,1121,2025-09-12 12:42:40,"Canadian Industrial Capacity Use Slips to 79.3% in Q2, Tops Forecast",22
train,1122,2025-09-12 13:28:00,AM Best Affirms Credit Ratings of China BOCOM Insurance Company Limited,-1
train,1123,2025-09-12 15:25:26,Is the 'bank of mum and dad' needed to get on the property ladder? How readers voted,14
train,1124,2025-09-12 16:12:59,Zoetis Inc. (ZTS) Secures a New Five-Year $1.25 Billion Senior Unsecured Revolving Credit Facility,-1
train,1125,2025-09-12 17:00:48,"__COMPANY__ , __COMPANY__ Boost Forecasts for Fed Cuts",-1
train,1126,2025-09-12 18:12:00,"__TICKER__ Targets 20% Asia Hiring Boost to Ride Digital, Trade Growth",-1
train,1127,2025-09-12 18:33:00,Canada's Big Banks Sidestep Tariff Fallout - What Investors Should Watch For Next,-1
train,1128,2025-09-12 22:26:00,__TICKER__ Announces Pricing of USD Non-Viability Contingent Capital AT1 Limited Recourse Capital Notes,28
train,1129,2025-09-13 13:40:30,Is __TICKER__ ( __TICKER__ ) Overvalued After Recent Surge? A Closer Look at Its Current Valuation,9
train,1130,2025-09-13 14:53:20,__TICKER__ : Wall Street Underestimating Advanced Micro Devices Inc. (AMD)’s AI GPU Business,6
train,1131,2025-09-14 05:17:22,CIBC Downgrades __COMPANY__ __TICKER__ to Neutral From Outperform,43
train,1132,2025-09-14 12:24:07,__COMPANY__ FG ( __TICKER__ ): Assessing Valuation After a Period of Strong Shareholder Returns,7
train,1133,2025-09-15 03:50:02,__TICKER__ 's Liu on China's Investment Slump,4
train,1134,2025-09-15 10:45:00,Chart Of The Day: One Toronto Chart That Tells This Market's Story,-1
train,1135,2025-09-15 10:54:45,"Weak China Activity Data Dampens Expectations for Currency Strength, Says Mitsubishi UFG",-1
train,1136,2025-09-15 11:40:35,Has __COMPANY__ Stock Been Left Behind or Is Stability Hiding Potential for 2025?,9
train,1137,2025-09-15 12:48:17,"Canadian Manufacturing Sales Rise 2.5% in July, Topping Forecasts on Strong Transportation Demand",22
train,1138,2025-09-15 13:55:00,NYSE Content Advisory: Pre-Market Update + S&P comes off best week since August,5
train,1139,2025-09-15 16:05:36,"Arqit Quantum To Pay $1M And Issue 48,561 Shares To __COMPANY__ For Advisory Services Related To 2021 Business Combination",-1
train,1140,2025-09-15 17:39:00,Capital One Files Lawsuit Against FDIC Over Erroneous Charges,26
train,1141,2025-09-15 19:10:00,__TICKER__ Group AG Mulls U.S. Relocation as Swiss Capital Rules Tighten,-1
train,1142,2025-09-16 00:01:00,UK firms trading more with the US as they pivot from goods to services – __TICKER__,-1
train,1143,2025-09-16 06:00:00,__COMPANY__ : __COMPANY__ SETS ROTE AMBITION AT 13% IN 2028 - CET1 ratio expected at 12.5% by end-2027,-1
train,1144,2025-09-16 08:13:50,__TICKER__ Group AG (UBSS:CA) Presents at __COMPANY__ 30th Annual Financials CEO Conference 2025 Transcript,21
train,1145,2025-09-16 08:21:21,Investment-Grade Private Credit Needs Bank Partnerships: Apollo,31
train,1146,2025-09-16 08:33:49,__COMPANY__ Société anonyme __TICKER__ Presents at __COMPANY__ 30th Annual Financials CEO Conference 2025 Transcript,21
train,1147,2025-09-16 09:44:00,__COMPANY__ Targets Higher Profitability in 2028,32
train,1148,2025-09-16 11:01:00,Canadian entrepreneurship aspirations hit an eight-year high: __COMPANY__ Poll,22
train,1149,2025-09-16 11:03:00,Stabilization Notice - SAMMONTANA pre stab,34
train,1150,2025-09-16 12:25:33,Blackstone Energy to acquire Hill Top Energy Center for nearly $1bn,2
train,1151,2025-09-16 12:33:40,"Canada Housing Starts Drop 16% in August, Miss __TICKER__ Forecast",22
train,1152,2025-09-16 14:00:00,Flatiron Reaches Financial Close on Largest Battery Energy Storage Project in Massachusetts,2
train,1153,2025-09-16 14:02:00,__TICKER__ Bank Announces Marc Womack as Head of U.S. Consumer Deposit and Payment Products,15
train,1154,2025-09-16 14:11:03,"__COMPANY__ ’s Openbank Starts Offering Crypto Trading in Germany, Spain Coming Soon",1
train,1155,2025-09-16 16:14:42,__COMPANY__ ’s Openbank Launches Crypto Trading for German Clients,1
train,1156,2025-09-16 17:38:00,__COMPANY__ Touches 52-Week High: How to Approach the Stock Now?,-1
train,1157,2025-09-16 18:35:00,Valeo announces a new green bond issue for an amount of 500 million euros with maturity March 2032,-1
train,1158,2025-09-16 22:36:00,__TICKER__ Announces Pricing of Japanese Yen NVCC Subordinated Debentures,28
train,1159,2025-09-17 04:58:25,__COMPANY__ CFO Says Bank Will Allocate More Capital Toward UK Businesses Beyond 2026 While Keeping Investment Bank Capital Flat,-1
train,1160,2025-09-17 05:53:49,__COMPANY__ PLC __TICKER__ Presents at __COMPANY__ 30th Annual Financials CEO Conference 2025 Transcript,21
train,1161,2025-09-17 08:31:51,Oil Stays in Narrow Range With Russian Supply Risks in Focus,17
train,1162,2025-09-17 10:50:29,Canadian Dollar Lags G10 as Markets Fully Price BoC Rate Cut Wednesday,22
train,1163,2025-09-17 10:53:49,__COMPANY__ PLC (SCBFY) Presents at __COMPANY__ 30th Annual Financials CEO Conference 2025 Transcript,21
train,1164,2025-09-17 11:00:00,"__COMPANY__ Financial Group and Clearbrook, LLC Launch __TICKER__ ’s First ETF; Listed on the New York Stock Exchange",8
train,1165,2025-09-17 12:22:28,' __COMPANY__ 's asset manager kicks off sale of data centre business'- Financial Times,-1
train,1166,2025-09-17 13:04:14,' __COMPANY__ Backs Proposed Global Defence Bank',16
train,1167,2025-09-17 14:50:09,"__COMPANY__ Royal Bank Decreases Prime Rate By 25 Basis Points From 4.95% To 4.70%, Effective September 18",14
train,1168,2025-09-17 18:18:31,"Wall Street is Bullish on __COMPANY__ Bank __TICKER__ , Here’s Why?",31
train,1169,2025-09-17 19:09:00,Oil Futures Snap Three-Session Winning Streak,17
train,1170,2025-09-17 19:18:30,Here’s Why Wall Street is Bullish on __COMPANY__ __TICKER__,-1
train,1171,2025-09-17 22:18:00,__COMPANY__ Decreases Prime Lending Rate to 7.25%,14
train,1172,2025-09-18 08:43:53,__COMPANY__ Aktiengesellschaft __TICKER__ Presents at __COMPANY__ 30th Annual Financials CEO Conference 2025 Transcript,21
train,1173,2025-09-18 09:32:47,Gold Falls on Firmer U.S. Dollar After Fed Outlook,39
train,1174,2025-09-18 10:30:00,"__TICKER__ , __COMPANY__ , BOCHK cut prime rates for first time since December",14
train,1175,2025-09-18 11:14:30,"Weak Activity, Labor Market Data Trigger New Zealand, Australia Dollar Underperformance, Says Mitsubishi UFG",53
train,1176,2025-09-18 11:35:52,' __COMPANY__ Said to Buy €100 Million of __COMPANY__ 's Real Estate Loans',2
train,1177,2025-09-18 12:00:00,kWh Analytics Closes Parametric Wind Proxy Hedge for Apex Clean Energy,2
train,1178,2025-09-18 14:00:00,Fusion Fuel Cycles Inc. Secures CA$20M Loan from JBIC and __TICKER__ to Advance UNITY-2 Test Loop,2
train,1179,2025-09-18 16:08:15,AT&T Looking to Sell at Least $4 Billion in High-Grade Bonds,64
train,1180,2025-09-18 16:37:47,Top Midday Stories: Nvidia to Invest $5 Billion in Intel; FTC Sues Live Nation for Alleged Illegal Ticket Resale Tactics,60
train,1181,2025-09-18 18:47:00,Sector Update: Financial Stocks Rise Thursday Afternoon,5
train,1182,2025-09-18 20:29:26,US corporate bond dealmaking jumps day after Fed rate cut,36
train,1183,2025-09-19 04:37:57,"Jefferies And __COMPANY__ Group Expand Global Strategic Alliance With $2.5B Credit Facilities, Joint Venture In Japan And Equity Ownership Increase",23
train,1184,2025-09-19 08:55:00,Jefferies Deepens Ties With Japan’s __COMPANY__,23
train,1185,2025-09-19 09:00:00,__COMPANY__ Group and Jefferies Significantly Expand Their Global Strategic Alliance,23
train,1186,2025-09-19 09:09:22,Oil Poised for Modest Weekly Gain as Russian Supply Risks Remain in Focus,17
train,1187,2025-09-19 10:19:31,"Reported Earlier: ' __COMPANY__ working with __TICKER__ , Rothschild on possible Banco BPM deal, sources say'- Reuters",-1
train,1188,2025-09-19 12:52:00,"__COMPANY__ : Strong Industry, Solid Earnings Estimate Revision",18
train,1189,2025-09-19 14:37:08,Jefferies And __COMPANY__ Plot Bold Push Into Global Capital Markets,23
train,1190,2025-09-19 15:34:00,Jefferies Gains on __TICKER__ 's Plan to Deepen Stake & Partnership,-1
train,1191,2025-09-19 20:03:00,Navan Files Registration Statement for Proposed Initial Public Offering,41
train,1192,2025-09-19 20:09:48,See Positive Backdrop For Credit: __COMPANY__ ' Robson,-1
train,1193,2025-09-19 20:14:49,Wall Street Meets Tokyo: __TICKER__ Drops $912M to Supercharge Jefferies Deal,-1
train,1194,2025-09-20 08:15:00,Our Top 10 High Growth Dividend Stocks - September 2025,3
train,1195,2025-09-20 20:00:00,Investors Turn to Derivatives for US Corporate Bonds As Issuers Can't Keep Up,64
train,1196,2025-09-21 12:03:08,How __COMPANY__ Shares Stack Up After 34% Rally and Recent Earnings Release,-1
train,1197,2025-09-22 02:55:39,Rupee slips as H-1B visa fee hit for Indian stocks drags sentiment,-1
train,1198,2025-09-22 10:31:00,CROWN PRE Stabilization Notice,34
train,1199,2025-09-22 10:47:53,__TICKER__ Expects SNB to Hold Rates as Swiss Franc Strength Persists,11
train,1200,2025-09-22 12:36:00,__COMPANY__ Primary New Issues: No STAB Sammontana,34
train,1201,2025-09-22 13:45:00,How Enhanced Partnership With __COMPANY__ Group Will Drive JEF's Prospects,23
train,1202,2025-09-22 14:06:00,Freddie Mac Appoints Matthew Abrusci General Counsel,15
train,1203,2025-09-22 16:29:26,"No Yen Relief After Bank of Japan Policy Meeting as LDP Leadership Contest Formally Kicks Off, Says Mitsubishi UFG",-1
train,1204,2025-09-22 18:16:00,"Another __TICKER__ Advisor Team Jumps Ship, This Time to Launch an Independent Firm",-1
train,1205,2025-09-22 20:05:00,AerCap Holdings N.V. Announces Pricing of $1.2 Billion Aggregate Principal Amount of Senior Notes,28
train,1206,2025-09-22 20:55:00,Basic Materials Roundup: Market Talk,-1
train,1207,2025-09-22 21:31:00,"__TICKER__ Bank Announces Redemption of Non-Cumulative 5-Year Rate Reset Class A First Preferred Shares, Series 9 (NVCC)",28
train,1208,2025-09-23 07:58:52,' __TICKER__ Raises $824 Million From Risky Bond in Australia',-1
train,1209,2025-09-23 08:20:03,__COMPANY__ Launches Private Markets Fund For Private Clients In Collaboration With DWS And Partners Group,23
train,1210,2025-09-23 08:20:55,"__TICKER__ Resolves Legacy French Tax Matter, Pays €835 Million",-1
train,1211,2025-09-23 08:35:18,Oil Falls on Rising Supply Outlook,17
train,1212,2025-09-23 08:54:00,Stabilization Notice: Pre Stab Notice - INEOS FINANCE PLC,34
train,1213,2025-09-23 09:13:00,New Strong Buy Stocks for September 23rd,47
train,1214,2025-09-23 10:30:56,Fnality Raises $136M to Expand Blockchain Payment Systems for Banks,1
train,1215,2025-09-23 10:40:00,__TICKER__ to Pay Nearly $1 Billion to Settle French Tax Case,-1
train,1216,2025-09-23 11:14:24,__COMPANY__ Financial Group ( __TICKER__ ): Evaluating Valuation as Bank of Japan Signals Potential Policy Shift,-1
train,1217,2025-09-23 11:27:08,__TICKER__ sees Tesla Q3 deliveries running ahead of Wall Street consensus,-1
train,1218,2025-09-23 12:28:18,"__TICKER__ Comments on Euro, Swiss Franc, Sterling",11
train,1219,2025-09-23 13:10:02,How to Maximize Your Retirement Portfolio with These Top-Ranked Dividend Stocks,3
train,1220,2025-09-23 13:10:45,'Ex-Trader Sues __TICKER__ Bank Over Enforcement of One-Year Non-Compete',-1
train,1221,2025-09-23 13:47:31,__TICKER__ slashes global GLP-1 sales estimate for 2030 on softer outlook,13
train,1222,2025-09-23 13:50:00,Nvidia Stock Slips From Record High. OpenAI Deal Raises These Questions.,60
train,1223,2025-09-23 14:00:00,Best Momentum Stocks to Buy for September 23rd,47
train,1224,2025-09-23 15:40:02,__TICKER__ or CMWAY: Which Is the Better Value Stock Right Now?,37
train,1225,2025-09-23 15:56:05,__TICKER__ Sees Eurozone Inflation at 2.2% Y/Y in September; Higher Than August's Inflation,11
train,1226,2025-09-23 17:50:51,Why Upwork (UPWK) Stock Is Trading Up Today,-1
train,1227,2025-09-23 18:02:20,Sector Update: Financial Stocks Edge Lower Tuesday Afternoon,5
train,1228,2025-09-23 19:07:00,Oil Futures Snap Losing Streak on Russia Tensions,17
train,1229,2025-09-23 20:04:14,Sector Update: Financial Stocks Decline Late Afternoon,5
train,1230,2025-09-23 22:00:00,World Brand Lab Releases 'Asia's 500 Most Influential Brands of 2025',-1
train,1231,2025-09-24 07:20:57,' __TICKER__ Boosts Payouts for US Wealth Advisers to Stem Defections',23
train,1232,2025-09-24 09:20:42,__TICKER__ settles French tax case with €835m,-1
train,1233,2025-09-24 11:01:00,__COMPANY__ urges Canadians to protect their digital persona in a new era of cyber risk,-1
train,1234,2025-09-24 11:05:34,__TICKER__ Group (SWX:UBSG): Assessing Valuation After Recent Share Price Gains,7
train,1235,2025-09-24 11:27:27,"Market Chatter: __TICKER__ to Increase US Wealth Adviser Payouts to Boost Retention, Recruitment",23
train,1236,2025-09-24 11:42:20,What __COMPANY__ (SEHK:3988)'s Full Early Redemption of RMB60 Billion Bonds Means For Shareholders,-1
train,1237,2025-09-24 11:46:14,Mitsubishi UFG Comments on Krona After Sweden's Central Bank Surprise Rate Cut,53
train,1238,2025-09-24 12:45:54,Salesforce (CRM) Price Target Raised as AI Growth and Buybacks Impress Analysts,25
train,1239,2025-09-24 12:49:00,"UnionPay International and __COMPANY__ Frankfurt Branch Launch SplendorPlus Debit Card in Germany, Marking its European Debut",1
train,1240,2025-09-24 17:20:00,__TICKER__ Resolves Legacy French Tax Matter With Nearly $987M Settlement,-1
train,1241,2025-09-24 17:38:01,"__TICKER__ : Attractive Yield, Premium Valuation, No Growth",7
train,1242,2025-09-24 19:56:54,Sector Update: Financial Stocks Softer Late Afternoon,5
train,1243,2025-09-24 23:02:00,"Time to Buy These Top Oil & Energy Stocks: CRC, NCSM, TDW",47
train,1244,2025-09-25 01:05:10,"__COMPANY__ Exane Upgrades United Rentals, Inc. (URI) from ‘Underperform’ to ‘Neutral’, Raises Its Price Target to $900",42
train,1245,2025-09-25 06:30:36,__TICKER__ And IBM Put Quantum Computing To Work In Real Financial Markets,65
train,1246,2025-09-25 07:35:00,__COMPANY__ Primary New Issues: Post-Stab Notice: No Stab Ineos Finance PLC,34
train,1247,2025-09-25 08:56:49,' __COMPANY__ Aims To Shed €40B Of Credit Risk In 2026',-1
train,1248,2025-09-25 10:13:21,"Reported September 24, 2025: __TICKER__ Agrees To Sell Retail Banking Operations In Sri Lanka To Nations Trust Bank; Deal Completion Expected In H1 2026",-1
train,1249,2025-09-25 10:43:29,Chery expands finance tie-up with __COMPANY__ and Arval,-1
train,1250,2025-09-25 11:13:59,"IPO Market on Path to Normalization, __TICKER__ McCartney Says",-1
train,1251,2025-09-25 12:07:40,"__TICKER__ Makes Progress in Resolvability But Crisis Plan Not Yet 'Executable,' Swiss Regulator Says",-1
train,1252,2025-09-25 12:15:54,"Trading Breakthrough With Quantum Computing, Strong Economic Data Upsets Momo Crowd",65
train,1253,2025-09-25 12:30:00,__COMPANY__ Joins Versana to Expand the Digital Transformation of the Broadly Syndicated Loan Market,-1
train,1254,2025-09-25 13:00:00,__TICKER__ Enhances Securitisation Capabilities in EMEA With Support From Entegra,-1
train,1255,2025-09-25 13:22:05,Sector Update: Financial Stocks Lean Lower Premarket Thursday,5
train,1256,2025-09-25 15:45:00,Solvay integrates sustainability-linked features in all short-term liquidity reserves,-1
train,1257,2025-09-25 16:45:14,"Cantor Fitzgerald hires Segouin, Goel in tech dealmaking push",15
train,1258,2025-09-25 16:47:37,"__TICKER__ uses quantum computing to achieve ""world-first"" in bond trading",65
train,1259,2025-09-25 19:02:00,Heineken N.V. successfully places €2 billion of Notes,28
train,1260,2025-09-26 08:06:52,' __COMPANY__ 's McKay Eyes US Acquisitions to Bulk Up on Wealth Advisers',-1
train,1261,2025-09-26 09:11:09,"__TICKER__ Offloads Sri Lanka Consumer Unit, Focuses On Global Corporate Clients",-1
train,1262,2025-09-26 13:25:09,Sector Update: Financial Stocks Advance Pre-Bell Friday,5
train,1263,2025-09-26 13:26:00,I Don't Look At My Stock Prices - August Dividend Income Report,3
train,1264,2025-09-26 14:20:00,__TICKER__ to Divest Sri Lanka Retail Banking Business to Nations Trust Bank,-1
train,1265,2025-09-26 14:44:06,Jefferies Financial Earnings Are Imminent; These Most Accurate Analysts Revise Forecasts Ahead Of Earnings Call,-1
train,1266,2025-09-26 15:01:11,Skyward Specialty: Recent Developments Have Improved Its Investment Case,-1
train,1267,2025-09-26 15:21:05,"Wise: High Margins, Strong Growth, And Durable Moats",-1
train,1268,2025-09-26 16:32:58,Why IBM Stock Popped on Friday,57
train,1269,2025-09-26 17:05:35,Global Banking Giant SWIFT Ignites Mainstream Adoption With Ethereum Stablecoin Payment Test,1
train,1270,2025-09-26 17:34:00,__TICKER__ vs. __TICKER__ : Which Foreign Bank Deserves a Spot in Your Portfolio?,16
train,1271,2025-09-27 01:28:18,SWIFT Taps Linea for Blockchain Messaging Pilot,1
train,1272,2025-09-27 13:23:47,__COMPANY__ (ENXTPA:BNP): Examining Valuation Story Behind Recent Momentum and Growth Signals,40
train,1273,2025-09-27 13:55:30,Has __TICKER__ Run Too Far After 32% Rally and Resilient Response to Brazil Hack?,9
train,1274,2025-09-28 01:13:16,Dividend Reliability and Global Reach: The Case for __COMPANY__ __TICKER__,52
train,1275,2025-09-28 10:40:35,How To Survive A 30% Market Crash In Retirement,-1
train,1276,2025-09-29 06:35:08,CGI And __COMPANY__ Team Up To Digitize Trade Finance With Komgo Integration,23
train,1277,2025-09-29 07:31:09,SWIFT and top global banks working on blockchain-based overhaul,1
train,1278,2025-09-29 08:21:00,IBM's Quantum Computers Just Beat Wall Street At Its Own Game,65
train,1279,2025-09-29 11:07:31,"Watching __COMPANY__ Bank; Shares Spike Lower, Company To Host Investor Day Sept 29, 2025 From 12:40 pm ET To 5:35 pm ET",-1
train,1280,2025-09-29 11:57:57,__COMPANY__ Chase Among Financial Firms Working With Swift on Blockchain-Based Shared Ledger,1
train,1281,2025-09-29 12:22:12,"'Switzerland And __TICKER__ Could Compromise On Capital Rules, Sources Say'",-1
train,1282,2025-09-29 12:30:00,Entrepreneurs Strengthen Wealth Corridors as Globalization Enters New Phase,-1
train,1283,2025-09-29 12:37:46,__TICKER__ Bank Unveils Strategy To Accelerate Growth With AI And Digital Capabilities At 2025 Investor Day,6
train,1284,2025-09-29 12:40:09,These are the key milestones for the S&P 500 rally to continue,-1
train,1285,2025-09-29 12:48:31,D Bank Group Outlook Medium Term Adj. ROE About 16%; Outlook Medium Term Adj EPS Growth 7%-10%; Outlook 2026 Adj EPS Growth 6%-8% YoY; Outlook 2026 CET1 Ratio 13%; Outlook 2026 Adj ROE About 13%; Sees About $6B-$7B Incremental Normal-Course Issuer Bid Program In 2026,13
train,1286,2025-09-29 12:54:14,"__TICKER__ Bank CEO Raymond Chun Says Making Steady Progress On Anti-Money Laundering Remediation; Says ""Clear Opportunity"" For Accelerated Growth In Canada; Says Have Created The Balance-Sheet Capacity To Grow In The U.S.; Says Resetting Cost Base And Moderating Expenses Is An ""Absolute Priority""; Bank Needs To Sharpen Focus On Capital Allocation",-1
train,1287,2025-09-29 13:13:45,"__TICKER__ CEO Raymond Chun Sees See __TICKER__ $2 Billion To __TICKER__ $2.5 Billion In Annualized Savings Through Technology, AI And Other Areas",6
train,1288,2025-09-29 15:43:59,Quantum computing steps closer to reality,65
train,1289,2025-09-29 15:45:04,Are You Looking for a High-Growth Dividend Stock?,3
train,1290,2025-09-29 15:54:42,__TICKER__ Bank Executives Say Bank Will Ramp Up Hiring Of Commercial Bankers In U.S. And Canada,-1
train,1291,2025-09-29 16:00:03,__COMPANY__ __TICKER__ Is Up 3.16% in One Week: What You Should Know,-1
train,1292,2025-09-29 16:08:44,SWIFT Goes Onchain as Consensys Builds Prototype – 30 Banks Eye 24/7 Settlement,1
train,1293,2025-09-29 16:34:00,__TICKER__ Bank Group Presents Strategy to Accelerate Growth and Enhance Performance,16
train,1294,2025-09-29 19:14:27,This Unexpected Company Just Achieved a Quantum Computing Milestone. Should You Buy Its Shares Here?,65
train,1295,2025-09-29 19:44:47,"__COMPANY__ Bank Plans to Slash Costs With AI, Revives Medium-Term Growth Targets",6
train,1296,2025-09-29 19:59:00,"__TICKER__ Bank Brings Back Financial Targets, Looks to Return Billions to Shareholders",-1
train,1297,2025-09-29 20:37:41,The __COMPANY__ Bank ( __TICKER__ :CA) Analyst/Investor Day Transcript,-1
train,1298,2025-09-30 09:15:00,Oil Prices Likely to Face Near-Term Pressure,17
train,1299,2025-09-30 09:31:09,"__TICKER__ Bank Signs 10-Yr Lease With Northwood Office For 91,464 Square Feet Of Office Space In Ballantyne",-1
train,1300,2025-09-30 11:24:51,Mitsubishi UFG Comments on Australian Dollar After The Central Bank's Policy Decision,53
train,1301,2025-09-30 12:10:00,CMA CGM PRE Stabilization Notice,34
train,1302,2025-09-30 12:47:00,Correction: CMA CGM PRE Stabilization Notice - date amended,34
train,1303,2025-09-30 12:50:00,CROWN - __COMPANY__ Primary New Issues: NO STAB Notice,34
train,1304,2025-09-30 15:40:01,__TICKER__ vs. NABZY: Which Stock Is the Better Value Option?,37
train,1305,2025-09-30 16:51:00,Why Unity (U) Stock Is Trading Lower Today,30
train,1306,2025-09-30 17:22:39,Board of Spain's Sabadell bank rejects improved BBVA takeover bid,35
train,1307,2025-09-30 19:11:10,__COMPANY__ Drops its Price Target on The Procter & Gamble Company (PG) from $173 to $170,42
train,1308,2025-09-30 20:01:25,Goodwill CEO Says They're Preparing For A Surge Of Jobless Young People Caused By AI. 'It's Going To Hit Low-Wage Workers Especially Hard',6
train,1309,2025-10-01 01:31:42,"Japan's __TICKER__ in talks for 20% stake in India's Shriram Finance, Economic Times reports",20
train,1310,2025-10-01 02:07:43,"__TICKER__ in talks for $2.6 billion stake in India's Shriram Finance, Economic Times reports",20
train,1311,2025-10-01 04:40:47,1 Financials Stock for Long-Term Investors and 2 That Underwhelm,12
train,1312,2025-10-01 09:01:06,Top 2 Financial Stocks That May Collapse This Quarter,12
train,1313,2025-10-01 10:06:54,"__TICKER__ Comments on Euro, Swiss Franc, Poland's Zloty",11
train,1314,2025-10-01 10:33:32,"Shutdown to Dampen Market Risk-Taking, __TICKER__ 's Goncalves Says",25
train,1315,2025-10-01 10:40:14,Market Chatter: US Seeks to Repeal Basel Rule Treating Euro Zone as Single Market,11
train,1316,2025-10-01 10:59:25,__TICKER__ Sees Rising Odds of BoJ Rate Hike After Strong Tankan Survey,-1
train,1317,2025-10-01 11:34:29,__COMPANY__ : I Remain At Hold After Q2 2025,-1
train,1318,2025-10-01 13:00:00,"__TICKER__ U.S. Head of Wealth, Premier, and Private Banking Racquel Oden Expands Team With New U.S. Head of Distribution",-1
train,1319,2025-10-01 13:23:52,__TICKER__ Says Not to Worry at All Over Higher Eurozone Inflation,11
train,1320,2025-10-01 14:05:00,__TICKER__ ’s Racquel Oden Named One of American Banker’s 2025 Most Powerful Women in Finance,-1
train,1321,2025-10-01 14:22:51,Asian Equities Traded in the US as American Depositary Receipts Rise in Wednesday Trading,55
train,1322,2025-10-01 16:16:22,Mitsubishi UFG Sees Canadian Dollar Underperforming,53
train,1323,2025-10-01 18:17:17,BMO Capital Raises __COMPANY__ __TICKER__ PT to __TICKER__ $203,-1
train,1324,2025-10-01 20:07:00,Crude Oil Extends Losing Streak,17
train,1325,2025-10-02 07:41:38,' __COMPANY__ Plans Fund to Tap Into Significant Risk Transfer Boom',-1
train,1326,2025-10-02 10:06:03,"__TICKER__ Comments on Euro, Sterling, Poland's Zloty, Hungary's Forint, Czech Republic's Koruna",11
train,1327,2025-10-02 12:14:00,How __TICKER__ 's Asia Pivot & Business Streamlining Efforts Drive Growth,-1
train,1328,2025-10-02 12:30:28,"Exclusive-China’s banks lend to Saudi gas project while its funds sit out of BlackRock-led deal, sources say",-1
train,1329,2025-10-02 14:10:16,' __TICKER__ Funds Face Half-Billion-Dollar Exposure to First Brands',-1
train,1330,2025-10-02 17:07:08,__COMPANY__ : Improving Fundamentals Support Further Valuation Re-Rating,43
train,1331,2025-10-02 20:48:00,Tinned tuna-owner Princes to unveil £1.5bn London float,-1
train,1332,2025-10-03 07:44:04,Banco __COMPANY__ UK CEO Mike Regnier To Step Down In Q1 2026,59
train,1333,2025-10-03 09:33:00,"The Zacks Analyst Blog Highlights __COMPANY__ Financial Group, Workday and Ciena",-1
train,1334,2025-10-03 09:59:10,"__COMPANY__ Capital Upgrades __COMPANY__ Bank to Outperform, Raises Price Target to $120",42
train,1335,2025-10-03 10:02:57,"__TICKER__ Comments on Euro, Turkey's Lira, Czech Republic's Koruna",11
train,1336,2025-10-03 10:03:16,__COMPANY__ Bank shares are trading higher after __COMPANY__ Capital upgraded the stock from Sector Perform to Outperform and raised its price target from $93 to $120.,61
train,1337,2025-10-03 11:12:04,Mitsubishi UFG Says Yen's Friday Modest Underperformance Due to Bank of Japan Governor Comments,-1
train,1338,2025-10-03 11:59:49,"Spending on AI is increasingly fueled by debt, __COMPANY__ says",6
train,1339,2025-10-03 12:04:56,__COMPANY__ (SEHK:3328): Assessing Valuation After Recent Share Price Movements,7
train,1340,2025-10-03 16:23:23,"Court Orders __TICKER__ , Breakaway Adhere to Temporary Agreement",-1
train,1341,2025-10-03 18:00:08,Bitcoin beats world's top 5 banks by $350 billion,-1
train,1342,2025-10-03 18:02:30,"Dividend Champion, Contender, And Challenger Highlights: Week Of October 5",56
train,1343,2025-10-03 19:17:54,Inside IFFCO's $2B Debt Shake-Up: Rothschild Takes the Helm,-1
train,1344,2025-10-03 19:55:50,Sector Update: Financial Stocks Higher Late Afternoon,5
train,1345,2025-10-04 00:06:39,__COMPANY__ Capital Upgrades __COMPANY__ Bank __TICKER__,-1
train,1346,2025-10-04 02:50:00,"European Bank Stocks Extend Rally In Q3, Surpassing U.S., Asia Rivals",-1
train,1347,2025-10-04 13:00:08,Why Fears of a Trillion-Dollar AI Bubble Are Growing,6
train,1348,2025-10-05 21:20:00,The __COMPANY__ Bank: Navigating Economic Stress With Resilience,1
train,1349,2025-10-06 08:39:33,Oil prices surge after OPEC+ announces smaller-than-feared output hike,17
train,1350,2025-10-06 08:55:56,Dollar Resilient But Still Facing Downside Risks,-1
train,1351,2025-10-06 09:20:54,' __COMPANY__ Bank Selling US Dollar Bonds In Four Parts',2
train,1352,2025-10-06 09:42:00,New Strong Buy Stocks for October 6th,47
train,1353,2025-10-06 10:01:47,"__TICKER__ Comments on Euro, Poland's Zloty, Romania's Leu, Czech Republic's Koruna",11
train,1354,2025-10-06 11:29:09,Why the Narrative Around __TICKER__ Is Shifting After Recent Analyst and Market Developments,25
train,1355,2025-10-06 11:40:14,__TICKER__ to boost hiring in Japan’s wealth management sector- report,-1
train,1356,2025-10-06 11:56:17,"Victory of Japan's New LDP Leader Increases Downside Risks for The Yen, Says Mitsubshi UFG",33
train,1357,2025-10-06 12:31:00,__TICKER__ Presents First-Ever Horology Exhibition Curated by Hodinkee Founder Ben Clymer,-1
train,1358,2025-10-06 13:44:00,Is Nu Holdings Stock a Millionaire Maker?,-1
train,1359,2025-10-06 14:00:00,Best Momentum Stocks to Buy for October 6th,47
train,1360,2025-10-06 14:40:03,This Banking Stock Just Hit New 10-Year Highs,-1
train,1361,2025-10-06 18:39:02,"__TICKER__ Sees Competitive Pressures ""Gradually"" Easing in Canadian Telcos' Q3 Preview",-1
train,1362,2025-10-06 19:07:05,Toyota Motor Reportedly Delays Buyout of Toyota Industries Until February 2026,10
train,1363,2025-10-06 20:37:00,__TICKER__ declares coupon payments on 12 ETRACS Exchange Traded Notes,28
train,1364,2025-10-07 07:34:07,"U.S. Treasury Yields Decline, Shutdown Seen Containing Rises for Now",36
train,1365,2025-10-07 08:15:47,' __TICKER__ Plans SRT Transaction Tied to $1 Billion of Corporate Loans',2
train,1366,2025-10-07 09:20:48,Pound weakens as dollar strengthens amid political uncertainty,36
train,1367,2025-10-07 10:02:28,"__TICKER__ Comments on Euro, Czech Republic's Koruna",11
train,1368,2025-10-07 10:26:24,Is __COMPANY__ Still A Good Income Option Ahead Of Q3 2025 Earnings?,-1
train,1369,2025-10-07 12:52:18,Canada's Trade Deficit Widens to $6.3 Billion in August as Exports Drop 3%,22
train,1370,2025-10-07 12:53:05,Here are the Elements that Build The __COMPANY__ Bank’s __TICKER__ Enduring Moat,-1
train,1371,2025-10-07 12:55:39,__COMPANY__ FG ( __TICKER__ ): Examining Valuation After Recent Stock Movement,7
train,1372,2025-10-07 13:30:00,A Transformative Giving Shift Among Women Across Generations Reveals a Personal and Grounded Approach to Philanthropy,-1
train,1373,2025-10-07 14:35:07,Asian Equities Traded in the US as American Depositary Receipts Edge Lower in Tuesday Trading,55
train,1374,2025-10-07 15:42:00,"Japan Stocks Surge From Political Shifts. What the Charts Say About Toyota, Nintendo",-1
train,1375,2025-10-07 15:52:47,' __TICKER__ Shelves Risk Transfer Deal Tied to $2.5 Billion of Loans',2
train,1376,2025-10-07 17:53:40,Sector Update: Financial Stocks Mixed Tuesday Afternoon,5
train,1377,2025-10-07 18:02:16,"Gold Tops $4,000 For First Time Amid Global Uncertainty, Fed Rate Cut Expectations",39
train,1378,2025-10-07 18:22:00,__TICKER__ Advisor Team Wise River Advisors Named to Barron’s Top 250 Private Wealth Management Teams,23
train,1379,2025-10-07 19:55:18,Sector Update: Financial Stocks Mixed in Late Afternoon,5
train,1380,2025-10-08 03:38:17,Banco __COMPANY__ : A Global Bank Reinventing Itself Through Digital Transformation,1
train,1381,2025-10-08 04:06:53,Bullish Teams Up With __COMPANY__ To Expand Fiat On-Ramp And Off-Ramp Capabilities For Institutional Crypto Clients,1
train,1382,2025-10-08 04:33:02,Exploring __TICKER__ ( __TICKER__ ) Valuation Following Recent Share Price Cool-Off,7
train,1383,2025-10-08 06:14:50,Is __TICKER__ Group Fairly Priced After Finma Notes Progress on Crisis Plans?,-1
train,1384,2025-10-08 07:45:19,Bullish Teams Up With __COMPANY__ To Bring Traditional Banking To Crypto Markets,1
train,1385,2025-10-08 10:57:44,"New Zealand's Central Bank Delivers Dovish Policy Update, Reinforcing Currency Sell-Off, Says Mitsubishi UFG",53
train,1386,2025-10-08 11:00:55,Gold's Historic Run Dwarfs BTC But Analyst Remains Positive: Crypto Daybook Americas,39
train,1387,2025-10-08 13:15:00,"First Brands Bankruptcy Damage Spreads to Jefferies, __TICKER__",-1
train,1388,2025-10-08 15:47:25,Is __COMPANY__ Still A Value Play Ahead Of Q3 2025 Earnings?,-1
train,1389,2025-10-08 16:12:00,__TICKER__ Groep (ENXTAM:INGA) Valuation in Focus Following Share Buyback Progress and CFO Transition News,40
train,1390,2025-10-08 16:15:02,Mitsubishi UFG Sees A Challenging Backdrop for The Canadian Dollar,53
train,1391,2025-10-08 17:21:00,__TICKER__ Group AG Eyes $1B Loan Risk Transfer to Ease Capital Strain,2
train,1392,2025-10-08 17:45:33,__TICKER__ Groep: A Buy Ahead Of Q3 2025 Earnings,49
train,1393,2025-10-08 19:05:36,The __COMPANY__ Bank ( __TICKER__ :CA) Analyst/Investor Day - Slideshow,-1
train,1394,2025-10-08 21:49:00,"__TICKER__ , Jefferies Reveal They Could Take Multimillion-Dollar Hits From Bankrupt Autoparts Supplier",-1
train,1395,2025-10-09 03:00:39,__TICKER__ 's Hong Kong Shares Dip After $13.6 Billion Take-Private Deal For Hang Seng Bank,-1
train,1396,2025-10-09 07:34:33,"Jefferies Exposed To $715 Million In Collapsing First Brands Debt, Analyst Warns Of Fallout",-1
train,1397,2025-10-09 08:38:55,__TICKER__ Holdings shares are trading lower after the company announced plans to privatize Hang Seng Bank.,30
train,1398,2025-10-09 09:33:31,Lithium Americas Stock Climbs Nearly 5% In Thursday Pre-Market: What's Going On? (CORRECTED),5
train,1399,2025-10-09 10:00:00,My Dividend Stock Portfolio: New September Dividend Record - 100 Holdings With 13 Buys,3
train,1400,2025-10-09 10:06:32,"__TICKER__ Comments on Euro, Poland's Zloty, Romania's Leu",11
train,1401,2025-10-09 10:13:33,__COMPANY__ ( __TICKER__ ): Exploring Valuation Potential After Recent Gains and Strategic Moves,7
train,1402,2025-10-09 11:02:33,"If You Invested $100 In __TICKER__ Gr Stock 5 Years Ago, You Would Have This Much Today",48
train,1403,2025-10-09 12:38:20,"__TICKER__ 's Base Case Sees The ECB Staying on Hold for The Next Two Years, But Events May Change That",-1
train,1404,2025-10-09 15:04:34,European Equities Traded in the US as American Depositary Receipts Trend Lower in Thursday Trading,38
train,1405,2025-10-09 15:10:04,Mitsubishi UFG Weighs Up Risks From Heightened Political Uncertainty in France,53
train,1406,2025-10-09 16:11:04,__COMPANY__ (SEHK:939): Evaluating Valuation After a Strong Year for Shares,7
train,1407,2025-10-09 16:26:46,FTSE 100 falls from record highs as Lloyds and __TICKER__ struggle,58
train,1408,2025-10-09 17:07:39,FTSE banks suffer £16bn slump,58
train,1409,2025-10-09 17:51:39,Sector Update: Financial Stocks Retreat Thursday Afternoon,5
train,1410,2025-10-09 18:23:08,__TICKER__ 's $14 Billion Power Play in Hong Kong Backfires--Shares Crash as Hang Seng Soars,-1
train,1411,2025-10-09 19:43:00,"In Bankruptcy Court, First Brands Creditors Demand Explanation for ‘Vanished’ Cash",-1
train,1412,2025-10-09 23:00:07,__TICKER__ ’s takeover of Hang Seng is a sign of deals to come,-1
train,1413,2025-10-10 05:45:02,Mitsubishi UFG Enters $1.3B Security Token Market With Retail Platform,53
train,1414,2025-10-10 07:18:27,Jefferies Downgrades __TICKER__ Holdings to Hold,-1
train,1415,2025-10-10 07:36:39,"__TICKER__ forecasts average gold price of $4,150 per ounce in 2026 amid central bank buy",39
train,1416,2025-10-10 07:57:31,"__COMPANY__ : Neutral On Rising France Risk, And Full Valuation (Rating Downgrade)",43
train,1417,2025-10-10 09:30:00,Is __TICKER__ 's US$13.6 billion buyout offer good enough for Hang Seng Bank investors?,-1
train,1418,2025-10-10 09:30:00,"What's behind __TICKER__ 's privatisation of Hang Seng Bank? Drive for efficiency, analysts say",-1
train,1419,2025-10-10 09:51:53,"Group Of Leading International Banks Exploring Issuing A Stablecoin; Group Of Banks Includes Banco __COMPANY__ , __COMPANY__ , __COMPANY__ , __COMPANY__ , __COMPANY__ , __COMPANY__ , __COMPANY__ , __TICKER__ Bank, __TICKER__ Bank; The Banks Will Explore Whether A 1:1 Reserve-backed Form Of Digital Money Can ""Bring The Benefits Of Digital Assets And Enhance Competition""",1
train,1420,2025-10-10 09:53:02,This Keysight Analyst Is No Longer Bullish; Here Are Top 5 Downgrades For Friday,-1
train,1421,2025-10-10 10:03:28,"__TICKER__ Comments on Euro, Norway's Krone, Poland's Zloty, Hungary's Forint, Czech Republic's Koruna",11
train,1422,2025-10-10 10:14:34,' __COMPANY__ Plays Key Role as US Buys Argentine Peso to Back Milei'- Bloomberg,-1
train,1423,2025-10-10 11:17:28,"__COMPANY__ , __COMPANY__ , __COMPANY__ To Walk Through The Door Opened By Trump-Backed GENIUS Act",-1
train,1424,2025-10-10 11:43:23,Billion Dollar Auto Supplier Went Poof—What You Need To Know About First Brands Catastrophe,-1
train,1425,2025-10-10 12:06:28,Market Movers: Is the dollar making a comeback?,46
train,1426,2025-10-10 13:02:34,Coinbase CEO Brian Armstrong Says US Won't Become 'Crypto Capital Of The World' If One Policy Proposal Passes,1
train,1427,2025-10-10 13:53:13,Major banks explore issuing stablecoin pegged to G7 currencies,1
train,1428,2025-10-10 15:39:00,__COMPANY__ : shares and voting rights as of 30 September 2025,41
train,1429,2025-10-10 15:40:03,LYG vs. __TICKER__ : Which Stock Should Value Investors Buy Now?,37
train,1430,2025-10-10 15:49:26,"Shares of banking and financial services stocks are trading lower amid overall market weakness after President Trump, on a social media post, said that he is considering an increase in tariffs on Chinese products.",30
train,1431,2025-10-10 19:24:19,"Ten Banks Explore G7 Stablecoins, But Will It Work? The Good, Bad, and Ugly",1
train,1432,2025-10-10 20:46:38,Wall Street Banks Unite to Launch Stablecoin Rivaling Tether and Circle,1
train,1433,2025-10-10 23:59:00,"NatWest: No Longer Undervalued, But Still A Good Income Pick (Rating Downgrade)",-1
train,1434,2025-10-11 07:12:04,__TICKER__ ( __TICKER__ ) Valuation: Is the Share Price Reflecting Its True Potential After Recent Momentum?,7
train,1435,2025-10-11 09:44:19,"__COMPANY__ : Solid Results, But Pricey Valuation (Rating Downgrade)",43
train,1436,2025-10-11 12:07:33,__TICKER__ Group (SWX:UBSG): Exploring Valuation Following Recent Share Price Stability,7
train,1437,2025-10-11 13:48:53,__COMPANY__ Lifts __TICKER__ __TICKER__ PT to CHF 28 Amid Q3 2025 Earnings Outlook,19
train,1438,2025-10-11 14:00:00,Support During Menopause Is Becoming the Latest Workplace Perk,-1
train,1439,2025-10-12 09:05:55,"Weekend Roundup: Bitcoin Jesus' Tax Evasion Case, Gold's Rally And More Crypto News",1
train,1440,2025-10-12 09:40:10,__COMPANY__ Bank Is Still A Buy But Recent Overbuying Warrants Some Caution,-1
train,1441,2025-10-12 13:00:17,Wall Street's biggest banks are riding high as earnings season begins,18
train,1442,2025-10-12 21:04:54,Could Media Rumors About Shriram Finance Highlight a Shift in __TICKER__ 's ( __TICKER__ ) India Strategy?,20
train,1443,2025-10-13 13:57:00,Nvidia Stock Pops After Sharp Fall on Trump China Threat. Why It’s Brushing Off AI Fears.,60
train,1444,2025-10-13 13:59:00,US-China Trade Tension Escalates: Should You Seek Refuge in UK ETFs?,4
train,1445,2025-10-13 15:55:00,__COMPANY__ : Information regarding executed transactions within the framework of a share buy-back program,10
train,1446,2025-10-13 16:08:58,This Could Be The Next Sub-Prime Crisis,-1
train,1447,2025-10-13 18:00:00,"StubHub Had a Disappointing IPO. Buy the Stock, Wall Street Says.",-1
train,1448,2025-10-14 08:15:00,Chinese Banks Lead In Implied Share Price Upside Among Asia-Pacific Peers,4
train,1449,2025-10-14 08:53:39,Oil prices fall as US-China trade tensions flare up,17
train,1450,2025-10-14 10:05:10,"__TICKER__ Comments on Euro, Sterling",11
train,1451,2025-10-14 11:20:51,"Australian, New Zealand Dollars Hit by New Phase of U.S.-China Trade Escalation, Says Mitsubishi UFG",53
train,1452,2025-10-14 11:47:25,"__COMPANY__ Financial: Fintech Acquisition, Investment Banking Draw Attention",-1
train,1453,2025-10-14 12:00:00,__TICKER__ Bank Protected Against Flood Damage With Custom Panels,16
train,1454,2025-10-14 12:01:00,More than Half of Gen Z Canadians Feel Pressured to 'Fake' Financial Stability: __TICKER__ Survey,22
train,1455,2025-10-14 13:03:00,"Homeowners are Staying Put and Tapping Equity Products for Greater Stability Amid Unpredictable Interest Rates, __TICKER__ Bank Survey Reveals",-1
train,1456,2025-10-14 13:55:01,"__COMPANY__ __TICKER__ Could Find a Support Soon, Here's Why You Should Buy the Stock Now",-1
train,1457,2025-10-14 20:09:29,Should Investors Reassess __TICKER__ After Shares Gain 41% and ECB Policy Hints at Rate Cuts?,-1
train,1458,2025-10-15 08:12:30,' __TICKER__ loses $440mn Greensill-linked lawsuit against SoftBank' -Financial Times,26
train,1459,2025-10-15 09:25:44,' __TICKER__ Plans Risk Transfer Linked to £3 Billion of Corporate Loans',2
train,1460,2025-10-15 09:40:16,Banco __COMPANY__ (Brasil): A Lean Bank Playing It Safe,1
train,1461,2025-10-15 12:46:17,Canada August Manufacturing Sales Fall 1.0% on Weaker Transportation and Food Sectors,22
train,1462,2025-10-15 13:39:11,Nvidia Upgraded as __TICKER__ Sees AI Driving Nearly 80% Upside,-1
train,1463,2025-10-15 14:26:04,Nvidia stock rises on __TICKER__ upgrade as analyst sees 'continuous earnings growth',60
train,1464,2025-10-15 16:16:37,TSX up 290 Points at Midday With Tech Stocks The Biggest Gainers,12
train,1465,2025-10-15 19:26:49,__TICKER__ 's $3.4?B Loan Bet: Inside the Quiet Deal Rewiring Its Balance Sheet,-1
train,1466,2025-10-15 21:10:14,__COMPANY__ Bank ( __TICKER__ ) Valuation: Fresh Investor Confidence and Sector Outperformance Drive New Focus,7
train,1467,2025-10-16 06:54:06,U.S. Treasury Yields Fall After Fed's Beige Book Confirms Rate-Cut Expectations,36
train,1468,2025-10-16 07:30:00,__COMPANY__ Executes First Swap Connect Trade on Bloomberg in Europe,26
train,1469,2025-10-16 09:32:49,"__COMPANY__ Bank Names Andre Ramos As U.S. Chief Financial Officer, Effective December 1, 2025",-1
train,1470,2025-10-16 10:04:45,Reported Earlier: ' __TICKER__ Ramps Up Scrutiny of Asia Clients After Singapore Scandal',-1
train,1471,2025-10-16 10:53:23,"EWP: I'll Pass Given NATO Pressure On Spain, Inflation, And Discontent",-1
train,1472,2025-10-16 11:00:44,"' __COMPANY__ , Goldman to Sell $1.2 Billion Finastra Unit Debt'- Bloomberg",2
train,1473,2025-10-16 11:44:13,"' __COMPANY__ Eyes Dollar SRTs Tied to Buyout Debt, Corporate Loans'- Bloomberg",2
train,1474,2025-10-16 11:52:50,"__COMPANY__ Financial Group: Given Takaichi's Ascent To Power, Why I Am Still Long-Term Bullish",-1
train,1475,2025-10-16 11:55:00,"Gradiant Secures $50 Million Credit Facility from __TICKER__ , Exceeding $100 Million in Total Financing Capacity",2
train,1476,2025-10-16 13:25:18,__COMPANY__ : All Eyes On Capital Recycling,-1
train,1477,2025-10-16 13:30:00,__TICKER__ Bank Announces Key Executive Appointments in U.S.,15
train,1478,2025-10-16 14:10:48,"Euro/Swiss Franc Trading at 0.93 Is Rare, Says __TICKER__",11
train,1479,2025-10-17 04:31:55,Asian Dividend Stocks To Enhance Your Portfolio,3
train,1480,2025-10-17 05:46:00,Dyna.Ai Joins Hong Kong Monetary Authority's GenAI Sandbox to Redefine Customer Engagement with Responsible AI Innovation,6
train,1481,2025-10-17 08:17:46,FTSE 100 LIVE: European stocks tumble amid rising concern about US regional banks,58
train,1482,2025-10-17 08:25:00,"__TICKER__ Still A Critical Bank To Hold, As Credit Suisse Integration Finalizes",16
train,1483,2025-10-17 08:44:57,' __COMPANY__ Sees No Credit Deterioration After Recent Blowups',-1
train,1484,2025-10-17 09:39:03,"Japan's top banks to jointly issue stablecoin, Nikkei says",1
train,1485,2025-10-17 11:21:14,Plummeting bank stocks lead global selloff as fear of private credit ‘contagion’ moves across equities and the dollar,31
train,1486,2025-10-17 12:04:14,__TICKER__ and Juspay partner for new digital acquiring platform,-1
train,1487,2025-10-17 12:17:36,"__TICKER__ Is Not Exposed to First Brands Collapse, Top Executive Says",-1
train,1488,2025-10-17 13:30:48,Japan’s Big Stablecoin Play: 3 Major Banks to Jointly Issue Digital Asset,1
train,1489,2025-10-17 13:43:04,Japan's Top Banks Plan Joint Stablecoin Launch: Nikkei,1
train,1490,2025-10-17 14:00:02,"After Bumper Gains, Shares in __COMPANY__ and Other European Banks Slip",-1
train,1491,2025-10-18 08:00:00,Our Top 10 High Growth Dividend Stocks - October 2025,3
train,1492,2025-10-18 09:08:54,What Recent Analyst Upgrades and Buybacks Mean for __COMPANY__ ’s Evolving Investment Story,25
train,1493,2025-10-19 08:00:00,"Dividend Champion, Contender, And Challenger Highlights: Week Of October 19",56
train,1494,2025-10-19 10:05:22,How Analyst Shifts Are Reshaping the Investment Story for Lennar,25
train,1495,2025-10-20 06:50:46,Jefferies Initiates Coverage On __COMPANY__ with Hold Rating,-1
train,1496,2025-10-20 07:47:57,This WillScot Holdings Analyst Begins Coverage On A Bullish Note; Here Are Top 5 Initiations For Monday,-1
train,1497,2025-10-20 08:21:50,"Japanese stocks are trading higher after the Liberal Democratic Party and Japan Innovation Party reportedly formed a coalition, paving the way for Sanae Takaichi to become prime minister.",24
train,1498,2025-10-20 10:18:01,__TICKER__ Says Renewed U.S.-China Trade Tensions Weigh on Global Growth Outlook,4
train,1499,2025-10-20 11:30:00,"__TICKER__ Hires Financial Advisor Michael Shain in Greenville, South Carolina",15
train,1500,2025-10-20 12:00:00,New __TICKER__ Wealth Virtual Assistant Set to Enhance the Colleague and Client Experience,-1
train,1501,2025-10-20 12:05:19,Jefferies Initiates Coverage of __COMPANY__ Aktiengesellschaft __TICKER__ with Hold Recommendation,-1
train,1502,2025-10-20 13:16:34,' __COMPANY__ Shelves Bally's Loan Deal After Investor Pushback'- Bloomberg,2
train,1503,2025-10-20 19:28:00,__TICKER__ Recruits Two Merrill Lynch Teams That Managed a Total of $1 Billion,-1
train,1504,2025-10-20 19:43:32,"Kraft Heinz Q3 Seen as Challenging Ahead of Earnings Despite Split Focus, __TICKER__ Says",-1
train,1505,2025-10-21 03:21:41,"Anthony Scaramucci Says You Can't Move Gold Around The World, But You Can Move Bitcoin — It Removes 'Six Or Seven... Intermediaries'",39
train,1506,2025-10-21 08:19:55,' __COMPANY__ tries to block Ardagh's $10bn restructuring deal' - Financial Times,-1
train,1507,2025-10-21 08:23:50,Oil Slides as Investors Await U.S.-China Trade Signals,17
train,1508,2025-10-21 08:50:00,Best Income Stocks to Buy for Oct. 21,47
train,1509,2025-10-21 10:01:36,A Peek at __COMPANY__ 's Future Earnings,18
train,1510,2025-10-21 10:27:04,__TICKER__ Says Euro Slips Toward 1.1600 as Swiss Franc Gains and Loonie Softens,11
train,1511,2025-10-21 10:39:00,"New Strong Buy Stocks for Oct. 21: NEM, AS and More",47
train,1512,2025-10-21 10:57:00,Navan Announces Launch of Initial Public Offering Roadshow,41
train,1513,2025-10-21 11:00:00,Recurrent Energy Closes $825 Million in Project Financing for Arizona Energy Projects,2
train,1514,2025-10-21 12:04:13,"' __COMPANY__ , __COMPANY__ Among Banks Leading Hologic $12 Billion Debt Deal'- Bloomberg",2
train,1515,2025-10-21 12:48:00,__COMPANY__ Announces Global Fixed Income Leadership Appointments,15
train,1516,2025-10-21 15:57:58,' __COMPANY__ Sweetens Pricing on $1.5 Billion Verint Buyout Loan',2
train,1517,2025-10-21 16:07:38,European Equities Close Mostly Higher in Tuesday Trading; ECB Warns Trade Wars May Hurt Supply Chains,38
train,1518,2025-10-21 16:31:00,"IBN Q2 Earnings Rise Y/Y on Higher NII & Fee Incom, Stock Falls 5.9%",45
train,1519,2025-10-22 00:10:53,"__COMPANY__ Is Quite Expensive, But It's Definitely Worth Keeping",-1
train,1520,2025-10-22 02:59:31,"__COMPANY__ Q3 EPS $0.56 Beats $0.54 Estimate, Sales $9.666B Beat $9.600B Estimate",13
train,1521,2025-10-22 04:23:05,How Recent Developments Are Shaping the Laurus Labs Investment Story,-1
train,1522,2025-10-22 04:32:26,"Earnings Scheduled For October 22, 2025",27
train,1523,2025-10-22 06:43:47,__COMPANY__ shares are trading higher after the company reported Q3 EPS and sales above expectations.,50
train,1524,2025-10-22 07:01:41,__COMPANY__ PLC 2025 Q3 - Results - Earnings Call Presentation,44
train,1525,2025-10-22 08:14:49,A Look at __COMPANY__ Financial Group's ( __TICKER__ ) Valuation Following Landmark Yen-Backed Stablecoin Launch,-1
train,1526,2025-10-22 09:37:16,Genworth Issues Statement On UK Court Approval Of __COMPANY__ Appeal Request; Any Potential Litigation Recoveries Have Not Been Factored Into Genworth's Capital Allocation Plans; Case Will Now Proceed To Determination By Court Of Appeal Which Is Expected To Take About 12 To 18 Months; Any Proceeds Received Will Be Deployed In Line With Genworth's Capital Allocation Priorities; Co Is Entitled To Share Of Any Funds Claimants Recover From Third Parties In Relation To PPI-Related Losses,44
train,1527,2025-10-22 09:47:58,Oil Rises on Prospect of India Agreeing to Reduce Russian Oil Imports,17
train,1528,2025-10-22 11:01:00,New study exposes impact of non-clinical administration on physician burnout,-1
train,1529,2025-10-22 13:35:02,"Down 10.7% in 4 Weeks, Here's Why You Should You Buy the Dip in __TICKER__ __TICKER__",-1
train,1530,2025-10-22 14:00:05,Analysts Estimate __COMPANY__ __TICKER__ to Report a Decline in Earnings: What to Look Out for,-1
train,1531,2025-10-22 14:00:21,__TICKER__ __TICKER__ Reports Next Week: Wall Street Expects Earnings Growth,18
train,1532,2025-10-22 14:13:50,__COMPANY__ PLC __TICKER__ Q3 2025 Earnings Call Transcript,19
train,1533,2025-10-22 16:11:00,"__COMPANY__ Q3 Earnings Dip Y/Y as Costs, Credit Impairment Charges Rise",45
train,1534,2025-10-22 18:04:48,Sector Update: Financial Stocks Decline Wednesday Afternoon,5
train,1535,2025-10-22 19:14:00,Oil Futures Post Back-to-Back Gains,17
train,1536,2025-10-23 09:26:00,__TICKER__ Remains Bullish on Capital One Financial Corporation (COF) Amid Substantial Sector Gains in Q2,63
train,1537,2025-10-23 11:00:00,__TICKER__ Asset Management Inc. Announces Risk Rating Changes for Certain __TICKER__ Mutual Funds,-1
train,1538,2025-10-23 13:38:06,__COMPANY__ : TNAV Growth Points To Further Gains,-1
train,1539,2025-10-23 14:00:31,__COMPANY__ PLC __TICKER__ Earnings Expected to Grow: Should You Buy?,-1
train,1540,2025-10-23 15:12:06,__COMPANY__ ( __TICKER__ ): Assessing Valuation After 14% Share Price Surge in Three Months,7
train,1541,2025-10-23 16:45:01,Here is Why Growth Investors Should Buy Royal Bank __TICKER__ Now,-1
train,1542,2025-10-23 18:54:00,__TICKER__ ’ Aileen Schruth Explains How She Built an Advisory Practice by Helping Clients Navigate Divorce,-1
train,1543,2025-10-23 19:11:12,Looking at the Narrative for __COMPANY__ as Analyst Views Shift with Recent Developments,25
train,1544,2025-10-24 00:00:00,"__COMPANY__ Finally Turns Bearish, Cuts Oil Price Forecast By $15/bbl",-1
train,1545,2025-10-24 06:00:00,Changes to __TICKER__ ’s Group Executive Board,15
train,1546,2025-10-24 06:00:00,Changes to the __TICKER__ Board of Directors,15
train,1547,2025-10-24 06:42:00,__TICKER__ Names New Chief Operating Officer in Executive Team Reshuffle,15
train,1548,2025-10-24 07:32:00,Best Income Stocks to Buy for Oct. 24,47
train,1549,2025-10-24 08:48:00,Gold Price Drops Again. What’s Halting Its 9-Week Winning Run.,39
train,1550,2025-10-24 09:17:00,"New Strong Buy Stocks for Oct. 24: IGC, ASM and More",47
train,1551,2025-10-24 10:18:04,CAD Lags Despite Oil Rally as Trump Ends Canada Trade Talks; __TICKER__ Expects BoC Cut,22
train,1552,2025-10-24 10:53:13,__COMPANY__ Capital Markets Reiterates __COMPANY__ PLC - Depositary Receipt __TICKER__ Outperform Recommendation,29
train,1553,2025-10-24 10:53:15,__COMPANY__ Reiterates __COMPANY__ PLC - Depositary Receipt __TICKER__ Neutral Recommendation,29
train,1554,2025-10-24 10:53:16,Shore Capital Reiterates __COMPANY__ PLC - Depositary Receipt __TICKER__ Buy Recommendation,29
train,1555,2025-10-24 11:46:00,"__COMPANY__ to redeem NVCC Non-Cumulative First Preferred Shares, Series BH and Series BI",28
train,1556,2025-10-24 12:06:53,"Market Chatter: __COMPANY__ , __COMPANY__ to Launch $38 Billion Debt Offering for Data Centers",2
train,1557,2025-10-24 12:20:19,"Deal Dispatch: From Four Roses Bourbon To Quantum Stakes, Here Are This Week's Sector Shake Ups",56
train,1558,2025-10-24 14:00:00,Best Momentum Stocks to Buy for Oct. 24,47
train,1559,2025-10-24 14:39:29,Asian Equities Traded in the US as American Depositary Receipts End Week Higher in Friday Trading,55
train,1560,2025-10-24 15:00:39,How Do Investors Really Feel About __TICKER__ Group AG?,-1
train,1561,2025-10-24 15:12:45,JP Morgan and __TICKER__ lead retail M&A financial advisory rankings for Q1 to Q3 2025,63
train,1562,2025-10-24 15:40:02,__TICKER__ or __TICKER__ : Which Is the Better Value Stock Right Now?,37
train,1563,2025-10-24 15:40:06,"__TICKER__ revamps leadership with tech, AI in mind",6
train,1564,2025-10-24 16:00:03,All You Need to Know About Royal Bank __TICKER__ Rating Upgrade to Strong Buy,-1
train,1565,2025-10-24 17:26:00,__TICKER__ Asset Management Announces the Final Valuation of __TICKER__ Global Carbon Credit Index ETF,-1
train,1566,2025-10-24 17:53:11,"Dividend Champion, Contender, And Challenger Highlights: Week Of October 26",56
train,1567,2025-10-24 18:03:00,Beyond Meat Stock Is on a Wild Ride. Why a Meme Rally Looks Undercooked.,-1
train,1568,2025-10-24 19:45:28,Here's How Much You Would Have Made Owning __TICKER__ Holdings Stock In The Last 5 Years,48
train,1569,2025-10-25 10:00:02,Will the October FOMC meeting be the end of QT?,-1
train,1570,2025-10-25 10:02:16,Intesa: Not Much Value Beyond Its 6.2% Dividend Yield,3
train,1571,2025-10-25 18:06:33,Tracking the Evolving Narrative for __COMPANY__ After Analyst Price Target Changes,25
train,1572,2025-10-26 06:07:29,Does __TICKER__ ’s Strong 2025 Rally Signal Room for More Gains After Digital Expansion News?,9
train,1573,2025-10-26 06:10:03,Are Recent Gains in __COMPANY__ Shares Supported by Strong Valuation in 2025?,-1
train,1574,2025-10-26 08:10:10,Does __COMPANY__ ’s 35.9% Rally Signal More Room to Run After Financial Reforms?,9
train,1575,2025-10-26 15:09:34,Is __COMPANY__ Still a Smart Pick After a 24.7% Rally in 2024?,9
train,1576,2025-10-26 18:06:02,Assessing __COMPANY__ ( __TICKER__ ) Valuation Following Recent Trading and Investor Attention,7
train,1577,2025-10-26 23:28:45,"The Great China Discount, What's Beneath The Hang Seng Index",-1
train,1578,2025-10-27 04:14:15,' __COMPANY__ Re-Enters Saudi Arabia 11 Years After Exiting Business',-1
train,1579,2025-10-27 06:54:41,Wall Street Breakfast Podcast: Novartis Puts $12B On The Table,31
train,1580,2025-10-27 08:57:00,Gold Falls on Easing U.S.-China Trade Tensions,39
train,1581,2025-10-27 10:22:56,"__TICKER__ Says Bank Has Filed Application For A National Bank Charter For __TICKER__ Bank USA; Step Is Part Of Long-Term Goal To Build On __TICKER__ 's Status As A Premier Global Wealth Manager In The U.S. And Invest In Areas That Will Drive Growth; Bank Anticipates Approval In 2026, Subject To Regulator's Discretion, And If Granted, __TICKER__ Would Be The First Swiss Bank To Obtain A National Bank Charter In The U.S.",-1
train,1582,2025-10-27 11:13:47,' __TICKER__ to take $1.1 billion hit after Luxembourg court ruling in Madoff case',-1
train,1583,2025-10-27 12:01:00,Canadian Parents Cite Social Media As Key Influence - And Concern - On Kids' Spending,22
train,1584,2025-10-27 17:24:32,FTSE 100 at new high as banks offset weak gold and US-China talks hailed,58
train,1585,2025-10-28 03:54:45,"__COMPANY__ Signs $800M Deal To Acquire Best Egg, A US Direct-To-Consumer Personal Loan Platform With $40B In Originations",2
train,1586,2025-10-28 06:14:00,Why Cash Flow From Operations Isn't My First Screen - And Where It Wins Big,-1
train,1587,2025-10-28 08:59:40,Banco BBVA Argentina: Breathing Fresh Air After Milei's Midterm Victory,-1
train,1588,2025-10-28 09:08:01,"__TICKER__ Holdings Q3 Adj. EPS $1.80 Beats $1.65 Estimate, Sales $17.788B Beat $16.983B Estimate",13
train,1589,2025-10-28 09:32:30,__COMPANY__ SA 2025 Q3 - Results - Earnings Call Presentation,44
train,1590,2025-10-28 10:03:52,__TICKER__ Holdings plc 2025 Q3 - Results - Earnings Call Presentation,-1
train,1591,2025-10-28 10:12:00,__TICKER__ Holdings plc __TICKER__ Q3 2025 Earnings Call Transcript,19
train,1592,2025-10-28 11:00:00,__TICKER__ joins the Massachusetts Institute of Technology's Media Lab to Explore AI Innovation in Financial Services,6
train,1593,2025-10-28 11:01:19,Earnings Preview: __TICKER__ Gr,49
train,1594,2025-10-28 14:01:25,__TICKER__ Holdings shares are trading higher after the company reported better-than-expected Q3 earnings and revenue.,50
train,1595,2025-10-28 14:16:00,Live Nation Canada announces __COMPANY__ as naming rights partner for Toronto's waterfront amphitheatre,-1
train,1596,2025-10-28 15:25:14,__TICKER__ : Mixed Q3 2025 Earnings And Premium Valuation Makes Me Wary,-1
train,1597,2025-10-28 15:40:02,__TICKER__ or BMA: Which Is the Better Value Stock Right Now?,37
train,1598,2025-10-28 16:01:50,__COMPANY__ SA (BNP:CA) Q3 2025 Earnings Call Transcript,19
train,1599,2025-10-28 19:05:00,Oil Futures Lose Ground for Third Session,17
train,1600,2025-10-28 21:20:03,Western New England Bancorp (WNEB) Lags Q3 Earnings Estimates,-1
train,1601,2025-10-28 22:15:04,__COMPANY__ Bank __TICKER__ Rises Higher Than Market: Key Facts,16
train,1602,2025-10-29 02:10:53,"__TICKER__ Gr Q3 EPS $0.76 Beats $0.42 Estimate, Sales $12.760B Beat $12.680B Estimate",13
train,1603,2025-10-29 05:28:16,"__COMPANY__ Q3 EPS $1.04 Beats $0.81 Estimate, Sales $9.404B Beat $8.960B Estimate",13
train,1604,2025-10-29 05:59:16,"Banco __COMPANY__ Q3 EPS $0.26 Beats $0.25 Estimate, Sales $16.749B Miss $17.650B Estimate",13
train,1605,2025-10-29 06:20:46,Banco __COMPANY__ Affirms FY2025 Sales Guidance of $70.296B,13
train,1606,2025-10-29 06:24:00,__COMPANY__ Posts Higher Profit on Investment Bank Boost,32
train,1607,2025-10-29 06:30:57,__COMPANY__ Aktiengesellschaft 2025 Q3 - Results - Earnings Call Presentation,44
train,1608,2025-10-29 06:35:31,"__COMPANY__ 's Trading Unit Can Gain Market Share, CFO Says",-1
train,1609,2025-10-29 06:50:52,__COMPANY__ shares are trading higher after the company reported better-than-expected Q3 financial results.,50
train,1610,2025-10-29 07:11:56,"Earnings Scheduled For October 29, 2025",27
train,1611,2025-10-29 07:31:04,__COMPANY__ posts record profit on strong trading,32
train,1612,2025-10-29 09:41:32,"Banco __COMPANY__ , S.A. __TICKER__ Q3 2025 Earnings Call Transcript",19
train,1613,2025-10-29 10:07:28,__COMPANY__ hails profit growth as litigation costs fall away,32
train,1614,2025-10-29 11:00:00,__TICKER__ Asset Management Inc. Announces Risk Rating Change for __TICKER__ U.S. Long Term Treasury Bond ETF,-1
train,1615,2025-10-29 11:05:02,__TICKER__ __TICKER__ Q3 Earnings and Revenues Beat Estimates,51
train,1616,2025-10-29 11:53:26,__TICKER__ Group AG 2025 Q3 - Results - Earnings Call Presentation,-1
train,1617,2025-10-29 13:02:40,"Exchange-Traded Funds, Equity Futures Higher Pre-Bell Wednesday Amid Interest Rate Cut Hopes",5
train,1618,2025-10-29 13:10:57,Jefferies Reiterates __COMPANY__ PLC - Depositary Receipt __TICKER__ Buy Recommendation,29
train,1619,2025-10-29 13:20:44,Banco __COMPANY__ : Total Return Prospects Seem Limited Following Q3 Earnings,-1
train,1620,2025-10-29 15:55:01,__COMPANY__ __TICKER__ Tops Q3 Earnings and Revenue Estimates,51
train,1621,2025-10-29 16:56:28,__TICKER__ Group AG (UBSS:CA) Q3 2025 Earnings Call Transcript,19
train,1622,2025-10-29 17:16:26,__COMPANY__ Aktiengesellschaft __TICKER__ Q3 2025 Earnings Call Transcript,19
train,1623,2025-10-29 18:00:00,__COMPANY__ Royal Bank announces change to prime rate,14
train,1624,2025-10-29 18:17:00,__TICKER__ Canada Trust announces change to __TICKER__ Prime Rate,-1
train,1625,2025-10-29 18:20:00,"__COMPANY__ Q3 Earnings Rise Y/Y, Provisions Decline Y/Y",45
train,1626,2025-10-29 18:45:38,__COMPANY__ Just Crushed Earnings--And the Real Show Begins Next Month,18
train,1627,2025-10-29 21:05:00,__COMPANY__ Decreases Prime Lending Rate to 7.00%,14
train,1628,2025-10-30 03:26:24,"__TICKER__ Groep Q3 EPS $0.70 Beats $0.64 Estimate, Sales $6.896B Beat $6.550B Estimate",13
train,1629,2025-10-30 03:28:14,__TICKER__ Groep Raises 2025 Total Income Outlook To €22.8B On Strong Volume Growth And Over 10% Increase In Fee Income,49
train,1630,2025-10-30 05:25:00,__COMPANY__ : Third quarter 2025 earnings,66
train,1631,2025-10-30 06:01:46,__TICKER__ Groep N.V. 2025 Q3 - Results - Earnings Call Presentation,49
train,1632,2025-10-30 07:12:06,"Earnings Scheduled For October 30, 2025",27
train,1633,2025-10-30 07:19:20,__TICKER__ Groep shares are trading higher after the company reported Q3 results above estimates.,50
train,1634,2025-10-30 07:42:00,__COMPANY__ Profit Rises on Stronger Wealth Business,32
train,1635,2025-10-30 08:13:46,Why __COMPANY__ (XTRA:DBK) Is Up 8.7% After Record Net Income and Surging FICC Trading,7
train,1636,2025-10-30 09:16:27,__COMPANY__ PLC (SCBFY) Q3 2025 Earnings Call Transcript,19
train,1637,2025-10-30 09:30:00,"__COMPANY__ 's profit rises, beats estimates on trade loans, wealth management",32
train,1638,2025-10-30 09:30:00,"__TICKER__ leads Hong Kong banks in cutting rates, reducing funding cost to historic low of 5%",-1
train,1639,2025-10-30 10:16:35,__COMPANY__ Limited __TICKER__ Q3 2025 Earnings Call Transcript,19
train,1640,2025-10-30 11:05:02,__COMPANY__ PLC __TICKER__ Q3 Earnings and Revenues Beat Estimates,51
train,1641,2025-10-30 11:56:30,__TICKER__ Groep N.V. __TICKER__ Q3 2025 Earnings Call Transcript,49
train,1642,2025-10-30 12:15:00,__COMPANY__ Shares Fall as Buyback View Disappoints Despite Profit Beat,-1
train,1643,2025-10-30 12:30:00,__TICKER__ Charitable Foundation Opens Applications for $10M in Grants for Nonprofits Helping Renters Stay Housed,-1
train,1644,2025-10-30 13:05:26,__COMPANY__ Société anonyme 2025 Q3 - Results - Earnings Call Presentation,-1
train,1645,2025-10-30 13:42:24,__COMPANY__ Predicts $2 Trillion DeFi Surge | US Crypto News,-1
train,1646,2025-10-30 13:53:25,__COMPANY__ Reiterates __TICKER__ Holdings plc - Depositary Receipt __TICKER__ Buy Recommendation,29
train,1647,2025-10-30 15:09:29,RWAs to match stablecoin market cap by end-2028 says __COMPANY__,1
train,1648,2025-10-30 15:16:24,__COMPANY__ Société anonyme __TICKER__ Q3 2025 Earnings Call Transcript,-1
train,1649,2025-10-30 16:58:00,__COMPANY__ : Availability of the third amendment to the 2025 Universal Registration Document,41
train,1650,2025-10-30 17:00:00,__TICKER__ Group 2025 SREP process completed,-1
train,1651,2025-10-30 18:44:00,__COMPANY__ : Disclosure of regulatory capital requirements effective from 1 January 2026,-1
train,1652,2025-10-30 19:20:00,Does a Weak Jobs Market Mean the US Economy is in Recession?,-1
train,1653,2025-10-30 20:16:41,__TICKER__ Groep (ENXTAM:INGA) Is Up 7.5% After Earnings Beat and €1.6B Capital Return - Has The Bull Case Changed?,40
train,1654,2025-10-31 01:03:22,__COMPANY__ AG __TICKER__ Q3 2025 Earnings Call Highlights: Record Profitability and Strategic Growth,63
train,1655,2025-10-31 05:31:44,Top European Dividend Stocks For October 2025,3
train,1656,2025-10-31 10:15:08,Oil prices dip as investors brace for OPEC+ output hike,17
train,1657,2025-10-31 13:00:44,__TICKER__ Groep NV __TICKER__ Q3 2025 Earnings Call Highlights: Strong Growth in Mobile Customers and ...,49
train,1658,2025-10-31 13:15:47,__COMPANY__ (ENXTPA:GLE): Assessing Valuation After Recent Share Price Decline,40
train,1659,2025-10-31 13:46:00,Sterling Faces Further Losses on Increased Rate Cut Prospects,54
train,1660,2025-10-31 15:32:24,European Equities Traded in the US as American Depositary Receipts Lower in Friday Trading,38
train,1661,2025-10-31 16:18:58,"__COMPANY__ (ENXTPA:GLE) Profit Margin Surges, Reinforcing Bullish Valuation Narratives",40
train,1662,2025-10-31 16:56:04,VYMI: Foreign 4.3% Dividend Yield Made Cheap And Simple,3
train,1663,2025-11-01 05:22:35,What Recent Developments Mean for __TICKER__ Bank’s Evolving Outlook and Valuation,-1
train,1664,2025-11-01 09:20:03,__TICKER__ (ENXTAM:INGA) Margin Outperformance Reinforces Profitability Narrative Despite Mixed Valuation Signals,40
train,1665,2025-11-01 10:45:00,__COMPANY__ : Private Bank Segment Shows Strength In Q3 2025 Results,59
train,1666,2025-11-02 09:30:00,Swiss firm MKS PAMP aims to help build Hong Kong as an international gold trading hub,-1
train,1667,2025-11-03 09:00:00,__COMPANY__ First to Revise Oil Price Forecast After OPEC+ Update,17
train,1668,2025-11-03 10:42:41,Foreign holdings of Indian bonds poised to reach new highs on rate cut bets,-1
train,1669,2025-11-03 11:11:32,"__TICKER__ Comments on Euro, Sterling Poland's Zloty, Czech Republic's Koruna",11
train,1670,2025-11-03 16:15:37,"If You Invested $100 In __TICKER__ Holdings Stock 5 Years Ago, You Would Have This Much Today",48
train,1671,2025-11-03 16:24:53,European Equities Traded in the US as American Depositary Receipts Little Changed in Monday Trading,38
train,1672,2025-11-03 16:40:03,__TICKER__ vs. NABZY: Which Stock Should Value Investors Buy Now?,37
train,1673,2025-11-04 07:00:00,__TICKER__ AG published its 3Q25 financial report,-1
train,1674,2025-11-04 09:00:00,Bull of the Day: Banco __COMPANY__ __TICKER__,16
train,1675,2025-11-04 09:56:08,Pound falls to seven-month low after Reeves' pre-budget speech,-1
train,1676,2025-11-04 11:00:00,"__TICKER__ , Chainlink Execute First Onchain Tokenized Fund Redemption in $100T Market",-1
train,1677,2025-11-04 11:20:49,"__TICKER__ Comments on Euro, Turkey's Lira, Hungary's Forint, Czech Republic's Koruna",11
train,1678,2025-11-04 12:13:49,"Tuesday's Budget May Give Some Help to Canadian Dollar, Says __TICKER__",22
train,1679,2025-11-04 13:30:00,__TICKER__ Bank Ranks No. 1 in SBA Lending for 9th Straight Year,16
train,1680,2025-11-04 14:04:34,MSTR Drops Below $250 As Strategy Announces New Bitcoin-Linked Stock Offering,5
train,1681,2025-11-04 15:38:58,__TICKER__ Completes Tokenized Fund Transaction Using Chainlink’s DTA – A New Era for On-chain Finance?,16
train,1682,2025-11-04 15:42:15,__TICKER__ Taps Chainlink for First End-to-End Tokenized Fund Transaction,16
train,1683,2025-11-04 16:40:03,__TICKER__ vs. CM: Which Stock Is the Better Value Option?,37
train,1684,2025-11-04 17:15:00,Five __TICKER__ Financial Advisors in Pacific Desert Market Named to Forbes Top Next-Gen Advisors Best-in-State List,-1
train,1685,2025-11-04 20:56:06,Sector Update: Financial Stocks Advance Late Afternoon,5
train,1686,2025-11-04 22:14:50,Voya Financial ( __TICKER__ ) Reports Strong Q3,51
train,1687,2025-11-04 23:15:04,Here's Why __COMPANY__ Bank __TICKER__ Fell More Than Broader Market,16
train,1688,2025-11-05 08:24:05,U.S. 10-Year Treasury Yield Seen Settling Above 4% For Now,36
train,1689,2025-11-05 14:00:00,__TICKER__ Bank Appoints Mike Phillips North Florida Commercial Market President,15
train,1690,2025-11-05 16:16:00,One bank crunched 200 years of data to show why it pays to stick with stocks over the long term,-1
train,1691,2025-11-05 16:21:00,__TICKER__ Bank is closing more branches in 2025: See the full list of 51 doomed locations across 13 states,-1
train,1692,2025-11-05 16:40:02,BBVA vs. __TICKER__ : Which Stock Should Value Investors Buy Now?,37
train,1693,2025-11-05 17:16:00,__TICKER__ Announces Reference Yields and Total Consideration for its Cash Tender Offers for Debt Securities,28
train,1694,2025-11-05 17:22:00,"Itau Unibanco Q3 Earnings & Revenues Rise Y/Y, Expenses Up",45
train,1695,2025-11-05 21:30:00,__TICKER__ declares coupon payments on 8 ETRACS Exchange Traded Notes,28
train,1696,2025-11-06 05:45:00,Baron International Growth Fund Q3 2025 Portfolio Update,0
train,1697,2025-11-06 09:30:00,__TICKER__ Announces Results and Upsizing of its Cash Tender Offers for Debt Securities,28
train,1698,2025-11-06 11:11:00,Money talks. Just not at home: __COMPANY__ Poll,-1
train,1699,2025-11-06 11:37:58,"__TICKER__ Comments on Euro, Sweden's Krona, Sterling, Poland's Zloty, Czech Republic's Koruna",11
train,1700,2025-11-06 14:30:00,__TICKER__ Asset Management Inc. Funds Recognized in Seven Categories at the 2025 Canada LSEG Lipper Fund Awards,-1
train,1701,2025-11-06 16:42:09,Japan's __COMPANY__ Just Raised $200M to Go All-In on India's Hottest IPO Boom,20
train,1702,2025-11-06 17:01:00,__COMPANY__ : Capital reduction by cancellation of treasury shares,10
train,1703,2025-11-06 18:11:25,"Banco __COMPANY__ , S.A. 2025 Q3 - Results - Earnings Call Presentation",59
train,1704,2025-11-06 18:35:07,__TICKER__ Bank Expects ~$15M In Catastrophe Claims To Impact Q4 Wealth Management & Insurance Results,-1
train,1705,2025-11-06 20:56:17,Sector Update: Financial Stocks Mixed Late Afternoon,5
train,1706,2025-11-07 01:55:02,Brighthouse Financial (BHF) Q3 Earnings and Revenues Miss Estimates,51
train,1707,2025-11-07 07:00:00,__TICKER__ Announces Corrected Reference Yields and Total Consideration for its Cash Tender Offers for Debt Securities,28
train,1708,2025-11-07 07:12:44,__COMPANY__ (XTRA:DBK): Is the Stock Overvalued After Recent Strong Returns?,7
train,1709,2025-11-07 08:13:57,"U.S. Treasury Yields Edge Higher, Direction Seeking Continues",36
train,1710,2025-11-07 09:45:30,Oil prices rise but still on track for weekly decline,17
train,1711,2025-11-07 11:33:49,MSTR Falls To $230 Despite Strategy's Upsized Stock Offering,5
train,1712,2025-11-07 15:24:28,'Banks Lend $18 Billion for Oracle-Tied Data Center in New Mexico',2
train,1713,2025-11-07 20:07:30,__COMPANY__ Bank ( __TICKER__ ): Is the Stock Fairly Priced After Recent Gains?,7
train,1714,2025-11-07 21:09:31,__COMPANY__ ( __TICKER__ ): Exploring Valuation as Shares Trend Higher in 2024,7
train,1715,2025-11-08 16:50:45,Eli Lilly And These AI Plays Lead 5 Stocks Near Buy Points,-1
train,1716,2025-11-08 23:14:49,How Analysts See the Story Changing for __COMPANY__ After Recent Upgrades,25
train,1717,2025-11-09 19:24:20,"__COMPANY__ , Inc. - Depositary Receipt __TICKER__ Price Target Decreased by 13.07% to 7.01",61
train,1718,2025-11-10 11:38:41,"' __COMPANY__ Hires __COMPANY__ , Goldman to Sell Down 13% Polish Stake'",20
train,1719,2025-11-10 12:31:55,TSX Dividend Stocks To Consider In November 2025,3
train,1720,2025-11-10 13:35:27,10 Financials Stocks With Whale Alerts In Today's Session,12
train,1721,2025-11-10 15:43:36,Shares of broader financial services stocks are trading higher amid a broader market rebound after Senate leaders approved a deal clearing the path to end the US government shutdown.,30
train,1722,2025-11-10 15:54:08,"__TICKER__ sees S&P 500 hitting 7,500 by year-end 2026, fueled by AI and strong corporate profits",-1
train,1723,2025-11-10 16:15:38,__TICKER__ Bank to close 8 more NJ locations in January amid corporate restructuring,-1
train,1724,2025-11-10 16:36:00,__COMPANY__ : shares and voting rights as of 31 October 2025,41
train,1725,2025-11-10 19:07:00,"Daniel Holzer joins __TICKER__ as Financial Advisor in Westport, CT",15
train,1726,2025-11-11 09:36:27,"__COMPANY__ Q3 EPS $0.63 Down From $0.66 YoY, Sales $22.731B Up From $22.483B YoY",13
train,1727,2025-11-11 10:31:16,Here's How Much $1000 Invested In __TICKER__ Gr 5 Years Ago Would Be Worth Today,48
train,1728,2025-11-11 10:48:46,__COMPANY__ and DCS Card Centre to Debut DeCard in Singapore,-1
train,1729,2025-11-11 12:32:15,"Singapore Gets Its First Stablecoin Credit Card, Thanks to __COMPANY__",1
train,1730,2025-11-11 15:15:00,__TICKER__ Bank to Close Eight Branches Amid Corporate Restructuring,-1
train,1731,2025-11-11 20:56:00,"__COMPANY__ Expands in Louisiana, Hiring __TICKER__ Team That Managed $1.2 Billion",-1
train,1732,2025-11-12 02:55:21,__TICKER__ Group AG __TICKER__ Gets Downgraded to Neutral from Outperform by __COMPANY__ Exane,43
train,1733,2025-11-12 08:05:04,__TICKER__ Partners With Empathy To Help Families Navigate Grief And Estate Settlements With 24/7 Care Support,-1
train,1734,2025-11-12 11:01:00,Risking No Returns? 4 in 10 Young Canadians Missing Out on TFSA Growth: __TICKER__ Survey,22
train,1735,2025-11-12 12:00:00,"__TICKER__ meets loss with care, not complexity--introducing Empathy",-1
train,1736,2025-11-12 12:40:01,__TICKER__ Sees AI Data Centers Powering Five-Year 'Boom Cycle' for Energy Storage,6
train,1737,2025-11-12 13:00:00,__COMPANY__ Honored with Four Wins at 2025 Markets Choice Women in Finance Awards,-1
train,1738,2025-11-12 13:08:21,"Dow Jones Futures Rise; Palantir, Eli Lilly Lead Six Stocks In Buy Zones",-1
train,1739,2025-11-12 13:10:18,A Fresh Look at __TICKER__ (ENXTAM:INGA) Valuation Following Strong Shareholder Returns,40
train,1740,2025-11-12 14:00:00,"Costs and Policy Shifts Challenge Affordable Housing But Growth Expected in 2026, __TICKER__ Bank Survey Finds",-1
train,1741,2025-11-12 18:08:41,Banks Power European Stocks to Record Highs,-1
train,1742,2025-11-12 19:00:00,__COMPANY__ Americas Appoints Juan Kreutz as Head of Structured Finance Solutions,15
train,1743,2025-11-12 21:25:05,JP Morgan Cazenove Reiterates __COMPANY__ PLC - Depositary Receipt __TICKER__ Outperform Recommendation,29
train,1744,2025-11-13 03:30:00,2 Of Japan's 3 Megabanks Expected To Post First-Half Earnings Dip,24
train,1745,2025-11-13 11:00:00,__TICKER__ invests $1 million to local organizations to help break down barriers for newcomers to Canada,-1
train,1746,2025-11-13 11:13:49,Is __COMPANY__ Bank Still a Bargain After 54% Price Surge in 2025?,-1
train,1747,2025-11-13 16:00:00,Media Advisory - __TICKER__ Bank Group to Release Fourth Quarter 2025 Results,-1
train,1748,2025-11-13 17:20:03,Why __COMPANY__ __TICKER__ Might be Well Poised for a Surge,9
train,1749,2025-11-13 18:24:24,Wall Street Sharks Swarm Australia's $110 Billion Block-Trade Feeding Frenzy,-1
train,1750,2025-11-13 22:32:56,Non-U.S. Bank Stocks Set A Blistering Industry Pace. Here's The Outlook.,-1
train,1751,2025-11-14 04:21:25,"__TICKER__ __TICKER__ Boosts Tender Offer, Analysts Flag Regulatory Risks",-1
train,1752,2025-11-14 04:21:29,"__TICKER__ __TICKER__ Beats Q3 Estimates, Kicks Off GBP Bond Stabilization Plan",-1
train,1753,2025-11-14 04:21:32,"__COMPANY__ Affirms Buy Rating on __COMPANY__ __TICKER__ , Sets €35 Target",-1
train,1754,2025-11-14 08:11:16,How Andrea Diamanti’s Appointment at __TICKER__ Groep (ENXTAM:INGA) Has Changed Its Investment Story,40
train,1755,2025-11-14 11:21:00,"CCB Singapore Partners with NUS Enterprise, TTFA, and Co-Axis to Promote Green Tech and Innovation Ecosystems at the Singapore Fintech Festival 2025",-1
train,1756,2025-11-14 13:30:41,One Of America's Most Recognizable Restaurants Explores Sale Amid Identity Crisis As Yum! Brands Doubles Down On Gen Z Strategy,-1
train,1757,2025-11-14 13:56:35,"Exchange-Traded Funds, Equity Futures Pre-Bell Friday as Rate-Cut Hopes Fade",5
train,1758,2025-11-14 14:15:01,Canadian Imperial Bank of Commerce (CM) Hits Fresh High: Is There Still Room to Run?,-1
train,1759,2025-11-14 15:24:00,Pre-markets Pick Up Where Thursday Left Off: Down,5
train,1760,2025-11-14 16:41:00,__COMPANY__ : shares and voting rights as of 6 November 2025,41
train,1761,2025-11-14 18:34:58,"Dividend Champion, Contender, And Challenger Highlights: Week Of November 16",56
train,1762,2025-11-14 22:35:00,$6 Billion Advisor Team Exits __TICKER__ to Launch Its Own RIA,-1
train,1763,2025-11-15 04:22:04,__COMPANY__ FG ( __TICKER__ ): A Closer Look at Valuation After Recent Share Rally,7
train,1764,2025-11-15 08:00:00,Our Top 10 High Growth Dividend Stocks - November 2025,3
train,1765,2025-11-16 00:15:37,__COMPANY__ (ENXTPA:GLE): Exploring Valuation Following Strong Year-to-Date Share Price Gains,40
train,1766,2025-11-17 00:20:07,"__COMPANY__ , Inc. - Depositary Receipt __TICKER__ Price Target Decreased by 15.22% to 5.94",61
train,1767,2025-11-17 07:00:00,__COMPANY__ : New additional share buy-back programme of EUR 1 billion,10
train,1768,2025-11-17 08:22:21,FT: ' __TICKER__ chair talked to Scott Bessent about moving bank to US',15
train,1769,2025-11-17 09:13:39,__COMPANY__ Announces New €1 Billion Buyback to Start This Month,10
train,1770,2025-11-17 09:17:50,__COMPANY__ And DoorDash Extend Partnership To Offer Eligible Cardholders And Avion Rewards Members Complimentary DashPass Access,23
train,1771,2025-11-17 10:26:19,Wall Street Lunch: Jeff Bezos To Co-Lead $6.2B AI Startup,6
train,1772,2025-11-17 11:48:26,' __COMPANY__ Plans to Hire 250 Wealth Managers in Growth Push'- Bloomberg,-1
train,1773,2025-11-17 12:19:51,"Goodbye Nvidia, Hello Microsoft: Halvorsen's Big Q3 Hedge Fund Pivot",60
train,1774,2025-11-17 14:10:00,It Ultimately Comes Down To Free Cash Flow Yield,-1
train,1775,2025-11-17 15:27:09,"__COMPANY__ Financial Group, Inc. __TICKER__ Q2 2026 Earnings Call Transcript",19
train,1776,2025-11-17 16:01:21,"__COMPANY__ Financial Group, Inc. 2026 Q2 - Results - Earnings Call Presentation",44
train,1777,2025-11-17 16:10:37,"__COMPANY__ sets out ambition to be ""European champion"" of banking",1
train,1778,2025-11-18 06:15:00,__TICKER__ Bank Śląski takes full control of __COMPANY__ TFI by acquiring remaining 55% stake,20
train,1779,2025-11-18 11:07:09,' __TICKER__ to Offer Tokenized Deposits to US and UAE Clients'- Bloomberg,16
train,1780,2025-11-18 22:55:02,Here’s why a divided fed is still likely to cut rates in December,36
train,1781,2025-11-19 10:08:54,__COMPANY__ : Still One Of Europe's Cheapest Banks,-1
train,1782,2025-11-19 10:11:40,__TICKER__ Bank Cardholders Can Now Redeem Rewards Points Directly On In Their Amazon Cart,-1
train,1783,2025-11-19 10:12:30,' __COMPANY__ Exposure To First Brands Rises To Around $300M; A Loan Default Involving French Auto Parts Maker Novares Adds To Debts Owed To The Spanish Bank' - WSJ Excluisve,2
train,1784,2025-11-19 10:18:36,"Bitcoin Price Year-End Rally Could Resume Soon, Says __COMPANY__ Analyst",9
train,1785,2025-11-19 11:00:33,This House of Representative Just Sold Up To $50K In __COMPANY__ Stock,-1
train,1786,2025-11-19 13:23:24,__COMPANY__ PLC (SCBFY) Presents at __COMPANY__ UK Leaders Conference Transcript,21
train,1787,2025-11-19 16:40:04,__TICKER__ vs. NTRS: Which Stock Is the Better Value Option?,37
train,1788,2025-11-19 18:09:34,1 Large-Cap Stock to Target This Week and 2 We Brush Off,12
train,1789,2025-11-20 07:53:27,__TICKER__ Group AG (UBSS:CA) Presents at European Financials Conference 2025 Transcript,21
train,1790,2025-11-20 09:13:29,__COMPANY__ Aktiengesellschaft __TICKER__ Presents at European Financials Conference 2025 Transcript,21
train,1791,2025-11-20 15:11:56,' __COMPANY__ Settles Finra Conflict Claims for $2.5 Million'- Bloomberg,26
train,1792,2025-11-20 18:28:16,__TICKER__ Blows Up Its Trading Desk to Chase Wall Street's Debt Throne,-1
train,1793,2025-11-20 18:51:04,Sector Update: Financial Stocks Decline in Afternoon Trading,5
train,1794,2025-11-20 19:13:00,LPL Financial Acquires Minority Stake in Private Advisor Group,-1
train,1795,2025-11-20 21:15:00,__COMPANY__ Investment Management Announces Share Splits for Five Select Sector SPDR® ETFs,8
train,1796,2025-11-20 23:16:13,Looking at the Changing Narrative for __TICKER__ After Analyst Upgrades and Strategic Developments,25
train,1797,2025-11-21 01:00:00,"Fosun International Honored as ""ESG Leading Enterprise"" by Bloomberg Businessweek/Chinese Edition",-1
train,1798,2025-11-21 06:58:00,__COMPANY__ : New description of the share buy-back programme and report on the purchases performed,10
train,1799,2025-11-21 08:43:27,__COMPANY__ Société anonyme __TICKER__ Presents at European Financials Conference 2025 Transcript,-1
train,1800,2025-11-21 10:41:31,Shares of Japanese stocks are trading higher after Japan approved a new economic stimulus plan.,24
train,1801,2025-11-21 14:35:20,Shares of banks and financial services stocks are trading higher after NY Fed President Williams indicated he sees room for a further policy adjustment in the near term. This has lifted overall market sentiment.,30
train,1802,2025-11-21 15:16:00,Spotlight on European ETFs Ahead of Expected BoE December Rate Cut,8
train,1803,2025-11-21 15:40:00,__TICKER__ Restructures Trading Operations to Strengthen Debt Financing Push,-1
train,1804,2025-11-21 16:04:00,__COMPANY__ Intends to Divest Indian Retail and Wealth Unit,20
train,1805,2025-11-21 18:04:01,3 Reasons Why Investors Might Dismiss Japan's Record Bond Yield Spike,33
train,1806,2025-11-21 18:21:35,"__TICKER__ in Crisis Mode? Swiss Wealth Unit Bleeds Talent, Slashes Ties with Billionaires",-1
train,1807,2025-11-21 19:00:17,Sector Update: Financial Stocks Higher Friday Afternoon,5
train,1808,2025-11-21 20:51:54,Sector Update: Financial Stocks Climb Late Afternoon,5
train,1809,2025-11-21 21:30:00,__COMPANY__ to Speak at the __COMPANY__ 2025 Financial Services Conference,21
train,1810,2025-11-22 15:31:04,__COMPANY__ : Making Progress Towards A 13% ROTE In 2028,-1
train,1811,2025-11-22 21:13:55,Should __COMPANY__ ’s Saudi Partnership Signal a Strategic Shift for __TICKER__ Investors?,-1
train,1812,2025-11-23 11:20:37,"__COMPANY__ Scores Big On Gold, Targets Rejoining The Elite Club",-1
train,1813,2025-11-23 13:12:32,__COMPANY__ (SEHK:3988): Evaluating If Shares Remain Undervalued After Strong 2024 Gains,7
train,1814,2025-11-24 05:07:52,Is It Too Late to Consider __COMPANY__ After This Year's 19.5% Share Price Jump?,9
train,1815,2025-11-24 08:55:00,Mercuria Successfully Closes USD 2.3 Billion Equivalent Asian Revolving Credit Facilities,2
train,1816,2025-11-24 11:46:39,__TICKER__ Swiss private bank increases staff pay amid executive exits-report,-1
train,1817,2025-11-24 12:17:00,6 Affordable ETFS for Dividend Aristocrats,8
train,1818,2025-11-24 13:00:00,__TICKER__ Q1 2026 Outlook: Resilience in a Transforming World,-1
train,1819,2025-11-24 13:44:41,DFJ: Dividend Growth And A Play On The Japanese Yen Strengthening In Value,3
train,1820,2025-11-24 14:36:32,Shares of banks and financial services stocks are trading higher after Fed Governor Waller called for a December rate cut.,30
train,1821,2025-11-25 15:48:00,Huntington's Inorganic Expansion Efforts: Will it Drive Growth?,-1
train,1822,2025-11-25 16:12:00,"Fulton Set to Acquire Blue Foundry, Deepens New Jersey Presence",-1
train,1823,2025-11-25 17:00:35,Here's How Much $100 Invested In __TICKER__ Holdings 5 Years Ago Would Be Worth Today,48
train,1824,2025-11-25 18:10:00,How the Narrative Around __COMPANY__ Is Evolving Amid Analyst Price Target Shifts,25
train,1825,2025-11-26 07:22:20,__TICKER__ : GCC Capital Projects Robust,-1
train,1826,2025-11-26 10:05:32,South Africa Confirms __COMPANY__ ’s Troubling Stablecoin Warning,1
train,1827,2025-11-26 11:00:58,"__TICKER__ sees S&P 500 hitting 7,500 by end of 2026 with 'more to come' in the AI trade",-1
train,1828,2025-11-26 11:10:43,__COMPANY__ (XTRA:DBK): Assessing Valuation Against Recent Share Price Momentum,7
train,1829,2025-11-26 14:05:13,"__COMPANY__ Notes ""Historic"" Tax Hike Measures in U.K. Budget",-1
train,1830,2025-11-26 14:13:47,Shares of Japanese banks are trading higher as the Bank of Japan signals possible interest rate hikes in December.,24
train,1831,2025-11-26 14:28:51,"__COMPANY__ sees S&P 500 running as high as 8,000 in 2026",-1
train,1832,2025-11-26 15:14:06,Is __COMPANY__ Still a Bargain After 115% Rally and Strategic Restructuring in 2025?,9
train,1833,2025-11-26 16:03:00,European Equities Traded in the US as American Depositary Receipts Surge in Wednesday Trading,38
train,1834,2025-11-27 01:25:00,Japan's Megabanks Expected To Improve Profitability On Higher Rates,24
train,1835,2025-11-27 10:07:00,__TICKER__ chair candidates to pitch to lender's board next week,15
train,1836,2025-11-27 12:50:19,ECB examines allegations of __COMPANY__ understating balance sheet risks-report,-1
train,1837,2025-11-27 15:12:35,__TICKER__ ( __TICKER__ ) Valuation in Focus as Shares Deliver 6% Monthly Gain and Strong Year-to-Date Growth,7
train,1838,2025-11-27 15:28:54,Nationwide cuts mortgage rates as other lenders hold steady amid budget announcement,14
train,1839,2025-11-27 16:02:02,Battle to offer sub-4% mortgages intensifies as Nationwide set to cut rates,14
train,1840,2025-11-28 09:04:46,Banco Macro: Why 2026 Matters More Than Any Quarter In 2025,27
train,1841,2025-11-28 09:23:59,Aegon evaluates selling operations outside the US,55
train,1842,2025-11-28 10:00:32,What's Driving the Market Sentiment Around __COMPANY__ Corp?,9
train,1843,2025-11-28 13:04:11,"__COMPANY__ : Solid Quarter, Higher Targets - But Sudan Overhang Keeps Us Neutral",-1
train,1844,2025-11-28 13:21:00,3 __COMPANY__ Mutual Funds Positioned for Strong Performance,12
train,1845,2025-11-28 14:13:16,Banco __COMPANY__ (BME: __TICKER__ ): Assessing Valuation After Recent Share Price Momentum,7
train,1846,2025-11-28 15:10:00,ETFs to Benefit From Rate Cut Bets and Upbeat Forecasts,8
train,1847,2025-11-28 15:16:00,__COMPANY__ Shares Surge 68.4% YTD: How to Play the Stock Now,-1
train,1848,2025-11-28 15:29:43,"As Nvidia, Palantir Waver, This Giant Makes Waves On Wall Street",60
train,1849,2025-11-28 16:03:00,3 Stocks to Invest in From the Flourishing Foreign Banks Industry,-1
train,1850,2025-11-28 16:30:12,Why Is __COMPANY__ __TICKER__ Down 1.3% Since Last Earnings Report?,-1
train,1851,2025-11-28 16:32:00,Is __COMPANY__ Riskier Now According to FSB's 2025 G-SIB List?,-1
train,1852,2025-11-29 13:09:47,Does __COMPANY__ ’s 95% Stock Surge Signal More Room to Grow in 2025?,9
train,1853,2025-11-30 10:30:10,Why __COMPANY__ says 2026 promises to be anything but boring,-1
train,1854,2025-12-01 02:00:31,A Major European Bank Opened Crypto Trading to Everyday Customers—Here's Why That Matters for Bitcoin's Next Move,1
train,1855,2025-12-01 05:57:06,__TICKER__ taps French start-up Mistral to supercharge generative-AI rollout,6
train,1856,2025-12-01 09:10:00,"Poland Buy Now Pay Later Business Report 2025: A $2.8 Billion Market by 2030 Featuring Twisto, Klarna, PayPo, __COMPANY__ , Allegro, mBank, __COMPANY__ , __TICKER__ Bank Slaski, Alior Bank, and Revolut",20
train,1857,2025-12-01 11:37:00,"Wallbox Announces an Agreement With Core Banking Partners and Major Shareholders, Advancing Into Its Next Phase With a Renewed Capital Structure",1
train,1858,2025-12-01 13:08:45,Is __TICKER__ a Potential Bargain After Gaining 53% in the Past Year?,9
train,1859,2025-12-01 13:30:00,__COMPANY__ Investment Management Becomes the Distributor for Select Sector SPDR® ETF Franchise,8
train,1860,2025-12-01 16:02:40,European Equities Traded in the US as American Depositary Receipts Rise in Monday Trading,38
train,1861,2025-12-01 16:47:00,"Zacks Industry Outlook Highlights __TICKER__ , __COMPANY__ Financial and __COMPANY__",-1
train,1862,2025-12-02 06:15:00,ValuEngine Weekly Market Summary And Commentary,7
train,1863,2025-12-02 07:08:00,__COMPANY__ to Sell Stake in Polish Subsidiary for Around $473 Million After Erste Group Deal,20
train,1864,2025-12-02 07:15:00,"SNPG: A New ETF Perfect For Retirees - S&P 500 Exposure, Growth, And Outperformance Potential",8
train,1865,2025-12-02 08:44:04,Reported Earlier: ' __COMPANY__ sells 3.5% stake in its Polish unit for around $473 million',20
train,1866,2025-12-02 10:01:00,Exploring __COMPANY__ 's Earnings Expectations,18
train,1867,2025-12-02 11:56:39,Shares of Japanese banking companies are trading higher. The Bank of Japan is considering an interest rate hike.,24
train,1868,2025-12-02 13:00:39,A Look Into __TICKER__ Holdings Inc's Price Over Earnings,-1
train,1869,2025-12-02 13:42:42,"Exchange-Traded Funds, Equity Futures Higher Pre-Bell Tuesday as Investors Seek Catalysts",5
train,1870,2025-12-02 14:56:00,__TICKER__ Collaborates With Mistral AI to Boost Generative AI Usage,6
train,1871,2025-12-02 14:58:00,ASB to Deepen Midwest Presence Via $604M American National Buyout,38
train,1872,2025-12-03 07:11:15,"Earnings Scheduled For December 3, 2025",27
train,1873,2025-12-03 07:16:06,"__COMPANY__ Q4 Adj. EPS $2.78 Beats $2.52 Estimate, Sales $12.405B Beat $12.010B Estimate",13
train,1874,2025-12-03 09:19:33,Reported Earlier: 'Italy's doValue renews new bad loan management contract with __COMPANY__ ',2
train,1875,2025-12-03 10:00:35,Earnings Preview: __COMPANY__ Bank,18
train,1876,2025-12-03 10:01:44,__COMPANY__ 2025 Q4 - Results - Earnings Call Presentation,44
train,1877,2025-12-03 11:52:54,__COMPANY__ sells 3.5% stake in Polish unit for $473m,20
train,1878,2025-12-03 12:25:00,__COMPANY__ Lifts Dividend With Jump in Quarterly Earnings,32
train,1879,2025-12-03 13:01:44,BBVA: The Risk-Reward Proposition Is Not Good For Long-Term Investors,-1
train,1880,2025-12-03 13:09:06,"__COMPANY__ : Stellar Results, Limited Upside",-1
train,1881,2025-12-03 13:52:00,China's UnionPay Expands Presence in Middle East with Fresh Partnership,-1
train,1882,2025-12-03 15:00:37,Price Over Earnings Overview: __COMPANY__,18
train,1883,2025-12-03 16:49:43,"Benign External Conditions, Low Foreign Exchange Volatility Should Continue Supporting Latin American Currencies in 2026, Says __COMPANY__",-1
train,1884,2025-12-03 16:57:00,__COMPANY__ Corp. stock underperforms Wednesday when compared to competitors despite daily gains,57
train,1885,2025-12-03 18:42:27,Sector Update: Financial Stocks Rise Wednesday Afternoon,5
train,1886,2025-12-03 18:45:46,"__COMPANY__ lifts its return target, downplays interest in US M&A",-1
train,1887,2025-12-03 21:53:24,__COMPANY__ ( __TICKER__ :CA) Q4 2025 Earnings Call Transcript,19
train,1888,2025-12-03 23:00:09,JP Morgan Cazenove Reiterates __TICKER__ Holdings plc - Depositary Receipt __TICKER__ Neutral Recommendation,29
train,1889,2025-12-04 04:35:39,3 Unpopular Stocks with Warning Signs,12
train,1890,2025-12-04 05:05:00,Tree Hugging or Greenwashing? BlackRock’s in ESG Hot Seat Either Way,0
train,1891,2025-12-04 07:11:11,"Earnings Scheduled For December 4, 2025",27
train,1892,2025-12-04 07:45:58,"__COMPANY__ Bank Q4 Adj. EPS $1.57 Beats $1.46 Estimate, Sales $11.169B Beat $11.050B Estimate",13
train,1893,2025-12-04 10:42:34,"__COMPANY__ Bank CEO Says There Continues To Be A High Degree Of Uncertainty Around Tariffs And Canada U.S. Trade Dynamics With Important Impacts, Particularly To Industries Facing The Highest Tariffs, Such As Steel And Aluminum; Says While Economic Uncertainty Has Impacted Business And Consumer Confidence, Canada's Economy And Employment Remain Largely Resilient",-1
train,1894,2025-12-04 11:01:29,The __COMPANY__ Bank 2025 Q4 - Results - Earnings Call Presentation,59
train,1895,2025-12-04 11:29:38,"Scotiabank Maintains Sector Outperform on __COMPANY__ , Raises Price Target to __TICKER__ $231",-1
train,1896,2025-12-04 11:57:36,"__COMPANY__ Maintains Overweight on __COMPANY__ , Raises Price Target to __TICKER__ $227",42
train,1897,2025-12-04 12:12:07,Is __COMPANY__ Still Attractive After Its Strong 2025 Share Price Rally?,9
train,1898,2025-12-04 12:16:03,JP Morgan Cazenove Reiterates __COMPANY__ PLC - Depositary Receipt __TICKER__ Overweight Recommendation,29
train,1899,2025-12-04 13:04:00,"__COMPANY__ , Nationwide and NatWest cut mortgage costs as mini-price war looms",14
train,1900,2025-12-04 13:08:52,The __COMPANY__ Bank ( __TICKER__ :CA) Q4 2025 Earnings Call Transcript,19
train,1901,2025-12-04 13:17:00,"Company News for Dec 4, 2025",66
train,1902,2025-12-04 13:30:00,T. Rowe Price Transitions to Charles River’s Enterprise Multi-Asset Investment Management Platform,-1
train,1903,2025-12-04 17:33:20,' __TICKER__ Seeks to Extend __COMPANY__ Ties to Asset Management Business',-1
train,1904,2025-12-04 18:10:04,"Canadian Big Bank Earnings Top Expectations, Raise Dividends",3
train,1905,2025-12-04 23:00:19,Shore Capital Reiterates __TICKER__ Holdings plc - Depositary Receipt __TICKER__ Hold Recommendation,29
train,1906,2025-12-04 23:05:52,__COMPANY__ __TICKER__ Q4 2025 Earnings Call Highlights: Record Profits and Strategic Growth,63
train,1907,2025-12-04 23:11:00,"__COMPANY__ to redeem NVCC Non-Cumulative 5-Year Fixed Rate Reset First Preferred Shares, Series BR and NVCC AT1 Limited Recourse Capital Notes, Series 2",28
train,1908,2025-12-05 09:55:11,Market Chatter: Banco __COMPANY__ Executive Investigated by Brazil's Central Bank Over Fraud Allegations by Former Employer,-1
train,1909,2025-12-05 10:43:30,__COMPANY__ Bank: A Strong Franchise Facing A Full-Valuation Problem,-1
train,1910,2025-12-05 11:00:18,A Look Into __COMPANY__ Finl Gr Inc's Price Over Earnings,-1
train,1911,2025-12-05 11:55:25,"Reuters: Swiss Government Prepares To Water Down Part Of __TICKER__ Capital Rules, Preparing To Soften Rules It Has Control Over",-1
train,1912,2025-12-05 13:30:46,How Stock Markets Might React After The Federal Reserve's December Meeting,-1
train,1913,2025-12-05 13:43:18,"' __COMPANY__ Explores Bid For British Wealth Manager Evelyn, Sources Say'",-1
train,1914,2025-12-05 15:51:09,__TICKER__ shares are trading higher after Reuters reported the Swiss government plans to soften parts of its capital rules that it controls.,-1
train,1915,2025-12-05 17:10:21,Revisiting __COMPANY__ __TICKER__ Valuation After Its Recent Share Price Strength,7
train,1916,2025-12-05 18:15:17,Here's How Much You Would Have Made Owning __COMPANY__ Finl Gr Stock In The Last 5 Years,48
train,1917,2025-12-06 00:30:45,"Dividend Champion, Contender, And Challenger Highlights: Week Of December 7",56
train,1918,2025-12-06 16:08:47,How __COMPANY__ ’s Senior Unsecured Bond Wave Could Reshape __COMPANY__ (XTRA:DBK) Investors’ Earnings Mix,7
train,1919,2025-12-08 12:00:37,How Is The Market Feeling About __TICKER__ Group AG?,9
train,1920,2025-12-08 15:55:00,__COMPANY__ Explores Evelyn Partners Deal in Push into Affluent Clients,23
train,1921,2025-12-08 16:43:00,__COMPANY__ : shares and voting rights as of 30 November 2025,41
train,1922,2025-12-08 19:30:25,Here's How Much $100 Invested In __COMPANY__ 5 Years Ago Would Be Worth Today,48
train,1923,2025-12-09 03:09:38,Is __COMPANY__ Still Attractively Priced After Its 115% Share Price Surge?,-1
train,1924,2025-12-09 04:20:00,Using Quantitative Signal Data For Portfolio Management,0
train,1925,2025-12-09 06:00:00,Banks in mortgage war as rates plunge,14
train,1926,2025-12-09 08:16:41,SPY Issuer __COMPANY__ Sees Quality Metric Slides Amid Threats To Voting Power,-1
train,1927,2025-12-09 11:11:00,Parental pressure-cooker: Family budgets overheating as parents grapple with high costs and now face holiday season expenses - __COMPANY__ poll,-1
train,1928,2025-12-09 12:43:22,"__TICKER__ Appoints Jason Henderson As U.S. CEO To Strengthen Client Focus, Expand U.S. Presence",15
train,1929,2025-12-09 14:40:02,Are Investors Undervaluing __COMPANY__ __TICKER__ Right Now?,9
train,1930,2025-12-09 16:19:53,__COMPANY__ __TICKER__ Releases FY 2025 Results,-1
train,1931,2025-12-09 16:35:00,__TICKER__ Group Shares Rise on Swiss Regulators' Capital-Rule Relaxation,-1
train,1932,2025-12-09 17:35:12,__COMPANY__ Comments on Canadian Dollar Ahead of This Week's Bank of Canada Policy Meeting,22
train,1933,2025-12-09 18:09:00,FRN Variable Rate Fix,11
train,1934,2025-12-09 19:01:49,Wednesday's big stock stories: What’s likely to move the market in the next trading session,-1
train,1935,2025-12-09 23:58:58,__COMPANY__ : Impressive Cost Discipline Doing Wonders For The Lender,2
train,1936,2025-12-10 02:27:00,Equities Trading Boom To Fuel 10% Rise In 2025 Investment Bank Revenues,-1
train,1937,2025-12-10 05:01:00,ETFs Blew Past $1.25T in Flows This Year. What’s Driving Growth?,8
train,1938,2025-12-10 08:56:39,Is __COMPANY__ Stock Outperforming the Dow?,57
train,1939,2025-12-10 09:30:00,JD.com buys into Hong Kong Central tower as Lai Sun offloads US$450 million stake,-1
train,1940,2025-12-10 09:30:00,Six major Hong Kong banks keep prime rates unchanged despite HKMA base rate cut,-1
train,1941,2025-12-10 11:00:00,Rayonier Announces Results of Special Dividend Election,-1
train,1942,2025-12-10 12:02:53,__COMPANY__ Corporation __TICKER__ Presents at __COMPANY__ 2025 U.S. Financial Services Conference Transcript,21
train,1943,2025-12-10 12:44:26,Office Of The Comptroller Of The Currency Releases Preliminary Findings from Its Review of Large Banks' Debanking Activities,1
train,1944,2025-12-10 13:00:00,Origis Energy Closes $290 Million Financing for Swift Air Solar II and III Projects with Natixis CIB and __COMPANY__,2
train,1945,2025-12-10 13:38:00,Appointment of Non-Executive Director,15
train,1946,2025-12-10 15:07:32,Looking at the Narrative for __COMPANY__ After Mixed Analyst Target Revisions,25
train,1947,2025-12-10 16:24:27,B of A Securities Upgrades __TICKER__ Holdings to Buy,29
train,1948,2025-12-10 16:41:57,Shares of stocks in the broader financial sector are trading higher amid overall market strength following the Fed's rate cut announcement.,30
train,1949,2025-12-10 23:27:04,B of A Securities Upgrades __TICKER__ Holdings plc - Depositary Receipt __TICKER__,29
train,1950,2025-12-11 04:21:19,"Reported Earlier, __COMPANY__ Investment Management And Galaxy Digital Partner On SWEEP Tokenized Liquidity Fund With PYUSD And 200M Investment From Ondo",-1
train,1951,2025-12-11 04:40:33,"Reported Earlier, __COMPANY__ Lowers Prime Lending Rate From 7% To 6.75% Effective December 11 2025",14
train,1952,2025-12-11 09:44:00,Gold Rises After Fed Cuts Rates; Silver Hits Record,39
train,1953,2025-12-11 10:09:44,US Economy Not as Good as Some Believe: __TICKER__ 's Halpenny,-1
train,1954,2025-12-11 12:32:49,Wall Street Bullish on ​The __COMPANY__ Bank __TICKER__ After its Q4 2025 Results,63
train,1955,2025-12-11 12:46:00,"IonQ, D-Wave, and Rigetti Stocks Are a Buy, Say Analysts. How the Quantum Pure Plays Stack Up.",65
train,1956,2025-12-11 13:47:09,Potentia Energy obtains $551.75m financing for Australian renewable energy portfolio,2
train,1957,2025-12-11 15:16:34,Why The Narrative Around __COMPANY__ Is Shifting After Analyst Upgrades And New Targets,25
train,1958,2025-12-11 18:45:26,$1000 Invested In __TICKER__ Gr 5 Years Ago Would Be Worth This Much Today,48
train,1959,2025-12-11 18:47:00,Ondo Finance to invest $200M in seed capital for tokenized liquidity fund,-1
train,1960,2025-12-11 19:15:38,$1000 Invested In __COMPANY__ 5 Years Ago Would Be Worth This Much Today,48
train,1961,2025-12-11 19:25:00,Capital One: What's (New) In Your Wallet,-1
train,1962,2025-12-11 23:21:43,Scott Bessent Slams 'American Chavista' Elizabeth Warren For Driving Away Foreign Investment: Says She Is Undermining Trump's 'Golden Age' (UPDATED),-1
train,1963,2025-12-12 04:00:00,Money20/20 U.S.: Vegas Spins The Stablecoin Story Forward,1
train,1964,2025-12-12 10:31:47,European Dividend Stocks To Enhance Your Portfolio,3
train,1965,2025-12-12 11:25:10,"U.K. GDP Data Reinforces Rate Cut Prospects, Sterling Impact, Notes __TICKER__",54
train,1966,2025-12-12 12:12:53,__COMPANY__ (SEHK:3988): Assessing Valuation After a Strong Year-to-Date Rebound in the Share Price,7
train,1967,2025-12-12 13:47:09,"Canada's Wholesale Sales Better Than Expected in October on Motor Vehicles, Parts Gains; Inventories Are Flat",22
train,1968,2025-12-12 14:14:25,Is __TICKER__ Stock Still Attractive After Its 74% Surge And Strong Excess Returns Score?,9
train,1969,2025-12-12 15:16:11,Charlie Munger Warned That BlackRock Holds Too Much Power And Didn't Want Larry Fink Becoming An 'Emperor',-1
train,1970,2025-12-12 22:07:57,Paramount’s $54 Billion Debt Plays a Starring Role in Warner Bid,-1
train,1971,2025-12-13 08:05:00,"JIVE: This Hidden Gem ETF Is A Superb Blend Of Diversification, Growth, And Alpha",8
train,1972,2025-12-13 18:10:34,Reassessing __COMPANY__ Financial Group ( __TICKER__ ) Valuation After Junichi Hanzawa’s Planned Promotion to Group President,-1
train,1973,2025-12-13 23:12:52,Has __COMPANY__ ’ 32% 2025 Surge Already Priced In Its Growth Potential?,9
train,1974,2025-12-14 05:09:02,How Investors Are Reacting To __COMPANY__ __TICKER__ Launching Its Tokenized Onchain Liquidity Sweep Fund,-1
train,1975,2025-12-14 16:11:12,__COMPANY__ ’s Planned Share Buyback Might Change The Case For Investing In __COMPANY__ ( __TICKER__ ),10
train,1976,2025-12-14 21:08:33,__COMPANY__ ( __TICKER__ ): Revisiting Valuation After a Strong Multi‐Month Share Price Rally,7
train,1977,2025-12-15 04:40:33,3 Profitable Stocks Walking a Fine Line,12
train,1978,2025-12-15 10:18:20,__TICKER__ ’s plans to take Hong Kong’s Hang Seng private backed by board committee,-1
train,1979,2025-12-15 11:34:05,DBS appointed as Singapore's second renminbi clearing bank,-1
train,1980,2025-12-15 12:06:41,Why $52 Billion Says India Could Be the Surprise Winner of the AI Slowdown,6
train,1981,2025-12-15 13:05:23,Shares of Japanese banking companies are trading higher. Strength may be due to the expectations of an interest rate hike ahead of the Bank of Japan's monetary policy meeting on Friday.,24
train,1982,2025-12-15 13:32:06,Nvidia and AMD Brace for Surging AI Demand in 2026,-1
train,1983,2025-12-15 13:39:00,__TICKER__ to Open Pune Office: A Renewed Push Toward India to Boost Growth?,20
train,1984,2025-12-15 14:17:57,Sector Update: Financial Stocks Rise Pre-Bell Monday,5
train,1985,2025-12-15 14:57:00,"Global Biometric Payment Cards Market Intelligence Report 2025-2030 Featuring 25 Players Including __COMPANY__ , IDEX Biometrics, Infineon Technologies, NXP Semiconductors, Visa, Zwipe",-1
train,1986,2025-12-15 15:37:45,Asian Equities Traded in the US as American Depositary Receipts Little Changed in Monday Trading,55
train,1987,2025-12-15 15:51:47,AMD Says Semiconductor Demand Set to Outpace Supply Into 2026,-1
train,1988,2025-12-15 16:01:00,City National joins crowded field of banks in the Carolinas,-1
train,1989,2025-12-15 16:33:00,__COMPANY__ Nears Regulatory Approval for 25% Banamex Stake Sale,20
train,1990,2025-12-15 16:45:02,__COMPANY__ __TICKER__ Could Be a Great Choice,-1
train,1991,2025-12-15 17:06:00,"__COMPANY__ share buyback programme - Declaration of transactions in own shares from December 8, 2025 to December 12, 2025",10
train,1992,2025-12-15 19:10:00,Harbor GDIV ETF: On A Path To Margin Expansion And Long-Term Growth,8
train,1993,2025-12-16 05:03:00,"Vanguard Warms Up to Crypto, Sort Of",1
train,1994,2025-12-16 08:49:56,CANACCORD GENUITY Maintains __COMPANY__ Bank __TICKER__ Buy Recommendation,29
train,1995,2025-12-16 08:49:57,CIBC CAPITAL MARKETS Maintains __COMPANY__ Bank __TICKER__ Outperform Recommendation,29
train,1996,2025-12-16 08:49:58,DESJARDINS SECURITIES Maintains __COMPANY__ Bank __TICKER__ Buy Recommendation,29
train,1997,2025-12-16 08:51:25,"__COMPANY__ Financial Appoints Junichi Hanzawa President, CEO; Hironori Kamezawa Board Chairman",15
train,1998,2025-12-16 09:00:13,"B of A Securities Upgrades __TICKER__ Gr to Buy, Raises Price Target to $60.3",-1
train,1999,2025-12-16 09:31:36,__TICKER__ Group shares are trading higher after B of A Securities upgraded the stock from Neutral to Buy and raised its price target from $44 to $60.3.,-1
train,2000,2025-12-16 10:02:16,Oil prices fall amid progress on Russia-Ukraine peace talks,17
train,2001,2025-12-16 10:30:00,Danish Growth Capital becomes sixth institutional investor in United Fintech,-1
train,2002,2025-12-16 11:03:53,__TICKER__ Says Risks of Weaker Forint Are High Ahead of Tuesday's Policy Meeting at Hungary's Central Bank,11
train,2003,2025-12-16 11:22:15,SBI Group Joins Japan's Megabank JPY Stablecoin Race,1
train,2004,2025-12-16 12:08:14,"Sterling Weaker as Loosening Labor Market Favors Further Bank of England Rate Cuts, Says __TICKER__",54
train,2005,2025-12-16 12:20:57,XLK vs. VGT: Here's Why __COMPANY__ 's Tech ETF Has The Edge,8
train,2006,2025-12-16 13:30:00,Versana Hires Industry Veteran George Nunn as Chief Operating Officer,15
train,2007,2025-12-16 13:30:46,"Exchange-Traded Funds, Equity Futures Lower Pre-Bell Tuesday Ahead of Economic Data Releases",5
train,2008,2025-12-16 14:28:00,__COMPANY__ International Equity ESG Fund Q3 2025 Portfolio Review,0
train,2009,2025-12-16 14:30:00,__COMPANY__ Supports Dimensional Fund Advisors’ UCITS ETF Launch,8
train,2010,2025-12-16 15:45:36,Asian Equities Traded in the US as American Depositary Receipts Trend Lower in Tuesday Trading,55
train,2011,2025-12-16 16:02:25,European Equities Traded in the US as American Depositary Receipts Fall in Tuesday Trading,38
train,2012,2025-12-16 17:00:02,What Makes __TICKER__ Groep __TICKER__ a Strong Momentum Stock: Buy Now?,-1
train,2013,2025-12-16 17:39:35,CANACCORD GENUITY Maintains __COMPANY__ __TICKER__ Buy Recommendation,29
train,2014,2025-12-16 17:39:36,__TICKER__ COWEN Upgrades __COMPANY__ __TICKER__,29
train,2015,2025-12-16 17:39:37,ARGUS RESEARCH CORPORATION Maintains __COMPANY__ __TICKER__ Buy Recommendation,29
train,2016,2025-12-16 17:39:38,CIBC CAPITAL MARKETS Maintains __COMPANY__ __TICKER__ Neutral Recommendation,29
train,2017,2025-12-16 17:39:39,SCOTIABANK GBM Maintains __COMPANY__ __TICKER__ Outperform Recommendation,-1
train,2018,2025-12-16 17:39:40,DESJARDINS SECURITIES Maintains __COMPANY__ __TICKER__ Buy Recommendation,29
train,2019,2025-12-16 21:08:39,Has __TICKER__ ’s 292% Five Year Surge Already Priced In Its Future Potential?,9
train,2020,2025-12-17 00:07:46,B of A Securities Upgrades __TICKER__ Group __TICKER__,29
train,2021,2025-12-17 04:24:17,Mosaic Stock Edges Down After Hours — Here's Why,-1
train,2022,2025-12-17 08:00:00,AELF Acquires Two 737-800s From __COMPANY__,-1
train,2023,2025-12-17 08:10:19,Is It Too Late To Consider __COMPANY__ After Its 559% Five Year Surge?,9
train,2024,2025-12-17 08:29:08,__COMPANY__ Says Tech to Drive Equity Gains in 2026,-1
train,2025,2025-12-17 08:38:23,"__TICKER__ Bank Consolidating Mid-South Metro Segment Into Two Newly Defined Regions, Effective Immediately",16
train,2026,2025-12-17 10:28:54,"U.K. Pound, Bond Yields Fall After Weaker-Than-Expected Inflation Data",-1
train,2027,2025-12-17 10:30:00,Options Pros See ‘Nothingburger’ From Delayed Inflation Report,36
train,2028,2025-12-17 11:54:22,__TICKER__ Comments on Forint After Hungary's Central Bank Governor Surprises With Rate Cut Remarks,11
train,2029,2025-12-17 12:18:18,"Weak U.K. Inflation Reinforces Bank of England Rate Cut Prospects, Says __TICKER__",54
train,2030,2025-12-17 12:30:00,__TICKER__ Bank Streamlines Regional Structure to Accelerate Growth and Strengthen Market Alignment,16
train,2031,2025-12-17 14:00:00,OCC Welcomes __COMPANY__ as First Bank Clearing Member,1
train,2032,2025-12-17 15:14:16,__COMPANY__ Cuts Bitcoin 2026 Forecast in Half: $300K Dream Becomes $150K Reality,-1
train,2033,2025-12-17 15:59:30,Gold Approaches Record as Traders Watch US Data and Venezuela,39
train,2034,2025-12-17 16:10:03,European Equities Traded in the US as American Depositary Receipts Rise in Wednesday Trading,38
train,2035,2025-12-17 19:16:04,__TICKER__ Turns More Bullish on Amgen (AMGN) into 2026,-1
train,2036,2025-12-17 21:09:43,Is __COMPANY__ (SEHK:1398) Still Undervalued After Its Strong 12-Month Share Price Run?,7
train,2037,2025-12-17 21:10:50,Is __TICKER__ Groep’s Ongoing Buyback Shaping a New Capital Return Story for (ENXTAM:INGA)?,40
train,2038,2025-12-17 22:13:47,__TICKER__ Downgrades Biogen Inc. (BIIB) to Reduce Despite Pipeline Progress,43
train,2039,2025-12-17 22:56:01,Tracking William Nygren's Harris Associates Portfolio - Q3 2025 Update,0
train,2040,2025-12-18 00:04:49,"Keefe, Bruyette & Woods Upgrades __TICKER__ Holdings plc - Depositary Receipt __TICKER__",29
train,2041,2025-12-18 01:09:20,Medline (MDLN) Stock Falls In After-Hours Trading Following 41% IPO Surge,-1
train,2042,2025-12-18 05:09:32,Is __COMPANY__ Still Attractively Priced After 24% YTD Rally And Beijing Support Measures?,9
train,2043,2025-12-18 05:35:00,Generative AI Digest: New Models And Copyright Disputes,6
train,2044,2025-12-18 07:01:00,__COMPANY__ : BUILDING THE EUROPEAN CO-LEADER IN FULL-SERVICE VEHICLE LEASING EXCLUSIVE NEGOTIATIONS BETWEEN ARVAL AND MERCEDES-BENZ GROUP FOR THE ACQUISITION OF ATHLON,20
train,2045,2025-12-18 07:53:15,"Bloomberg Reported __TICKER__ To Begin January Job Cuts As Part Of Final Year Of Integration, With Additional Round Planned For Later In 2026",-1
train,2046,2025-12-18 07:56:00,__COMPANY__ ’s Vehicle-Leasing Business in Talks to Buy Mercedes-Benz Leasing Unit,-1
train,2047,2025-12-18 08:49:00,Sungrow and __COMPANY__ (Thai) Leasing Strengthen Partnership to Accelerate Renewable Energy Transition with Green Finance,2
train,2048,2025-12-18 09:00:34,"S&P 500 2026 Outlook: To 8,500 - If These 3 Things Happen",-1
train,2049,2025-12-18 11:23:28,Market Chatter: Banks Win Bid to Block $3.2 Billion Foreign Exchange Rigging Lawsuit in UK,26
train,2050,2025-12-18 11:51:02,"ECB, Bank of England Policy Divergence to Impact Euro, Sterling Exchange, Says __TICKER__",-1
train,2051,2025-12-18 11:56:00,__COMPANY__ Primary New Issues: Post-Stab No Stab Notice: ZENITA (Maticmind SPA),34
train,2052,2025-12-18 11:57:24,__COMPANY__ Debuts Blockchain Tokenized Deposits in Hong Kong,-1
train,2053,2025-12-18 14:01:00,Dave McKay of __COMPANY__ to Speak at __COMPANY__ Capital Markets 2026 Canadian Bank CEO Conference,21
train,2054,2025-12-18 15:07:00,"__COMPANY__ to Match Treasury's $1,000 Contribution to Employees' Child Savings Accounts",-1
train,2055,2025-12-18 18:20:30,Looking at the Changing Narrative for __COMPANY__ After Mixed Analyst Targets and New Developments,25
train,2056,2025-12-18 19:30:00,__COMPANY__ to Match U.S. Treasury Contributions to New Child Savings Accounts,-1
train,2057,2025-12-18 19:30:46,Here's How Much You Would Have Made Owning __TICKER__ Gr Stock In The Last 5 Years,48
train,2058,2025-12-18 20:12:37,Why The Narrative Around Ballard Power Systems Is Shifting After Mixed Analyst Updates,25
train,2059,2025-12-18 21:30:00,__COMPANY__ Corporation Declares Common Stock Dividend,52
train,2060,2025-12-19 06:09:38,__COMPANY__ (ENXTPA:BNP): Reassessing Valuation After a Strong 20% One-Month Share Price Surge,40
train,2061,2025-12-19 08:28:08,Sterling holds ground as BoE signals caution on rate cuts,54
train,2062,2025-12-19 08:52:26,Update: Market Chatter: Banks Win Bid to Block $3.2 Billion Foreign Exchange Rigging Lawsuit in UK,26
train,2063,2025-12-19 12:31:52,3 Top TSX Dividend Stocks To Consider With At Least 3.3% Yield,3
train,2064,2025-12-19 15:51:26,Arval enters exclusive talks to buy Athlon from Mercedes-Benz,20
train,2065,2025-12-19 17:01:07,'The Pace Will Be Slower Than Expected': __COMPANY__ Lowers Bitcoin Price Forecasts,-1
train,2066,2025-12-19 19:17:07,Why Analysts See the __TICKER__ Story Shifting Despite Rising Targets and Capital Concerns,25
train,2067,2025-12-19 21:15:00,UL Solutions Announces Full Exercise of Underwriters’ Option to Purchase Additional Shares,41
train,2068,2025-12-19 21:30:00,__COMPANY__ Corporation ( __TICKER__ ) Announces Date for Release of Fourth-Quarter and Full-Year 2025 Financial Results and Conference Call Webcast,-1
train,2069,2025-12-19 23:15:29,Does __COMPANY__ ’s Strong 2025 Rally Still Offer Upside Based on Current Valuation?,9
train,2070,2025-12-20 08:00:00,Our Top 10 High-Growth Dividend Stocks - December 2025,3
train,2071,2025-12-20 11:08:53,How Investors May Respond To __COMPANY__ Financial Group ( __TICKER__ ) Leadership Reshuffle And Digital Push,-1
train,2072,2025-12-21 04:15:34,"__COMPANY__ , Inc. - Depositary Receipt __TICKER__ Price Target Increased by 23.98% to 7.37",61
train,2073,2025-12-21 21:08:24,How Well Did Our 2025 Top 10 Picks Do,3
train,2074,2025-12-22 08:41:49,"__TICKER__ 's Sels on AI, Capex Cycle",6
train,2075,2025-12-22 09:15:44,"Bitcoin To See A 'Boring' 2026 Before Explosion To $250,000 In 2027: Galaxy Research",-1
train,2076,2025-12-22 09:27:30,Oil Gains on Venezuela Supply Risks,17
train,2077,2025-12-22 10:06:06,"Quantum BioPharma Shareholder Sues Canadian Imperial Bank Of Commerce, __COMPANY__ , __COMPANY__ Capital Markets Over Alleged Stock Manipulation",21
train,2078,2025-12-22 10:46:30,How Real World Asset Protocols Are Turning Illiquid Assets Into Investable Products,-1
train,2079,2025-12-22 11:21:44,__TICKER__ Bank to acquire 20% stake in India’s Shriram Finance for $4.3bn,20
train,2080,2025-12-22 13:30:00,Netflix Prepares $25 Billion in Bank Financing for Warner Deal,2
train,2081,2025-12-22 17:02:00,"__COMPANY__ share buyback programme - Declaration of transactions in own shares from December 15, 2025 to December 19, 2025",10
train,2082,2025-12-22 17:26:00,OCC Lifts Oversight on __COMPANY__ : Catalyst for Transformation Drive?,-1
train,2083,2025-12-22 17:30:39,__TICKER__ recruits ex- __COMPANY__ executive Ida Liu to lead private bank,15
train,2084,2025-12-22 18:00:00,__TICKER__ Asset Management Inc. Announces Final Annual Reinvested Distributions for __TICKER__ ETFs,-1
train,2085,2025-12-23 11:45:38,__TICKER__ ’s Leapfrog in Private Banking: Human Touch Meets Digital Empowerment,1
train,2086,2025-12-23 12:56:00,__TICKER__ vs. __COMPANY__ : Which Global Bank is Better Positioned for 2026?,16
train,2087,2025-12-23 16:00:00,Affiniti Secures Growth Financing from __TICKER__ to Accelerate AI CFO Platform for SMBs,6
train,2088,2025-12-23 16:46:00,3 Overseas Stocks to Buy for Portfolio Diversification in 2026,12
train,2089,2025-12-24 05:02:00,__COMPANY__ ’s Private-Credit ETFs Outperformed in 2025. Is That Enough to Interest Investors?,8
train,2090,2025-12-24 11:18:49,K-Shaped U.S. Economy Is Taking Hold,46
train,2091,2025-12-25 00:18:37,How New Analyst Views Are Shaping The Story Behind __COMPANY__ ’s Valuation,25
train,2092,2025-12-25 04:35:17,1 Financials Stock on Our Buy List and 2 We Turn Down,12
train,2093,2025-12-25 10:00:46,Price Over Earnings Overview: Banco __COMPANY__,18
train,2094,2025-12-25 11:06:38,Has __TICKER__ Stock Run Too Far After Its 341% Five Year Surge?,9
train,2095,2025-12-25 13:08:47,Is __TICKER__ (ENXTAM:INGA) Still Undervalued After Its Strong 2024 Share Price Rally?,40
train,2096,2025-12-25 22:00:24,Yen Bearish Voices Build for 2026 on Cautious BOJ Policy Path,33
train,2097,2025-12-26 08:00:00,BlackRock Owns The World,-1
train,2098,2025-12-26 10:30:00,__TICKER__ Groep: I Think I Sold Too Soon - The Stock Still Is A 'Buy',-1
train,2099,2025-12-26 15:26:50,Alphabet Crushed Mag 7 Stocks This Year — Only To Be Crushed By These 8 Country ETFs,-1
train,2100,2025-12-26 16:00:03,ETF race hits $1T at record speed with more gains coming,8
train,2101,2025-12-26 16:40:03,__TICKER__ or IBN: Which Is the Better Value Stock Right Now?,37
train,2102,2025-12-26 23:16:10,"Dividend Champion, Contender, And Challenger Highlights: Week Of December 28",56
train,2103,2025-12-27 22:36:01,Better Consumer Staples ETF: __COMPANY__ 's XLP vs. Fidelity's FSTA,8
train,2104,2025-12-28 16:45:48,"Japan’s __COMPANY__ Financial Group, Inc. __TICKER__ To Buy 20% Share In India’s Shriram Finance For $4.4 Billion",20
train,2105,2025-12-29 07:56:28,"Keefe Bruyette Turns More Positive on __TICKER__ , Citing Hong Kong Strength",-1
train,2106,2025-12-29 08:04:07,National Bank Turns More Positive on __COMPANY__ Bank __TICKER__,-1
train,2107,2025-12-29 08:08:27,__COMPANY__ __TICKER__ Outlook Strengthens in Canaccord Update,-1
train,2108,2025-12-29 08:28:10,"__TICKER__ Sees Pharma Poised to Outperform in 2026, Lifts GSK Target",-1
train,2109,2025-12-29 12:31:52,TSX Dividend Stocks Canadian Imperial Bank of Commerce Plus 2 Reliable Income Generators,3
train,2110,2025-12-29 16:15:50,European Equities Traded in the US as American Depositary Receipts Start Week Lower in Monday Trading,38
train,2111,2025-12-29 16:59:12,Metals Acting Like Meme Stocks—Unconfirmed Rumor Of Major Silver Margin Call,39
train,2112,2025-12-29 17:00:04,Royal Bank __TICKER__ Upgraded to Buy: Here's What You Should Know,-1
train,2113,2025-12-30 09:25:44,"__COMPANY__ Maintains Buy on __COMPANY__ , Raises Price Target to $150",42
train,2114,2025-12-30 09:45:41,__COMPANY__ To Rally Around 14%? Here Are 10 Top Analyst Forecasts For Tuesday,-1
train,2115,2025-12-30 11:03:00,"The Zacks Analyst Blog Highlights General Motors, Western Digital and __COMPANY__",-1
train,2116,2025-12-30 13:44:45,__COMPANY__ Models XRP at $8 by 2026—Breaking Down the 315% Upside Case,-1
train,2117,2025-12-30 14:52:27,__COMPANY__ ’s $8 XRP Call: Bullish Signal or Hype Risk?,-1
train,2118,2025-12-30 15:01:06,__TICKER__ Sees Canadian Dollar Recovering Gradually in 2026 From Weak Levels But Notes Trade Uncertainty Risks,22
train,2119,2025-12-30 15:27:29,"Mitsubishi UFG Says Easing Of Geopolitical Risks, Central Bank Pushback To Dampen Swiss Franc Strength",53
train,2120,2025-12-31 03:25:52,__COMPANY__ : ROTE Target Should Be Raised To ~15%,-1
train,2121,2025-12-31 06:00:15,What will happen to interest rates in 2026?,-1
train,2122,2025-12-31 08:03:51,Top 2 Financial Stocks that May Fall Off A Cliff In December,12
train,2123,2025-12-31 11:39:59,__TICKER__ Says Faster Pace of Renminbi Appreciation Attracts Attention Heading Into 2026,-1
train,2124,2025-12-31 13:41:12,ASP Isotopes (ISP) Loses 5% as Exec Unloads Stake,-1
train,2125,2025-12-31 14:10:14,"__TICKER__ Says Bank of England Rate Cuts, Domestic Political Risks Could Reinforce Sterling Weakness in 2026",54
train,2126,2025-12-31 15:00:00,Carolyn DuChene joins Board of Directors of __TICKER__ Americas Holdings Corporation and U.S. Advisory Board,15
train,2127,2025-12-31 15:43:21,__TICKER__ Says Sweden's Krona Is Better Placed to Strengthen Further Than Norway's Krone,11
train,2128,2025-12-31 16:55:00,__COMPANY__ Corp. stock underperforms Wednesday when compared to competitors,57
train,2129,2025-12-31 17:15:05,"Mitsubishi UFG Says Global Backdrop, Central Bank Policy Shifts Provide More Support for Australian, New Zealand Dollars",53
train,2130,2026-01-01 09:31:39,__COMPANY__ Financial: A 'Buy' On Indian M&A Deal And Capital Return Improvement,20
train,2131,2026-01-02 04:42:17,1 Financials Stock Worth Your Attention and 2 Facing Challenges,12
train,2132,2026-01-02 14:17:00,"Some ETFs compete on price — but fees shouldn't always 'drive the investment decision,' analyst says",8
train,2133,2026-01-02 16:52:00,This Stock Market Index Hit a Record High—Without Much Help From AI. More Gains Are Ahead.,-1
train,2134,2026-01-03 01:20:00,Top 10 High-Yield Dividend Stocks For January 2026,3
train,2135,2026-01-03 01:45:19,Don't Trade The Known For The Unknown: Investing Lessons From 2025,-1
train,2136,2026-01-04 03:49:31,"Dividend Champion, Contender, And Challenger Highlights: Week Of January 4",56
train,2137,2026-01-04 21:11:31,Assessing __TICKER__ ( __TICKER__ )’s Valuation After Strong Long-Term Returns and Recent Share Price Pullback,7
train,2138,2026-01-05 01:55:21,__COMPANY__ : Still A 'Buy' Considering Semiconductor Opportunities,65
train,2139,2026-01-05 04:41:05,3 Cash-Heavy Stocks with Questionable Fundamentals,12
train,2140,2026-01-05 08:41:31,"__COMPANY__ Downgrades __COMPANY__ to Equal-Weight, Raises Price Target to $152",42
train,2141,2026-01-05 10:19:55,"__COMPANY__ Financial, Jefferies Receive European Commission Approval For Joint Venture Creation",23
train,2142,2026-01-05 10:30:35,"If You Invested $1000 In __COMPANY__ Stock 5 Years Ago, You Would Have This Much Today",48
train,2143,2026-01-05 10:34:57,' __TICKER__ Draws Around $10 Billion Bids for Additional Tier 1 Sale',-1
train,2144,2026-01-05 11:04:34,Investors may go value hunting in 2026 as AI rally matures,-1
train,2145,2026-01-05 11:22:23,"__TICKER__ Says Weak Yen Keeps Bank of Japan Rate Hikes, Japanese Fiscal Risks in Focus",33
train,2146,2026-01-05 11:42:22,CIBC and __TICKER__ Bank Price Targets Raised at __COMPANY__,-1
train,2147,2026-01-05 12:09:38,Is __COMPANY__ ( __TICKER__ ) Pricing Reflect Its Recent 39% One Year Gain,-1
train,2148,2026-01-05 12:19:45,__TICKER__ Says Euro's Focus Is on The Swap Market,11
train,2149,2026-01-05 13:34:23,"Exchange-Traded Funds, Equity Futures Higher Pre-Bell Monday as Traders Mull US Actions in Venezuela",5
train,2150,2026-01-05 14:20:38,Sector Update: Financial Stocks Lean Lower Pre-Bell Monday,5
train,2151,2026-01-05 15:10:56,__COMPANY__ Downgrades __COMPANY__ __TICKER__,43
train,2152,2026-01-05 15:28:41,DEM Offers Double the Yield of VOO With $3.3 Billion in Assets: Is the Distribution Volatility Worth It for 2026?,9
train,2153,2026-01-05 15:47:28,My Dividend Stock Portfolio: New November Dividend Record - 100 Holdings With 12 Buys,3
train,2154,2026-01-05 17:00:00,__TICKER__ determines cash payment per share as part of current distribution,-1
train,2155,2026-01-05 17:45:00,PNC's Growth Playbook: Winning Through Acquisitions & Partnerships,23
train,2156,2026-01-05 19:00:00,/R E P E A T -- MEDIA ADVISORY - __TICKER__ Bank Group Executive to Present at the __COMPANY__ Capital Markets 2026 Canadian Bank CEO Conference/,21
train,2157,2026-01-05 21:19:52,Dollar Retreats From Haven Gains After Weak Manufacturing Data,-1
train,2158,2026-01-06 00:11:51,A Look At __COMPANY__ __TICKER__ Valuation As Shares Track Fair Value Estimates,7
train,2159,2026-01-06 03:00:00,"Chinese Megabanks Expand Size, Dominance As Market Caps Rise In Q4'25",24
train,2160,2026-01-06 05:48:53,Credit Markets Rev Up After $61 Billion of Deals in One Day,31
train,2161,2026-01-06 09:56:42,Gold Rises With Focus on Upcoming U.S. Data,39
train,2162,2026-01-06 10:15:09,__COMPANY__ CEO Dave Mckay Says The Acceleration Of The Growth And Remediation Of Our U.S. Platform Is Expected To Increase Our Return On Equity; Leveraging Credit Risk Is Still One Of The Key Risks That We Have To Manage; I See Enormous Opportunity For Return On Investments In The United States,-1
train,2163,2026-01-06 11:15:32,"__TICKER__ Is Still Worth Holding, As 2026 Investment Banking Deals Could Drive Upside",-1
train,2164,2026-01-06 12:31:57,TSX Dividend Stocks Transcontinental And 2 Others For Reliable Income,3
train,2165,2026-01-06 14:54:00,Global M&A Engine Revs Up: How to Play __COMPANY__ Stock?,-1
train,2166,2026-01-06 15:01:00,__COMPANY__ welcomes professional golfer Shane Lowry as newest Team __COMPANY__ ambassador,-1
train,2167,2026-01-06 17:27:00,Investors Pour Record Amount of Money Into ETFs. Here’s Where They Invested.,8
train,2168,2026-01-06 18:31:09,__COMPANY__ : My Top Pick In The Financial Sector Before Q4 Earnings,-1
train,2169,2026-01-06 18:47:08,Hits And Misses: My (Slightly Outsized) Performance In 2025 And A Look Forward,-1
train,2170,2026-01-07 04:01:57,__COMPANY__ Enters Stablecoin Market With First-Of-Its-Kind Investment In This US Startup (UPDATED),1
train,2171,2026-01-07 08:48:47,__COMPANY__ Invests In U.S.-Based Clearing System For Digital Money Ubyx; Terms Not Disclosed,-1
train,2172,2026-01-07 09:20:09,"Truist Securities Downgrades __COMPANY__ to Hold, Raises Price Target to $138",42
train,2173,2026-01-07 09:55:34,10 Predictions For 2026,27
train,2174,2026-01-07 10:30:00,__COMPANY__ : Not Cheap But Still Attractive After Its Run,-1
train,2175,2026-01-07 11:07:59,The __COMPANY__ Bank ( __TICKER__ :CA) Presents at __COMPANY__ Capital Markets Canadian Bank CEO Conference Transcript,21
train,2176,2026-01-07 12:31:59,Top TSX Dividend Stocks To Watch In January 2026,3
train,2177,2026-01-07 12:48:28,Banco __COMPANY__ : Major Re-Rating Diminishes The Value Case (Downgrade),-1
train,2178,2026-01-07 12:49:39,' __TICKER__ Capital Compromise Plan Gets Backing of Largest Swiss Party',-1
train,2179,2026-01-07 12:52:18,"__COMPANY__ Launches __TICKER__ Coin On Canton Network Backed By __COMPANY__ , __COMPANY__",-1
train,2180,2026-01-07 13:00:00,Adapture Renewables Closes $233 Million in Financing from U.S. Bank for Titanium Solar Projects in Illinois and Arkansas,2
train,2181,2026-01-07 13:17:11,"__TICKER__ Cowen Maintains Buy on __COMPANY__ , Raises Price Target to $155",42
train,2182,2026-01-07 15:00:00,MUFJ Bank Adopts Private AI,6
train,2183,2026-01-07 16:01:59,Truist Securities Downgrades __COMPANY__ __TICKER__,43
train,2184,2026-01-07 17:00:52,"If You Invested $1000 In Banco __COMPANY__ Stock 5 Years Ago, You Would Have This Much Today",48
train,2185,2026-01-07 17:28:00,Northern Trust Broadens UHNW Direct Indexing Access via Envestnet,-1
train,2186,2026-01-08 00:00:00,__TICKER__ Bank Group Announces Intention to Purchase for Cancellation up to 61 Million of its Common Shares,10
train,2187,2026-01-08 01:00:32,MT Newswires Canada Stocks To Watch: __TICKER__ Bank; Boyd Group Services,-1
train,2188,2026-01-08 02:09:36,Why __COMPANY__ ( __TICKER__ ) Is Up 5.1% After AI Upskilling Push And Capital Moves,-1
train,2189,2026-01-08 03:31:04,"Reported Earlier, __TICKER__ Bank Group Plans New Normal Course Issuer Bid To Repurchase And Cancel Up To 61M Common Shares Worth $7B Following $8B Prior Buyback",10
train,2190,2026-01-08 09:59:54,' __TICKER__ Agrees to Pay €300 Million to End French Tax Dividend Probes',-1
train,2191,2026-01-08 12:27:16,Telus Engages Advisors to Support Telus Health Business,-1
train,2192,2026-01-08 12:32:13,3 Canadian Dividend Stocks On The TSX Yielding Up To 13.8%,3
train,2193,2026-01-08 13:24:50,__COMPANY__ ( __TICKER__ :CA) Presents at __COMPANY__ Capital Markets Canadian Bank CEO Conference Transcript,21
train,2194,2026-01-08 13:48:54,Canada's International Merchandise Trade Deficit Lower Than Expected in October,22
train,2195,2026-01-08 15:00:52,Peering Into __TICKER__ Groep NV's Recent Short Interest,49
train,2196,2026-01-08 15:30:00,__COMPANY__ Supports Columbia Threadneedle UCITS ETF Launch,8
train,2197,2026-01-08 18:53:33,"Market Chatter: __COMPANY__ , __COMPANY__ Line Up $1.8 Billion Debt for TreeHouse Deal",2
train,2198,2026-01-08 20:35:00,Eurasia Group and __COMPANY__ Team Up to Reset the Conversation on the US-Canada Relationship,23
train,2199,2026-01-09 03:38:35,Custody Bank Stocks Q3 Results: Benchmarking __COMPANY__ ( __TICKER__ ),-1
train,2200,2026-01-09 04:31:19,Looking At The Narrative For United Natural Foods UNFI After Valuation Assumptions Hold Steady,-1
train,2201,2026-01-09 08:48:55,Banco __COMPANY__ Sells 49% Stake In Polish Subsidiary To Erste Group,20
train,2202,2026-01-09 09:25:53,Gold Rises Ahead of Key U.S. Economic Data,39
train,2203,2026-01-09 13:01:48,Best savings account deals for 2026,-1
train,2204,2026-01-09 13:30:57,__COMPANY__ Financial: Eyes On Latest Investment And New Leader,-1
train,2205,2026-01-09 15:00:05,__COMPANY__ Corporation __TICKER__ Earnings Expected to Grow: Should You Buy?,-1
train,2206,2026-01-09 15:57:50,__COMPANY__ : Time To Pause After The Huge Returns (Downgrade),-1
train,2207,2026-01-09 17:05:00,__COMPANY__ : shares and voting rights as of 31 December 2025,41
train,2208,2026-01-09 17:05:00,"Stocks Sail Past Jobs Data, Tariff Opinion Delay. Earnings Season Looms.",-1
train,2209,2026-01-09 17:23:17,"__COMPANY__ 's Comeback: Low Valuation, Rising Profits, Strong Capital Position",-1
train,2210,2026-01-09 18:11:54,Assessing __COMPANY__ ( __TICKER__ ) Valuation After Strong Recent Shareholder Returns,7
train,2211,2026-01-09 18:16:21,How Recent Developments Are Reframing The Hilton Food Group ( __TICKER__ ) Investment Story,-1
train,2212,2026-01-09 20:25:00,Top Stocks to Double Up on Right Now,12
train,2213,2026-01-09 21:35:00,__COMPANY__ Global Asset Management Inc. seeks new sub-advisor for __COMPANY__ Private U.S. Growth Equity Pool,-1
train,2214,2026-01-10 12:00:12,"Insiders At __COMPANY__ Sold US$8.4m In Stock, Alluding To Potential Weakness",-1
train,2215,2026-01-11 15:17:00,Why Smart Money Is Looking Overseas for Bank Stocks,-1
train,2216,2026-01-11 23:11:34,Why The Narrative Around National Bank Of Greece (ATSE:ETE) Is Shifting With New Targets And Governance,-1
train,2217,2026-01-12 01:00:00,CDB Aviation Signs New Sustainability Linked Unsecured Term Loan for $710 Million,2
train,2218,2026-01-12 03:01:52,Earnings To Watch: __COMPANY__ __TICKER__ Reports Q4 Results Tomorrow,51
train,2219,2026-01-12 09:58:29,__TICKER__ Rolls Out New UAE Asset Management Business,-1
train,2220,2026-01-12 10:00:18,A Look Ahead: __COMPANY__ 's Earnings Forecast,18
train,2221,2026-01-12 10:31:05,Shares of banking and financial stocks are trading lower after President Trump said failure to cap rates at 10% by Jan. 20 will be treated as a violation of the law.,30
train,2222,2026-01-12 12:11:56,Mitsubishi UFG Says Snap Election Speculation in Japan Triggers Renewed Yen Weakness,33
train,2223,2026-01-12 12:47:15,Stocks Fall Pre-Bell as Fed Chair Powell Faces Department of Justice Probe,5
train,2224,2026-01-12 12:50:35,__COMPANY__ ( __TICKER__ ) Will Pay A Larger Dividend Than Last Year At CA$1.64,-1
train,2225,2026-01-12 13:06:00,Aspen Power Secures $200 Million Strategic Capital Commitment from __COMPANY__,-1
train,2226,2026-01-12 13:43:22,"Gold, Silver Spike To Record Highs As Fed Independence Falters: What's Moving Markets Monday?",39
train,2227,2026-01-12 16:28:00,"Banks Enter Earnings Season on Firmer Footing, Though Risks Linger",18
train,2228,2026-01-12 17:03:12,__COMPANY__ Draws Binding Bids for India Retail Assets,20
train,2229,2026-01-12 17:50:00,Nu Holdings Gains 34% in 6 Months: Should Investors Buy the Stock?,9
train,2230,2026-01-12 18:08:00,PNC Financial's Q4 Earnings on the Deck: Here's What to Expect,-1
train,2231,2026-01-12 18:08:00,VINCI: ASF successfully issued an 8-year €500 million bond,-1
train,2232,2026-01-12 18:12:00,"Rise in Fee Income, NII Likely to Aid __COMPANY__ Mellon's Q4 Earnings",45
train,2233,2026-01-12 18:14:00,"Inflows, AUM Growth Likely to Support BlackRock's Q4 Earnings",-1
train,2234,2026-01-12 18:26:42,5 Gold ETFs With Glittering Prospects in 2026,8
train,2235,2026-01-12 18:30:00,Bank earnings: What to expect in 2026 amid capital market changes,-1
train,2236,2026-01-12 18:40:00,Traders Are Moving Past Powell's Investigation: U.S. Stock Index Outlook And Pre-CPI Trading Levels,-1
train,2237,2026-01-12 18:56:50,Tuesday's big stock stories: What’s likely to move the market in the next trading session,-1
train,2238,2026-01-12 19:27:38,Equities Rise Intraday Amid Probe Into Fed Chair Powell,-1
train,2239,2026-01-12 20:20:01,"Top Stocks With Earnings This Week: TSMC, Big Banks And More",12
train,2240,2026-01-12 20:36:26,__COMPANY__ : From Rerating To Proof-Of-Execution,-1
train,2241,2026-01-12 21:41:52,"S&P 500, Dow Clinch New Peaks as Traders Shrug Off Fed Independence Concerns",-1
train,2242,2026-01-13 00:00:30,"__COMPANY__ earnings, December CPI, Trump comments: What to Watch",18
train,2243,2026-01-13 00:15:00,Energy Transfer LP Announces Pricing of $3.0 Billion of Senior Notes,28
train,2244,2026-01-13 03:33:48,' __TICKER__ Boss Sergio Ermotti Plans To Step Down In April 2027' - FT,-1
train,2245,2026-01-13 05:11:34,__COMPANY__ kicks off new earnings season,18
train,2246,2026-01-13 06:06:24,"__COMPANY__ , Delta Air Lines And 3 Stocks To Watch Heading Into Tuesday",12
train,2247,2026-01-13 06:07:06,"Dow, S&P 500 Hit New Highs: Investor Sentiment Improves, Fear & Greed Index Moves To 'Greed' Zone",-1
train,2248,2026-01-13 06:35:00,__COMPANY__ 4Q Profit Rises On Net Interest Income Growth,-1
train,2249,2026-01-13 06:35:01,__COMPANY__ raises profit target as CEO Robin Vince says 'turnaround' is taking hold,32
train,2250,2026-01-13 07:11:07,"Earnings Scheduled For January 13, 2026",27
train,2251,2026-01-13 07:22:00,"Rise in Fee Income, NII Likely to Aid __TICKER__ 's Q4 Earnings (Revised)",45
train,2252,2026-01-13 07:33:24,"Stocks making the biggest moves premarket: L3Harris, __COMPANY__ , Delta, Intel, AMD and more",12
train,2253,2026-01-13 07:34:35,"__COMPANY__ Q4 Adj. EPS $2.08 Beats $1.98 Estimate, Sales $5.179B Beat $5.136B Estimate",13
train,2254,2026-01-13 08:06:50,__COMPANY__ Sees FY2026 Sales $19.027B-$21.029B vs $20.023B Est,13
train,2255,2026-01-13 08:12:58,"__COMPANY__ And Canadian Tire Launch Strategic Loyalty Partnership, Expanding Reach Of Triangle Rewards And Growing Network Of Strategic Merchant Partners",23
train,2256,2026-01-13 08:14:00,__COMPANY__ CEO Says Pressure on Fed Is 'Counterproductive',32
train,2257,2026-01-13 08:38:00,"__COMPANY__ 4Q Profit Rises, CEO Calls Pressure on Fed 'Counterproductive' -- Update",-1
train,2258,2026-01-13 09:14:35,Oil Gains on Iran Supply Disruption Fears After U.S. Tariffs,17
train,2259,2026-01-13 09:23:31,'Ermotti Flags Job Cuts as __TICKER__ Nears Credit Suisse Integration',-1
train,2260,2026-01-13 09:50:20,"__COMPANY__ Clocks Record Profits In 2025, Assets Under Custody Near $60 Trillion",32
train,2261,2026-01-13 10:52:09,"__COMPANY__ : Solid Q4, But Margin Expansion Set To Slow",-1
train,2262,2026-01-13 10:59:59,"__COMPANY__ , __COMPANY__ muted despite Q4 beat",-1
train,2263,2026-01-13 11:18:43,__TICKER__ Says Yen Continues to Weaken in Anticipation of Snap Election in Japan,33
train,2264,2026-01-13 11:30:04,"Bank sector is hitting this 'trifecta,' set to outperform S&P 500",-1
train,2265,2026-01-13 11:31:00,The __COMPANY__ Corporation 2025 Q4 - Results - Earnings Call Presentation,44
train,2266,2026-01-13 11:37:00,__COMPANY__ Reports Fourth Quarter 2025 Results,66
train,2267,2026-01-13 11:48:00,__COMPANY__ Profit Rises On Net Interest Income Growth,32
train,2268,2026-01-13 12:01:00,"__COMPANY__ and Canadian Tire Corporation launch loyalty partnership, unlocking more rewards and value for millions of Canadians",23
train,2269,2026-01-13 12:08:40,__COMPANY__ ( __TICKER__ ) Posts Better-Than-Expected Sales In Q4 CY2025,51
train,2270,2026-01-13 12:20:24,"Kotak, Federal Bank lead bids for __COMPANY__ ’s India retail portfolio – report",20
train,2271,2026-01-13 12:30:00,__COMPANY__ Mellon Earnings Top Expectations. Why the Stock Is Falling.,18
train,2272,2026-01-13 12:37:08,"Stocks making the biggest moves midday: __COMPANY__ , Moderna, Boeing, Cardinal Health, Chipotle & more",12
train,2273,2026-01-13 12:37:35,Stocks Decline Pre-Bell Ahead of Key Inflation Report,5
train,2274,2026-01-13 12:42:00,"These Stocks Are Today’s Movers: __COMPANY__ , Delta, L3Harris, Intel, AMD, __COMPANY__ Mellon, and More",12
train,2275,2026-01-13 13:00:00,Proxymity Partners with __COMPANY__ to Enable Proxy Voting at US General Meetings,41
train,2276,2026-01-13 13:06:08,Stock Market Today: Dow Falls Ahead Of Inflation Report; Delta Dives On Earnings (Live Coverage),-1
train,2277,2026-01-13 13:15:08,ageas: Recent Capital Deploy Support Income And Value Appeal,-1
train,2278,2026-01-13 13:43:48,Stock Market Today: Dow Reverses On Surprise Inflation Report; Delta Dives On Earnings News (Live Coverage),-1
train,2279,2026-01-13 13:52:00,"__COMPANY__ Profit Rises, CEO Calls Pressure on Fed ‘Counterproductive’",32
train,2280,2026-01-13 13:53:00,__COMPANY__ Earnings Top Expectations. Why the Stock Is Falling.,18
train,2281,2026-01-13 14:00:00,Summit Ridge Energy Secures $290 Million Facility with __TICKER__ to Expand Commercial Solar Portfolio,2
train,2282,2026-01-13 14:09:49,Fed expected to 'stick to the mandate' amid DOJ investigation,-1
train,2283,2026-01-13 14:13:00,contourglobal pre Stabilization Notice,34
train,2284,2026-01-13 14:30:02,The __COMPANY__ __TICKER__ Reports Q4 Earnings: What Key Metrics Have to Say,51
train,2285,2026-01-13 14:58:37,Vulture fund puts London broadband provider into administration,-1
train,2286,2026-01-13 15:00:03,Fifth Third Bancorp (FITB) Earnings Expected to Grow: What to Know Ahead of Next Week's Release,-1
train,2287,2026-01-13 15:45:00,"__COMPANY__ Climate Action Institute 2026 Report: Climate Action Barometer falls--but tech, innovation and capital build new momentum",-1
train,2288,2026-01-13 15:50:00,__COMPANY__ Stock Rises After Earnings Beat. What Wall Street Is Saying.,18
train,2289,2026-01-13 15:59:15,__COMPANY__ Previews This Week's U.K. GDP Data,-1
train,2290,2026-01-13 16:05:00,"Loan Growth, Rise in Fee Income to Aid __COMPANY__ 's Q4 Earnings",45
train,2291,2026-01-13 16:13:31,"__COMPANY__ , __COMPANY__ Diverge On Earnings Results",18
train,2292,2026-01-13 16:38:32,"Yen Weakens To July 2024 Lows, But Japanese Stocks Have Never Been Stronger",24
train,2293,2026-01-13 17:00:03,Here's Why The __COMPANY__ Corporation __TICKER__ is a Great Momentum Stock to Buy,-1
train,2294,2026-01-13 17:15:58,The __COMPANY__ Corporation __TICKER__ Q4 2025 Earnings Call Transcript,19
train,2295,2026-01-13 17:25:00,__COMPANY__ Q4 Earnings Beat Estimates on Y/Y Growth in NII & Fee Income,45
train,2296,2026-01-13 17:31:46,"US Equity Indexes Search for Direction as Investors Parse Banks' Earnings, December Inflation Print",-1
train,2297,2026-01-13 18:09:30,Stock Market Today: Dow Drops On Inflation Report; This Oil Stock Breaks Out (Live Coverage),-1
train,2298,2026-01-13 18:23:14,__COMPANY__ __TICKER__ Price Target Increased by 11.33% to 148.51,61
train,2299,2026-01-13 18:26:37,"US Equity Indexes Fall as Investors Parse Bank Earnings, Divergent Inflation Print",-1
train,2300,2026-01-13 18:45:22,Sector Update: Financial Stocks Fall Tuesday Afternoon,5
train,2301,2026-01-13 19:06:54,__COMPANY__ Q4 Earnings Call Highlights,-1
train,2302,2026-01-13 20:55:03,"US Equity Indexes Lower After Bank Earnings, Inflation Print",-1
train,2303,2026-01-13 21:30:35,Stock Market Today: Dow Sinks As Investors Digest Inflation Data; Moderna Soars (Live Coverage),-1
train,2304,2026-01-13 22:29:58,"US Equity Indexes Fall as Mixed Bank Earnings, Divergent Inflation Print Fail to Lift Risk Sentiment",-1
train,2305,2026-01-13 22:55:17,__COMPANY__ CFO: 2026 Market Backdrop is 'Constructive',-1
train,2306,2026-01-13 23:00:36,__COMPANY__ Corp __TICKER__ Q4 2025 Earnings Call Highlights: Record Performance and ...,-1
train,2307,2026-01-14 00:33:21,Has __COMPANY__ (BME: __TICKER__ ) Run Too Far After Its 129% One Year Share Price Surge?,9
train,2308,2026-01-14 01:14:36,A Look At __COMPANY__ (XTRA:DBK) Valuation As It Rolls Out New Digital Proxy Voting Platform,7
train,2309,2026-01-14 03:51:21,__COMPANY__ : It's Still A Dividend Play But Expensive,52
train,2310,2026-01-14 05:01:00,__COMPANY__ Assets Growth Strengthens Case for Market Optimism,32
train,2311,2026-01-14 05:30:49,"__TICKER__ Q4 Deep Dive: __COMPANY__ Leverages AI, Expands Digital Offerings, and Raises Margin Targets",6
train,2312,2026-01-14 07:26:19,"__COMPANY__ 's Investment Management Unit Announced Strategic Minority Investment In India's Groww Asset Management, Subject To Regulatory Approval",20
train,2313,2026-01-14 07:28:51,Bloomberg Reported __TICKER__ IS Exploring Strategic Options Including Sale For Its Insurance Unit In Singapore,-1
train,2314,2026-01-14 07:49:16,__TICKER__ Bank Is Still A Strong Bank - Just Not A Cheap One,16
train,2315,2026-01-14 08:00:00,__COMPANY__ : Q4 Earnings Show Strong Business At Fair Value,-1
train,2316,2026-01-14 08:32:09,"Keefe, Bruyette & Woods Maintains Outperform on __COMPANY__ , Raises Price Target to $143",42
train,2317,2026-01-14 09:11:36,Does __COMPANY__ ’s Long-Dated Note Issuance and Swiss Private Banking Hire Shift Its Strategic Narrative (XTRA:DBK)?,7
train,2318,2026-01-14 10:08:01,Okta To Rally Around 28%? Here Are 10 Top Analyst Forecasts For Wednesday,-1
train,2319,2026-01-14 10:08:30,Has __COMPANY__ (XTRA:DBK) Run Too Far After A 96.8% One Year Rally,7
train,2320,2026-01-14 11:05:41,"__COMPANY__ Capital Maintains Sector Perform on __COMPANY__ , Raises Price Target to $130",42
train,2321,2026-01-14 11:21:00,__COMPANY__ Backs Groww AMC to Transform Investing in India,20
train,2322,2026-01-14 11:22:16,"__COMPANY__ Maintains Equal-Weight on __COMPANY__ , Raises Price Target to $122",42
train,2323,2026-01-14 11:45:24,"__COMPANY__ Maintains Overweight on __COMPANY__ , Raises Price Target to $132",42
train,2324,2026-01-14 12:01:00,"New year, new business? 46% of Canadians want to start a business in 2026; 31% stuck on next steps",22
train,2325,2026-01-14 12:25:06,"__COMPANY__ Posts Solid Q4, Outlook Reflects More Durable EPS Growth",-1
train,2326,2026-01-14 12:30:09,Bank earnings: What else to expect as __COMPANY__ comes under pressure,18
train,2327,2026-01-14 12:58:26,SPSM: A Cost-Efficient And Unconcentrated US Small-Cap ETF,8
train,2328,2026-01-14 13:48:08,These Analysts Boost Their Forecasts On __COMPANY__ After Upbeat Q4 Earnings,-1
train,2329,2026-01-14 14:08:00,"With Markets on Edge, Defensive ETFs Deserve a Second Look",8
train,2330,2026-01-14 14:25:00,"Company News for Jan 14, 2026",27
train,2331,2026-01-14 15:08:00,Looking At The Narrative For __COMPANY__ ( __TICKER__ ) After Analyst Upgrades,25
train,2332,2026-01-14 16:15:52,__COMPANY__ is Bullish on The Kroger Co. (KR),-1
train,2333,2026-01-14 16:16:41,"__COMPANY__ Initiates Coverage on Sprouts Farmers Market, Inc. (SFM)",-1
train,2334,2026-01-14 16:17:18,"__COMPANY__ , Inc. - Depositary Receipt __TICKER__ Price Target Decreased by 58.63% to 3.05",61
train,2335,2026-01-14 16:18:23,"__COMPANY__ Keeps a Hold Rating on General Mills, Inc. (GIS)",-1
train,2336,2026-01-14 16:45:02,Royal Bank __TICKER__ Could Be a Great Choice,16
train,2337,2026-01-14 16:59:50,"__COMPANY__ Maintains Neutral on __COMPANY__ , Raises Price Target to $136",42
train,2338,2026-01-14 17:00:00,Q4 Earnings Approaching: Sector ETFs Under Pressure,8
train,2339,2026-01-14 23:13:43,Does Earnings Beat And Higher Margin Targets Change The Bull Case For __COMPANY__ __TICKER__ ?,-1
train,2340,2026-01-15 03:01:58,__COMPANY__ __TICKER__ Q4 Earnings Report Preview: What To Look For,51
train,2341,2026-01-15 04:31:10,3 Financials Stocks We Approach with Caution,12
train,2342,2026-01-15 06:00:30,"NatWest, __COMPANY__ , Nationwide and Halifax cut mortgage costs",14
train,2343,2026-01-15 09:03:11,__COMPANY__ Likely To Report Higher Q4 Earnings; These Most Accurate Analysts Revise Forecasts Ahead Of Earnings Call,-1
train,2344,2026-01-15 09:20:07,"IGD: Middling Performance, But Could Be A Hedge Against A Richly Valued Market",-1
train,2345,2026-01-15 10:00:44,An Overview of __COMPANY__ 's Earnings,18
train,2346,2026-01-15 10:08:05,Is It Too Late To Consider __COMPANY__ __TICKER__ After A 39% One Year Rally?,9
train,2347,2026-01-15 11:23:19,__COMPANY__ : Shares Still Pricey Amid A Favorable Macro Backdrop,-1
train,2348,2026-01-15 11:47:29,__COMPANY__ works with Swift to settle tokenize bonds using cash and stablecoins,1
train,2349,2026-01-15 12:00:50,__COMPANY__ Mellon price target raised to $122 from $119 at __COMPANY__,42
train,2350,2026-01-15 12:11:28,' __TICKER__ Gets First Conditional Approval for US Banking License',-1
train,2351,2026-01-15 12:19:16,__COMPANY__ Rolls Out Digital Asset Platform,-1
train,2352,2026-01-15 12:28:48,EWU: An Attractive ETF For Dividend Growth Investors,8
train,2353,2026-01-15 13:11:00,Reviewing All My Stocks - December Dividend Income Report,3
train,2354,2026-01-15 13:24:00,My Top 2 Artificial Intelligence Stocks for 2026,6
train,2355,2026-01-15 13:45:45,What's Going On With __COMPANY__ Stock Today?,57
train,2356,2026-01-15 15:35:03,"Shares of Japanese banks are trading lower after a Reuters poll suggested the BOJ could raise rates to 1% or higher by September. Such hikes may curb credit demand and pressure bond holdings, given banks' large exposure to government debt.",24
train,2357,2026-01-15 15:37:59,Asian Equities Traded in the US as American Depositary Receipts Rise in Thursday Trading,55
train,2358,2026-01-15 16:40:11,What Does Wall Street Think About Banco __COMPANY__ __TICKER__ ?,-1
train,2359,2026-01-15 20:45:43,__COMPANY__ At Highs With Earnings Due Amid Economic Optimism,18
train,2360,2026-01-15 21:15:00,Rayonier Announces Tax Treatment of 2025 Dividends,-1
train,2361,2026-01-15 22:22:40,Silver Swings Wildly After Trump Holds Back On Critical Mineral Tariffs: Dow Futures In The Green After Strong Tech Rally,39
train,2362,2026-01-16 02:15:00,A Quiet Start To 2026 Macro - If You Ignore Everything That's Happening,27
train,2363,2026-01-16 02:50:00,This Artificial Intelligence Stock Is a Terrific Bargain Buy in 2026 (Hint: It's Not Micron),6
train,2364,2026-01-16 03:11:14,"J.B. Hunt Transport, PNC Financial And 3 Stocks To Watch Heading Into Friday",12
train,2365,2026-01-16 03:25:52,"Reported Earlier, __TICKER__ Securities Americas Receives Primary Dealer Designation From Federal Reserve Bank Of New York",16
train,2366,2026-01-16 03:37:55,"Dow Surges Following Upbeat Earnings Results: Investor Sentiment Improves, Fear Index In 'Greed' Zone",-1
train,2367,2026-01-16 05:27:53,__COMPANY__ Expands Into Tokenized Assets With New Product Suite,-1
train,2368,2026-01-16 06:44:00,Fallen Angels Deliver Again With An Eye Towards 2026,27
train,2369,2026-01-16 07:11:07,"Earnings Scheduled For January 16, 2026",27
train,2370,2026-01-16 07:30:01,Trump's proposed ban on buying single-family homes introduces uncertainty for family offices,14
train,2371,2026-01-16 08:33:29,"__COMPANY__ Q4 Adj. EPS $2.97 Beats $2.85 Estimate, Sales $3.667B Beat $3.599B Estimate",13
train,2372,2026-01-16 08:35:18,"__COMPANY__ Q4 Investment Servicing AUC/A As Of Qtr. End $53.8T, Up 16%, Mainly Due to Higher Market Levels And Flows; Investment Management AUM Up 20% To $5.7T",-1
train,2373,2026-01-16 08:52:20,Top 2 Financial Stocks That May Crash In Q1,12
train,2374,2026-01-16 09:08:16,__TICKER__ Bank Secures Approval For $7B Share Buyback Of Up To 61M Common Shares,10
train,2375,2026-01-16 09:08:27,"Fed Speakers, __COMPANY__ Results: What to Watch Friday",-1
train,2376,2026-01-16 09:24:49,"Jim Cramer: This Industrial Stock Is A Buy, Recommends Staying Away From Enterprise Software Companies",-1
train,2377,2026-01-16 11:25:01,"__COMPANY__ Q4: Expense Growth Improves, But Good News Is Priced In",-1
train,2378,2026-01-16 11:31:22,SPDR Issuer __COMPANY__ Ends 2025 With Record $5.7 Trillion Assets Under Management,8
train,2379,2026-01-16 12:01:28,__COMPANY__ : Elevated Markets Continue To Boost Fees,-1
train,2380,2026-01-16 12:22:07,"Equity Futures Rise Amid Gains in Major Bank, Semiconductor Stocks",5
train,2381,2026-01-16 12:34:00,__COMPANY__ Corporation ( __TICKER__ ) Reports Fourth-Quarter and Full-Year 2025 Financial Results,-1
train,2382,2026-01-16 13:45:38,SoFi To Seed Trump Accounts: Bessent's '50 State Challenge' Gains Steam,-1
train,2383,2026-01-16 13:51:00,__COMPANY__ Profit Falls as Expenses Jump,32
train,2384,2026-01-16 14:05:00,__COMPANY__ Global Asset Management Inc. announces __COMPANY__ ETF cash distributions for January 2026,-1
train,2385,2026-01-16 14:30:02,__COMPANY__ __TICKER__ Q4 Earnings: Taking a Look at Key Metrics Versus Estimates,51
train,2386,2026-01-16 15:26:50,__COMPANY__ shares are trading lower. The company reported Q4 financial results.,50
train,2387,2026-01-16 15:28:00,"Pre-Markets Lower on Bank Earnings, Ahead of Bigger Week",5
train,2388,2026-01-16 15:31:05,'Shell And Mitsubishi Corp Are Exploring Potential Sales Of Stakes In LNG Canada; Shell Has Marketed As Much As 75% Of Its LNG Canada Holding To Buyers In Recent Weeks; Mitsubishi Has Hired __COMPANY__ Capital Markets To Study A Possible Sale Involving Its Stake Later This Year',20
train,2389,2026-01-16 15:34:00,"__COMPANY__ , M&T Bank Results Surpass Estimates; Regions Financial Falls Short",-1
train,2390,2026-01-16 16:40:00,__COMPANY__ Corp. stock underperforms Friday when compared to competitors,57
train,2391,2026-01-16 16:53:26,"US Equity Indexes Mixed, Treasury Yields Jump in Midday Trading",-1
train,2392,2026-01-16 17:00:00,"__COMPANY__ Q4 Earnings Beat on Y/Y Growth in NII, Fee Revenues",45
train,2393,2026-01-16 17:00:04,All You Need to Know About __COMPANY__ __TICKER__ Rating Upgrade to Buy,-1
train,2394,2026-01-16 17:14:00,__COMPANY__ Issues Buy Rating for Amer Sports (AS) with $49 PT Amid Bullish Stance on Beauty Sector,43
train,2395,2026-01-16 18:35:57,__COMPANY__ Corporation __TICKER__ Q4 2025 Earnings Call Transcript,19
train,2396,2026-01-16 19:16:07,"__COMPANY__ , a $36 billion bank, is aiming to change legacy finance using blockchain tech",1
train,2397,2026-01-16 21:51:12,"US Equity Indexes Muted, Treasury Yields Rise After Trump Appears to Rule Out Hassett as Next Fed Chair",36
train,2398,2026-01-16 22:07:52,Equities Little Changed as Fed Chair Race Keeps Markets Guessing,-1
train,2399,2026-01-17 00:03:30,"Dividend Champion, Contender, And Challenger Highlights: Week Of January 18",56
train,2400,2026-01-17 00:13:41,Is __COMPANY__ (ENXTPA:GLE) Pricing Look Stretched After 153% One Year Share Return,40
train,2401,2026-01-17 01:07:08,Assessing __COMPANY__ (ENXTPA:GLE) Valuation After Strong Recent Share Price Momentum,40
train,2402,2026-01-17 01:57:00,"Affirm Will Take Share From Revolving Credit, Analyst Says. Plus, Palo Alto, SharkNinja, and More Stocks.",10
train,2403,2026-01-17 02:30:46,__COMPANY__ Corporation 2025 Q4 - Results - Earnings Call Presentation,44
train,2404,2026-01-17 04:45:00,"U.K., Ireland, And Spanish Banking Equities Now Trading At Premium Amid Strong Sector Performance",-1
train,2405,2026-01-17 05:30:56,__TICKER__ Q4 Deep Dive: Product Expansion and Tech Investments Meet Cautious Market Response,65
train,2406,2026-01-17 08:05:00,Our Top 10 High Growth Dividend Stocks - January 2026,3
train,2407,2026-01-17 09:10:44,Did Record Q4 Results and a New Tokenization Platform Just Shift __COMPANY__ 's __TICKER__ Investment Narrative?,63
train,2408,2026-01-17 17:00:00,How tokenized assets could become a $400 billion market in 2026,-1
train,2409,2026-01-19 01:01:09,__COMPANY__ Corp __TICKER__ Q4 2025 Earnings Call Highlights: Record Revenue and Strategic Growth ...,63
train,2410,2026-01-19 12:11:20,__COMPANY__ reports 5% decline in Q4 2025 profit,-1
train,2411,2026-01-19 12:49:19,Here’s What Wall Street Thinks About Fidelity National Information Services (FIS),-1
train,2412,2026-01-19 13:29:54,Jim Cramer on Banco __COMPANY__ : “I’m Redoubling My Efforts to Tell You to Buy It Right Now”,-1
train,2413,2026-01-19 13:30:02,"Trump Greenland Tariffs Raise Risks for US Capital Flows, __COMPANY__ Warns",46
train,2414,2026-01-19 16:57:00,NYSE Builds Tokenized Platform. It’s Another Step Toward 24/7 Trading.,-1
train,2415,2026-01-19 17:29:00,"IBN's Q3 Earnings Dip on Higher Provision & Expenses, NII Rises Y/Y",45
train,2416,2026-01-20 00:56:41,__COMPANY__ Puts “Catalyst Call: Sell” on Illinois Tool Works (ITW) Ahead of Q4,-1
train,2417,2026-01-20 01:18:34,__COMPANY__ : Displaying Its All-Weather Credentials,-1
train,2418,2026-01-20 02:05:53,Why Analysts Think Man Group ( __TICKER__ ) Story Is Shifting With Higher Fair Value Targets,25
train,2419,2026-01-20 05:31:20,__COMPANY__ ’s Q4 Earnings Call: Our Top 5 Analyst Questions,-1
train,2420,2026-01-20 11:57:28,"__COMPANY__ Maintains Overweight on __COMPANY__ , Lowers Price Target to $164",42
train,2421,2026-01-20 12:00:21,__COMPANY__ ( __TICKER__ ) shareholders have earned a 28% CAGR over the last five years,-1
train,2422,2026-01-20 13:42:44,"' __TICKER__ Also Considering External CEO Candidates, Ermotti Says'",15
train,2423,2026-01-20 14:50:00,__COMPANY__ Primary New Issues: POST STAB Notice - NO STAB - ContourGlobal,34
train,2424,2026-01-20 14:53:00,Best Value Stocks to Buy for January 20th,47
train,2425,2026-01-20 16:14:27,"Shares of banking stocks are trading lower amid overall market weakness after President Trump posted on social media that the US imports for eight NATO members will face escalating tariffs, starting at 10% on February 1, which will climb to 25% on June 1. President Trump has recently escalated rhetoric about making Greenland a US territory.",30
train,2426,2026-01-20 16:55:00,__COMPANY__ Corp. stock underperforms Tuesday when compared to competitors,57
train,2427,2026-01-20 23:21:00,__TICKER__ Bank Announces Redemption of 4.859% Medium Term Notes (Non-Viability Contingent Capital (NVCC)) (Subordinated Indebtedness),28
train,2428,2026-01-21 02:16:28,Did __COMPANY__ ’s New Eurobond and Earnings Blackout Just Reframe Banco __COMPANY__ 's (BME: __TICKER__ ) Investment Narrative?,-1
train,2429,2026-01-21 04:32:02,3 Value Stocks We’re Skeptical Of,12
train,2430,2026-01-21 07:39:37,__COMPANY__ And QNB Group Form Strategic Alliance To Strengthen Custody Services And Expand Market Presence In Qatar,-1
train,2431,2026-01-21 08:27:33,__COMPANY__ CEO Robin Vince: There are many reasons to be optimistic despite the macro noise,-1
train,2432,2026-01-21 09:05:35,S&P 500 Profit Beats Draw Worst Stock Price Reaction on Record,-1
train,2433,2026-01-21 10:00:38,"If You Invested $100 In __COMPANY__ Stock 5 Years Ago, You Would Have This Much Today",48
train,2434,2026-01-21 10:14:08,"__COMPANY__ Initiates Legal, Regulatory Processes To Redomicile Its European Headquarters From Paris To Dublin",-1
train,2435,2026-01-21 10:19:09,'Banks Launch $1.8 Billion of Loans Tied to Walmart Supplier Deal',2
train,2436,2026-01-21 11:02:00,Drink up: Restaurants will spend more on beverage innovation in 2026,-1
train,2437,2026-01-21 11:34:00,Bridgepoint goes into Exile with £30m infrastructure finance data deal,26
train,2438,2026-01-21 11:35:00,__COMPANY__ and QNB Group Sign Strategic Agreement to Launch New Custody Servicing Model,-1
train,2439,2026-01-21 13:00:00,Financial Recovery Technologies Selected by __COMPANY__ to Enhance Global Class Actions Service,-1
train,2440,2026-01-21 15:25:38,"__COMPANY__ Mellon CEO on US Economy, Fed Independence",-1
train,2441,2026-01-22 03:17:35,"Banco do Brasil: Valuation Looks Compelling, But It's Cheap For A Reason",1
train,2442,2026-01-22 06:59:00,__COMPANY__ accelerates the simplification of its organization and the development of skills to strengthen its efficiency,32
train,2443,2026-01-22 07:54:00,__COMPANY__ to Trim French Workforce,-1
train,2444,2026-01-22 08:00:00,Thunes and UnionPay International Launch Instant Money Transfers to China's mainland,-1
train,2445,2026-01-22 08:09:21,Jim Cramer on Honeywell: “It’s Finally Getting Credit for All the Things It’s Doing”,-1
train,2446,2026-01-22 09:47:36,__COMPANY__ Announced Multiyear Arrangement With FactSet To Advance Long-Term Market Data Strategy,-1
train,2447,2026-01-22 10:59:45,"Northern Trust: Solid Q4, But Valuation Is Too Elevated",-1
train,2448,2026-01-22 12:45:04,Rebranded bank joins battle for savers offering ‘human-to-human’ connection,1
train,2449,2026-01-22 13:15:29,NatWest and Halifax cut mortgage costs,14
train,2450,2026-01-22 13:58:23,"__COMPANY__ shares rise after announcement of 1,800 job cuts",-1
train,2451,2026-01-22 16:00:00,Charles River Wealth to Expand Capabilities Supporting Private Assets within Unified Managed Accounts (UMA),23
train,2452,2026-01-22 18:08:54,Visa Enables Apple Pay Support for Chinese Visa Cardholders,-1
train,2453,2026-01-22 21:30:00,__COMPANY__ to Speak at the __COMPANY__ Securities Financial Services Conference,21
train,2454,2026-01-23 02:09:42,Assessing __COMPANY__ ’s Valuation After Recent Short Term Share Price Weakness,7
train,2455,2026-01-23 03:00:11,"Truist Expects Core Revenue Growth to Drive __COMPANY__ Mellon __TICKER__ Profitability Despite Expense, Buyback Headwinds",32
train,2456,2026-01-23 04:26:43,__COMPANY__ Plans 100 Wealth Hires in HK,-1
train,2457,2026-01-23 05:32:44,5 Revealing Analyst Questions From __COMPANY__ ’s Q4 Earnings Call,-1
train,2458,2026-01-23 06:58:01,Why people are suddenly investing in private credit — and what the risks could be,31
train,2459,2026-01-23 08:17:21,Bloomberg Reported __TICKER__ To Offer Cryptocurrency Investment Options To Select Private Banking Clients,16
train,2460,2026-01-23 10:32:51,There's a new idea of alpha in the market that big money managers are pursuing,-1
train,2461,2026-01-23 10:50:00,Charm Industrial inks CO2 removal deal with __TICKER__ Bank,16
train,2462,2026-01-23 10:51:56,__COMPANY__ : Is There Still Value Ahead Following A Strong Share Price Rally?,9
train,2463,2026-01-23 11:18:11,' __COMPANY__ Fined More Than €40 Million Over Openbank Processes'- Bloomberg,26
train,2464,2026-01-23 11:25:17,"__COMPANY__ to axe 1,800 roles in home market",-1
train,2465,2026-01-23 11:47:06,' __TICKER__ already has enough equity capital' - FuW,-1
train,2466,2026-01-23 13:58:52,5 Dividend ETFs to Hold Even During a Market Downturn,-1
train,2467,2026-01-23 14:05:00,Canada Retail Sales Pull Back After Rise in November,22
train,2468,2026-01-23 16:10:09,Market Chatter: Banco __COMPANY__ Fined $47 Million Over Compliance at Openbank Unit,26
train,2469,2026-01-24 09:11:10,A Look At __COMPANY__ __TICKER__ Valuation After Earnings Beat And Digital Expansion Updates,-1
train,2470,2026-01-24 12:00:18,__COMPANY__ Insiders Sold US$9.8m Of Shares Suggesting Hesitancy,-1
train,2471,2026-01-24 15:01:11,Crypto Currents: BitGo raises $212.8M in U.S. IPO,-1
train,2472,2026-01-24 19:10:27,__COMPANY__ (SEHK:1398) Valuation Revisited As Recent Returns Draw Fresh Investor Attention,7
train,2473,2026-01-25 00:18:18,Is __COMPANY__ (SEHK:1398) Pricing Look Attractive After Recent Share Gains?,7
train,2474,2026-01-25 12:54:34,"Big Tech earnings, Fed meeting feature as markets end January with busiest week of Q1: What to watch",-1
train,2475,2026-01-26 02:48:23,"Reported Earlier, DigiFT Launches First Actively Managed Tokenized Equity Fund On Ethereum In Partnership With __COMPANY__",8
train,2476,2026-01-26 09:44:26,"Reported Earlier: 'British banks to follow European rivals in lifting profit targets, sources say'",-1
train,2477,2026-01-26 11:30:00,Japanese Lenders Likely To Grow Margins; Asia-Pacific Peers Face Compression,24
train,2478,2026-01-26 15:13:31,"Banco __COMPANY__ , S.A. __TICKER__ Upgraded as Kepler Revamps Valuation Methodology",7
train,2479,2026-01-26 15:13:34,__COMPANY__ __TICKER__ Earns Fresh Buy Ratings,-1
train,2480,2026-01-26 17:30:00,David McClelland Appointed Head of the __COMPANY__ US Auto Business,15
train,2481,2026-01-26 22:09:16,Assessing Banco __COMPANY__ (BME: __TICKER__ ) Valuation After Kepler Cheuvreux Upgrade And Tech Focus,7
train,2482,2026-01-27 09:14:02,How Investors May Respond To __COMPANY__ Bank ( __TICKER__ ) Capital Return And Balance Sheet Moves,-1
train,2483,2026-01-27 10:45:18,Reported Earlier: ' __TICKER__ Asks US Court to Toss Hayes' $400 Million Libor Suit',26
train,2484,2026-01-27 11:21:00,Econergy Drives UK Battery Storage Growth with £21M __COMPANY__ Financing and EDF Partnership,2
train,2485,2026-01-27 12:31:59,3 TSX Dividend Stocks Yielding Up To 5.4%,3
train,2486,2026-01-27 13:30:17,"Evaluating BlackRock, Inc., Management's Latest Numbers Point To A Hold",-1
train,2487,2026-01-27 14:05:00,__COMPANY__ announces $1.5 million annual commitment to help address Canada's skills gap and expand access to education by launching new scholarships,23
train,2488,2026-01-27 15:15:00,"__COMPANY__ , in Collaboration with ADIO, to Create 300+ New Jobs With Launch of New Al Ain Operations Hub",-1
train,2489,2026-01-27 16:00:00,__COMPANY__ Aligns Leadership to Accelerate Growth in Wealth Solutions,-1
train,2490,2026-01-27 16:16:00,__COMPANY__ ’s Jim Crowley Shifts Roles in Wealth Management Leadership Shuffle,-1
train,2491,2026-01-27 17:11:12,Assessing __COMPANY__ ( __TICKER__ ) Valuation After Mixed Short-Term Returns And Strong One-Year Performance,7
train,2492,2026-01-27 17:33:23,__COMPANY__ 's Juckes Expects Weaker Dollar Through First Half of Year,-1
train,2493,2026-01-27 17:40:45,Community Financial System Q4 Earnings Call Highlights,44
train,2494,2026-01-27 21:05:00,Rayonier and PotlatchDeltic Announce Stockholder Approvals for Merger,-1
train,2495,2026-01-27 21:30:00,"Babcock & Wilcox Enterprises, Inc. Appoints Dr. Homaira Akbari (Ph.D.) to Board of Directors",15
train,2496,2026-01-27 22:30:00,__COMPANY__ announces NVCC AT1 Limited Recourse Capital Notes issue,28
train,2497,2026-01-27 23:02:00,"TTM Technologies, Dutch Bros, Advanced Energy Industries, and American Healthcare REIT Set to Join S&P MidCap 400; Others to Join S&P SmallCap 600",0
train,2498,2026-01-27 23:15:05,Why __COMPANY__ Bank __TICKER__ Outpaced the Stock Market Today,-1
train,2499,2026-01-27 23:27:43,Upbound Group CEO Fahmi Karam on Serving the Underserved: ICR Conference 2026,21
train,2500,2026-01-28 02:07:06,Evaluating __COMPANY__ Bank ( __TICKER__ ) After Recent Share Price Momentum And Mixed Earnings Trends,7
train,2501,2026-01-28 03:14:33,Follow the money: __COMPANY__ expands in Abu Dhabi as UAE attracts global capital,-1
train,2502,2026-01-28 08:00:57,__TICKER__ : Privatization Edge Unlocks Structural Wealth Velocity,-1
train,2503,2026-01-28 09:00:00,Econergy drives UK battery storage growth with £21 million financing,2
train,2504,2026-01-28 11:10:06,Banco __COMPANY__ Shifts Gears In US Auto And Funding Mix,-1
train,2505,2026-01-28 12:01:47,A Peek at __TICKER__ Groep's Future Earnings,49
train,2506,2026-01-28 12:23:29,"Jim Cramer on Nu Holdings: “If You Want an International Bank, Let’s Not Forget It’s __COMPANY__ ”",-1
train,2507,2026-01-28 12:52:26,Banco __COMPANY__ : I Am Cautious As The Long-Term Risk-Reward Proposition Is Not Great,-1
train,2508,2026-01-28 13:33:18,Raid at __COMPANY__ over money-laundering investigation,26
train,2509,2026-01-28 13:57:01,'German police search __COMPANY__ offices in money laundering probe',26
train,2510,2026-01-28 16:40:03,FITB or __TICKER__ : Which Is the Better Value Stock Right Now?,37
train,2511,2026-01-28 17:13:36,"Stock Market Today, Jan. 27: Banco Bradesco Rises Ahead of Brazilian Central Bank Meeting",5
train,2512,2026-01-28 17:17:34,__COMPANY__ Mellon __TICKER__ Price Targets Raised by KBW and __COMPANY__ Capital,-1
train,2513,2026-01-28 19:09:46,Does Bannerman Energy's (ASX:BMN) Share Register Shift Recast Its Transparency-Driven Investment Story?,-1
train,2514,2026-01-28 21:35:00,/UPDATE FROM SOURCE - __COMPANY__ GLOBAL ASSET MANAGEMENT INC./,-1
train,2515,2026-01-29 02:11:29,"__TICKER__ Groep Q4 EPS $0.56 Beats $0.50 Estimate, Sales $6.749B Beat $6.660B Estimate",13
train,2516,2026-01-29 02:14:08,"__TICKER__ Sees 2026 Total Income Of ~€24B And ROTE Above 14%, Upgrades 2027 Outlook With Income Exceeding €25B And ROTE Above 15%",-1
train,2517,2026-01-29 02:16:03,How Leadership Shakeup and Unified Wealth Platform Strategy Will Impact __COMPANY__ __TICKER__ Investors,-1
train,2518,2026-01-29 03:11:27,"__COMPANY__ Q4 EPS $0.88 Beats $0.72 Estimate, Sales $8.998B Beat $8.880B Estimate",13
train,2519,2026-01-29 03:40:51,"Bessent Calls Trump Accounts 'Rainy Day Funds' And Slams 'Out of Touch' Critics As __COMPANY__ , __COMPANY__ Back Plan",-1
train,2520,2026-01-29 04:35:33,How New Price Targets Are Shaping The Story For __COMPANY__ ( __TICKER__ ),25
train,2521,2026-01-29 05:01:00,"Goldman, __COMPANY__ Shuffle Wealth Leadership Roles",-1
train,2522,2026-01-29 05:32:21,__TICKER__ Groep N.V. 2025 Q4 - Results - Earnings Call Presentation,49
train,2523,2026-01-29 07:11:18,"Earnings Scheduled For January 29, 2026",27
train,2524,2026-01-29 07:24:00,__COMPANY__ UK to shut 44 branches - is yours affected?,-1
train,2525,2026-01-29 10:25:54,"__COMPANY__ hikes dividend, plans buybacks after annual profit surge",32
train,2526,2026-01-29 11:11:00,__COMPANY__ poll reveals Great Divide: Canadians split on 2026 financial confidence,22
train,2527,2026-01-29 11:36:02,__COMPANY__ to shut 44 bank branches with 291 jobs at risk,-1
train,2528,2026-01-29 11:37:14,__COMPANY__ : Locations of 44 branches set to close,-1
train,2529,2026-01-29 12:00:00,__TICKER__ Insurance Successfully Sponsors second Cat Bond with Closing of MMIFS Re Ltd. Series 2026-1,-1
train,2530,2026-01-29 12:00:01,Is DHYAX a Strong Bond Fund Right Now?,-1
train,2531,2026-01-29 12:11:00,__COMPANY__ and REALTOR.ca team up to simplify the path to homeownership for Canadians,-1
train,2532,2026-01-29 12:11:08,UK lenders hold mortgage rates as nearly 1 million borrowers brace for payment rises,14
train,2533,2026-01-29 13:21:48,"Coinbase Snubs Senate Crypto Bill, But Brian Armstrong Might Still Want A Compromise",1
train,2534,2026-01-29 13:52:06,__COMPANY__ joins Lloyds and NatWest in new wave of UK bank branch closures,-1
train,2535,2026-01-29 15:07:00,"__COMPANY__ US Finds Middle-Income Americans Optimistic about Finances, See Benefits of AI for Car Buying and Managing Finances",6
train,2536,2026-01-29 15:08:25,__COMPANY__ to close 44 branches risking hundreds of jobs,-1
train,2537,2026-01-29 16:15:13,Location of 250th banking hub announced as __COMPANY__ confirms closures,-1
train,2538,2026-01-29 16:23:09,' __COMPANY__ Wins Dismissal of All Claims in Epstein Victims' Lawsuit',-1
train,2539,2026-01-29 16:52:25,__COMPANY__ Aktiengesellschaft __TICKER__ Q4 2025 Earnings Call Transcript,19
train,2540,2026-01-30 07:13:42,__COMPANY__ : Fiscal Q3 Earnings Snapshot,-1
train,2541,2026-01-30 07:29:00,"Virtus Medical Group and Hong Kong Healthcare Foundation jointly present the inaugural 'Hong Kong Nordic Walkathon 2026', fully supported by __COMPANY__ (Asia)",-1
train,2542,2026-01-30 08:09:16,"__COMPANY__ Joins Atlassian Williams F1 Team As Official Institutional Banking Partner In Long-Term Partnership, With Branding Debuting On 2026 FW48 At Feb. 3 Livery Launch",-1
train,2543,2026-01-30 08:33:39,"__COMPANY__ Finl Gr Q3 EPS $0.16 Misses $0.40 Estimate, Sales $17.713B Up From $15.596B YoY",13
train,2544,2026-01-30 08:42:06,"' __TICKER__ suffers temporary system shutdown, stopping services in Hong Kong' - South China Morning Post",-1
train,2545,2026-01-30 09:32:09,Global Dividend Stocks To Watch In January 2026,3
train,2546,2026-01-30 10:01:16,What to Expect from __COMPANY__ Financial Gr's Earnings,18
train,2547,2026-01-30 10:15:41,"Potlatch Stockholders OK Rayonier Merger Plan, Reject Executive Pay in Special Meeting",-1
train,2548,2026-01-30 12:00:00,__COMPANY__ joins Atlassian Williams F1 Team as Official Institutional Banking Partner,-1
train,2549,2026-01-30 12:07:19,Banco __COMPANY__ executive to take top job at UK bank ahead of TSB merger,35
train,2550,2026-01-30 14:05:00,__COMPANY__ Global Asset Management Inc. announces January 2026 cash distributions for ETF Series of __COMPANY__ Funds,-1
train,2551,2026-01-30 14:58:45,Best savings accounts ahead of interest rate decision,14
train,2552,2026-01-30 15:05:00,Canadian pensions rode commodity boom and emerging markets surged to outpace global indices in 2025,22
train,2553,2026-01-30 19:10:29,__TICKER__ Groep N.V. __TICKER__ Q4 2025 Earnings Call Transcript,49
train,2554,2026-01-30 21:57:51,"Jobs Report, More Tech Earnings: What to Watch Next Week",18
train,2555,2026-01-30 22:30:00,Rayonier and PotlatchDeltic Announce Closing of Merger of Equals,-1
train,2556,2026-01-30 23:02:41,"Dividend Champion, Contender, And Challenger Highlights: Week Of February 1",56
train,2557,2026-01-31 07:06:06,__COMPANY__ REALTOR.ca Alliance Links Home Search Mortgage Tools And Valuation Gap,14
train,2558,2026-01-31 13:18:00,Why many large-bank stocks look like bargains for long-term investors,-1
train,2559,2026-01-31 17:11:19,Is It Too Late To Consider __COMPANY__ Corporation __TICKER__ After Its Strong Run?,9
train,2560,2026-02-01 01:11:23,__COMPANY__ (ENXTPA:GLE) Valuation Check After Strong Recent Share Price Returns,40
train,2561,2026-02-01 11:09:14,A Look At __COMPANY__ Corporation’s Valuation After New F1 Partnership And Leadership Changes,-1
train,2562,2026-02-01 11:46:00,Oakmark U.S. Large Value Strategy Q4 2025 Portfolio Review,0
train,2563,2026-02-01 22:47:22,"__TICKER__ Groep: Executing Well, But No Longer Undervalued (Rating Downgrade)",-1
train,2564,2026-02-02 04:39:17,3 Value Stocks We Keep Off Our Radar,12
train,2565,2026-02-02 04:53:26,"__COMPANY__ Financial Gr Q3 EPS $0.17 Beats $0.14 Estimate, Sales $14.775B Down From $16.338B YoY",13
train,2566,2026-02-02 07:11:09,"Earnings Scheduled For February 2, 2026",27
train,2567,2026-02-02 09:29:35,"Palantir, AMD, Amazon and More Stocks with Earnings This Week",12
train,2568,2026-02-02 14:01:00,"__COMPANY__ to announce first quarter results on February 26, 2026",66
train,2569,2026-02-02 16:40:02,__TICKER__ vs. DBSDY: Which Stock Is the Better Value Option?,37
train,2570,2026-02-02 20:49:20,Tracking Christopher Davis' Davis Selected Advisers 13F Portfolio - Q4 2025 Update,0
train,2571,2026-02-02 23:11:00,"MercadoLibre Stock Is Up 12%, But This Fund Just Dumped $6 Million",-1
train,2572,2026-02-02 23:15:04,__COMPANY__ Bank __TICKER__ Outperforms Broader Market: What You Need to Know,16
train,2573,2026-02-03 06:22:57,Top 10 High-Yield Dividend Stocks For February 2026,3
train,2574,2026-02-03 10:01:57,An Overview of __TICKER__ Gr's Earnings,49
train,2575,2026-02-03 10:45:03,"' __TICKER__ , __COMPANY__ Circle Barclay Heirs Owing £160 Million'",-1
train,2576,2026-02-03 10:46:52,‘These players matter’: __COMPANY__ embraces role on small lenders’ AI journey,6
train,2577,2026-02-03 10:49:08,__COMPANY__ __TICKER__ Beats Q4 Earnings Estimates as Revenue Rises 7% Year-Over-Year,51
train,2578,2026-02-03 10:49:15,"__COMPANY__ Mellon __TICKER__ EPS Growth Expected to Improve Amid Strategic Execution, Says __COMPANY__ Capital",-1
train,2579,2026-02-03 11:38:52,Reported Earlier: ' __COMPANY__ and NatWest Mull Multibillion Pound UK Pension Transfers',-1
train,2580,2026-02-03 13:00:00,"Love Does Cost a Thing: 1 in 3 Canadians Going on Fewer Dates Due to Economic Conditions, __TICKER__ Survey Finds",22
train,2581,2026-02-03 14:25:41,' __COMPANY__ Weighs Deal to Buy US-Based Webster Financial'- Bloomberg,-1
train,2582,2026-02-03 14:27:00,FLSmidth & Co. A/S major shareholder announcement,-1
train,2583,2026-02-03 14:42:47,Banco __COMPANY__ shares are trading lower. The company signed a definitive agreement to acquire Webster for $12.3 billion.,-1
train,2584,2026-02-03 14:45:33,"Banco __COMPANY__ Signs Agreement To Acquire Webster Bank For ~$12.3B In Cash, Stock Deal",-1
train,2585,2026-02-03 19:10:18,Is __COMPANY__ Bank ( __TICKER__ ) Still Attractive After A 63% One-Year Share Price Gain,-1
train,2586,2026-02-03 22:49:03,Tracking AMG's Yacktman Asset Management Portfolio - Q4 2025 Update,0
train,2587,2026-02-04 02:27:47,"__TICKER__ Gr Q4 EPS $0.37 Beats $0.32 Estimate, Sales $12.145B Miss $12.252B Estimate",13
train,2588,2026-02-04 02:30:11,__TICKER__ Group __TICKER__ Price Target Increased by 17.49% to 51.11,61
train,2589,2026-02-04 02:33:25,"__TICKER__ Expects Low Single-Digit Decline In Global Wealth Management's NII In Q1 2026, And Stable NII In Personal & Corporate Banking",-1
train,2590,2026-02-04 02:47:26,"__COMPANY__ , Inc. - Depositary Receipt __TICKER__ Price Target Increased by 131.34% to 7.05",61
train,2591,2026-02-04 02:52:25,"__TICKER__ Plans To Propose $1.10 Per Share Dividend For 2025, Up 22% YoY, With Mid-Teens Increase Expected In 2026; $3B Share Repurchase Planned For 2026",3
train,2592,2026-02-04 06:31:33,__TICKER__ Groep N.V. - Depositary Receipt __TICKER__ Price Target Increased by 11.33% to 31.67,61
train,2593,2026-02-04 07:03:22,"Banco __COMPANY__ Q4 EPS $0.28 Beats $0.25 Estimate, Sales $17.652B Miss $17.930B Estimate",13
train,2594,2026-02-04 07:11:23,"Earnings Scheduled For February 4, 2026",27
train,2595,2026-02-04 08:19:19,"__COMPANY__ Finl Gr Q3 EPS $0.30, Inline, Sales $24.345B Up From $22.438B YoY",13
train,2596,2026-02-04 10:00:25,AngloGold Ashanti shares are trading higher after the company reported better-than-expected Q4 EPS results.,50
train,2597,2026-02-04 10:17:30,__TICKER__ Group AG 2025 Q4 - Results - Earnings Call Presentation,19
train,2598,2026-02-04 10:53:14,' __COMPANY__ and NatWest to table rival bids for £2bn wealth manager Evelyn'- Sky News,-1
train,2599,2026-02-04 10:58:13,"'Itau, __COMPANY__ , __COMPANY__ strike deals to end Brazilian tax disputes'",-1
train,2600,2026-02-04 12:21:12,__TICKER__ Group shares are trading lower after the company reported mixed Q4 financial results.,50
train,2601,2026-02-04 12:32:09,3 TSX Dividend Stocks To Consider With Up To 4.7% Yield,3
train,2602,2026-02-04 12:40:48,__TICKER__ Group AG (UBSS:CA) Q4 2025 Earnings Call Transcript,19
train,2603,2026-02-04 13:11:39,"Truist Adjusts __COMPANY__ __TICKER__ Outlook Following Strong Fee Growth, Higher Expense Forecasts",-1
train,2604,2026-02-04 15:00:46,"Banco __COMPANY__ , S.A. __TICKER__ Q4 2025 Earnings Call Prepared Remarks Transcript",19
train,2605,2026-02-04 15:05:00,WBS Agrees to $12.3B Buyout by __TICKER__ : What This Means for Investors,10
train,2606,2026-02-04 15:49:41,Lenders raise mortgages as Bank of England tipped to hold rate at 3.75pc,14
train,2607,2026-02-04 16:42:35,__COMPANY__ ETF Grows to Five Times Former Size Thanks To One Investor,8
train,2608,2026-02-04 18:10:35,__TICKER__ : An Ambitious 18% RoCET1 Target For 2028,-1
train,2609,2026-02-04 18:50:11,Sector Update: Financial Stocks Advance Wednesday Afternoon,5
train,2610,2026-02-04 22:08:23,__COMPANY__ To Acquire Webster Financial And Reshape Shareholder Outcomes,-1
train,2611,2026-02-05 01:06:26,Banco __COMPANY__ SA __TICKER__ Full Year 2025 Earnings Call Highlights: Record Profits and Strategic ...,-1
train,2612,2026-02-05 10:33:43,__COMPANY__ SA 2025 Q4 - Results - Earnings Call Presentation,44
train,2613,2026-02-05 10:49:47,BBVA posts record profit after failed Sabadell takeover,35
train,2614,2026-02-05 11:47:46,__TICKER__ Says Euro Weakens Vs. U.S. Dollar Ahead of ECB's Thursday Policy Meeting,11
train,2615,2026-02-05 12:31:59,3 TSX Dividend Stocks To Consider In Your Portfolio,3
train,2616,2026-02-05 13:00:11,"With 89% institutional ownership, The __COMPANY__ Corporation ( __TICKER__ ) is a favorite amongst the big guns",-1
train,2617,2026-02-05 13:11:28,__COMPANY__ BANK ( __TICKER__ ) Presents a High-Scoring Technical Breakout Setup,16
train,2618,2026-02-05 13:14:27,"__COMPANY__ : Shares Close In On Tangible Book Value, But Remain Attractive",7
train,2619,2026-02-05 14:34:20,__COMPANY__ SA (BNP:CA) Q4 2025 Earnings Call Transcript,19
train,2620,2026-02-05 15:08:14,Is __COMPANY__ __TICKER__ Still Attractive After A 36.9% Share Price Gain?,9
train,2621,2026-02-05 15:36:59,"__TICKER__ , NatWest, __COMPANY__ and Nationwide hike mortgage costs",14
train,2622,2026-02-05 16:00:00,Media Advisory - __TICKER__ Bank Group to Release First Quarter 2026 Results,-1
train,2623,2026-02-05 18:00:00,Unusual volume stocks in Thursday's session,12
train,2624,2026-02-05 18:05:15,__COMPANY__ Aktiengesellschaft 2025 Q4 - Results - Earnings Call Presentation,44
train,2625,2026-02-05 18:15:47,TSB announces boss leaving to head up Spanish owner Sabadell,35
train,2626,2026-02-05 18:16:00,Banco De Sabadell Appoints TSB’s Marc Armengol as Next CEO,35
train,2627,2026-02-05 18:45:00,"__TICKER__ confirms support for the Defence, Security and Resilience Bank",16
train,2628,2026-02-05 20:42:56,"__TICKER__ Latest Big Bank To Confirm Support For the Defence, Security and Resilience Bank",16
train,2629,2026-02-05 22:00:00,__TICKER__ Bank Group Provides Insurance Catastrophe Information,16
train,2630,2026-02-06 05:25:00,__COMPANY__ : Fourth quarter & 2025 full year results,66
train,2631,2026-02-06 05:31:58,__COMPANY__ Société anonyme 2025 Q4 - Results - Earnings Call Presentation,-1
train,2632,2026-02-06 06:27:00,FOMO Pay Taps __COMPANY__ to Deliver Institutional-Grade Business Account Solution for Cross-Border Payments,-1
train,2633,2026-02-06 06:56:39,"__COMPANY__ : Solid Execution, Higher Ambition, But Valuation Priced In",-1
train,2634,2026-02-06 07:00:00,__COMPANY__ Raises 2026 Profitability Target,32
train,2635,2026-02-06 08:03:06,TSB’s earnings in robust shape ahead of __COMPANY__ takeover,35
train,2636,2026-02-06 11:04:49,"__TICKER__ Says Sterling Hit ""Hard"" by A Dovish Bank of England Policy Hold, Rising U.K. Political Risks",54
train,2637,2026-02-06 12:00:00,24 mutual funds and ETFs managed by __TICKER__ Asset Management Inc. recognized at the Fundata FundGrade A+® Awards,8
train,2638,2026-02-06 12:31:46,TSX Dividend Stocks To Watch In February 2026,3
train,2639,2026-02-06 12:39:17,"__COMPANY__ Shares Slide as FICC Trading Drops 13%, Missing Expectations",-1
train,2640,2026-02-06 13:00:36,Top Funds Like Google — But Go Bonkers For These Three Stocks,12
train,2641,2026-02-06 13:06:59,__TICKER__ Bank Taps NATO Defence Financing To Broaden Earnings Mix,16
train,2642,2026-02-06 14:14:20,__COMPANY__ Société anonyme __TICKER__ Q4 2025 Earnings Call Transcript,-1
train,2643,2026-02-06 15:50:25,"Shares of Japanese banking companies are trading higher. The Bank of Japan board member Kazuyuki Masu said Japan's inflation is ""drawing very close"" to the central bank's 2% target, reinforcing expectations of a near-term rate hike.",24
train,2644,2026-02-06 16:33:00,KKR to Add Sports Franchise Exposure Through Arctos Acquisition,23
train,2645,2026-02-06 16:38:00,__COMPANY__ : shares and voting rights as of 31 January 2026,41
train,2646,2026-02-06 16:42:00,__COMPANY__ Corp. stock underperforms Friday when compared to competitors despite daily gains,57
train,2647,2026-02-06 16:54:19,Shares of banking and financial services companies are trading higher alongside the overall market strength.,30
train,2648,2026-02-06 17:00:52,__COMPANY__ SA (SCGLF) Full Year 2025 Earnings Call Highlights: Record Revenue and ...,-1
train,2649,2026-02-06 18:00:00,Unusual volume stocks in Friday's session,12
train,2650,2026-02-06 18:25:00,Completion of __COMPANY__ ’s EUR 1 billion share buy-back programme for cancellation purpose,10
train,2651,2026-02-07 02:42:11,"__COMPANY__ : Solid Execution, Fully Reflected In Valuation",-1
train,2652,2026-02-07 05:56:49,Jim Cramer on Banco __COMPANY__ : “I Think This One’s on Track to Become One of the Most Profitable Banks in the World”,-1
train,2653,2026-02-07 08:30:00,Missed Bitcoin's Run To $126k? Long-Term Investors May Get A Second Chance With IBIT,31
train,2654,2026-02-08 08:05:42,Banco __COMPANY__ Expands With Webster And TSB As Earnings Mix Evolves,-1
train,2655,2026-02-08 17:04:56,__COMPANY__ Record 2025 Puts Capital Returns And Risks In Focus,-1
train,2656,2026-02-09 05:05:03,__COMPANY__ ( __TICKER__ ) Is Up 5.2% After EPS Ticks Higher Amid Modest Interest Income Growth,-1
train,2657,2026-02-09 08:22:27,"__COMPANY__ Direct Investing Launches GoSmart, Mobile-Based Solution To Empower Aspiring Self-Directed Investors",-1
train,2658,2026-02-09 10:25:43,"__COMPANY__ , DWS Expand Partnership Over Discretionary Portfolio Management",23
train,2659,2026-02-09 10:30:01,"' __COMPANY__ , BlackRock Merge FX Tech in Bid to Automate Flows'",-1
train,2660,2026-02-09 10:35:25,Reported Feb. 8: ' __TICKER__ to Hire 50 Hong Kong Wealth Bankers After Record Revenue Year',-1
train,2661,2026-02-09 11:23:48,' __COMPANY__ Plans Risk Transfer Deal Amid M&A Push in the US',-1
train,2662,2026-02-09 12:01:00,__COMPANY__ Direct Investing Launches GoSmart: Empowering New and Aspiring Investors to Build Wealth with Confidence,-1
train,2663,2026-02-09 12:15:18,__TICKER__ Says U.K. Political Risks Continue to Weigh on Sterling,54
train,2664,2026-02-09 13:00:08,"If EPS Growth Is Important To You, __COMPANY__ ( __TICKER__ ) Presents An Opportunity",-1
train,2665,2026-02-09 13:24:18,__TICKER__ Group AG (UBSS:CA) Presents at __TICKER__ Financial Services Conference 2026 Transcript,21
train,2666,2026-02-09 14:00:18,Possible Bearish Signals With __COMPANY__ Insiders Disposing Stock,57
train,2667,2026-02-09 14:16:00,Banking ETF (KBE) Hits New 52-Week High,8
train,2668,2026-02-09 16:40:47,SGOL: A Convenient Way To Play Physical Gold,39
train,2669,2026-02-09 17:03:18,GPZ: Buy The Dip In Alternative Asset Managers,-1
train,2670,2026-02-09 19:00:56,Sector Update: Financial Stocks Mixed Monday Afternoon,5
train,2671,2026-02-10 03:36:50,"__COMPANY__ Q4 EPS $0.46 Beats $0.42 Estimate, Sales $9.413B Beat $9.300B Estimate",13
train,2672,2026-02-10 04:19:44,"Adani Energy taps __TICKER__ , __COMPANY__ -led consortium for India power transmission project",-1
train,2673,2026-02-10 07:11:18,"Earnings Scheduled For February 10, 2026",27
train,2674,2026-02-10 11:21:53,Renewable energy company Zelestra agrees $154m funding with __COMPANY__,2
train,2675,2026-02-10 11:48:47,__TICKER__ Says U.K. Politics Impact Sterling,54
train,2676,2026-02-10 12:33:31,Are Wall Street Analysts Bullish on __COMPANY__ Stock?,31
train,2677,2026-02-10 12:39:35,AVDE: Diversified And Effective Active ETF At A Low Cost,8
train,2678,2026-02-10 12:41:30,"Altruist Introduces AI-Powered Tax Planning in Hazel, Helping Advisors Deliver Tax Strategies in Minutes",6
train,2679,2026-02-10 13:02:18,__COMPANY__ PLC 2025 Q4 - Results - Earnings Call Presentation,44
train,2680,2026-02-10 13:24:52,__COMPANY__ : A Bullish Refocus On European Banks Emerges (Upgrade),-1
train,2681,2026-02-10 13:51:00,Is __COMPANY__ 's Wealth Pivot Enough to Make the Stock a Buy?,-1
train,2682,2026-02-10 21:10:00,Leading Global Power and Infrastructure Financial Institution __TICKER__ Backs Fermi AmericaTM with $500 Million Equipment Loan to Accelerate 11GW Private Energy Campus,2
train,2683,2026-02-11 00:34:19,__COMPANY__ Corporation __TICKER__ Presents at __COMPANY__ Financial Services Conference 2026 Transcript,21
train,2684,2026-02-11 03:05:38,"Cathie Wood Joins Advisory Board Of Cross-Chain Protocol, Says No 'Better Opportunity' Come Have Come Along — ZRO Token Shoots Up 20%",-1
train,2685,2026-02-11 09:30:00,"__COMPANY__ , Milbank top TMT Finance's Inaugural US Digital Infrastructure Loans League Tables for 2025",2
train,2686,2026-02-11 10:03:03,Gold Gains as Soft U.S. Retail Sales Data Supports Rate,39
train,2687,2026-02-11 10:04:45,"__COMPANY__ Wealth Management Expands __COMPANY__ Echelon, Premier Platform For Ultra-High-Net-Worth Clients",-1
train,2688,2026-02-11 10:15:03,Fermi America secures $500m loan to advance power buildout,2
train,2689,2026-02-11 12:04:07,__TICKER__ Says Hawkish RBA Guidance Is Reinforcing Upward Momentum for Australian Dollar,22
train,2690,2026-02-11 12:17:00,Agi Announces Pricing of Initial Public Offering,-1
train,2691,2026-02-11 15:15:00,Lendbuzz Completes $246 Million Asset-Backed Securitization,2
train,2692,2026-02-11 15:34:22,The __COMPANY__ Corporation __TICKER__ Presents at __COMPANY__ Financial Services Conference 2026 Transcript,21
train,2693,2026-02-11 16:12:21,"' __TICKER__ plans to hire 3,000 new roles in India as it axes jobs in Switzerland'",-1
train,2694,2026-02-11 18:12:05,"Banco __COMPANY__ , S.A. 2025 Q4 - Results - Earnings Call Presentation",59
train,2695,2026-02-11 18:22:00,Home Builder Stocks Are Breaking Out. Why It’s the Best Start to the Year in a Decade.,-1
train,2696,2026-02-11 19:05:00,Scaling AI Agents: Lessons From Early Adopters,6
train,2697,2026-02-11 19:19:58,"__COMPANY__ , __COMPANY__ Among the Closest in Jobs Report Projections",18
train,2698,2026-02-11 21:10:00,The New Speed of Business: Why AI Adoption Is Moving in ‘Dog Years’,6
train,2699,2026-02-12 02:33:00,How Tech Executives Are Navigating the Rapid Pace of AI Innovation,6
train,2700,2026-02-12 04:00:00,__COMPANY__ : Fully Valued After A Major Re-Rate (Downgrade),43
train,2701,2026-02-12 08:10:30,Assessing __COMPANY__ Financial Group’s Valuation After Reaffirmed Profit And Dividend Forecasts,7
train,2702,2026-02-12 08:30:09,Structural Hedge Arbitrage Drives __COMPANY__ ' Path To 14% RoTE,-1
train,2703,2026-02-12 08:58:56,Reported Earlier: ' __COMPANY__ Settles With Ex-Banker in Monte Paschi Lawsuit',26
train,2704,2026-02-12 10:00:30,A Look Into __TICKER__ Groep Inc's Price Over Earnings,49
train,2705,2026-02-12 10:36:56,__TICKER__ 's Orion Selected As Platform Provider For Digital Gilt Instrument Pilot Issuance,-1
train,2706,2026-02-12 11:53:59,__TICKER__ Says Uncertainty Over USMCA Trade Renewal Emerges as Downside Risk for Canadian Dollar,22
train,2707,2026-02-12 13:30:00,__COMPANY__ Investment Management Unveils New Actively Managed Prime Money Market ETF,8
train,2708,2026-02-12 13:30:00,"Mariner Pairs with __COMPANY__ to Scale Operations and Support Growth to 5,000 Advisors via Charles River’s Wealth Platform",23
train,2709,2026-02-12 14:13:39,SPGM vs. NZAC: Is ESG Investing Worth It?,0
train,2710,2026-02-12 14:23:00,Oil Futures Turn Lower in Early U.S. Trade,17
train,2711,2026-02-12 16:48:09,Shares of banking and financial service companies are trading lower amid overall market weakness as investors rotate out of technology stocks amid ongoing concerns about AI-related disruption.,30
train,2712,2026-02-12 17:00:04,__COMPANY__ Group __TICKER__ Upgraded to Strong Buy: Here's What You Should Know,29
train,2713,2026-02-12 17:33:19,__COMPANY__ CEO Robin Vince on the power of possibility in America,-1
train,2714,2026-02-12 19:21:51,Stack Infrastructure Seeks A$3 Billion Loan for Melbourne AI Data Center,2
train,2715,2026-02-12 19:27:00,Mariner Has Big Growth Plans. __COMPANY__ ’s Charles River Is Supplying the Tech Platform.,23
train,2716,2026-02-12 21:26:27,This Expert Says Small Caps Will Outperform This Year—and Two More 'Surprises' to Watch,-1
train,2717,2026-02-13 08:45:00,"__TICKER__ Bank, Ltd. announces Risk-Adjusted Capital Ratio Based on the Basel 3 Standards for the Third Quarter Ended December 31, 2025",-1
train,2718,2026-02-13 08:48:46,"Reported Earlier"" ' __COMPANY__ 's private bank eyes hiring push in emerging markets'",-1
train,2719,2026-02-13 09:00:42,How Do Investors Really Feel About __COMPANY__ Corp?,-1
train,2720,2026-02-13 11:07:10,__TICKER__ Says Yen Set to Be Best-Performing G10 Currency This Week After Election in Japan,33
train,2721,2026-02-13 12:01:12,Best savings accounts as Bank of England holds interest rates,14
train,2722,2026-02-13 12:01:58,Mariner selects __COMPANY__ ’s Charles River wealth platform,-1
train,2723,2026-02-13 13:00:11,Those who invested in __COMPANY__ ( __TICKER__ ) five years ago are up 98%,48
train,2724,2026-02-13 16:22:30,"__COMPANY__ clients hedge dollar exposure by most since 2023, bank says",-1
train,2725,2026-02-13 16:46:00,AM Best Revises Outlooks to Positive for Federated Underwriting Company,-1
train,2726,2026-02-13 16:47:52,__COMPANY__ PLC __TICKER__ Q4 2025 Earnings Call Transcript,19
train,2727,2026-02-15 10:59:00,"Perspectives On Rotations Into Value, Small-Cap, Developed And Emerging Markets",46
train,2728,2026-02-15 13:09:40,A Look At __COMPANY__ Corporation __TICKER__ Valuation After Recent Share Price Volatility,7
train,2729,2026-02-15 15:08:37,Are Rising Client Dollar Hedges Reframing __COMPANY__ 's __TICKER__ Global Custody Narrative?,25
train,2730,2026-02-15 20:07:03,Is __COMPANY__ Corporation __TICKER__ Still Reasonably Priced After Its Strong Run,-1
train,2731,2026-02-15 21:20:00,"Artisan Global Equity Fund Q4 2025 Portfolio Movers: Gains, Drags, And Trades",0
train,2732,2026-02-16 04:40:17,2 Large-Cap Stocks to Keep an Eye On and 1 We Question,12
train,2733,2026-02-16 07:54:00,Allspring International Equity Fund Q4 2025 Performers And Detractors,0
train,2734,2026-02-16 11:43:00,Invesco International Growth Fund Q4 2025 Portfolio Update,0
train,2735,2026-02-16 16:36:05,JP Morgan Overweight on __COMPANY__ Mellon __TICKER__ with a Target Price of $128.50,42
train,2736,2026-02-17 01:06:50,"__COMPANY__ Conference: Crypto Leaders See Stablecoins, Tokenized ETFs as Next Wave",1
train,2737,2026-02-17 05:21:59,Why ZIM Integrated Shipping Shares Are Trading Higher By Around 38%; Here Are 20 Stocks Moving Premarket,30
train,2738,2026-02-17 09:03:14,"HIVE Digital Technologies, First Majestic Silver, Iamgold And Other Big Stocks Moving Lower In Tuesday's Pre-Market Session",-1
train,2739,2026-02-17 11:30:46,Shares of US-listed Japanese banking companies are trading lower after Japan's Q4 GDP data missed estimates.,24
train,2740,2026-02-17 15:39:27,Asian Equities Traded in the US as American Depositary Receipts Drop Sharply in Tuesday Trading,55
train,2741,2026-02-17 16:03:52,February's 5 Dividend Growth Stocks With Yields Up To 8.05%,3
train,2742,2026-02-18 10:21:00,Oakmark Japan Strategy Q4 2025 Portfolio Review,0
train,2743,2026-02-18 21:15:00,Harbor Dividend Growth Leaders ETF Q4 Contributors & Detractors,8
train,2744,2026-02-19 04:03:00,U.S. Banks Report Robust Loan Growth In Q4 2025,-1
train,2745,2026-02-19 04:32:46,3 S&P 500 Stocks with Open Questions,12
train,2746,2026-02-19 10:49:58,"Epstein Scandal Spreads In Europe, Fueling UK Political Crisis And Gilt Market Shock",-1
train,2747,2026-02-19 15:27:00,MDY: A Primer On The Oldest Mid-Cap ETF,8
train,2748,2026-02-19 16:30:02,Why Is Fifth Third Bancorp (FITB) Up 1.5% Since Last Earnings Report?,-1
train,2749,2026-02-19 16:43:00,__COMPANY__ Corp. stock underperforms Thursday when compared to competitors,57
train,2750,2026-02-19 21:30:00,"__COMPANY__ Corporation Declares Dividends on its Common Stock and Non-Cumulative Perpetual Preferred Stock Series ""G,"" ""I,"" ""J,"" and ""K""",52
train,2751,2026-02-20 08:30:32,The __COMPANY__ Keeps Its Bullish Case As FY 2025 Results Show More Upside Drivers,-1
train,2752,2026-02-20 10:00:52,Is __COMPANY__ AG Gaining or Losing Market Support?,9
train,2753,2026-02-20 13:00:40,Price Over Earnings Overview: __TICKER__ Groep,49
train,2754,2026-02-20 13:52:56,__COMPANY__ ’s Kimberly Russell Explains Why It’s Launching New ETF on NYSE,8
train,2755,2026-02-20 16:45:02,Why __COMPANY__ Corporation __TICKER__ is a Great Dividend Stock Right Now,52
train,2756,2026-02-20 17:46:58,Treasury: Trump accounts sign up about 3 million kids in early push,-1
train,2757,2026-02-20 18:43:43,"Dividend Champion, Contender, And Challenger Highlights: Week Of February 22",56
train,2758,2026-02-20 21:42:22,Quick Swing Trades In XOP Have Allowed Profits To Build,-1
train,2759,2026-02-21 09:30:01,"Trump accounts have 'more unanswered questions than answered,' expert says. What's still unknown",-1
train,2760,2026-02-21 14:32:28,__COMPANY__ Expands Euro Stablecoin to XRP Ledger: What a $1.8 Trillion Bank’s Multi-Chain Strategy Means for Ripple,1
train,2761,2026-02-23 00:18:09,Assessing __COMPANY__ (ENXTPA:GLE) Valuation After A Strong Recent Share Price Rebound,40
train,2762,2026-02-23 04:40:01,1 Profitable Stock to Target This Week and 2 We Ignore,12
train,2763,2026-02-23 09:33:45,__TICKER__ : The Valuation Premium Over European Peers Is Unjustified,-1
train,2764,2026-02-23 10:15:32,3 Considerations After Supreme Court Struck Down Tariffs,46
train,2765,2026-02-23 11:33:49,"Nvidia, Joby, CoreWeave, Lucid and More Stocks with Earnings This Week",12
train,2766,2026-02-23 11:44:31,__TICKER__ Says Yield Jump in Japanese Government Bonds Draws International Investor Demand,33
train,2767,2026-02-23 12:14:37,'Groups of Banks Said to Hire FTI as Adviser for Raízen Talks',-1
train,2768,2026-02-23 16:41:36,Shares of banking companies are trading lower amid overall market weakness after President Trump announced plans to raise global tariffs to 15% and commented that he does not need Congressional approval for tariffs.,30
train,2769,2026-02-23 16:43:00,__COMPANY__ Corp. stock outperforms competitors despite losses on the day,57
train,2770,2026-02-23 17:07:38,How The DT Midstream (DTM) Investment Story Is Shifting With Capex Plans And Rising Targets,25
train,2771,2026-02-23 17:32:00,__COMPANY__ : Capital decrease and report on share buy-back,10
train,2772,2026-02-23 18:13:30,How The Story For Amazon.com (AMZN) Is Shifting Around AWS Growth And Valuation Concerns,25
train,2773,2026-02-23 18:51:22,"__COMPANY__ Still Overweight on Wynn Resorts (WYNN), Following Q4 2025 Results",59
train,2774,2026-02-23 19:29:00,Precious Metals Rise as Traders Look Ahead To New Highs,39
train,2775,2026-02-24 06:24:58,__COMPANY__ PLC (SCBFY) Q4 2025 Earnings Call Transcript,19
train,2776,2026-02-24 06:30:00,New Benchmarks Aim to Pierce Opaque Private-Credit Market,31
train,2777,2026-02-24 08:00:59,Fed's Goolsbee calls for a hold on cuts as current rate of inflation is 'not good enough',36
train,2778,2026-02-24 08:57:02,Jim Cramer's top 10 things to watch in the stock market Tuesday,-1
train,2779,2026-02-24 10:46:14,Bank stocks fall as Anthropic gears Claude Cowork toward finance,-1
train,2780,2026-02-24 11:05:04,__TICKER__ Says Fresh Policy Uncertainty From Japan Premier Triggers Renewed Yen Yelling,33
train,2781,2026-02-24 13:18:00,"From __COMPANY__ ’s New Skyscraper, Top Brass Is Grilled on AI and Competition",6
train,2782,2026-02-24 16:30:07,PFFD: Lagging Competitors In A Lagging ETF Category,8
train,2783,2026-02-24 18:03:29,"Stocks rise, adding to Tuesday's comeback as Nvidia and Oracle shares gain: Live updates",60
train,2784,2026-02-24 20:13:37,CoreWeave Seeks $8.5 Billion Loan From Banks Backed by Meta Deal,2
train,2785,2026-02-24 21:08:25,Market Chatter: CoreWeave Targets $8.5 Billion Loan for Meta's Cloud Computing Deal,2
train,2786,2026-02-24 22:10:35,How The __COMPANY__ __TICKER__ Narrative Is Shifting On Capital Markets Hopes And Execution Risks,25
train,2787,2026-02-24 22:55:47,"Stock Market Today, Feb. 24: __COMPANY__ Slips as Economic Uncertainty Pressures Big Banks",-1
train,2788,2026-02-25 03:51:20,"__COMPANY__ , Inc. - Depositary Receipt __TICKER__ Price Target Increased by 18.57% to 8.36",61
train,2789,2026-02-25 05:12:12,__TICKER__ Holdings plc 2025 Q4 - Results - Earnings Call Presentation,-1
train,2790,2026-02-25 06:33:24,"__TICKER__ Holdings Q4 Adj. EPS $0.37 Beats $0.32 Estimate, Sales $16.400B Miss $17.103B Estimate",13
train,2791,2026-02-25 07:02:20,Wall Street Breakfast Podcast: __TICKER__ Hikes Private Credit Default View,31
train,2792,2026-02-25 07:11:31,"Earnings Scheduled For February 25, 2026",27
train,2793,2026-02-25 08:31:00,__TICKER__ reports a beat and a raise as it leapfrogs __COMPANY__ by market cap,-1
train,2794,2026-02-25 08:50:30,__COMPANY__ taps KeyBank alum to lead business banking,-1
train,2795,2026-02-25 09:00:38,Jim Cramer's top 10 things to watch in the stock market Wednesday,-1
train,2796,2026-02-25 09:08:24,__TICKER__ Stock Hits 52-Week High - Here's Why,-1
train,2797,2026-02-25 09:30:57,"Financials Are Selling Off Due To AI, Creating Buying Opportunity In These 2 Stocks",-1
train,2798,2026-02-25 09:37:26,"Stock Market Today: S&P 500, Dow, Nasdaq Futures Rise After Trump's State Of The Union Address— Nvidia, __TICKER__ , Workday In Focus (UPDATED)",60
train,2799,2026-02-25 09:47:04,__TICKER__ Holdings shares are trading higher after the company reported better-than-expected Q4 adjusted EPS results,50
train,2800,2026-02-25 10:01:17,A Glimpse of __COMPANY__ 's Earnings Potential,18
train,2801,2026-02-25 10:01:28,Earnings Preview For __COMPANY__ Bank,18
train,2802,2026-02-25 11:31:53,Best credit card deals of the week,31
train,2803,2026-02-25 11:57:51,__TICKER__ Holdings plc __TICKER__ Q4 2025 Earnings Call Transcript,19
train,2804,2026-02-25 12:08:31,How The Workday (WDAY) Investment Story Is Shifting With AI Questions And Leadership Change,6
train,2805,2026-02-25 13:00:00,__COMPANY__ & Company Announces Full Redemption of its Series BB Preferred Stock and Related Depositary Shares,-1
train,2806,2026-02-25 13:18:24,EU's E6 Power Bloc: Two-Speed Europe Accelerates In US-China Race,-1
train,2807,2026-02-25 13:35:02,"This common money move may 'feel safe,' but it can be a silent wealth killer—what to do instead, from an investing expert",31
train,2808,2026-02-25 14:02:12,Is __COMPANY__ Stock Underperforming the Nasdaq?,57
train,2809,2026-02-25 14:10:16,"Trump pitches new retirement plan with a federal match of up to $1,000 per year — who could benefit",-1
train,2810,2026-02-25 14:11:11,How The Repligen (RGEN) Narrative Is Shifting With New Targets M&A Plans And Products,25
train,2811,2026-02-25 14:51:50,Mitsubishi UFG Says Government's Bank of Japan Picks Point to Near-Term Yen Downside Risks,-1
train,2812,2026-02-25 15:50:36,"__COMPANY__ Increases Exxon Mobil (XOM) Price Forecast, Maintains Bullish View",-1
train,2813,2026-02-25 16:51:42,__COMPANY__ Sees A Historic Opportunity for Chile's Peso,-1
train,2814,2026-02-25 18:57:51,CoreWeave Monetizes Meta Commitment,2
train,2815,2026-02-25 20:28:38,What Jobs Are At Threat From AI? __COMPANY__ Asked Its AI Model. Here's What It Said,6
train,2816,2026-02-25 20:50:00,Treasury Yields Tick Higher Ahead of U.S. Jobless Claims,36
train,2817,2026-02-26 02:39:08,"__COMPANY__ Turns Neutral on Kroger (KR), Flags Spending and Growth Concerns",-1
train,2818,2026-02-26 05:00:01,The 'Great Wealth Transfer': A $3 trillion opportunity for Black business owners is on the horizon,-1
train,2819,2026-02-26 07:02:04,"__COMPANY__ Q1 Adj. EPS $2.93 Beats $2.76 Estimate, Sales $12.881B Beat $12.100B Estimate",13
train,2820,2026-02-26 07:11:41,"Earnings Scheduled For February 26, 2026",27
train,2821,2026-02-26 07:32:42,"__COMPANY__ Bank Q1 Adj. EPS __TICKER__ $2.44 Up From __TICKER__ $2.02 YoY, Sales __TICKER__ $16.585B Up From __TICKER__ $14.049B YoY.",13
train,2822,2026-02-26 07:34:02,"__COMPANY__ Bank Q1 Adj. EPS US$1.75 Beats US$1.63 Estimate, Sales US$11.895B Beat US$11.140B Estimate.",13
train,2823,2026-02-26 07:35:01,"Trump said beef, egg and chicken prices are falling. Here's what the data shows",39
train,2824,2026-02-26 08:15:01,"Trump accounts aren't exactly 'tax-free,' as the president said. Here's how they work",-1
train,2825,2026-02-26 10:12:13,How The Story Is Shifting For Choice Hotels (CHH) After Q4 And New Guidance,-1
train,2826,2026-02-26 11:12:47,Is Hiring Ex‐ __TICKER__ Bank Strategist as CFO Rewriting the Investment Case for Atlantic Union (AUB)?,15
train,2827,2026-02-26 11:18:44,"Mitsubishi UFG Says Bank of England Policy Expectations, U.K. Political Risks in Focus for Sterling",54
train,2828,2026-02-26 11:19:00,Touchstone Non-U.S. Equity Fund Q4 2025 Portfolio Review,0
train,2829,2026-02-26 11:20:02,Should Xtrackers Russell US Multifactor ETF (DEUS) Be on Your Investing Radar?,8
train,2830,2026-02-26 11:27:19,Bilt Blue Card review 2026: This $0-annual-fee card earns on rent and mortgages,31
train,2831,2026-02-26 11:30:00,__TICKER__ Bank Group Reports First Quarter 2026 Results,-1
train,2832,2026-02-26 11:31:00,__TICKER__ BANK GROUP DECLARES DIVIDENDS,52
train,2833,2026-02-26 11:37:40,__COMPANY__ Bank's quarterly profit rises on higher interest income,32
train,2834,2026-02-26 11:47:54,The __COMPANY__ Bank ( __TICKER__ :CA) Q1 2026 Earnings Call Transcript,19
train,2835,2026-02-26 11:59:31,__COMPANY__ : Fiscal Q1 Earnings Snapshot,-1
train,2836,2026-02-26 12:01:07,"' __COMPANY__ , Atlas Among Firms Exposed to Collapsed UK Lender MFS'",-1
train,2837,2026-02-26 12:03:04,"__TICKER__ Q1 Adjusted EPS Beats Estimates on Higher Revenue, Declares Dividend",-1
train,2838,2026-02-26 12:04:03,Women’s wealth is expected to boom: Where they are investing and how they can maximize returns,-1
train,2839,2026-02-26 12:15:18,Here's How Much $1000 Invested In __COMPANY__ Finl Gr 10 Years Ago Would Be Worth Today,48
train,2840,2026-02-26 12:18:29,__TICKER__ Says Eurozone Sentiment Still Upbeat Despite More Service Sector Caution,11
train,2841,2026-02-26 12:30:44,"Update: __TICKER__ Q1 Adjusted EPS Beats Estimates on Higher Revenue, Declares Dividend",-1
train,2842,2026-02-26 12:35:56,SIVR: The Cheapest ETF Proxy On Physical Silver,8
train,2843,2026-02-26 13:28:14,"Nvidia Slumps Over 4%, Wall Street's Fear Gauge Rallies: What's Moving Markets Thursday?",60
train,2844,2026-02-26 13:30:00,__COMPANY__ Investment Management Expands Industry’s First Actively Managed Corporate Target Maturity ETFs Suite,8
train,2845,2026-02-26 13:52:00,__TICKER__ publishes 2025 Annual Report on Form 20-F,-1
train,2846,2026-02-26 14:00:22,Is the Market Bullish or Bearish on __COMPANY__ Inc?,-1
train,2847,2026-02-26 14:00:58,"Jack Henry & Associates, Inc. (JKHY) Added to __COMPANY__ ’s ‘Fab 5’ Fintech Picks",-1
train,2848,2026-02-26 15:07:00,__TICKER__ Bank Quarterly Earnings Lifted by Growth Across Operations,-1
train,2849,2026-02-26 16:02:48,The __COMPANY__ Bank 2026 Q1 - Results - Earnings Call Presentation,59
train,2850,2026-02-26 16:21:00,__COMPANY__ or __COMPANY__ : Which Big Bank Offers More Upside?,-1
train,2851,2026-02-26 16:50:00,Will Realignment Efforts Enhance __COMPANY__ ' Financial Strength?,32
train,2852,2026-02-26 17:14:31,Assessing __COMPANY__ ’s __TICKER__ Valuation After Series BB Preferred Share Redemption Plan,7
train,2853,2026-02-26 18:26:16,A 12%+ Yield Trading For Pennies On The Dollar: Blue Owl Capital,-1
train,2854,2026-02-26 18:47:31,What Do Further Rate Cuts Mean for __COMPANY__ & Company __TICKER__,-1
train,2855,2026-02-26 20:27:58,__COMPANY__ ( __TICKER__ :CA) Q1 2026 Earnings Call Transcript,19
train,2856,2026-02-26 21:04:13,The __COMPANY__ Bank __TICKER__ Q1 2026 Earnings Call Highlights: Record Earnings and Strategic ...,-1
train,2857,2026-02-26 21:28:00,"__COMPANY__ Announces Pricing of Public Offering of $500,000,000 of Depositary Shares Representing Interests in Preferred Stock",-1
train,2858,2026-02-26 21:31:00,Vanguard Settles Texas Lawsuit Alleging Investors Conspired to Drive Up Coal Prices,26
train,2859,2026-02-27 02:10:00,U.S. Banks' NDFI Lending Pace Reaccelerates In Q4 2025,-1
train,2860,2026-02-27 03:15:16,Is It Too Late To Consider __COMPANY__ Bank ( __TICKER__ ) After A 63% One-Year Gain?,9
train,2861,2026-02-27 03:32:25,Nintendo announces $1.9 billion share sale by Kyoto bank and others,-1
train,2862,2026-02-27 04:41:35,__COMPANY__ Has Buy Recommendation on Cigna (CI),29
train,2863,2026-02-27 05:12:49,Assessing __TICKER__ Bank ( __TICKER__ ) Valuation After Record Q1 Earnings And New Dividend,51
train,2864,2026-02-27 05:13:59,__COMPANY__ Financial Group ( __TICKER__ ) Valuation After Shifting BOJ Rate Hike Expectations And Policy Signals,-1
train,2865,2026-02-27 06:32:14,__COMPANY__ 2026 Q1 - Results - Earnings Call Presentation,44
train,2866,2026-02-27 06:50:00,"Baron International Growth Fund Q4 2025: Contributors, Detractors, And Trades",0
train,2867,2026-02-27 07:00:01,Not all strategies belong in an ETF wrapper. Here's why,8
train,2868,2026-02-27 08:12:06,__COMPANY__ Bank Earnings Strength And Wealth Shift Test Valuation,18
train,2869,2026-02-27 08:15:00,__TICKER__ Remains A 'Hold' Following Its 2025 Earnings,-1
train,2870,2026-02-27 10:00:00,__TICKER__ publishes agenda and proxy materials for 2026 AGM,-1
train,2871,2026-02-27 10:16:59,A booming employee benefit at the heart of America's affordability debate,-1
train,2872,2026-02-27 11:02:10,'MFS Creditors Warn of £930 Million Shortfall From Double Pledges'- Bloomberg,-1
train,2873,2026-02-27 11:12:09,"' __COMPANY__ Considers Blockchain Platform for Payments, Deposits'",1
train,2874,2026-02-27 12:24:03,"Stocks making the biggest moves midday: Bank stocks, Netflix, Duolingo, AES, Sunrun and more",-1
train,2875,2026-02-27 12:34:43,It's An Early Phase Financial Crisis: The Private Credit Bust,31
train,2876,2026-02-27 12:50:21,"'Tricolor Noteholders Sue __COMPANY__ , __COMPANY__ and Fifth Third'",29
train,2877,2026-02-27 14:15:02,"__COMPANY__ Bank (The) __TICKER__ Hit a 52 Week High, Can the Run Continue?",9
train,2878,2026-02-27 14:16:42,"Shares of banking companies are trading lower as the industry faces potential losses related to the collapse of Market Financial Solutions. January PPI figures, concerns about AI disruption in consumer lending and Nvidia's Q1 results may also contribute to weakness.",30
train,2879,2026-02-27 14:42:40,"Bank, Private-Equity Stock Rout Deepens As AI Fears Mount: What's Moving Markets Friday?",-1
train,2880,2026-02-27 14:55:34,__COMPANY__ Turns More Bullish on Caterpillar (CAT) Amid Improving Industrial and Data Center Trends,-1
train,2881,2026-02-27 14:56:15,What Investors Should Expect In February 2026's Jobs Report,27
train,2882,2026-02-27 16:17:00,"__COMPANY__ Hikes __TICKER__ Bank Price Target to $148, on Q1 Results",42
train,2883,2026-02-27 16:17:15,"Shares of companies within the broader financial sector are trading lower amid overall market weakness due to January PPI figures, concerns about AI disruption in consumer lending and Nvidia's Q1 results. The sector may be reacting to concerns that banking companies may face potential losses related to the collapse of Market Financial Solutions.",30
train,2884,2026-02-27 16:24:00,Correction: Stabilization Notice - Pre Stab - Eutelsat Communications,34
train,2885,2026-02-27 16:40:02,BBVA or __TICKER__ : Which Is the Better Value Stock Right Now?,37
train,2886,2026-02-27 16:40:03,USB vs. __TICKER__ : Which Stock Should Value Investors Buy Now?,37
train,2887,2026-02-27 16:56:00,__COMPANY__ : shares and voting rights as of 23 February 2026,41
train,2888,2026-02-27 17:38:00,"Bank, Brokerage Stocks Tumble Amid AI Concerns",-1
train,2889,2026-02-27 17:42:00,"RKT Up on Q4 Earnings Beat as Revenues Rise, Announces Compass Deal",51
train,2890,2026-02-27 17:52:25,Jack Dorsey made the loudest case yet that AI is already replacing jobs,6
train,2891,2026-02-27 17:57:49,Nvidia's Beat Isn't Enough To Ease AI Anxiety: This Week On Wall Street,60
train,2892,2026-02-27 18:18:41,Banco __COMPANY__ : The Risk-Reward Proposition Has Not Improved Much Following Recent Events,-1
train,2893,2026-02-27 21:30:00,__COMPANY__ to Speak at the __COMPANY__ Capital Markets Global Financial Institutions Conference,21
train,2894,2026-02-27 21:37:46,"Banco __COMPANY__ , S.A. __TICKER__ Analyst/Investor Day Transcript",-1
train,2895,2026-02-27 21:47:00,"Bank, Brokerage Stocks Suffer Their Worst Day in Months. Here’s Why.",-1
train,2896,2026-02-27 22:56:32,Why __COMPANY__ __TICKER__ Shares Are Getting Obliterated Today,-1
train,2897,2026-02-28 00:17:35,__TICKER__ AGM 2026 Puts New CFO And Valuation Story In Focus,-1
train,2898,2026-02-28 01:15:00,"Banks Meeting Data Center Demand With Billions In Credit Facilities, Bonds",2
train,2899,2026-02-28 03:09:12,Why The Hilton Food Group ( __TICKER__ ) Story Is Shifting As Analysts Recalibrate Price Targets,25
train,2900,2026-02-28 06:12:46,__COMPANY__ Fraud Reversal Puts Elderly Protections And Valuation In Focus,-1
train,2901,2026-02-28 17:20:39,Jim Cramer on __COMPANY__ : “It’s Doing the Best Job of Integrating AI”,-1
train,2902,2026-02-28 19:08:36,Why The Narrative Around National Bank Of Greece (ATSE:ETE) Is Shifting On Mixed Analyst Targets,25
train,2903,2026-03-01 02:05:00,__COMPANY__ Bank Q1 Earnings Call Highlights,59
train,2904,2026-03-01 06:27:09,A Private Credit Crisis Is Possibly Brewing,31
train,2905,2026-03-01 09:27:14,__COMPANY__ Cuts PT on Soleno Therapeutics (SLNO) to $110 From $114 – Here’s Why,42
train,2906,2026-03-01 09:27:21,__COMPANY__ Cuts PT on Sarepta Therapeutics (SRPT) to $38 From $45,42
train,2907,2026-03-01 15:10:21,Why The Narrative Around H.B. Fuller (FUL) Is Shifting With New Analyst Targets And Guidance,25
train,2908,2026-03-01 18:04:42,S&P 500 turns positive in major comeback as traders buy the dip after U.S.-Iran attacks: Live updates,-1
train,2909,2026-03-01 20:07:22,__COMPANY__ Preferred Issue Reshapes Income And Capital Stack,10
train,2910,2026-03-01 22:17:46,Tracking Jeremy Grantham's GMO Capital Portfolio - Q4 2025 Update,0
train,2911,2026-03-02 05:01:00,Trump’s Retirement Savings Plan Offers Potential Bonanza for Firms Like Fidelity,-1
train,2912,2026-03-02 07:00:00,__TICKER__ to repurchase shares for employee compensation,10
train,2913,2026-03-02 07:58:00,"Gold Climbs Above $5,400 on Haven Demand as Middle East Tensions Flare Up",39
train,2914,2026-03-02 08:03:06,"War, Credit Cracks & the AI Divide: Wall Street Closes a Brutal Week as the Middle East Ignites",-1
train,2915,2026-03-02 10:06:48,Is It Too Late To Consider __COMPANY__ After Multi Year 7x Returns?,9
train,2916,2026-03-02 11:00:23,Here's How Much $1000 Invested In __TICKER__ Holdings 5 Years Ago Would Be Worth Today,48
train,2917,2026-03-02 11:17:46,"__TICKER__ Comments on Euro, Swiss Franc, Hungary's Forint, Turkey's Lira",11
train,2918,2026-03-02 12:15:22,Here's How Much $1000 Invested In __COMPANY__ 5 Years Ago Would Be Worth Today,48
train,2919,2026-03-02 12:42:36,__COMPANY__ : Not Much Appeal For Long-Term Investors Due To Macro Concerns,-1
train,2920,2026-03-02 14:00:00,Northern Trust Asset Management Enters Digital Assets Market with Launch of Tokenized Money Market Share Class,-1
train,2921,2026-03-02 14:00:28,What's Driving the Market Sentiment Around __COMPANY__ Financial Group Inc?,-1
train,2922,2026-03-02 14:12:45,__COMPANY__ Insider Sales Raise Questions On Valuation And Growth Outlook,-1
train,2923,2026-03-02 14:47:05,__COMPANY__ Trims Equitable Holdings (EQH) to $57,-1
train,2924,2026-03-02 16:04:04,Jamie Dimon says Trump’s $5 billion debanking lawsuit ‘has no merit’ but he’s sympathetic to concerns,26
train,2925,2026-03-02 16:07:07,__TICKER__ Bank eyes $150M in claims cost reductions — with help from AI,-1
train,2926,2026-03-02 16:40:02,NWG vs. __TICKER__ : Which Stock Is the Better Value Option?,37
train,2927,2026-03-02 17:00:00,__COMPANY__ : Information regarding executed transactions within the framework of a share buy-back programme,10
train,2928,2026-03-02 17:17:00,__COMPANY__ : Renewals and appointments of Directors proposed to the General Meeting of 27 may 2026,-1
train,2929,2026-03-02 17:35:43,__TICKER__ Underperforming Global Banks As Legal Liabilities Mount; Still Trades At Premium To Rivals,16
train,2930,2026-03-02 18:45:26,"__COMPANY__ Updates Choice Hotels International, Inc. (CHH) Target Following Q4 Results Review",-1
train,2931,2026-03-02 19:11:19,__COMPANY__ Credit Risk Questioned After UK Mortgage Lender Collapse,-1
train,2932,2026-03-02 19:12:50,__TICKER__ ’s Record Profit Tests Balance Between AI Growth And Cash Returns,-1
train,2933,2026-03-02 21:17:00,"Bank, Brokerage Stocks Recover Lost Ground After Last Week’s Selloff—Despite Iran Conflict",-1
train,2934,2026-03-02 22:54:18,"Top __COMPANY__ Executives on Value of AI, Digital Assets",6
train,2935,2026-03-02 23:12:29,A Look At Prudential Financial’s Valuation After __COMPANY__ Downgrade And Target Cuts,-1
train,2936,2026-03-02 23:36:13,__COMPANY__ 's Chief Commercial Officer on Value of AI,6
train,2937,2026-03-02 23:46:01,__COMPANY__ Chief Product and Innovation Officer on Digital Asset Growth,-1
train,2938,2026-03-03 07:05:00,__TICKER__ completes share repurchase for employee compensation,10
train,2939,2026-03-03 08:25:02,Europe’s Economy Can Ride Out Iran War — If Over in a Month,-1
train,2940,2026-03-03 09:30:46,"Baird Sees Reduced Downside Risk for __COMPANY__ & Company __TICKER__ , Rating Raised to Neutral",43
train,2941,2026-03-03 10:34:17,Shares of US-listed Japanese companies are trading lower after the Bank of Japan's Deputy Governor Himino declined to indicate a move to hike rates in March. The yen could possibly come under more pressure as Middle East tensions threaten to increase energy costs for Japan.,24
train,2942,2026-03-03 11:05:36,"__TICKER__ Comments on Euro, Swiss Franc, Hungary's Forint",11
train,2943,2026-03-03 11:08:53,How The Genmab (CPSE:GMAB) Narrative Is Shifting As 2026 Catalyst Risks Build,-1
train,2944,2026-03-03 11:20:02,Is __COMPANY__ SPDR S&P Homebuilders ETF (XHB) a Strong ETF Right Now?,8
train,2945,2026-03-03 11:45:54,__TICKER__ Says Canadian Dollar Among Currencies Holding Up Better Than US Dollar Amid Middle East Conflict,22
train,2946,2026-03-03 12:02:50,"__COMPANY__ , __COMPANY__ shift to remote work in Middle East amid Iran conflict",-1
train,2947,2026-03-03 12:13:33,How Kroger (KR) Narrative Is Shifting As Analysts Split On 2026 Earnings Potential,25
train,2948,2026-03-03 12:15:03,JP Morgan favours __COMPANY__ and __COMPANY__ as Middle East volatility boosts trading outlook for investment banks,-1
train,2949,2026-03-03 12:47:15,European Banks’ Qivalis Targets H2 2026 Launch for MiCA-Era Euro Stablecoin,-1
train,2950,2026-03-03 13:32:09,"Shares of banks are trading lower amid overall market weakness due to concerns of broader conflict in the Middle East, inflation risk and the waning possibility of future rate cuts.",30
train,2951,2026-03-03 13:36:20,"Software shorts at the highest since the GFC, __COMPANY__ says",-1
train,2952,2026-03-03 14:00:00,Neudata and __COMPANY__ Partner to Advance Institutional Use of Alternative Data in Finance and Economics,-1
train,2953,2026-03-03 14:00:24,You're Overexposed to Wall Street. Use Their Promo to Rebalance Without Writing a New Check.,31
train,2954,2026-03-03 14:33:25,"' __COMPANY__ , Wells Commit $1 Billion Loan for Select Medical Buyout'",2
train,2955,2026-03-03 15:30:00,"Idaho FFA Foundation Receives $200,000 From __COMPANY__ Supporting Grants for Idaho FFA Members",-1
train,2956,2026-03-03 15:41:32,__TICKER__ Sees Canadian Dollar Underperforming as Estimates Energy Price Spike Reversal,22
train,2957,2026-03-03 16:00:00,MEDIA ADVISORY - __TICKER__ Bank Group Executive to Present at the National Bank Financial Services Conference,21
train,2958,2026-03-03 16:35:36,"Mitsubishi UFG Sees Further Gains in Mexico's Peso, Although Middle East Conflict Poses Risk",53
train,2959,2026-03-03 16:45:02,__COMPANY__ Bank __TICKER__ Could Be a Great Choice,16
train,2960,2026-03-03 17:01:47,The lead U.S. cyber agency is stretched thin as Iran hacking threat escalates,-1
train,2961,2026-03-03 18:19:20,Better S&P 500 ETF: __COMPANY__ 's SPY vs. Vanguard's VOO,8
train,2962,2026-03-03 18:56:03,__COMPANY__ 's Van Beurden on Leveraging AI,6
train,2963,2026-03-03 19:59:22,"Update: Market Chatter: __COMPANY__ , __COMPANY__ to Provide $1 Billion Loan for Select Medical Buyout",2
train,2964,2026-03-03 20:05:39,US banks on high alert for cyberattacks as Iran war escalates,-1
train,2965,2026-03-03 20:59:44,Sector Update: Financial Stocks Retreat Late Afternoon,5
train,2966,2026-03-03 22:05:00,"Top Research Reports for Broadcom, AT&T & Vertex Pharmaceuticals",65
train,2967,2026-03-03 23:14:23,Is __COMPANY__ __TICKER__ Offering Value After Recent Share Price Pullback?,7
train,2968,2026-03-04 04:39:29,__COMPANY__ : Market Direction Will Be Down For a Bit,-1
train,2969,2026-03-04 05:01:00,Why __COMPANY__ ’s PRIV Quintupled in Assets in a Single Day,32
train,2970,2026-03-04 08:22:55,How The Investment Story Is Shifting For Uniti Group (UNIT) After The Latest Analyst Revisions,25
train,2971,2026-03-04 08:34:49,U.S. Treasury Yields Rise But Flight to Safety Seen Ahead,36
train,2972,2026-03-04 08:40:00,Delinquencies Flatten Out Amid Signs Of Commercial Real Estate Recovery,-1
train,2973,2026-03-04 08:44:45,' __COMPANY__ Owed About £500 Million by Collapsed UK Lender MFS',-1
train,2974,2026-03-04 09:26:48,Trump sides with crypto firms in trillion-dollar battle with banks over stablecoin yield,1
train,2975,2026-03-04 10:07:53,How The Church & Dwight (CHD) Investment Story Is Shifting With New 2026 Expectations,-1
train,2976,2026-03-04 10:11:34,Is There Still Value In __TICKER__ Group (ENXTAM:INGA) After Its Strong Multi Year Rally,40
train,2977,2026-03-04 10:19:27,Coinbase leads crypto stocks higher after Trump signals support for digital asset market structure bill,1
train,2978,2026-03-04 11:00:00,Amphastar Pharmaceuticals to Present at the __COMPANY__ 28th Annual Global Healthcare Conference,-1
train,2979,2026-03-04 11:00:42,A Look Into __COMPANY__ Bank Inc's Price Over Earnings,18
train,2980,2026-03-04 11:21:07,"__TICKER__ Comments on Euro, Hungary's Forint, Poland's Zloty, Czech Republic's Koruna, Romania's Leu, Turkey's Lira",11
train,2981,2026-03-04 11:30:29,Tracking the gold trade: 3 reasons Wall Street is still bullish,39
train,2982,2026-03-04 11:35:00,"3 Simple ETFs to Buy With $1,000 and Hold for a Lifetime",8
train,2983,2026-03-04 12:06:33,__TICKER__ Says Yen Starts to Benefit as Risk-Off Intensifies With No End in Sight to Energy Supply Halt,33
train,2984,2026-03-04 12:22:59,Trump officially nominates Kevin Warsh as Fed chair to replace Jerome Powell,-1
train,2985,2026-03-04 13:00:00,Pacira BioSciences to Participate in Fireside Chat at the __COMPANY__ 28th Annual Global Healthcare Conference,21
train,2986,2026-03-04 13:10:57,Does Neudata Partnership Signal a Turning Point in __COMPANY__ ’s Data Strategy and Moat __TICKER__ ?,-1
train,2987,2026-03-04 13:49:00,3 Major Regional Banks to Bet on Amid Favorable Industry Tailwinds,-1
train,2988,2026-03-04 14:20:03,Sector Update: Financial Stocks Advance Pre-Bell Wednesday,5
train,2989,2026-03-04 14:40:03,Is __COMPANY__ __TICKER__ a Great Value Stock Right Now?,-1
train,2990,2026-03-04 14:40:04,Is Axos Financial (AX) Stock Outpacing Its Finance Peers This Year?,-1
train,2991,2026-03-04 14:49:12,Shippers and Oil Traders Seek Details on Trump’s Convoy Plan,17
train,2992,2026-03-04 15:08:00,"Willis Lease Finance Corporation Welcomes Marilyn Gan as Head of Origination, Asia Pacific",-1
train,2993,2026-03-04 15:11:07,How The lululemon (LULU) Story Is Shifting With New Leadership And Mixed Wall Street Views,25
train,2994,2026-03-04 15:19:45,' __COMPANY__ Exposure to Failed Lender MFS More Than £200 Million',-1
train,2995,2026-03-04 16:40:02,__TICKER__ or ITUB: Which Is the Better Value Stock Right Now?,37
train,2996,2026-03-04 16:54:39,91-year-old Wall Street giant inches closer to first Bitcoin ETF,8
train,2997,2026-03-04 18:52:50,Sector Update: Financial Stocks Increase Wednesday Afternoon,5
train,2998,2026-03-04 19:00:28,__COMPANY__ and BMO Cut SAP SE (SAP) Price Targets but Remain Bullish,-1
train,2999,2026-03-04 20:10:58,"__COMPANY__ : The Market Overheated, But The Bull Case Now Offers Strong Returns",-1
train,3000,2026-03-04 21:11:32,How The TEGNA (TGNA) Narrative Is Shifting With The New US$22 Price Target,25
train,3001,2026-03-04 22:45:04,__COMPANY__ __TICKER__ Rises Higher Than Market: Key Facts,-1
validation,0,2026-03-05 00:46:44,"Eric Trump Says __COMPANY__ , __COMPANY__ And __COMPANY__ Trying To Block Americans From Getting Higher Yields On Savings By Sabotaging Clarity Act",-1
validation,1,2026-03-05 04:28:00,U.S. Bank Stocks Trade Down In February,30
validation,2,2026-03-05 05:03:00,"Robinhood, TradePMR Join Growing Referral Space",-1
validation,3,2026-03-05 07:11:00,"__TICKER__ Bank, Ltd. announces Notice Regarding Changes of Representatives of the Board of Directors",-1
validation,4,2026-03-05 08:01:00,AlbaCore Capital Group and __COMPANY__ Financial Group Announce Infrastructure Debt Platform,2
validation,5,2026-03-05 08:52:00,"Zacks Industry Outlook Highlights U.S. Bancorp, The __COMPANY__ and Northern Trust",-1
validation,6,2026-03-05 11:15:20,"__TICKER__ Comments on Euro, Sterling, Poland's Zloty",11
validation,7,2026-03-05 12:08:50,__COMPANY__ 2018 enforcement action terminated,-1
validation,8,2026-03-05 12:17:26,"__COMPANY__ Announces Termination Of Federal Reserve's 2018 Consent Order Regarding Governance Overnight, Compliance, Operational Risk Management",-1
validation,9,2026-03-05 12:33:59,__TICKER__ Says Bank of Japan Still on Track to Hike Rates,33
validation,10,2026-03-05 12:36:51,Halifax lowers mortgage costs as lenders rethink rate cuts amid Middle East conflict,14
validation,11,2026-03-05 12:48:25,5 of __COMPANY__ ’s US1 List Top Picks Also Pay Big Passive Income,-1
validation,12,2026-03-05 13:19:00,5 Sector ETFs Held Steady Amid Iran Conflicts,8
validation,13,2026-03-05 13:42:34,__TICKER__ Says War in The Middle East Takes ECB Rate Cuts Off The Table,-1
validation,14,2026-03-05 13:56:32,4 credit card mistakes that are costing you in fees — and the cards that fix them,31
validation,15,2026-03-05 14:34:37,"The S&P 500 shrugs off 1% and 2% daily drops all the time. Investors can, too, financial advisors say",-1
validation,16,2026-03-05 15:00:41,P/E Ratio Insights for __COMPANY__,18
validation,17,2026-03-05 15:33:00,Dollar Lifted by Expected Boost to U.S. Terms of Trade,38
validation,18,2026-03-05 16:05:01,Fed terminates enforcement action imposed on __COMPANY__ due to fake accounts scandal,26
validation,19,2026-03-05 16:14:00,__COMPANY__ 2018 Federal Reserve Consent Order Terminated,-1
validation,20,2026-03-05 16:50:57,__COMPANY__ Freed From Key Consent Order Tied to Fake-Accounts Scandal,26
validation,21,2026-03-05 17:00:29,Blue Owl: Private Credit Concerns Make Me Wary,31
validation,22,2026-03-05 17:27:00,__COMPANY__ Cuts 3% Workforce Despite Record Revenues in 2025,66
validation,23,2026-03-05 17:30:16,"Fed terminates __COMPANY__ order, resolving fake accounts scandal",26
validation,24,2026-03-05 19:15:39,"Mortgage rates tick up, Fed lifts 2018 enforcement on __COMPANY__",14
validation,25,2026-03-05 19:17:53,Here's How Much $1000 Invested In Banco __COMPANY__ 5 Years Ago Would Be Worth Today,48
validation,26,2026-03-05 21:11:15,The __COMPANY__ Bank __TICKER__ Reports Record Q1 Earnings Fueled by Strong Revenue and Volume Growth,-1
validation,27,2026-03-05 21:18:00,__COMPANY__ Recruits $1.7 Billion __TICKER__ Financial Advisor Team,-1
validation,28,2026-03-05 22:38:00,The WSJ Dollar Index Rises 0.29% to 95.86,-1
validation,29,2026-03-05 23:14:14,Expedia Group (EXPE) Stock Is Trending Overnight: What You Should Know,40
validation,30,2026-03-05 23:17:27,How The Lincoln National (LNC) Narrative Is Shifting With New Targets And Sector Pressures,25
validation,31,2026-03-06 00:17:42,Assessing SLM (SLM) Valuation After ABS Deal Pricing And Supportive __COMPANY__ Commentary,-1
validation,32,2026-03-06 01:12:59,__TICKER__ Groep Buybacks Highlight Capital Returns And Income Trade Offs,49
validation,33,2026-03-06 02:09:53,Custody Bank Stocks Q4 Results: Benchmarking __COMPANY__ ( __TICKER__ ),-1
validation,34,2026-03-06 02:40:27,"__COMPANY__ , __COMPANY__ Cut Campbell’s (CPB) Price Targets as Outlook Weakens",-1
validation,35,2026-03-06 02:55:00,"Fewer Deals, Bigger Stakes: Deciphering The 2026 M&A Landscape And The Rise Of Megadeals",-1
validation,36,2026-03-06 05:50:43,US Grants Temporary Waiver for India to Import Russian Oil,17
validation,37,2026-03-06 08:44:35,CIBC and BMO Capital Raises PT on The __COMPANY__ __TICKER__,-1
validation,38,2026-03-06 08:53:29,' __TICKER__ fee-sharing deals with Carlyle and CVC spark conflict of interest fears' - Financial Times,-1
validation,39,2026-03-06 09:20:10,Just got laid off? Here's where to put your severance right now,-1
validation,40,2026-03-06 10:10:00,"The Zacks Analyst Blog Highlights SPY, DIA, QQQ, WCLD, XTL, RSPC, IHF and XOP",-1
validation,41,2026-03-06 11:49:57,US Fed ends 2018 enforcement action against __COMPANY__,-1
validation,42,2026-03-06 13:00:00,__COMPANY__ Announces 2027 Earnings Release Date Information,27
validation,43,2026-03-06 13:00:50,__COMPANY__ Unusual Options Activity For March 06,41
validation,44,2026-03-06 13:10:31,How The Airtel Africa ( __TICKER__ ) Investment Story Is Shifting With New Targets And Buybacks,25
validation,45,2026-03-06 13:13:03,Guardian Capital LP Initiates Position in Boyd Group Services,-1
validation,46,2026-03-06 14:00:07,__COMPANY__ & Company __TICKER__ is Attracting Investor Attention: Here is What You Should Know,-1
validation,47,2026-03-06 14:00:32,Set It and Forget It: The Dividend Stocks Worth Holding for the Rest of Your Life,3
validation,48,2026-03-06 15:00:31,How Is The Market Feeling About Banco __COMPANY__ SA?,-1
validation,49,2026-03-06 15:48:00,"Investors Dump Bank, Brokerage Stocks As Oil Spikes and Jobs Report Disappoints",-1
validation,50,2026-03-06 16:04:08,European Equities Traded in the US as American Depositary Receipts Fall in Friday Trading; Down 5% for Week,38
validation,51,2026-03-06 16:32:38,How Is __COMPANY__ 's Stock Performance Compared to Other Financial Service Stocks?,57
validation,52,2026-03-06 16:48:00,Truist Financial Gains 14.9% in a Year: How to Play the Stock Now,-1
validation,53,2026-03-06 17:27:38,"__COMPANY__ favours exchanges amid market volatility, upgrades Intercontinental",-1
validation,54,2026-03-06 17:58:00,__COMPANY__ 's 2018 Enforcement Action Terminated by the Federal Reserve,-1
validation,55,2026-03-06 18:07:52,__COMPANY__ Exposure To MFS Collapse Puts Asset Backed Lending Under Review,-1
validation,56,2026-03-06 18:19:37,3 Reasons to Avoid __TICKER__ and 1 Stock to Buy Instead,37
validation,57,2026-03-06 19:34:37,"Houlihan Lokey, __COMPANY__ , Stifel, Blackstone, and TPG Shares Plummet, What You Need To Know",-1
validation,58,2026-03-06 19:38:54,__COMPANY__ Neutral on Urban Outfitters (URBN),-1
validation,59,2026-03-06 20:09:56,How The Adobe (ADBE) Investment Story Is Shifting With AI Deals And Cooler Valuation Hopes,6
validation,60,2026-03-06 21:12:49,"__COMPANY__ Record Q1, Buyback And AI Spend Test Dividend Strength",52
validation,61,2026-03-06 21:54:00,"Another Rough Friday for Bank, Brokerage Stocks as Oil Spikes and Jobs Report Disappoints",-1
validation,62,2026-03-07 03:12:08,How Fed Consent Order Exit And Capital Moves At __COMPANY__ __TICKER__ Has Changed Its Investment Story,-1
validation,63,2026-03-07 11:01:06,Why __COMPANY__ Sees Promise in SentinelOne (S) but Stops Short of Going Bullish,-1
validation,64,2026-03-07 11:01:22,Why __COMPANY__ Is Cautious on Tenable (TENB) Despite Its Market Position,-1
validation,65,2026-03-07 11:02:05,Why __COMPANY__ Thinks Zscaler (ZS) Can Push Through Recent Noise,-1
validation,66,2026-03-07 16:07:45,"Why The Navient (NAVI) Story Is Shifting As Targets, Buybacks And Leadership Change",25
validation,67,2026-03-07 20:06:35,How The Cboe (CBOE) Story Is Shifting As Analysts Rework Targets And Assumptions,25
validation,68,2026-03-07 20:07:08,How The Story On Bank Pekao (WSE:PEO) Is Shifting With The New PLN 237 Target,25
validation,69,2026-03-07 20:08:48,How The UiPath (PATH) Story Is Shifting As Analyst Targets And Fair Value Converge,25
validation,70,2026-03-08 10:10:21,__TICKER__ AlbaCore Deal Expands Infrastructure Debt Access And Valuation Appeal,28
validation,71,2026-03-08 10:35:00,__COMPANY__ : Yields Exceeding 6% On Its Preferred Stock,-1
validation,72,2026-03-08 11:26:00,February Brought 4 New $10B-Plus M&A Deals And Warner Bros. Shakeup,-1
validation,73,2026-03-08 20:08:38,A Look At __COMPANY__ Corporation __TICKER__ Valuation After Recent Share Price Weakness,7
validation,74,2026-03-09 06:00:42,SpaceX's $1.75 Trillion Valuation Target: 'Moonshot' Or Reality? Analyst Points To Two Keys To Success,7
validation,75,2026-03-09 06:15:14,__COMPANY__ Launches First Digital Structured Note on Euroclear Platform for Wealth Investors,1
validation,76,2026-03-09 07:13:33,Is __COMPANY__ (ENXTPA:GLE) Still Attractive After A 63.6% One Year Share Price Jump,40
validation,77,2026-03-09 08:19:52,Scotiabank Lifts PT on The __COMPANY__ Bank __TICKER__ to __TICKER__ $142 From __TICKER__ $132,-1
validation,78,2026-03-09 09:09:45,A Look At __COMPANY__ __TICKER__ Valuation After Strong Revenue And Earnings Figures,-1
validation,79,2026-03-09 09:15:00,Buy These Two 14% Yields And Sleep Like A Baby,-1
validation,80,2026-03-09 10:02:00,__COMPANY__ Issues Inaugural Digitally Native Structured Note on Euroclear's D-FMI DLT Platform,28
validation,81,2026-03-09 10:31:00,3 __COMPANY__ Mellon Mutual Funds to Consider for Your Portfolio,-1
validation,82,2026-03-09 10:41:00,United Therapeutics Gains on $2B Stock Buyback Authorization,10
validation,83,2026-03-09 10:41:51,'Wall Street Banks Offer UAE Staff Option to Relocate Temporarily',-1
validation,84,2026-03-09 10:55:52,EOD: This Fund Still Makes Sense For Income-Seeking Investors,0
validation,85,2026-03-09 11:14:00,3 Non-Tech Stocks in TradeSmith's Green Zone for Financial Health,12
validation,86,2026-03-09 12:03:00,Apple Faces a Memory Crunch. Why Analysts Say the Stock Is Still a Buy.,-1
validation,87,2026-03-09 12:05:11,The Winners and Losers of Monday's Selloff,56
validation,88,2026-03-09 12:09:16,__COMPANY__ ’s 2038 Debt Raises Questions On Valuation And Risk Profile,-1
validation,89,2026-03-09 12:26:23,"The ETF Trade Of 2026 Has Nothing To Do With AI, Nvidia Or Magnificent 7",-1
validation,90,2026-03-09 13:21:02,Sector Update: Financial Stocks Fall Pre-Bell Monday,5
validation,91,2026-03-09 13:38:56,'Big Short' Money Manager Says Prediction Markets Are Taking On The Options Market,-1
validation,92,2026-03-09 13:53:00,Micron Stock Continues to Slide. Why Earnins Could Change That.,-1
validation,93,2026-03-09 14:07:00,"50 Largest U.S. Banks By Total Assets, Q4 2025",-1
validation,94,2026-03-09 14:49:00,Is the Options Market Predicting a Spike in __TICKER__ Group Stock?,9
validation,95,2026-03-09 15:00:00,/R E P E A T -- MEDIA ADVISORY - __TICKER__ Bank Group Executive to Present at the __COMPANY__ Capital Markets Global Financial Institutions Conference/,21
validation,96,2026-03-09 15:13:23,"Shares of banks and financial services companies are trading lower as rising energy prices drive concerns about higher inflation, weighing on investor sentiment. Recent bankruptcies and banks' exposure to software sector leverage have also raised worries about the state of private credit.",30
validation,97,2026-03-09 15:18:29,VDY: Heavy Concentration In Fully Valued Financials Leaves Little Upside,-1
validation,98,2026-03-09 15:31:18,__COMPANY__ resumes coverage of Netflix as streaming giant goes back to plan A,-1
validation,99,2026-03-09 16:43:00,__COMPANY__ : shares and voting rights as of 28 February 2026,41
validation,100,2026-03-09 18:06:18,"Dow rallies 400 points, continuing comeback from Iran war lows, as oil prices retreat: Live updates",-1
validation,101,2026-03-09 19:07:30,"How The Amazon.com (AMZN) Investment Story Is Shifting With AI, Cloud And Valuation Debates",6
validation,102,2026-03-09 19:09:01,Why The __COMPANY__ __TICKER__ Investment Narrative Is Quietly Shifting Into 2026,25
validation,103,2026-03-09 19:09:54,Is __COMPANY__ __TICKER__ Pricing Reflect Its Restructuring Progress And Recent Share Price Pullback,7
validation,104,2026-03-09 19:18:03,__COMPANY__ Raises Micron Price Target Ahead of Earnings,-1
validation,105,2026-03-09 19:36:53,Warsh to meet Tillis as Senate confirmation remains blocked,-1
validation,106,2026-03-09 20:12:07,How The Cisco Systems (CSCO) Investment Story Is Shifting On Growth Hopes And Margin Risks,-1
validation,107,2026-03-09 21:28:41,Western Digital Corporation (WDC) Sets Sights on 50%+ Gross Margin and EPS $20+,13
validation,108,2026-03-10 05:00:00,Is A Potential 'Bear Stearns' Moment On The Horizon?,-1
validation,109,2026-03-10 07:00:00,Progress on share buyback programme,10
validation,110,2026-03-10 07:16:57,U.S. Treasury Yields Decline as Trump Hints Nearing End to Iran War,-1
validation,111,2026-03-10 08:23:05,__COMPANY__ chases lead bank role for middle-market clients,-1
validation,112,2026-03-10 08:26:00,Utilities Trade Focus On Quarterly Results For Long-Term Outlooks,-1
validation,113,2026-03-10 08:55:42,"__COMPANY__ CEO Jane Fraser At __COMPANY__ Capital Markets Conf, Says First Quarter Investment Banking Fees Expected To Grow By Mid-Teens Percentage; Investment Banking Fees Driven By Investment Banking And Equity Capital Markets; Markets Revenues Expected To Grow By Mid-Teens Percentage; Consumer Spending Is Rising, Balance Sheets Are Healthy; Balance Sheets Are Probably The Strongest I've Seen In My Tenure",-1
validation,114,2026-03-10 10:00:46,Is the Market Bullish or Bearish on __COMPANY__ Corp?,-1
validation,115,2026-03-10 10:09:00,United Therapeutics (UTHR) Surges 10.7%: Is This an Indication of Further Gains?,9
validation,116,2026-03-10 11:10:13,__COMPANY__ Inc. __TICKER__ Presents at __COMPANY__ Capital Markets Global Financial Institutions Conference 2026 Transcript,21
validation,117,2026-03-10 11:51:29,4 ways to add gold to your investment portfolio,-1
validation,118,2026-03-10 13:00:00,__TICKER__ Advances Embedded Banking for U.S. Businesses with Workday Integration,-1
validation,119,2026-03-10 13:39:50,"Shares of several global banks are trading higher amid a weaker dollar and oil price declines, which are helping to allay inflationary concerns for energy-importing economies in Europe, Asia and Latin America.",30
validation,120,2026-03-10 14:09:00,__COMPANY__ 's Robust Capital Return Story: What's Fueling It?,-1
validation,121,2026-03-10 14:25:00,__COMPANY__ Stock Slides 12.9% YTD: Time to Buy the Dip or Wait?,9
validation,122,2026-03-10 15:00:18,__COMPANY__ ( __TICKER__ :CA) Presents at __COMPANY__ Capital Markets Global Financial Institutions Conference 2026 Transcript,21
validation,123,2026-03-10 15:13:16,When does a 0% APR credit card offer make sense? 3 things to know before you apply,-1
validation,124,2026-03-10 15:34:51,Tillis maintains blockade on Fed pick Kevin Warsh over Powell probe,-1
validation,125,2026-03-10 16:10:44,__COMPANY__ Stock Rebounds As CEO Jane Fraser Paints A Bullish Picture,-1
validation,126,2026-03-10 17:30:52,Forget Cap-Weighted Indexes: Why This Equal Weight Large-Cap ETF Belongs in Every Retirement Portfolio Instead,8
validation,127,2026-03-10 17:36:00,Can __COMPANY__ Turn Regulatory Relief Into Sustainable Growth?,32
validation,128,2026-03-10 17:40:00,How __COMPANY__ Plans to Achieve 5-6% Y/Y NII Growth in 2026?,-1
validation,129,2026-03-10 19:45:11,HPE Results Mixed But Analysts Stay Optimistic,-1
validation,130,2026-03-10 19:57:20,Amazon Prepares Massive Bond Sale For AI,-1
validation,131,2026-03-10 20:05:09,Explore the top gainers and losers within the S&P500 index in today's session.,-1
validation,132,2026-03-10 20:10:16,Amazon Targets $42 Billion Bond Sale,64
validation,133,2026-03-10 21:00:00,__TICKER__ Bank Group Management Proxy Circular Now Available,-1
validation,134,2026-03-10 23:14:51,How The Narrative On __COMPANY__ Bank ( __TICKER__ ) Is Shifting With New Analyst Targets,25
validation,135,2026-03-11 07:10:44,Did __COMPANY__ ’s New Debt Issuance And Digital Note Launch Just Shift __COMPANY__ 's __TICKER__ Investment Narrative?,-1
validation,136,2026-03-11 07:16:59,__COMPANY__ Acquires Pinch Financial; Terms Not Disclosed,-1
validation,137,2026-03-11 08:02:00,Will __COMPANY__ 's Strategic Collaborations Drive Long-Term Growth? (Revised),-1
validation,138,2026-03-11 10:14:19,Tim Scott hopes Fed Chair Powell investigation 'goes away' to clear Kevin Warsh confirmation,-1
validation,139,2026-03-11 11:11:41,Assessing __TICKER__ Groep (ENXTAM:INGA) Valuation As Its €1.1b Share Buyback Nears 77% Completion,40
validation,140,2026-03-11 11:34:13,"' __COMPANY__ , __COMPANY__ evacuate Dubai offices, __TICKER__ closes Qatar branches as fears grow'",-1
validation,141,2026-03-11 12:30:00,__COMPANY__ Investment Management Launches Investment-Grade Public and Private ABS ETF,8
validation,142,2026-03-11 13:11:00,How to increase your net worth by flipping the script on automated expenses,32
validation,143,2026-03-11 13:36:00,__TICKER__ 's Turnaround Strengthens Growth Outlook: Should You Buy the Stock?,-1
validation,144,2026-03-11 13:51:51,"'Goldman, __COMPANY__ Tell Staff to Exit Dubai Offices Amid Iran Threats'",-1
validation,145,2026-03-11 14:11:00,__TICKER__ 's Fee Income to Benefit From Solid Q1 Capital Markets Performance,51
validation,146,2026-03-11 14:26:25,"__COMPANY__ Flags Agilent Technologies, Cuts Icon PLC Target, and More",-1
validation,147,2026-03-11 14:42:44,__COMPANY__ on the U.S. economy: Risks are tilting to the downside,-1
validation,148,2026-03-11 14:44:00,FNB Expands eStore: Will This Digital Transformation Support Growth?,6
validation,149,2026-03-11 16:00:00,USO vs. XLE: Which energy ETF do you play amid oil volatility?,8
validation,150,2026-03-11 16:05:13,3 Profitable Stocks That Concern Us,12
validation,151,2026-03-11 16:07:12,"Market Chatter: __COMPANY__ , __COMPANY__ Evacuate Dubai Offices Amid Iran Threats",-1
validation,152,2026-03-11 16:11:15,How The Northrop Grumman (NOC) Narrative Is Shifting With New Targets And Policy Risks,25
validation,153,2026-03-11 16:12:39,Almost half of recent college grads are underemployed. Here are 4 tips to bridge the financial gap,-1
validation,154,2026-03-11 16:32:00,__COMPANY__ & Co. stock underperforms Wednesday when compared to competitors,57
validation,155,2026-03-11 16:32:21,__COMPANY__ Corporation __TICKER__ Presents at __COMPANY__ Capital Markets Global Financial Institutions Conference 2026 Transcript,21
validation,156,2026-03-11 16:35:11,__COMPANY__ Evacuates Three Buildings in U.A.E.,-1
validation,157,2026-03-11 16:42:00,__COMPANY__ Corp. stock outperforms competitors on strong trading day,57
validation,158,2026-03-11 17:11:33,How The Pearson ( __TICKER__ ) Investment Story Is Shifting As Valuations And Growth Assumptions Evolve,7
validation,159,2026-03-11 17:24:55,"Pandemic years saw a surprising change in Canada's wealth gap, report says",22
validation,160,2026-03-11 17:35:36,Tracking Stanley Druckenmiller's Duquesne Family Office Portfolio - Q4 2025 Update,0
validation,161,2026-03-11 17:57:38,Sector Update: Financial Stocks Fall Wednesday Afternoon,5
validation,162,2026-03-11 18:48:04,"__COMPANY__ Applies for WFUSD Trademark, Signaling Use in Crypto and Stablecoins",1
validation,163,2026-03-11 18:52:22,The __COMPANY__ Bank ( __TICKER__ :CA) Presents at __COMPANY__ Capital Markets Global Financial Institutions Conference 2026 Transcript,21
validation,164,2026-03-11 19:51:26,Major Wall Street bank files mysterious new trademark,-1
validation,165,2026-03-11 20:57:20,__COMPANY__ __TICKER__ Issues First Digitally Native Structured Note via Euroclear,28
validation,166,2026-03-11 21:23:10,Mario Gabelli Backs __COMPANY__ __TICKER__ on Global Investment Services Strength,-1
validation,167,2026-03-11 21:45:02,__COMPANY__ __TICKER__ Dips More Than Broader Market: What You Should Know,-1
validation,168,2026-03-12 00:17:03,Inside India newsletter: How the war in the Middle East is set to determine India's trade route to Europe,-1
validation,169,2026-03-12 02:09:20,How The Kinsale Capital Group (KNSL) Story Is Shifting As Growth Slows And EPS Holds Up,25
validation,170,2026-03-12 06:30:59,__COMPANY__ Sees Double-Digit EPS Growth for AstraZeneca PLC (AZN),13
validation,171,2026-03-12 06:38:55,CitiBank Said It Would Close All UAE Branches Except One Due To Threat By Iran,-1
validation,172,2026-03-12 06:51:55,"Pentagon Taps Goldman, __COMPANY__ , __COMPANY__ For $200 Billion Defense Initiative: Report",-1
validation,173,2026-03-12 07:00:00,How Might Stocks React After The FOMC's March 2026 Rate Decision?,-1
validation,174,2026-03-12 07:07:31,Why The Skanska (OM:SKA B) Investment Narrative Is Shifting On Subtle Valuation Tweaks,-1
validation,175,2026-03-12 07:15:56,Is The Private Credit Party Over?,31
validation,176,2026-03-12 07:33:00,Central Banks Could Tilt Hawkish as Middle East Conflict Fuels Inflation Risks,-1
validation,177,2026-03-12 07:36:57,"' __COMPANY__ , __TICKER__ Dropped Hedge Fund Embroiled in HK Probe'",-1
validation,178,2026-03-12 07:41:46,"FTAI Aviation, __COMPANY__ And Lam Research: CNBC's 'Final Trades'",-1
validation,179,2026-03-12 08:00:24,Oil Tankers Attacked Off Iraq as Middle East Crisis Worsens,17
validation,180,2026-03-12 08:16:33,"Stocks making the biggest moves premarket: Bumble, Hims & Hers Health, Blue Owl, Netskope & more",12
validation,181,2026-03-12 08:18:20,Why Section 301 probes matter — and what they mean for Trump's tariffs,-1
validation,182,2026-03-12 08:26:50,"XRP, Solana ETF Holders Are 'Diamond Hands,' Bloomberg Analyst Lauds",8
validation,183,2026-03-12 08:30:01,Google brings more AI to navigation with 'Ask Maps' feature that lets users ask complex questions,6
validation,184,2026-03-12 08:48:14,"Stock Market Today: S&P 500, Dow Futures Fall Amid Narrowing Trade Deficit, Jobless Claims Dip— Bumble, __COMPANY__ , Adobe In Focus (UPDATED)",-1
validation,185,2026-03-12 08:52:00,PGIM Jennison Financial Services Fund Q4 2025 Contributors And Detractors,0
validation,186,2026-03-12 08:52:41,__TICKER__ Group shares are trading lower following reports suggesting __COMPANY__ Chase & Co cut ties with the company.,50
validation,187,2026-03-12 08:56:54,"__COMPANY__ , Cliffwater Limit Private Credit Redemptions",-1
validation,188,2026-03-12 09:12:14,How The Alibaba Group Holding ( __TICKER__ ) Narrative Is Shifting With AI And Cloud Uncertainty,6
validation,189,2026-03-12 09:38:20,"Reported Earlier: ' __TICKER__ to settle lawsuit with whistleblower, court filings show'",-1
validation,190,2026-03-12 09:39:42,__COMPANY__ Cuts PT on Hertz (HTZ) to $5 From $5.50 – Here’s Why,13
validation,191,2026-03-12 09:39:54,__COMPANY__ Cuts PT on Marqeta (MQ) to $5 From $6,13
validation,192,2026-03-12 09:44:55,Financial stocks drop in early trade with private-credit fears in focus,5
validation,193,2026-03-12 10:12:00,"These Stocks Are Today’s Movers: Mosaic, UiPath, Atlassian, Firefly, Netskope, and More",-1
validation,194,2026-03-12 10:24:36,"Wall Street May Be Underestimating The Next Stock Market Rally, __COMPANY__ Says",9
validation,195,2026-03-12 10:25:52,Mideast Shipping Crisis Widens With More Tankers Hit in Gulf,17
validation,196,2026-03-12 10:59:35,__COMPANY__ Engineered a QYLD Competitor Yielding Over 10%,-1
validation,197,2026-03-12 11:00:01,"Rivian's crucial R2 EV launch to begin with $58,000 model in spring",-1
validation,198,2026-03-12 11:34:52,Gig workers feel pain at the pump as gas prices hit 21-month highs,-1
validation,199,2026-03-12 11:35:29,"Shares of private credit companies are trading lower after reports that __COMPANY__ limited redemptions at one of its private credit funds. The move follows a similar earlier restriction by BlackRock on a $26 billion private credit fund, raising concerns about industry health and potential contagion risk.",30
validation,200,2026-03-12 11:54:50,Shares of Japanese banks are trading lower amid uncertainty over the Bank of Japan's rate-hike timeline as the Middle East conflict threatens persistent energy inflation.,24
validation,201,2026-03-12 12:10:41,Goldman Hikes Oil Price Forecast Again,17
validation,202,2026-03-12 12:14:19,XLF: Why I Am Upgrading It,8
validation,203,2026-03-12 12:14:34,__COMPANY__ Private Credit Fund Hit With Redemption Requests,-1
validation,204,2026-03-12 12:17:01,Fed chair pick Kevin Warsh meets with more senators as Thom Tillis blockade continues,-1
validation,205,2026-03-12 12:33:49,"Shares of European banks are trading lower as the ongoing Middle East conflict drives oil prices higher and heightens inflation concerns, weighing on broader market sentiment. Also, a stronger dollar and weakening expectations for future rate cuts add further pressure on the sector.",30
validation,206,2026-03-12 12:34:00,"Markets Doubt Trump. Why Wall Street’s Bracing for a Long, Costly Iran War.",58
validation,207,2026-03-12 12:43:40,"Stocks making the biggest moves midday: Lucid, CF Industries, Royal Caribbean, Petco & more",-1
validation,208,2026-03-12 12:54:16,"Stocks Fall, Oil Surges To $95 On Hormuz Standoff: What's Moving Markets Thursday?",-1
validation,209,2026-03-12 13:11:00,"__COMPANY__ Private Credit Fund Caps Withdrawals. More Trouble for Blue Owl Stock, Ares.",-1
validation,210,2026-03-12 13:35:08,Thursday's pre-market session: top gainers and losers in the S&P500 index,-1
validation,211,2026-03-12 13:38:11,__COMPANY__ Caps Private Credit Fund Redemptions; Stock Falls,-1
validation,212,2026-03-12 13:42:20,__COMPANY__ Has Fixed the Business; Not the Valuation,-1
validation,213,2026-03-12 13:53:57,"Shares of banks and financial services stocks are trading lower as the ongoing Middle East conflict drives oil prices higher and heightens inflation concerns, weighing on broader market sentiment. A stronger dollar and diminishing expectations for future rate cuts are adding further pressure on the sector.",30
validation,214,2026-03-12 14:34:52,Asian Equities Traded in the US as American Depositary Receipts Tumble in Thursday Trading,55
validation,215,2026-03-12 14:35:43,14 Ideal 'Safer' Dividend Buys From 70 Mid-March Graham Value All-Stars (GVAS),3
validation,216,2026-03-12 14:37:00,3 Food Stocks With Big Dividend Yields That __COMPANY__ Just Downgraded,3
validation,217,2026-03-12 14:41:00,Precious Metals Fall as Oil Jumps,39
validation,218,2026-03-12 14:58:00,"__COMPANY__ Private-Credit Fund Caps Withdrawals. More Trouble for Blue Owl Stock, Ares.",-1
validation,219,2026-03-12 15:12:00,Is Goldman Stock Still Worth Buying After 53.5% Rally in 2025?,9
validation,220,2026-03-12 15:18:40,Markets' hopes for Fed interest rate cuts are rapidly fading away,36
validation,221,2026-03-12 15:24:12,__COMPANY__ Revises Fed Rate Cut Forecast to September as Iran War Threatens Inflation,-1
validation,222,2026-03-12 15:30:00,Should You Invest in __COMPANY__ Despite Its Premium Valuation?,-1
validation,223,2026-03-12 15:45:10,Top Midday Stories: Oil Prices Soar After More Vessel Attacks in Persian Gulf; SalesForce Sees Muted Demand for $25 Billion Bond Sale,17
validation,224,2026-03-12 15:49:14,"Stock Market Today: Dow Drops 600 On Oil Surge; Airline, Bank, Chip Shares Fall But Dell Posts Gain (Live Coverage)",5
validation,225,2026-03-12 16:00:00,8 Attractive Dividend Stocks For Global Diversification: One Yields More Than 6%,3
validation,226,2026-03-12 16:01:37,Crypto Currents: Goldman tops ripple funds as bitcoin slips below $70K,1
validation,227,2026-03-12 16:16:55,Honda downgraded to Equal Weight from Overweight at __COMPANY__,-1
validation,228,2026-03-12 16:18:00,3 Food Stocks With Big Yields. Why __COMPANY__ Says Be Careful.,-1
validation,229,2026-03-12 16:22:20,__COMPANY__ Warns Of $30B Risk In Private Credit Holdings,-1
validation,230,2026-03-12 16:30:00,MoneyMasters Podcast 3-12-26- Is Your Portfolio Too Tech-Heavy,-1
validation,231,2026-03-12 16:31:02,Here's How Much You Would Have Made Owning __COMPANY__ Stock In The Last 10 Years,48
validation,232,2026-03-12 16:31:29,Qualcomm Stock Warning: Why __COMPANY__ Is Betting That QCOM Will Underperform,-1
validation,233,2026-03-12 16:34:00,__COMPANY__ Inc. stock underperforms Thursday when compared to competitors,-1
validation,234,2026-03-12 16:37:00,"These Stocks Are Today’s Movers: __COMPANY__ , Bumble, CF Industries, Rivian, UiPath, Firefly Aerospace, and More",-1
validation,235,2026-03-12 17:01:12,Mixed options sentiment in __COMPANY__ with shares down 0.85%,-1
validation,236,2026-03-12 17:23:19,"HEICO Corporation (HEI) a Moderate Buy, Analysts See 23% Upside",-1
validation,237,2026-03-12 17:24:51,"__TICKER__ Focused on Growing Mortgage Originations, Credit Cards Business",16
validation,238,2026-03-12 17:35:02,Sector Update: Financial Stocks Fall Thursday Afternoon,5
validation,239,2026-03-12 17:47:11,Rivian Is Down 5% — Did the R2 Reveal Disappoint Wall Street?,-1
validation,240,2026-03-12 17:56:42,"IALT: ETF Blending Long-Short Equity, Bonds And Derivatives",8
validation,241,2026-03-12 18:02:00,Retail Investors Are Bearish as Hedge Funds Bet on Big Gains. The Market Needs Both to Recover.,-1
validation,242,2026-03-12 18:04:27,"S&P 500 is under pressure again from oil crisis, heads for third-straight losing week: Live updates",-1
validation,243,2026-03-12 18:16:31,__COMPANY__ Raises Price Targets on 3 Tech Giants by 10% and More,42
validation,244,2026-03-12 18:22:44,__COMPANY__ downgrades Generac as catalysts play out and upside appears limited,43
validation,245,2026-03-12 18:31:00,A toxic mix of private-credit panic and climbing bond yields is hammering financial stocks,-1
validation,246,2026-03-12 18:48:48,Private Credit Worries Spread To This Major Bank,31
validation,247,2026-03-12 18:50:13,Royal Caribbean Plunges 6% as Oil Shock Torpedoes Cruise Stocks,17
validation,248,2026-03-12 18:56:51,Why __COMPANY__ __TICKER__ Stock Is Trading Lower Today,-1
validation,249,2026-03-12 19:05:02,Explore the S&P500 index on Thursday and find out which stocks are the most active in today's session.,12
validation,250,2026-03-12 19:05:41,How The __COMPANY__ ( __TICKER__ ) Investment Narrative Is Shifting With New Analyst Valuations,25
validation,251,2026-03-12 19:07:36,Corning Could Hit $144 by End of 2026 — __COMPANY__ Sees $10.3B Scale-Out Revenue as the Catalyst,-1
validation,252,2026-03-12 19:32:00,"Battery maker Enovix poised for long-term growth, says __COMPANY__",-1
validation,253,2026-03-12 19:44:00,3 Ways to Grow Your Practice by Moving Out of Your Comfort Zone,-1
validation,254,2026-03-12 19:54:58,Asia-Pacific markets tumble as investors brace for a prolonged war in Middle East,-1
validation,255,2026-03-12 20:09:06,How The Narrative Is Shifting For Computershare (ASX:CPU) As Valuation Targets Converge,-1
validation,256,2026-03-12 20:15:00,__COMPANY__ Declares Preferred Stock Dividends Payable in April and May 2026,3
validation,257,2026-03-12 20:28:50,__COMPANY__ Notes Strong Profitability and Sales Performance at The TJX Companies (TJX),-1
validation,258,2026-03-12 20:57:27,__COMPANY__ Caps Redemptions as Private Credit Pressures Rise,31
validation,259,2026-03-12 21:23:21,National Steel Q4 Earnings Call Highlights,-1
validation,260,2026-03-12 21:50:03,Here's Why __COMPANY__ __TICKER__ Fell More Than Broader Market,-1
validation,261,2026-03-12 21:50:04,__COMPANY__ __TICKER__ Declines More Than Market: Some Information for Investors,-1
validation,262,2026-03-12 22:00:04,Why __COMPANY__ __TICKER__ Dipped More Than Broader Market Today,-1
validation,263,2026-03-12 23:51:51,Why Integra LifeSciences (IART) Shares Are Sliding Today,-1
validation,264,2026-03-13 00:12:30,Why __COMPANY__ Stock Sank by 4% Today,57
validation,265,2026-03-13 00:31:51,Why __COMPANY__ __TICKER__ Shares Are Sliding Today,-1
validation,266,2026-03-13 00:41:51,"__COMPANY__ __TICKER__ Stock Trades Down, Here Is Why",-1
validation,267,2026-03-13 00:44:27,Dow Inc. (DOW) Surges 9.3% as __COMPANY__ Hikes Price Target by 43%,-1
validation,268,2026-03-13 04:33:35,How The Jet2 (AIM:JET2) Investment Narrative Is Shifting As Analyst Targets Tighten,25
validation,269,2026-03-13 06:00:00,__COMPANY__ analysts are most bullish on these 10 European stocks versus consensus,-1
validation,270,2026-03-13 06:03:25,India's Modi reaches out to Iran as energy crunch fears grip the South Asian nation,-1
validation,271,2026-03-13 06:42:00,__COMPANY__ sees AI jobs surge in 3 areas related to AI—even though there’s not enough revenue yet,6
validation,272,2026-03-13 07:12:03,"Oil Shock, Private Credit Cracks & Adobe's Bittersweet Beat",31
validation,273,2026-03-13 07:20:00,__COMPANY__ warns an AI breakthrough Is coming in 2026 — and most of the world isn’t ready,6
validation,274,2026-03-13 08:19:50,Many Dubai expats fled as the war in the Middle East escalated. Those that stayed say life is 'functioning but tense',-1
validation,275,2026-03-13 08:26:00,Warren Buffett Wrapped Up His Illustrious Investing Career by Selling 50% of His __COMPANY__ Stake and Piling Around $1.2 Billion Into This Scorching-Hot Oil Stock,48
validation,276,2026-03-13 09:30:26,Wall Street’s Own Stock Is Getting Hammered on Reddit and Here’s What Investors Are Missing,-1
validation,277,2026-03-13 09:43:00,Why Oil Prices Are Surging Above $100 Even After U.S. Lifts Russia Sanctions,17
validation,278,2026-03-13 10:04:54,"Reported Earlier: ' __TICKER__ , __COMPANY__ to Get Stablecoin Licenses in Hong Kong'",-1
validation,279,2026-03-13 10:53:00,Markets Have Had 2 Weeks of Pain. That Luck Won’t Change on Friday the 13th.,-1
validation,280,2026-03-13 10:59:10,"Alliant Credit Union mortgage review 2026: 0%-Down, no-PMI loans for first-time buyers and physicians",14
validation,281,2026-03-13 11:00:05,__COMPANY__ Reaffirms Buy Rating on Herc Holdings (HRI),-1
validation,282,2026-03-13 11:00:18,Recent Report Shows That Rep. Jonathan Jackson Bought Up to $275K Worth of __COMPANY__ Stock,-1
validation,283,2026-03-13 11:03:22,"Even if oil moves back to $60, this oil stock stand out: __COMPANY__",-1
validation,284,2026-03-13 11:16:25,__COMPANY__ More Confident on Carnival (CCL) Amid Strong Cruise Demand and Booking Patterns,-1
validation,285,2026-03-13 11:16:28,"__COMPANY__ Bullish on General Motors (GM), Describes It As Leading Automaker",-1
validation,286,2026-03-13 11:46:26,"Stocks Rise Pre-Bell as Traders Await Key Inflation Report, Monitor Oil Prices Amid Middle East War",5
validation,287,2026-03-13 11:53:06,__COMPANY__ ’s North Haven BDC sticks to 5% cap as redemption requests reach 10.9%,-1
validation,288,2026-03-13 11:58:31,__COMPANY__ ’s Hartnett Warns Markets Are Starting to Look Like 2008,25
validation,289,2026-03-13 12:12:02,__COMPANY__ Dubai Evacuation Puts Operational Risks And Valuation In Focus,-1
validation,290,2026-03-13 12:31:39,3 Big Reasons __TICKER__ Should Be On Your Watchlist,-1
validation,291,2026-03-13 12:39:00,What Is the Jones Act and Why It Matters for Soaring Oil Prices,17
validation,292,2026-03-13 13:01:07,Analysis: The U.S. is running out of ways to get oil prices down. It is up to the military.,17
validation,293,2026-03-13 13:02:00,"CNBC Halftime Report Final Trades: Meta Platforms, NVIDIA, __COMPANY__ , __COMPANY__ Nasdaq-100 Premium Income ETF",-1
validation,294,2026-03-13 13:05:00,"Wall Street Roundup: War, Oil, Airlines, Energy, AI, Private Credit",-1
validation,295,2026-03-13 13:11:44,"Final Trades: __COMPANY__ , Nvidia, Meta and the GPIQ",-1
validation,296,2026-03-13 13:14:00,Oil Prices Fall Below $100. India Asks Iran to Allow 23 Tankers Through Strait of Hormuz.,17
validation,297,2026-03-13 13:16:15,'SpaceX Discusses Dividing Up Bank Roles In Echo Of Alibaba's Lineup; Discusses Dividing IPO Roles Among Many Investment Banks; SpaceX Considered Having __COMPANY__ And __COMPANY__ Focusing On Allocating Shares To Institutional Investors; Considered __COMPANY__ And __COMPANY__ Oversee Selling Shares To Individual Investors' - The Information,-1
validation,298,2026-03-13 13:35:01,"Down 12.9% in 4 Weeks, Here's Why Goldman __TICKER__ Looks Ripe for a Turnaround",-1
validation,299,2026-03-13 13:35:14,9 Financials Stocks With Whale Alerts In Today's Session,12
validation,300,2026-03-13 14:03:46,"More people will own a humanoid robot than a car by 2060, __COMPANY__ predicts",-1
validation,301,2026-03-13 14:11:34,Assessing Ligand Pharmaceuticals (LGND) Valuation After __COMPANY__ ’s New Buy Rating,-1
validation,302,2026-03-13 14:52:19,__COMPANY__ : Recent Pullback Provides A Buying Opportunity,10
validation,303,2026-03-13 14:57:51,DOJ to appeal judge's decision to block Fed subpoenas in Powell criminal probe,-1
validation,304,2026-03-13 15:00:00,Barron’s 100 Most Influential Women in U.S. Finance,-1
validation,305,2026-03-13 15:00:52,Nvidia's GTC will mark an AI chip pivot. Here's why the CPU is taking center stage,60
validation,306,2026-03-13 15:27:00,"Canadian Banks On Solid Ground, But Uncertainty Hangs Over Outlook",22
validation,307,2026-03-13 15:38:00,"This pocket of software is likely to outperform going forward, __COMPANY__ says",-1
validation,308,2026-03-13 15:40:02,__TICKER__ or MKTX: Which Is the Better Value Stock Right Now?,37
validation,309,2026-03-13 15:52:46,__COMPANY__ Remains Bullish on Petco (WOOF) With $3.95 Price Target,42
validation,310,2026-03-13 16:11:46,European Equities Traded in the US as American Depositary Receipts Decline in Friday Trading,38
validation,311,2026-03-13 16:24:23,"TSX Down 188 Points at Midday With Miners, Info Tech, The Worst Performers",-1
validation,312,2026-03-13 16:46:00,Oil Prices Hover Near $100. India Asks Iran to Allow 23 Tankers Through Strait of Hormuz.,17
validation,313,2026-03-13 16:59:00,"David Bailin: Armed With AI, an Ex- __COMPANY__ CIO Strives to Shake Up the Industry",6
validation,314,2026-03-13 17:07:08,__COMPANY__ forecasts oil at $100 a barrel for March,17
validation,315,2026-03-13 17:11:54,How Coca-Cola (KO) Narrative Is Shifting As Analysts Rework Targets And Bottler Focus,25
validation,316,2026-03-13 17:57:46,__COMPANY__ Stands Out During Recent Dip In Bank Stocks,-1
validation,317,2026-03-13 18:05:45,Billionaire Investor Stanley Druckenmiller Bullish on Stablecoin Growth,1
validation,318,2026-03-13 18:09:08,This Is Elon Musk's Latest Optimus 3 Production Timeline,-1
validation,319,2026-03-13 18:12:26,Why The Centrica ( __TICKER__ ) Narrative Is Shifting As Analysts Reassess Upside And Risks,25
validation,320,2026-03-13 18:30:00,Bargain Alert: __COMPANY__ and __COMPANY__ Look Deeply Oversold,-1
validation,321,2026-03-13 18:58:45,Why PAR Technology (PAR) Stock Is Down Today,-1
validation,322,2026-03-13 19:00:29,Wall Street Icon Warns: Waiting for Perfect Info Will Keep You on the Sidelines — How Top Traders Get In Early,-1
validation,323,2026-03-13 19:05:03,Explore the S&P500 index on Friday and find out which stocks are the most active in today's session.,-1
validation,324,2026-03-13 19:11:23,How The Himadri Speciality Chemical (BSE:500184) Narrative Is Evolving With An Unchanged ₹470 Target,25
validation,325,2026-03-13 21:01:13,"Stan Druckenmiller Says 'We Don't Know How This Movie Is Going to Play Out' on AI, Jobs and Inflation — Here's How Workers Can Prepare for What's Next",6
validation,326,2026-03-13 21:28:00,What Is the Jones Act and How Would Waiving It Help Lower Oil Prices?,17
validation,327,2026-03-13 22:30:20,"__COMPANY__ Says ""A Lot of Art Changing Hands"" — Why High‐Net‐Worth Investors Are Paying Attention",-1
validation,328,2026-03-14 01:12:13,How The S&P Global (SPGI) Story Is Shifting As Analysts Recalibrate AI And Valuation Risks,25
validation,329,2026-03-14 02:42:51,"__COMPANY__ Starts Coverage of Hasbro (HAS), Sees Balanced Risk and Reward",-1
validation,330,2026-03-14 04:24:29,Does __COMPANY__ __TICKER__ Offer Value After Recent Share Price Pullback?,7
validation,331,2026-03-14 08:15:22,Geopolitical risk shocks S&P 500 as Goldman warns of oil-driven GDP drag,-1
validation,332,2026-03-14 09:15:00,Hedge Your Portfolio With These Two 11%+ Yield Covered Call ETFs,8
validation,333,2026-03-14 10:13:54,Goldman: Software giants face ‘radical transformation’ as agentic AI rises,6
validation,334,2026-03-14 11:02:34,‘Get Your Shopping Lists Ready’: __COMPANY__ Suggests 2 Stocks to Buy as Market Weakness Could Create Opportunity,12
validation,335,2026-03-14 12:00:00,Here are the ways private-credit pain could hurt your portfolio,31
validation,336,2026-03-14 13:40:42,Kohl’s price target lowered to $14 from $20 at __COMPANY__,-1
validation,337,2026-03-14 13:56:06,__COMPANY__ says Fed risks are skewed towards later and more cuts,-1
validation,338,2026-03-14 14:00:44,__COMPANY__ ‘most constructive’ on Match Group shares in years,-1
validation,339,2026-03-14 14:41:41,Jim Cramer Says He Would “Stick With __COMPANY__ ”,-1
validation,340,2026-03-14 15:08:05,The Bull Case For __COMPANY__ __TICKER__ Could Change Following Supportive Wall Street Commentary On Its Rate-Sensitive Model,25
validation,341,2026-03-14 15:09:56,How The Greenbrier Companies (GBX) Story Is Shifting On Earnings Quality And Valuation Hopes,-1
validation,342,2026-03-14 15:20:00,"__COMPANY__ Sees a ""Flight to Quality"" in Artificial Intelligence (AI). This Stock Fits the Bill for 2026.",6
validation,343,2026-03-14 16:55:28,"__COMPANY__ lifts memory chip forecasts, expects no supply cuts from Iran conflict",-1
validation,344,2026-03-14 17:31:16,"__COMPANY__ Executive Says Some Clients Are 'Glad' Iran War Shifted Focus Away From Software Exposure, Private Credit Woes: Report",31
validation,345,2026-03-14 17:46:32,"Best CD rates today, March 14, 2026 (best account provides 4% APY)",-1
validation,346,2026-03-14 18:03:00,__COMPANY__ has a stark warning for stock investors,-1
validation,347,2026-03-14 19:25:05,__COMPANY__ : Bank Isn’t Leaving Middle East and Reports About Strikes Are False,-1
validation,348,2026-03-14 20:09:29,How The Autodesk (ADSK) Investment Story Is Evolving As Growth Assumptions And Valuations Reset,-1
validation,349,2026-03-14 20:36:16,"__COMPANY__ Lowers PT on NU Holdings (NU), Keeps a Hold Rating",-1
validation,350,2026-03-14 21:13:06,A Look At Air Products And Chemicals (APD) Valuation After __COMPANY__ ’s Overweight Upgrade And Hydrogen Contract Wins,-1
validation,351,2026-03-14 22:10:21,How The Western Alliance (WAL) Investment Narrative Is Shifting After Recent Credit Headlines,31
validation,352,2026-03-14 23:54:15,$15 billion exit: Asian equities tumble as Goldman warns of prolonged oil shock,-1
validation,353,2026-03-15 00:16:49,How The Ardagh Metal Packaging (AMBP) Narrative Is Shifting As Analyst Targets Diverge,25
validation,354,2026-03-15 00:35:03,Goldman: AI PCs to buck 10% market slump as ‘edge computing’ demand accelerates,6
validation,355,2026-03-15 01:37:00,__COMPANY__ revamps Brent crude forecast for the rest of 2026,-1
validation,356,2026-03-15 03:47:04,"Anthony Scaramucci Says Bank Of New York CEO Sees AI Agents As Employees, Not Just Tools",6
validation,357,2026-03-15 06:00:36,"Oil CEOs Warn of Supply Shock, __COMPANY__ & BlackRock Limit Withdrawals And More: This Week In Economy",-1
validation,358,2026-03-15 09:45:00,"Warren Buffett returned 6,000,000% plus for investors over 60 years. Here are his 5 biggest wins and what to learn",48
validation,359,2026-03-15 11:58:54,What Would It Take to Tip the Economy into Recession?,-1
validation,360,2026-03-15 12:06:47,Is There Now An Opportunity In __COMPANY__ __TICKER__ After Recent Share Price Weakness,-1
validation,361,2026-03-15 13:17:00,U.S. Shipbuilding Revival: 3 Stocks to Watch Now,12
validation,362,2026-03-15 15:17:46,Why the United Arab Emirates is a target for Iran's aggression,58
validation,363,2026-03-15 17:07:48,__COMPANY__ Recasts Model With XRP ETFs And Private Capital Focus,8
validation,364,2026-03-15 17:31:16,Exclusive: __COMPANY__ And BlackRock Limit Withdrawals—Is Private Credit Gating A Crisis Or Market 'Stabilizer'?,31
validation,365,2026-03-15 17:55:12,__COMPANY__ Corporation __TICKER__ Says Q1 Results Are Expected to Come in Stronger Than Previously Anticipated,-1
validation,366,2026-03-15 17:56:15,"__TICKER__ Lowers its Price Target on Lazard, Inc. (LAZ) to $48 from $59 and Maintains a Neutral Rating",61
validation,367,2026-03-15 17:57:09,"__COMPANY__ Raises its Price Target on The __COMPANY__ Group, Inc. __TICKER__ to $826 from $815 and Maintains a Neutral Rating",-1
validation,368,2026-03-15 17:57:41,__COMPANY__ Corporation __TICKER__ Says Q1 Net Interest Income Is Tracking at Least 7% Higher Year Over Year,51
validation,369,2026-03-15 18:25:29,__COMPANY__ Lifts PT on Johnson & Johnson (JNJ) to $274 From $250 – Here’s Why,-1
validation,370,2026-03-15 18:25:37,__COMPANY__ Cuts PT on Wyndham Hotels & Resorts (WH) to $85 From $89 – Here’s Why,-1
validation,371,2026-03-15 18:49:20,__COMPANY__ Adjusts PT on BP p.l.c. (BP) to 400 GBp From 370 GBp – Here’s Why,-1
validation,372,2026-03-15 18:49:24,"__COMPANY__ Lifts PT on Shell plc (SHEL) to 3,250 GBp From 2,900 GBp – Here’s Why",-1
validation,373,2026-03-15 18:49:27,__COMPANY__ Lifts PT on TotalEnergies SE (TTE) to EUR 75 From EUR 70 – Here’s Why,-1
validation,374,2026-03-15 18:49:31,__COMPANY__ Lifts PT on Eni S.p.A. (E) to EUR 21 From EUR 18.50 – Here’s Why,-1
validation,375,2026-03-15 19:57:51,Asia-Pacific markets mixed as oil prices stay elevated amid escalating U.S.-Iran tensions,17
validation,376,2026-03-15 21:07:53,__COMPANY__ Uses Zelle To Speed Charitable Giving And Deepen Ties,-1
validation,377,2026-03-15 22:07:00,"Holiday spending, export demand drive China’s economic momentum as Iran war headwinds loom",4
validation,378,2026-03-15 23:09:53,Trump’s warning over Kharg Island raises the stakes for Iran’s oil exports,17
validation,379,2026-03-15 23:13:45,How The Check Point (CHKP) Investment Story Is Shifting As Growth Priorities Meet Firewall Caution,-1
validation,380,2026-03-16 01:28:01,Blue Owl Capital Corporation: Private Credit Risks Keep Rising,-1
validation,381,2026-03-16 02:51:23,CNBC Daily Open: Strait talk from Trump,-1
validation,382,2026-03-16 04:01:00,Clean Energy Regains Its Swagger as Hedge Against Wartime Oil Crisis,17
validation,383,2026-03-16 04:01:00,__COMPANY__ Gives Asset-Backed Securities the Private Treatment,-1
validation,384,2026-03-16 04:01:00,__COMPANY__ Leverages Unique Ability to React Proactively to Private Credit Woes,-1
validation,385,2026-03-16 04:18:17,Jim Cramer Warns Selling Now Is 'Huge Mistake' Despite $104 Brent Amid Iran War: Don't Let '$200 Oil' Naysayers Scare You Out,-1
validation,386,2026-03-16 06:06:56,Street Calls of the Week,56
validation,387,2026-03-16 07:00:01,4 financial resources to tap when you think layoffs may be coming,-1
validation,388,2026-03-16 07:23:35,"Nvidia, __COMPANY__ , Meta And More On CNBC's 'Final Trades'",60
validation,389,2026-03-16 08:37:53,Why traders are getting nervous about Iran's $200 oil warning as the conflict drags on,17
validation,390,2026-03-16 09:09:32,Jim Cramer's top 10 things to watch in the stock market Monday,-1
validation,391,2026-03-16 09:18:54,' __COMPANY__ Inks Lease for Entire Office Tower at NYC's One Bryant Park',-1
validation,392,2026-03-16 09:31:25,"__COMPANY__ Says Should Middle East Conflict Extend Into Second Half Of The Year, Team Sees Brent Averaging $130/Barrel; Says When Iran War Ends, Team Sees Oil Markets Reverting To A Surplus, Driving Brent Back To $65 In 2027",-1
validation,393,2026-03-16 09:38:20,2 Dow Jones Stocks with Promising Prospects and 1 We Brush Off,12
validation,394,2026-03-16 09:44:26,' __COMPANY__ Hires __COMPANY__ 's Farina As Co-Head Of Infra Financing',-1
validation,395,2026-03-16 09:56:53,Nvidia shares are rising before its big AI conference. Here's what Wall Street expects to hear,60
validation,396,2026-03-16 10:01:38,Is Salesforce Undervalued? Company Initiates Record $25 Billion Accelerated Stock Buyback,57
validation,397,2026-03-16 10:06:20,' __COMPANY__ AM Targets $13 Billion for Latest Junior Debt Fund',2
validation,398,2026-03-16 10:08:23,__COMPANY__ Corporation Stock: Is __TICKER__ Outperforming the Financial Sector?,-1
validation,399,2026-03-16 10:38:13,__COMPANY__ 's Mensah Sees 'Healthy Cleanup' in Private Markets,-1
validation,400,2026-03-16 10:57:49,Wall Street Lunch: Private Credit Funds Face $10B Investor Exit Wave,31
validation,401,2026-03-16 11:11:43,__COMPANY__ Corp Credit Card Charge-Off Rate Was 2.24% In Feb 2026; Credit Card Delinquency Rate Was 1.43% At Feb 2026 End,-1
validation,402,2026-03-16 11:16:57,__COMPANY__ Top Energy Picks Have Double-Digit Upside and Pay Big Dividends,-1
validation,403,2026-03-16 11:20:19,__COMPANY__ shares are trading higher in sympathy Commerzbank after UniCredit announced a bid to buy the shares in the German bank that it doesn't already own.,30
validation,404,2026-03-16 11:21:02,' __COMPANY__ Agrees to Settle Claims It Aided Epstein Sex-Trafficking',26
validation,405,2026-03-16 12:32:36,__COMPANY__ Resets S&P 500 Price Target,42
validation,406,2026-03-16 12:52:06,Technical Breakout Setup Emerges for __COMPANY__ CORP ( __TICKER__ ),-1
validation,407,2026-03-16 13:00:02,These 2 Finance Stocks Could Beat Earnings: Why They Should Be on Your Radar,12
validation,408,2026-03-16 13:17:48,Micron Q2 Earnings Preview: What To Expect From Upcoming Report,-1
validation,409,2026-03-16 13:18:38,Sector Update: Financial Stocks Advance Premarket Monday,5
validation,410,2026-03-16 13:24:01,"Stock market correction close to its ending stages, __COMPANY__ ’s Wilson says",-1
validation,411,2026-03-16 13:35:02,"Down 13.6% in 4 Weeks, Here's Why Goldman __TICKER__ Looks Ripe for a Turnaround",-1
validation,412,2026-03-16 13:36:00,Goldman's Expansion in Private Credit: Next Growth Engine?,31
validation,413,2026-03-16 14:32:15,S&P 500 Warning Signal Flashes: The Same Pattern Preceded Every Major Selloff Is Back,-1
validation,414,2026-03-16 15:11:00,Why PayPal’s Rally Faded—And What Could Restart It,-1
validation,415,2026-03-16 15:20:08,"__COMPANY__ urges investors to buy these 3 sectors, not the S&P 500",-1
validation,416,2026-03-16 15:24:40,Nvidia GTC 2026: CEO Jensen Huang sees $1 trillion in orders for Blackwell and Vera Rubin through '27,-1
validation,417,2026-03-16 15:32:52,Stock Market Today: Dow Up As Oil Prices Fall; This Memory Play Clears Entry As Nvidia Pops (Live Coverage),-1
validation,418,2026-03-16 15:47:36,"Accenture May Raise Low End of 2026 Revenue Outlook Despite Weak Demand, __COMPANY__ Says",-1
validation,419,2026-03-16 16:00:00,TCM Group A/S: Major shareholder announcement,-1
validation,420,2026-03-16 16:35:00,__COMPANY__ Inc. stock outperforms competitors on strong trading day,57
validation,421,2026-03-16 16:37:29,"Iran war unlikely to trigger global supply chain crisis, __COMPANY__ says",-1
validation,422,2026-03-16 16:58:11,__COMPANY__ Bullish on Hewlett Packard Enterprise Company (HPE) With Increased Price Target of $25,42
validation,423,2026-03-16 16:58:12,__COMPANY__ Mixed on Global Payments (GPN) As Industry Valuation Multiples Remain Under Pressure,-1
validation,424,2026-03-16 17:26:00,5 Oversold Large-Cap Stocks That May Be Worth Buying Soon,12
validation,425,2026-03-16 17:30:00,Umicore - Transparency notifications by __COMPANY__ Corporation,-1
validation,426,2026-03-16 18:02:24,"Final Trade: BA, __TICKER__ , NKE, SLB",-1
validation,427,2026-03-16 18:09:55,How The Nextdoor Holdings (NXDR) Story Is Shifting With Neutral Targets Around US$2,25
validation,428,2026-03-16 18:33:15,What Does DRAM Memory Spending Trend Mean for Lam Research (LRCX),-1
validation,429,2026-03-16 18:55:26,Ares Management: Beware Catching The Private Credit Falling Knife,31
validation,430,2026-03-16 19:05:03,Stay informed about the most active stocks in the S&P500 index on Monday's session.,-1
validation,431,2026-03-16 19:54:34,Asia-Pacific markets close mixed as oil gains and Iran war keeps investors on edge,17
validation,432,2026-03-16 20:19:00,"__COMPANY__ Agrees to Settle Lawsuit Over Jeffrey Epstein Ties, U.S. Court Says",26
validation,433,2026-03-16 20:22:53,"Why stocks remain resilient despite oil volatility, Hormuz risks",17
validation,434,2026-03-16 20:53:00,Tax Refunds Are Up 11.5% This Year. Who Is Getting the Most.,-1
validation,435,2026-03-16 20:57:00,"Top Research Reports for Philip Morris, Lam Research & __COMPANY__",-1
validation,436,2026-03-16 21:44:28,"__COMPANY__ Initiates Polaris (PII), Flags Tariffs and Soft Demand as Key Risks",-1
validation,437,2026-03-16 22:05:04,Movers and shakers in today's after-hours session for S&P500 stocks?,5
validation,438,2026-03-17 02:22:23,The U.S. dollar is back on top – for now,-1
validation,439,2026-03-17 03:02:07,' __COMPANY__ Hires Goldman's Zhang To Co-Head China IB Business',-1
validation,440,2026-03-17 05:32:24,__COMPANY__ Updates Accenture (ACN) View on Weak Bookings and Talent Shift,25
validation,441,2026-03-17 05:52:36,Private credit’s ‘off-ramp’ emerges as investors look to cash out and default fears grow,31
validation,442,2026-03-17 06:52:18,__COMPANY__ Société anonyme __TICKER__ Presents at European Financials Conference 2026 Transcript,-1
validation,443,2026-03-17 06:53:35,2026 Just Capital rankings: How corporate America is investing in post-ESG era,-1
validation,444,2026-03-17 07:00:00,"Why consumers love, and sometimes hate, tiered loyalty programs",-1
validation,445,2026-03-17 08:22:18,__COMPANY__ Aktiengesellschaft __TICKER__ Presents at European Financials Conference 2026 Transcript,21
validation,446,2026-03-17 09:08:00,"The Zacks Analyst Blog Highlights Philip Morris, Lam Research, __COMPANY__ , Palladyne and Eastern",-1
validation,447,2026-03-17 09:09:28,Epstein Settlement Puts __COMPANY__ Valuation And Governance In Focus,-1
validation,448,2026-03-17 09:45:08,Reported Earlier: 'AT1 Bond Market Set to Reopen With __TICKER__ Raising Dollar Capital',-1
validation,449,2026-03-17 09:54:24,"Stock-Market Euphoria Fades as Investors Turn Bearish, __COMPANY__ Says",-1
validation,450,2026-03-17 10:06:00,Private Credit Funds Have Started Throttling Redemptions. Scaramucci’s SkyBridge Has Done It for Years.,31
validation,451,2026-03-17 10:12:00,EWS pairs with __COMPANY__ to offer Paze,-1
validation,452,2026-03-17 10:25:53,"A 'significant' private credit shakeout on par with Covid losses is coming, predicts __COMPANY__",-1
validation,453,2026-03-17 10:36:30,"__COMPANY__ Just Slashed Its Bitcoin Price Target to $112,000 — Is Washington About to Kill the Bull Run?",-1
validation,454,2026-03-17 10:44:41,Evercore ISI Lowers PT on __COMPANY__ __TICKER__ Keeps a Buy Rating,-1
validation,455,2026-03-17 10:44:44,"__COMPANY__ Corporation __TICKER__ Presents at __COMPANY__ Conference, Here’s What You Need to Know",21
validation,456,2026-03-17 11:00:10,Why Analysts Believe Tokenized Assets Could Become A Trillion-Dollar Market,-1
validation,457,2026-03-17 11:16:08,UK Bank of England expected to hold rates amid energy price surge,14
validation,458,2026-03-17 11:53:30,"Truist Securities Maintains Buy on __COMPANY__ , Lowers Price Target to $94",42
validation,459,2026-03-17 12:00:00,__COMPANY__ Wealth Management Surpasses $1 Trillion in Individual Retirement Account Assets Under Management,-1
validation,460,2026-03-17 12:07:46,"Nu Holdings (NU) Revenue Surges 45% Year-Over-Year, Beats Expectations",-1
validation,461,2026-03-17 12:07:53,"Celsius (CELH) Growth Outlook Strengthens on PepsiCo Distribution Expansion, __COMPANY__ Double Upgrades to Buy",-1
validation,462,2026-03-17 12:13:33,Refined Fuel Prices Jump Faster Than Crude as Oil Surges Over 40%,17
validation,463,2026-03-17 12:39:00,Is Your Portfolio Too Tech-Heavy?,0
validation,464,2026-03-17 12:42:23,__COMPANY__ Initiates Netflix (NFLX) with Equal Weight Rating Amid Global Content Strategy,-1
validation,465,2026-03-17 12:44:19,Chase Freedom Unlimited's limited-time $250 bonus and rewards make it a great starter card for 2026,31
validation,466,2026-03-17 13:00:00,__COMPANY__ Infrastructure Partners Agrees to Sell Bayonne Energy Center,-1
validation,467,2026-03-17 13:00:03,Want Better Returns? Don't Ignore These 2 Finance Stocks Set to Beat Earnings,12
validation,468,2026-03-17 13:01:36,"CNBC Halftime Report Final Trades: eBay, __COMPANY__ , Uber Technologies, Pinnacle Financial Partners",-1
validation,469,2026-03-17 13:03:28,"Final Trades: Uber, Pinnacle Financial, __COMPANY__ and eBay",-1
validation,470,2026-03-17 13:07:00,"__COMPANY__ Cuts 12-Month Bitcoin, Ether Targets As US Crypto Legislation Stalls",1
validation,471,2026-03-17 13:43:00,3 Investment Bank Stocks to Buy From a Flourishing Industry,12
validation,472,2026-03-17 13:51:36,"Undercovered Dozen: Oracle, Mastercard, Petrobras, And More",-1
validation,473,2026-03-17 14:00:51,"'Frothy Bull' Market Is Pretty Much Over, Fund Managers Say",31
validation,474,2026-03-17 14:00:51,"‘Frothy Bull’ Market Is Pretty Much Over, Fund Managers Say",31
validation,475,2026-03-17 14:02:28,__TICKER__ Group AG (UBSS:CA) Presents at European Financials Conference 2026 Transcript,21
validation,476,2026-03-17 14:20:10,"6 Money Hacks of the Super Rich That You Should Try, Too",-1
validation,477,2026-03-17 14:50:35,"CrowdStrike Has Wall Street’s Attention Right Now, and Here’s Why",31
validation,478,2026-03-17 14:54:43,Orlando Bravo pushes back on private markets criticism: 'Everybody's extremely comfortable',31
validation,479,2026-03-17 14:58:28,The Fed issues its latest interest rate decision Wednesday. Here's what to expect,36
validation,480,2026-03-17 15:12:00,Is __COMPANY__ Well-Positioned to Sustain Its Capital Return Strategy?,-1
validation,481,2026-03-17 15:24:44,Why USD is the only safe haven in FX,22
validation,482,2026-03-17 15:27:20,"213-year-old Wall Street giant trims Bitcoin, Ether price targets",-1
validation,483,2026-03-17 15:33:00,__COMPANY__ doubles down on bold S&P 500 forecast,-1
validation,484,2026-03-17 16:02:25,__COMPANY__ Sets T-Mobile Price Target at $225 — Here’s What It Will Take for TMUS to Get There,-1
validation,485,2026-03-17 16:14:45,"11 Investment Must Reads for This Week (March 17, 2026)",27
validation,486,2026-03-17 16:38:21,__COMPANY__ Is Being Priced for Problems It Isn't Having,-1
validation,487,2026-03-17 17:10:00,InCommodities Inks $141.5 Million Australian Battery Deal With Vena Group,-1
validation,488,2026-03-17 17:30:00,Umicore - Transparency notification by __COMPANY__ Corporation,-1
validation,489,2026-03-17 17:32:00,"Nvidia expands AI leadership with $1T sales outlook, __COMPANY__ Says",-1
validation,490,2026-03-17 18:45:00,Oil shock lifts __COMPANY__ outlook on US energy,17
validation,491,2026-03-17 18:47:00,"Stocks haven’t hit bottom yet, says the analyst who called a ‘rolling recession’ when everyone else saw a boom",-1
validation,492,2026-03-17 18:59:36,__COMPANY__ Lifts Hyperscaler Debt Forecast 25% to $175 Billion,2
validation,493,2026-03-17 19:11:40,__COMPANY__ WFUSD Stablecoin Filing Meets Weak Share Momentum And Valuation,7
validation,494,2026-03-17 20:20:00,"__COMPANY__ ’s FiNet Recruits Advisory Teams from __TICKER__ , Commonwealth, and Stifel",-1
validation,495,2026-03-17 20:21:35,"Nordea flags up to 1,500 job cuts as AI drives efficiency push",6
validation,496,2026-03-17 21:01:00,Galapagos Receives Transparency Notification from __COMPANY__,-1
validation,497,2026-03-17 21:50:03,__COMPANY__ __TICKER__ Outpaces Stock Market Gains: What You Should Know,-1
validation,498,2026-03-17 22:40:09,__COMPANY__ halts $5.3bn Qualtrics debt deal as AI fears chill demand,2
validation,499,2026-03-17 22:51:35,Why Edgewise Therapeutics Stock Topped the Market on Tuesday,-1
validation,500,2026-03-17 23:10:44,__COMPANY__ Expands Boston Presence And China Banking To Broaden Growth Drivers,-1
validation,501,2026-03-18 01:08:24,How The Netflix (NFLX) Investment Narrative Is Shifting After The Warner Bros. Discovery Decision,25
validation,502,2026-03-18 01:15:00,The ‘smart money’ on Wall Street hates these bonds — but they may be a golden buying opportunity for you,-1
validation,503,2026-03-18 01:30:56,Global hedge funds suffer worst losses since 'liberation day' on Iran war turmoil,58
validation,504,2026-03-18 02:05:54,Small-Cap Exposure at Lower Cost or Greater Liquidity? SPSM vs. IJR,37
validation,505,2026-03-18 05:04:57,How The Western Digital (WDC) Narrative Is Shifting With AI Storage Hopes And Lofty Targets,6
validation,506,2026-03-18 06:27:00,Calamos Phineus Long/Short Fund Q4 2025 Contributors And Detractors,0
validation,507,2026-03-18 07:05:37,"Bain Capital taps buyer interest for Bridge Data Centres, offering up to 70% stake, sources say",2
validation,508,2026-03-18 07:25:00,Supermarket Income REIT expands joint venture loan facility to £437m,2
validation,509,2026-03-18 07:42:25,S&P 500 Braces For Triple Witching As Financials Signal Deeper Correction: Index Closed Up 'Only 25% Of The Time' In Last 5-Years,-1
validation,510,2026-03-18 08:25:33,WNBA and players' union reach verbal agreement on landmark new CBA deal,35
validation,511,2026-03-18 08:30:48,"__COMPANY__ , Pinnacle Financial Partners, eBay And A Tech Stock On CNBC's 'Final Trades'",-1
validation,512,2026-03-18 09:07:36,A Look At __COMPANY__ __TICKER__ Valuation As Investors Weigh Oil Shock And Inflation Risks,7
validation,513,2026-03-18 09:52:20,__COMPANY__ __TICKER__ Presents at European Financials Conference 2026 Transcript,21
validation,514,2026-03-18 10:04:54,How The United Rentals (URI) Story Is Shifting With New AI Tools And Mixed Analyst Targets,25
validation,515,2026-03-18 10:15:31,Here's How Much You Would Have Made Owning Banco __COMPANY__ Stock In The Last 5 Years,48
validation,516,2026-03-18 10:20:02,Should __COMPANY__ SPDR S&P 500 ETF Trust (SPY) Be on Your Investing Radar?,8
validation,517,2026-03-18 11:14:06,"CLARITY Act Update, And Bitcoin ETF Inflows Signal Shift In Institutional Sentiment",-1
validation,518,2026-03-18 11:42:31,__COMPANY__ Maintains a Buy on Block (XYZ),10
validation,519,2026-03-18 11:44:19,__COMPANY__ shares 3 reasons to like Netflix stock,-1
validation,520,2026-03-18 11:46:37,__COMPANY__ names Goldman’s Yi Zhang as China investment banking co-head,-1
validation,521,2026-03-18 12:00:02,3 Top-Ranked Mutual Funds for Your Retirement,-1
validation,522,2026-03-18 12:01:00,Banks Strengthen Mobile Account Opening and Debit Card Controls While Delegated Access Emerges for Retail Customers to Safeguard Vulnerable Populations,1
validation,523,2026-03-18 12:02:00,3 Allspring Mutual Funds to Support Your Wealth-Building Strategy,0
validation,524,2026-03-18 12:29:52,"Market Chatter: __COMPANY__ , __COMPANY__ Run Sale Process for Bain Capital's Stake in Bridge Data Centers",-1
validation,525,2026-03-18 12:30:01,"__COMPANY__ Chase taps Dwyane Wade, Tom Brady for new athlete wealth management push",-1
validation,526,2026-03-18 12:39:45,Salesforce (CRM) Announces Commencement of Largest-Ever $25 Billion Accelerated Share Repurchase,10
validation,527,2026-03-18 12:42:19,__COMPANY__ PLC (SCBFY) Presents at European Financials Conference 2026 Transcript,21
validation,528,2026-03-18 12:49:44,"Fidelity Sees Calm During Private Credit Frenzy, 'Remains A Compelling Asset Class'",31
validation,529,2026-03-18 12:58:45,"CNBC Halftime Report Final Trades: Zoom Communications, __COMPANY__ , Ross Stores",-1
validation,530,2026-03-18 13:00:00,CANADIAN BANC CORP. Monthly Dividend Declaration for Class A & Preferred Share,3
validation,531,2026-03-18 13:13:14,"Stocks making the biggest moves midday: Williams-Sonoma, Micron, Macy's, SL Green & more",12
validation,532,2026-03-18 13:25:00,Sanmina and Grid Dynamics have been highlighted as Zacks Bull and Bear of the Day,-1
validation,533,2026-03-18 13:29:30,__COMPANY__ sees Brent rising to $110–120/bbl in the coming days,-1
validation,534,2026-03-18 13:56:00,__TICKER__ Wealth Management IRA AUM Crosses $1T Mark: What Does This Mean?,-1
validation,535,2026-03-18 14:00:00,He’s Leaving __COMPANY__ to Be a CEO. Can He Land the Big Job?,-1
validation,536,2026-03-18 14:00:12,"Fed votes to hold rates steady, notes 'uncertain' impacts from Iran war",36
validation,537,2026-03-18 14:08:18,How The NeuroPace (NPCE) Story Is Shifting As Analysts Refresh Valuation Assumptions,6
validation,538,2026-03-18 14:12:27,__TICKER__ Holdings plc __TICKER__ Presents at European Financials Conference 2026 Transcript,21
validation,539,2026-03-18 14:22:49,'Banks Eye High-Grade Bond Sale to Back Nexstar's $6 Billion Deal',-1
validation,540,2026-03-18 14:40:00,Gemini Space Station Stock Crashed After Its IPO. __COMPANY__ Thinks It Could Fall Even Further.,-1
validation,541,2026-03-18 14:49:31,"Bob's Discount Furniture Risk-Reward Seen Attractive Despite Near-Term Headwinds, __COMPANY__ Says",-1
validation,542,2026-03-18 14:51:00,Trump Waives Jones Act for 60 Days. What Is It and How Will It Help Lower Oil Prices?,17
validation,543,2026-03-18 14:52:18,__TICKER__ Groep N.V. __TICKER__ Presents at European Financials Conference 2026 Transcript,49
validation,544,2026-03-18 14:57:07,Powell says he will stay on as head of the Fed until Warsh is confirmed,-1
validation,545,2026-03-18 15:04:23,European Equities Traded in US as ADRs Fall in Wednesday Trading,38
validation,546,2026-03-18 15:06:05,__COMPANY__ is Bullish on Vistra Corp (VST) Here’s Why,-1
validation,547,2026-03-18 15:18:20,"SpaceX Now Has 10,000 Starlink Satellites In Space — And Polymarket Is Betting The IPO Is Coming Soon",-1
validation,548,2026-03-18 15:19:08,"Lumentum Seen Benefiting From Rising Optical Demand, __COMPANY__ Says",-1
validation,549,2026-03-18 15:36:00,COF to Take Full Control of Travel Platform With Hopper Tech Deal,-1
validation,550,2026-03-18 15:50:00,Bank Stocks Are the Canary in the Recession Coal Mine. It’s Not Time to Worry—Yet,-1
validation,551,2026-03-18 15:50:56,__TICKER__ Says Bank of Canada to Look Through Inflation Threat,22
validation,552,2026-03-18 16:00:00,Private Club to the Stars Tests Its Appeal by Pursuing New Investors,-1
validation,553,2026-03-18 16:06:03,It's Starting To Feel A Lot Like 2007,-1
validation,554,2026-03-18 16:23:12,__COMPANY__ Upgrades Cognex (CGNX) from Underweight to Neutral,-1
validation,555,2026-03-18 16:30:00,__COMPANY__ Chase Partners With Sports Legends to Help Athletes Master Their Money,-1
validation,556,2026-03-18 16:41:00,"__COMPANY__ Gave $1.6B Adviser 24 Hours to Accept Forced Retirement or Be Fired, Arbitration Filing Says",-1
validation,557,2026-03-18 16:45:00,Participation notifications by The __COMPANY__ Group,-1
validation,558,2026-03-18 16:51:00,"EOS Investors Launches Hotel Credit Strategy Led by Former __COMPANY__ Executive, Christopher Jordan",-1
validation,559,2026-03-18 17:06:15,"Oil prices react to Iran energy targets, __COMPANY__ 's athlete wealth push",17
validation,560,2026-03-18 17:23:05,Blue Owl Capital Corporation: A Questionable Discount To NAV,-1
validation,561,2026-03-18 17:29:14,Iran missile attack on Qatar causes 'extensive damage' to facility housing huge gas plant,58
validation,562,2026-03-18 17:47:00,Are Banks Signaling a Recession? They’re ‘the Most Important’ Stocks to Watch Now.,-1
validation,563,2026-03-18 18:00:00,__COMPANY__ Launches National Challenge to Uncover Innovative Housing Solutions,-1
validation,564,2026-03-18 18:04:29,"Stocks fall again as oil prices rise, Dow loses 400 points: Live updates",-1
validation,565,2026-03-18 18:07:47,Sector Update: Financial Stocks Softer Wednesday Afternoon,5
validation,566,2026-03-18 18:08:39,__COMPANY__ Halts $5.3B Qualtrics Debt Sale as AI Concerns Weigh,2
validation,567,2026-03-18 18:10:01,__COMPANY__ Just Issued a New Warning on the U.S. Economy — And It’s Not Just About Oil,17
validation,568,2026-03-18 19:00:41,__COMPANY__ Says Gen Z Is 'At Risk' — The Same Investors Planning To Pile Into Markets In 2026 Are Getting Their Tips From 'Financial Influencers',-1
validation,569,2026-03-18 19:05:04,Looking for the most active stocks in the S&P500 index on Wednesday?,-1
validation,570,2026-03-18 19:14:51,"__COMPANY__ says small businesses are embracing AI, but fewer than 1 in 5 are good at actually integrating it",6
validation,571,2026-03-18 19:25:00,Big Banks’ Wealth Units Tell Janus Henderson to Reject Victory Deal,-1
validation,572,2026-03-18 19:38:33,__COMPANY__ warns of 30% downside to European lenders over PE exposure - FT,-1
validation,573,2026-03-18 19:50:45,"Tom Brady, Dwyane Wade Enlisted for __COMPANY__ Athlete Wealth Push",-1
validation,574,2026-03-18 20:05:41,Should __COMPANY__ ’ __TICKER__ Cybersecurity Bet and Debt Issuance Shift Its Long‐Term Risk Narrative?,25
validation,575,2026-03-18 20:30:00,__COMPANY__ Corporation ( __TICKER__ ) Announces Date for Release of First-Quarter 2026 Financial Results and Conference Call Webcast,-1
validation,576,2026-03-18 20:48:34,From NIL deals to retirement at 35: __COMPANY__ aims to help athletes avoid bad money habits,-1
validation,577,2026-03-18 20:55:05,__COMPANY__ Still Loves Nvidia Stock After GTC 2026. Should You?,60
validation,578,2026-03-18 21:06:34,Why The TechnipFMC (FTI) Narrative Is Shifting With Subsea Growth And Richer Valuation Expectations,-1
validation,579,2026-03-18 21:16:38,Rhythm Pharmaceuticals (RYTM) PT Increased From $136 to $143 at __COMPANY__ on IMCIVREE Launch Optimism,42
validation,580,2026-03-18 21:26:24,Pegasystems Inc. (PEGA) Price Target Increased at __COMPANY__ on Stable Q4 Software Results,-1
validation,581,2026-03-18 21:39:57,Is Willis Towers Watson (WTW) Preparing to Navigate AI Threat,6
validation,582,2026-03-18 22:07:16,How The Investment Story For __COMPANY__ (ENXTPA:GLE) Is Shifting With New Analyst Targets,40
validation,583,2026-03-18 22:54:26,"Bank of Japan keeps rates steady as expected, warns Iran war may push up inflation",24
validation,584,2026-03-18 23:00:00,Walker & Dunlop Arranges $350 Million Facility for Centerbridge Partners and Reframe Holdings to Build Institutional Self-Storage Platform,-1
test,0,2026-03-19 00:03:59,Inside India newsletter: Gold loans are thriving in India — and attracting global investors,-1
test,1,2026-03-19 00:37:00,__COMPANY__ has a stark warning for oil investors,-1
test,2,2026-03-19 01:00:00,__COMPANY__ and 5 More Bank Stocks Set to Thrive in a Choppy Market,-1
test,3,2026-03-19 01:06:45,__COMPANY__ Athlete Wealth Push Adds New Angle To __TICKER__ Valuation Story,-1
test,4,2026-03-19 02:00:55,"European Central Bank holds rates steady, warns outlook is 'significantly more uncertain'",13
test,5,2026-03-19 02:06:30,How The Babcock International Group ( __TICKER__ ) Story Is Shifting With Mixed Analyst Views,17
test,6,2026-03-19 02:32:58,CNBC Daily Open: Iran vows 'eye-for-eye' in energy attack escalation,3
test,7,2026-03-19 03:05:53,Korea Zinc Seeks $2 Billion Loan for US Critical Minerals Plant,-1
test,8,2026-03-19 04:02:19,__COMPANY__ PLC __TICKER__ Presents at European Financials Conference 2026 Transcript,4
test,9,2026-03-19 06:04:58,How The Seagate Technology Holdings (STX) Story Is Shifting With New Targets And AI Demand,-1
test,10,2026-03-19 07:00:00,"The AI Payoff Is the ‘Biggest Question’ for U.S. Investors, Says Goldman’s Snider",5
test,11,2026-03-19 07:04:50,Micron CEO says it can't deliver enough memory to key customers after blowout earnings,-1
test,12,2026-03-19 07:48:55,"Zoom, Ross Stores And A Big Bank On CNBC's 'Final Trades'",-1
test,13,2026-03-19 07:55:49,Reported Earlier: ' __TICKER__ Mulls Deep Job Cuts From Multiyear AI-Fueled Overhaul',-1
test,14,2026-03-19 08:08:06,"The Fed decision, Micron earnings, Amazon's USPS contract and more in Morning Squawk",-1
test,15,2026-03-19 08:30:00,"Berkshire's Abel Shows Actions Speak Louder Than Words, But The Nuances Matter",-1
test,16,2026-03-19 08:31:23,Shares of UK banks are trading lower after the Bank of England held rates steady and signaled a hawkish stance amid concerns over inflationary energy prices.,25
test,17,2026-03-19 09:03:09,GeoWealth Expands Series __TICKER__ Funding To Include $42.5M Minority Investment From __COMPANY__,-1
test,18,2026-03-19 09:30:37,"__COMPANY__ 's surprise index shows longest upside run since financial crisis, awaits war impact",-1
test,19,2026-03-19 09:44:37,"Tradeweb Markets Expands Its Dealer Algorithmic Execution Offering For U.S. Treasuries To Add __COMPANY__ , __COMPANY__ Capital Markets To Its Suite",-1
test,20,2026-03-19 09:50:04,'US Regulators Unveil Plans to Ease Capital Rules for Big Banks',-1
test,21,2026-03-19 09:55:27,"Market Chatter: Janus Henderson, Victory Capital Management Face Client Pressure Over Takeover Bid",-1
test,22,2026-03-19 10:00:04,__COMPANY__ Invests $42.5M in GeoWealth,34
test,23,2026-03-19 10:07:45,"GLD, SLV Slide As Fed Holds Rates",-1
test,24,2026-03-19 10:23:06,"' __COMPANY__ , Goldman Offer Hedge Funds Way to Short Private Credit'",12
test,25,2026-03-19 10:27:06,OneMain Holdings: An 8%+ Yield With Big Buybacks And Strong Growth Potential,-1
test,26,2026-03-19 11:00:00,__COMPANY__ to Invest $42.5M in TAMP GeoWealth,34
test,27,2026-03-19 11:06:34,__COMPANY__ Tests Private Credit Liquidity As AI Risks Surface,-1
test,28,2026-03-19 11:09:16,‘S&P500 Outlook Points to Recovery’: __COMPANY__ Sees Headwinds Priced in and Suggests 2 Stocks to Buy,-1
test,29,2026-03-19 11:10:52,' __COMPANY__ AM Seeks to Raise $10 Billion Private Credit Fund',-1
test,30,2026-03-19 11:15:01,The Iran war is threatening supply of a little-thought-of resource — helium. What it means for markets,-1
test,31,2026-03-19 11:30:00,Brent Crude Oil Prices Are Surging. Why U.S. Prices Aren’t.,3
test,32,2026-03-19 12:00:00,"Could You Spot Insurance Fraud? Many Canadians Don't Recognize Common Scenarios, __TICKER__ Insurance Survey Finds",-1
test,33,2026-03-19 12:00:38,1 Value Stock to Target This Week and 2 We Turn Down,-1
test,34,2026-03-19 12:02:08,Why Billionaire Investor Druckenmiller Sees Stablecoins Dominating Payments In The Next 10 To 15 Years,-1
test,35,2026-03-19 12:12:48,'Ex-Trader Suing __COMPANY__ Wants £500 Million in Paschi Case',-1
test,36,2026-03-19 12:14:57,"Trump signals DOJ should continue Powell probe, complicating Warsh Fed nom",68
test,37,2026-03-19 12:26:37,__COMPANY__ : From Value Play To Normalized Bank,-1
test,38,2026-03-19 12:27:34,"Live On CNBC, Malcolm Ethridge Announces Bought __COMPANY__ Group",-1
test,39,2026-03-19 13:00:00,__COMPANY__ Teams with Visa to Offer Cardholders a Chance to Win a Trip to the FIFA World Cup 2026TM,-1
test,40,2026-03-19 13:00:00,GeoWealth Extends Series __TICKER__ Round With $42.5 Million Strategic Investment From __COMPANY__,-1
test,41,2026-03-19 13:00:04,"Here is What to Know Beyond Why The __COMPANY__ Group, Inc. __TICKER__ is a Trending Stock",-1
test,42,2026-03-19 13:00:05,__COMPANY__ Corporation __TICKER__ is Attracting Investor Attention: Here is What You Should Know,-1
test,43,2026-03-19 13:00:06,__COMPANY__ & Company __TICKER__ Is a Trending Stock: Facts to Know Before Betting on It,-1
test,44,2026-03-19 13:01:26,Trade Tracker: Malcolm Ethridge buys __COMPANY__,-1
test,45,2026-03-19 13:24:32,Copper joins gold in broad commodities sell-off. There's a worrying reason behind it,40
test,46,2026-03-19 13:30:00,"__COMPANY__ quietly trims most crypto stocks, except one surprise pick",-1
test,47,2026-03-19 13:32:06,Goldman strategist says bear market risk remains limited,-1
test,48,2026-03-19 13:32:13,"When life hits hard, here are 5 credit card rules you can break during an emergency",-1
test,49,2026-03-19 13:33:00,"Zacks Industry Outlook Highlights __COMPANY__ , Interactive Brokers and Evercore",-1
test,50,2026-03-19 13:37:00,__COMPANY__ 's Digitization Initiatives Unlocking Revenue Growth,-1
test,51,2026-03-19 13:42:29,__COMPANY__ Loves 3 Strong Buy Natural Gas Energy Stocks,-1
test,52,2026-03-19 13:45:02,Here's Why __COMPANY__ __TICKER__ is a Strong Growth Stock,64
test,53,2026-03-19 14:00:00,__TICKER__ Asset Management Inc. Announces __TICKER__ ETF Distributions,-1
test,54,2026-03-19 14:00:00,Chase Returns to Pacific Palisades One Year After Wildfire,-1
test,55,2026-03-19 14:06:04,Amazon’s Big Spring Sale begins March 25. Here's how to save more with a discounted Prime membership and Prime Visa,26
test,56,2026-03-19 14:08:00,Fed Keeps Rates Steady Amid Rising Inflation: What it Means for Banks,-1
test,57,2026-03-19 14:15:05,"Bond markets may be too focused on inflation, __COMPANY__ warns",-1
test,58,2026-03-19 14:16:09,' __COMPANY__ is shaking up how it cuts underperformers this spring. Here's how and when layoffs will roll out.'- Business Insider,-1
test,59,2026-03-19 14:41:43,Fed proposes easing capital rules for major banks,-1
test,60,2026-03-19 14:46:10,"Five Below's Marketing, Merchandising Initiatives Seen Driving Traffic, __COMPANY__ Says",-1
test,61,2026-03-19 14:52:00,__COMPANY__ : Non-Crypto Traders Using Hyperliquid For 24/7 Oil Trading During Iran War,-1
test,62,2026-03-19 15:00:00,/R E P E A T -- MEDIA ADVISORY - __TICKER__ Bank Group Executive to Present at the National Bank Financial Services Conference/,4
test,63,2026-03-19 15:06:37,__COMPANY__ __TICKER__ Valuation Check After Mixed Short Term Returns And Strong Long Term Shareholder Gains,-1
test,64,2026-03-19 15:09:00,Small-Cap Stock Core Scientific Is A Way To Play Crypto And A.I,62
test,65,2026-03-19 15:09:41,Financial stocks on pace for worst first quarter since 2020 as private credit cracks flash 'yellow warning',-1
test,66,2026-03-19 15:31:00,__COMPANY__ Buys $42.5 Million Minority Stake in GeoWealth. Here’s Why.,-1
test,67,2026-03-19 15:44:00,Brent Crude Prices Are Surging. Why Europe Is Facing an Energy Shock and the U.S. Isn’t.,3
test,68,2026-03-19 15:45:02,__COMPANY__ __TICKER__ is a Top Dividend Stock Right Now: Should You Buy?,-1
test,69,2026-03-19 15:45:02,Why __COMPANY__ Bank __TICKER__ is a Great Dividend Stock Right Now,-1
test,70,2026-03-19 16:00:00,"Market Madness: Why __COMPANY__ , McDonald's are slam dunk stock picks",-1
test,71,2026-03-19 16:00:00,Stifel Financial: A Wealth Manager’s Stock for Wealth Investors,-1
test,72,2026-03-19 16:09:11,$166 a barrel? Middle East oil gives clue to where all prices could be headed if Iran war drags on,3
test,73,2026-03-19 16:12:07,__COMPANY__ Is Betting Big on This ‘Global AI’ Winner. Should You Buy the Stock Here?,-1
test,74,2026-03-19 16:19:20,__COMPANY__ Ends Ties With AppLovin Investor Holding $4.6 Billion Stake,-1
test,75,2026-03-19 16:30:00,__COMPANY__ Debuts Equity Premium Yield ETFs ROCY and ROCQ on Nasdaq,7
test,76,2026-03-19 16:48:13,Intuit stock rises after __COMPANY__ Top Pick designation,34
test,77,2026-03-19 16:54:24,PIMCO Says No Thanks: Private Credit's Loan Books Are Getting Uglier,12
test,78,2026-03-19 17:03:00,The Metaverse Was a $100 Billion Flop. It Should Make Us Think Twice About AI Predictions.,5
test,79,2026-03-19 17:04:08,How The MercadoLibre (MELI) Story Is Shifting As Investment And Margin Expectations Reset,-1
test,80,2026-03-19 17:05:06,Nexstar Readies High-Grade Bond Sale to Fund $6 Billion Takeover,-1
test,81,2026-03-19 17:05:35,How The Story Around W. R. Berkley (WRB) Is Shifting On Valuation And Cycle Risks,-1
test,82,2026-03-19 17:06:40,Why The Huntington Ingalls Industries (HII) Story Is Shifting As Analysts Rework Targets And Risks,17
test,83,2026-03-19 17:38:15,__COMPANY__ Names Sara Naison-Tarajano as Head of $26B Ayco,-1
test,84,2026-03-19 17:51:18,Wall Street Faces a $5.7 Trillion Triple-Witching Jolt on Friday,-1
test,85,2026-03-19 18:02:09,"Stocks slip, head for fourth-straight losing week as Iran war continues: Live updates",58
test,86,2026-03-19 18:12:07,__COMPANY__ pushes back rate cuts to September and December,-1
test,87,2026-03-19 18:18:00,Trump Is No Crusader for Markets. Why the Fed Failed to Deliver the Holy Grail.,-1
test,88,2026-03-19 18:19:00,__COMPANY__ ’s Top Crypto Stock Picks Are Circle And Bullish,-1
test,89,2026-03-19 18:22:50,"New bank capital requirements, Five Below surges over Q4 holiday results",-1
test,90,2026-03-19 18:24:00,5 Dividend Stocks for a Volatile Market,6
test,91,2026-03-19 19:05:03,Which S&P500 stocks are the most active on Thursday?,-1
test,92,2026-03-19 19:06:27,Nvidia Gets Fresh Boost As __COMPANY__ Stays Bullish,-1
test,93,2026-03-19 19:08:44,__COMPANY__ sends bold message on crypto asset allocation,-1
test,94,2026-03-19 19:17:00,Fox set to report steady Q3 earnings as NFL negotiations loom,-1
test,95,2026-03-19 19:28:00,U.S. Consumers Face ‘Global Oil Shock.’ The Iran War Is Retail’s Latest Challenge.,-1
test,96,2026-03-19 19:44:41,__COMPANY__ flags 15%--20% downside for Asia stocks amid oil surge,-1
test,97,2026-03-19 19:52:00,"__COMPANY__ analysts cut S&P 500 target, flagging market complacency despite oil shock",-1
test,98,2026-03-19 20:08:00,"Top Research Reports for Procter & Gamble, UnitedHealth & __COMPANY__",-1
test,99,2026-03-19 20:15:00,__COMPANY__ Announces Fourth Quarter 2026 and Quarterly 2027 Financial Reporting Dates,-1
test,100,2026-03-19 20:22:00,213-year-old bank cuts Gemini stock target 60% ahead of earnings,-1
test,101,2026-03-19 20:43:43,Private credit flashes warning signs under looming defaults,12
test,102,2026-03-19 20:46:00,KBRA Assigns Preliminary Ratings to __TICKER__ Mortgage-Backed Securities Trust 2026-HE1 (GSMBS 2026-HE1),-1
test,103,2026-03-19 20:46:09,Oil prices little changed at $108 as U.S. considers lifting sanctions on some Iranian crude,3
test,104,2026-03-19 21:33:00,Big Banks Win Big With Proposal to Loosen Capital Rules,-1
test,105,2026-03-19 21:50:03,__COMPANY__ __TICKER__ Ascends While Market Falls: Some Facts to Note,-1
test,106,2026-03-19 22:07:00,__COMPANY__ has a stark message for investors buying the dip,-1
test,107,2026-03-19 22:08:05,How The Investment Narrative For Energy Transfer (ET) Is Evolving With New Analyst Calls,17
test,108,2026-03-19 22:26:00,"Private Credit: Out of Favor Today, in 401(k)s Tomorrow",12
test,109,2026-03-19 23:05:57,How The Arkema (ENXTPA:AKE) Investment Story Is Shifting With Mixed Analyst Price Targets,-1
test,110,2026-03-20 01:05:58,How The easyJet ( __TICKER__ ) Investment Story Is Shifting As Analyst Views Diverge,-1
test,111,2026-03-20 02:30:00,Jamie Dimon Sees an End on the Horizon. But Not Yet.,-1
test,112,2026-03-20 02:44:20,The Iran war is sending shockwaves through the world's busiest IPO market,3
test,113,2026-03-20 02:53:04,Japan wanted inflation and Iran war could grant that wish. But it's not the type Tokyo desires,1
test,114,2026-03-20 03:07:00,__COMPANY__ revamps Micron stock price target post earnings,-1
test,115,2026-03-20 03:09:29,__COMPANY__ Weighs World Cup Push Against Stablecoin Ambitions,-1
test,116,2026-03-20 03:10:11,How The Federated Hermes (FHI) Story Is Shifting With New Targets And Flow Signals,-1
test,117,2026-03-20 03:57:45,Nvidia's Huang pitches AI tokens on top of salary as agents reshape how humans work,5
test,118,2026-03-20 05:00:05,__COMPANY__ deploys tech to monitor junior bankers’ working hours,-1
test,119,2026-03-20 06:30:00,__COMPANY__ Chase CEO Jamie Dimon Sees an End on the Horizon. But Not Yet.,-1
test,120,2026-03-20 06:52:39,Banks eye three ECB rate hikes this year as former Governor says he sees no stagflation — yet,57
test,121,2026-03-20 07:07:18,How The Hikma Pharmaceuticals ( __TICKER__ ) Narrative Is Shifting As Analyst Targets Reset,17
test,122,2026-03-20 07:23:53,Oil dips but stays elevated as __COMPANY__ warns prices may top $100 through 2027,-1
test,123,2026-03-20 07:27:48,Lumentum (LITE) Soars 10.18% on 29% Price Target Hike,8
test,124,2026-03-20 07:35:41,'Banks Kick Off $4.7 Billion Loan Sale to Fund Sealed Air Buyout',-1
test,125,2026-03-20 07:51:19,' __COMPANY__ deploys tech to monitor junior bankers' working hours' - Financial Times,-1
test,126,2026-03-20 08:00:01,Not a credit card expert? This card earns serious rewards without the strategy,-1
test,127,2026-03-20 08:09:09,Harvard University is back on top as the No. 1 'dream' school in survey of college applicants,-1
test,128,2026-03-20 09:04:37,Buying a home amid economic uncertainty? These alternative mortgages can help,23
test,129,2026-03-20 09:30:42,The Closed End Fund Paying 6.7% That Rivals the S&P 500,-1
test,130,2026-03-20 09:36:00,Grab These 3 __COMPANY__ Mutual Funds for Outstanding Returns,-1
test,131,2026-03-20 09:51:36,__TICKER__ Gets U.S. Bank License,-1
test,132,2026-03-20 10:06:50,How The Reliance Industries (NSEI:RELIANCE) Story Is Evolving On Small Valuation Tweaks And New Deals,-1
test,133,2026-03-20 10:19:59,$3 Trillion Sell-Off In Gold And Silver Signals A Retracement Ahead Of Next Bull Run,40
test,134,2026-03-20 10:31:16,__COMPANY__ : Capital Markets Titan At A Discounted Valuation,-1
test,135,2026-03-20 11:00:12,"Recent Report Shows That Sen. A. Mitchell Mcconnell, Jr. Bought Up to $15K Worth of __COMPANY__ Stock",-1
test,136,2026-03-20 11:33:26,__COMPANY__ Bank Is Still Fundamentally Resilient But Almost Fully Priced,-1
test,137,2026-03-20 11:44:19,__COMPANY__ annual CEO letter: Here's what to know,-1
test,138,2026-03-20 11:59:34,__COMPANY__ Chase establishes new financial advisory council for athletes,-1
test,139,2026-03-20 12:03:16,"Stocks making the biggest moves midday: SolarEdge Technologies, Super Micro Computer, FedEx & more",-1
test,140,2026-03-20 12:26:39,__COMPANY__ Tries New Way To Track Work Hours,-1
test,141,2026-03-20 12:52:03,Update: __COMPANY__ CEO Expects Upswing in M&A Activity in 2026 Despite Middle East Conflict,-1
test,142,2026-03-20 12:57:00,Netflix Is $2.8 Billion Richer After Losing Warner to Paramount. What It Could Do With the Cash.,-1
test,143,2026-03-20 13:00:03,__COMPANY__ __TICKER__ is Attracting Investor Attention: Here is What You Should Know,-1
test,144,2026-03-20 13:00:03,__COMPANY__ Chase & Co. __TICKER__ Is a Trending Stock: Facts to Know Before Betting on It,-1
test,145,2026-03-20 13:05:10,"__COMPANY__ 's Bitcoin ETF Sets MSBT Ticker As BTC Tests $70,000 Support",-1
test,146,2026-03-20 13:11:00,5 Dividend Stocks to Weather Market Volatility and the Iran War,-1
test,147,2026-03-20 13:13:20,"Shares of European banks are trading lower after the ECB left interest rates unchanged on March 19, while warning that the U.S.-Israeli conflict in Iran could push inflation well above its 2% target this year and keep price pressures elevated for years if the conflict persists.",25
test,148,2026-03-20 13:15:36,Sector Update: Financial Stocks Lean Lower Premarket Friday,10
test,149,2026-03-20 13:18:25,OpenAI's first crack at online shopping stumbled. It's preparing for the next wave,-1
test,150,2026-03-20 13:18:41,Shares of U.S.-listed UK companies are trading lower after Oxford Economics cut its 2026 UK GDP growth forecast from 0.9% to 0.4% amid inflationary energy prices and delayed monetary easing.,25
test,151,2026-03-20 13:22:01,'Greed Is Laid Bare': Hedge Fund Manager Reveals The Dark Side Of The Private Credit Crisis,12
test,152,2026-03-20 13:36:51,__COMPANY__ Is Making a Move No Major U.S. Bank Has Done Before — Will MSBT ETF Change Bitcoin Forever?,-1
test,153,2026-03-20 13:59:00,"The Zacks Analyst Blog Highlights __COMPANY__ , __COMPANY__ , __COMPANY__ , __COMPANY__ and KeyCorp",-1
test,154,2026-03-20 14:03:52,Europe gas refill risks rise; __TICKER__ flags €90 TTF scenario,13
test,155,2026-03-20 14:04:00,"The Zacks Analyst Blog Highlights Procter & Gamble, UnitedHealth, __COMPANY__ and Seneca Foods",-1
test,156,2026-03-20 14:06:58,How The Copart (CPRT) Investment Story Is Shifting With New Price Targets And Risks,17
test,157,2026-03-20 14:18:05,The Uber Technologies (UBER) Implosion: Why a 70% Valuation Haircut Is Closer Than You Think,-1
test,158,2026-03-20 14:40:32,CA Sri Lanka introduces new business law and compliance faculty,-1
test,159,2026-03-20 15:04:00,Super Micro Scandal Is a Big Win for Dell Stock,-1
test,160,2026-03-20 15:16:00,‘Streetwise’ Review: A Banker’s Goldman Age,-1
test,161,2026-03-20 15:22:33,__COMPANY__ Warns of Fed Rate Hike Risk as Crypto Market Faces Pressure,-1
test,162,2026-03-20 16:06:06,How The Grupo Supervielle (BASE:SUPV) Investment Narrative Is Shifting After Target Cuts,17
test,163,2026-03-20 16:09:58,The 'Monetary Truman Show' Is Over: The Fed Is No Longer In Control,-1
test,164,2026-03-20 16:19:22,__COMPANY__ Expands Income ETFs With Dual Strategy For Smooth Returns,7
test,165,2026-03-20 16:23:00,T. Rowe Price Broadens Alternative Investment Suite With OFLEX Launch,-1
test,166,2026-03-20 16:26:44,1 Analyst Says Ignore the Noise and Keep Buying Sandisk Stock,-1
test,167,2026-03-20 16:27:00,__TICKER__ ' Rolling Layoffs in 2026: A Strategic Shift in Workforce Management,-1
test,168,2026-03-20 16:31:00,"Fed's Capital Reset: Lower Buffers, Increased Lending to Benefit Banks",-1
test,169,2026-03-20 16:34:00,__COMPANY__ & Co. stock outperforms competitors on strong trading day,48
test,170,2026-03-20 16:45:00,Inverse Equity ETFs Poised to Gain as Middle East Conflicts Drag On,7
test,171,2026-03-20 16:47:36,Jefferies: Credit Concerns Overshadow Discounted Valuation,12
test,172,2026-03-20 17:05:00,Mosaic downgraded by __COMPANY__ amid margin pressures,-1
test,173,2026-03-20 17:05:59,Why The Narrative Around Archrock (AROC) Is Shifting With Higher Targets And Compression Demand,-1
test,174,2026-03-20 17:11:51,Micron Draws Attention as __COMPANY__ Raises Price Target,8
test,175,2026-03-20 17:13:00,Columbia Sportswear Gets $500M Credit Facility From __COMPANY__,-1
test,176,2026-03-20 17:34:00,Treasuries Extend Slump as Likelihood of Fed Rate Cuts Fades,-1
test,177,2026-03-20 17:35:04,Which S&P500 stocks are moving on Friday?,-1
test,178,2026-03-20 17:45:12,Why Retirees Can Still Rely On JEPQ For Income,-1
test,179,2026-03-20 17:46:00,Jessica Douieb: Why Family Wealth Discussions Are So Hard,-1
test,180,2026-03-20 17:50:55,"Elon Musk misled Twitter investors ahead of $44 billion acquisition, jury says",-1
test,181,2026-03-20 17:52:00,NU's Efficiency Edge: A Key Factor Driving Its Premium Narrative,-1
test,182,2026-03-20 17:55:21,"Dividend Champion, Contender, And Challenger Highlights: Week Of March 22",54
test,183,2026-03-20 18:04:51,Sector Update: Financial Stocks Mixed Friday Afternoon,10
test,184,2026-03-20 18:05:48,__COMPANY__ Tests Tool Tracking Bankers' Digital Activity to Monitor Workload,-1
test,185,2026-03-20 18:19:00,ECB Rate Hikes Seen Within Months as Economists Shift Outlook,-1
test,186,2026-03-20 19:19:00,Arm Holdings Gets a Double Upgrade. Why AI Is a Game Changer for the Chip Stock.,5
test,187,2026-03-20 19:49:18,"__COMPANY__ Reportedly Lowers 2026 Bitcoin And Ethereum Targets, Cites Stalling Legislation",-1
test,188,2026-03-20 20:00:00,Certain __COMPANY__ Closed-End Funds Declare Quarterly Dividends,-1
test,189,2026-03-20 20:22:10,MicroStrategy CEO reveals stunning 3x gap between Wall Street giants,-1
test,190,2026-03-20 20:23:52,__COMPANY__ Files Amended S-1 for New Bitcoin ETF,7
test,191,2026-03-20 20:28:10,Is __COMPANY__ __TICKER__ The Best Undervalued Stock to Buy Now?,-1
test,192,2026-03-20 21:13:31,"Market Madness: Palantir, Walmart, & other hot stock picks",-1
test,193,2026-03-20 21:27:30,Electronic Arts $15 Billion Debt Sale Draws $25 Billion Demand,-1
test,194,2026-03-20 21:45:04,__COMPANY__ __TICKER__ Increases Despite Market Slip: Here's What You Need to Know,-1
test,195,2026-03-20 22:07:05,__COMPANY__ Housing Challenge And Capital Shift Create Valuation Question For Investors,-1
test,196,2026-03-20 22:09:20,__COMPANY__ Reiterates Olaplex Holdings (OLPX) With a Hold Rating,-1
test,197,2026-03-20 23:26:48,Wall Street view: __COMPANY__ trims S&P 500 estimate on Middle East supply risks,-1
test,198,2026-03-20 23:45:00,The Two Forces Reshaping Your Portfolio - February Dividend Income Report,6
test,199,2026-03-21 00:22:31,EA buyout debt draws $25 billion in orders as banks navigate volatile markets,-1
test,200,2026-03-21 01:00:49,__COMPANY__ warns of succession risks as Fed and DOJ enter collision course,-1
test,201,2026-03-21 01:30:02,__COMPANY__ identifies key liquidity backstops as private credit redemptions mount,-1
test,202,2026-03-21 02:04:50,Assessing __COMPANY__ Bank’s Valuation After Recent Share Price Pullback,-1
test,203,2026-03-21 04:50:00,__COMPANY__ Just Sounded the Alarm on Private Credit. Here Are 2 Things Investors Need to Know.,12
test,204,2026-03-21 05:04:04,Why The Narrative Around Danske Bank (CPSE:DANSKE) Is Shifting On Fine Tuned Valuations,-1
test,205,2026-03-21 06:00:00,Former __COMPANY__ boss: Rising oil prices are the worst of all worlds,3
test,206,2026-03-21 07:48:12,A geopolitical fog has enveloped the stock market. Three things investors should do now,-1
test,207,2026-03-21 08:00:00,The Coming Credit Crunch,12
test,208,2026-03-21 08:04:32,How The __COMPANY__ __TICKER__ Investment Story Is Shifting With New Analyst Targets And Assumptions,17
test,209,2026-03-21 08:04:42,How The Investment Story For S4 Capital ( __TICKER__ ) Is Shifting With New Analyst Targets,-1
test,210,2026-03-21 08:22:34,Buffett defends 'Giving Pledge' against Thiel and 'billionaire backlash',-1
test,211,2026-03-21 08:41:36,Mosaic (MOS) Drops 9.96% as __COMPANY__ Turns ‘Neutral’,-1
test,212,2026-03-21 09:56:38,"FedEx has started delivering 'promotion-ready' AI training to over 400,000 workers",5
test,213,2026-03-21 10:26:55,AI Agents: What’s the risk for SMID eCommerce?,5
test,214,2026-03-21 11:59:00,"__COMPANY__ CEO Jamie Dimon said this asset could soar to ‘$10,000,’ despite dismissing it before. How 2026 is shaping up",-1
test,215,2026-03-21 12:05:08,Should __COMPANY__ ’s ‘Top Pick’ Call on Product Momentum Require Action From Intuit (INTU) Investors?,-1
test,216,2026-03-21 12:05:32,__COMPANY__ Flags Private Credit Risks While Building Shorting And Funding Tools,-1
test,217,2026-03-21 14:00:00,Popular crypto exchange slams 225-year-old Wall Street 'dinosaur',-1
test,218,2026-03-21 14:05:04,How The JD Sports Fashion ( __TICKER__ .) Story Is Shifting With New Targets And Buybacks,-1
test,219,2026-03-21 14:05:08,How The RxSight (RXST) Investment Story Is Shifting With New Guidance And CFO Transition,-1
test,220,2026-03-21 15:09:00,Oil Shocks Could Continue to Rattle the Market As Iran War Rages On,3
test,221,2026-03-21 17:35:00,__COMPANY__ Projects $700 Billion in Artificial Intelligence (AI) Capex This Year. Here's My Top Stock to Buy.,-1
test,222,2026-03-21 18:00:18,JP Morgan resets S&P 500 price target for rest of 2026,-1
test,223,2026-03-21 19:00:00,"__COMPANY__ , Voya Seek Shelter From Default Risk",-1
test,224,2026-03-21 20:05:31,How The CrowdStrike (CRWD) Investment Story Is Shifting As Analyst Valuations Reset,-1
test,225,2026-03-21 20:07:00,__COMPANY__ resets oil-price bets as war rages on,3
test,226,2026-03-22 01:37:00,__COMPANY__ has a stark message for investors in Palantir stocks,-1
test,227,2026-03-22 02:06:32,"Bernie Sanders Warns Jeff Bezos' $100 Billion Robot Push Will 'Replace Working People,' Urges Americans To 'Stand Up And FIGHT BACK'",-1
test,228,2026-03-22 05:44:34,"What are SMBs Saying about GOOGL, META, and ChatGPT Advertising?",-1
test,229,2026-03-22 06:06:17,How The Kraft Heinz (KHC) Investment Story Is Shifting As Analysts Rework Expectations,17
test,230,2026-03-22 09:05:44,Why The BRP ( __TICKER__ ) Story Is Shifting As 2026 Earnings Setup Takes Shape,-1
test,231,2026-03-22 09:09:24,This country will be one of the first to face a key disruption linked to diesel,3
test,232,2026-03-22 09:30:01,"When it comes to private credit, 'some caution is reasonable,' advisor says. What to know",12
test,233,2026-03-22 10:04:38,How The Sigma Foods.de (BMV:SIGMAF A) Narrative Is Shifting After __COMPANY__ Neutral Call,-1
test,234,2026-03-22 10:23:41,Beijing vows broader market access as goods trade surplus hits record levels,-1
test,235,2026-03-22 13:22:00,Can SoFi Shares Thrive Through Maturity?,-1
test,236,2026-03-22 14:04:40,A Look At __COMPANY__ __TICKER__ Valuation As Recent Returns Send Mixed Signals,-1
test,237,2026-03-22 16:53:25,Is __COMPANY__ Inc. __TICKER__ one of the Best Forever Stocks to Buy Now?,29
test,238,2026-03-22 17:56:49,This $7 Million Masimo Exit Came Before a 34% Surge on $9.9 Billion Acquisition,-1
test,239,2026-03-22 18:06:09,Dow jumps 600 points after Trump says U.S. and Iran have held ‘productive’ talks: Live updates,-1
test,240,2026-03-22 18:19:58,Littelfuse Stock Climbs 22% YTD After $3.8 Million Trim in Volatile Run,-1
test,241,2026-03-22 19:13:00,__COMPANY__ sends blunt message on Nvidia stock after GTC,-1
test,242,2026-03-22 20:05:00,Should You Buy __COMPANY__ Chase Stock Before April 14?,-1
test,243,2026-03-22 20:05:37,Asia markets tumble as Middle East conflict spiral with no sign of abating,-1
test,244,2026-03-23 00:16:21,How The Gogo (GOGO) Narrative Is Shifting After Softer 2026 Guidance And Target Cuts,-1
test,245,2026-03-23 00:28:54,Iran threatens U.S. Treasury buyers as Trump’s 48-hour ultimatum looms,-1
test,246,2026-03-23 02:07:10,Oil tumbles after Trump puts hold on U.S. strikes against Iran energy infrastructure for five days,3
test,247,2026-03-23 02:55:01,__COMPANY__ delivers a stark message for oil investors,-1
test,248,2026-03-23 05:05:07,How The Investment Story For Waste Connections (WCN) Is Shifting With New Guidance And Cash Needs,-1
test,249,2026-03-23 06:44:59,10-year Treasury yield falls after Trump halts strikes against Iran,-1
test,250,2026-03-23 07:00:01,Struggling with credit card debt after a layoff? These 5 strategies can help,-1
test,251,2026-03-23 07:50:46,"Stocks making the biggest moves premarket: Delta Air Lines, Carnival, Chevron & more",-1
test,252,2026-03-23 08:05:00,AI May Disrupt Millions of Jobs. These 3 Stocks Could Be Big Winners.,-1
test,253,2026-03-23 08:06:00,Oil Prices Jump Despite Trump’s Iran Threats. His Strait of Hormuz Deadline Nears.,3
test,254,2026-03-23 08:49:41,__COMPANY__ : Selloff Represents Good Entry Point For Investors,-1
test,255,2026-03-23 08:55:23,"' __COMPANY__ Shifts EA Buyout Debt Mix, Boosts Loan to $5 Billion'",-1
test,256,2026-03-23 09:07:25,One Beverly Hills Announces $4.3B Financing Deal Through __COMPANY__ And VICI Properties For Downtown Los Angeles Project,-1
test,257,2026-03-23 09:07:32,How Hartford Insurance Group (HIG) Story Is Shifting As Price Targets Cluster Around US$150,-1
test,258,2026-03-23 09:46:00,"The Zacks Analyst Blog Highlights __COMPANY__ , __COMPANY__ , PNC Financial Services and Truist Financial",-1
test,259,2026-03-23 10:42:19,' __TICKER__ Curbs Sale of Some FX Products to Retail Clients After Losses',-1
test,260,2026-03-23 10:57:59,' __COMPANY__ Kicks Off $8 Billion Junk-Bond Sale for EA Buyout',-1
test,261,2026-03-23 11:02:27,"Fed’s hawkish pivot is now the key hurdle for stocks, __COMPANY__ says",-1
test,262,2026-03-23 11:06:20,How The Intertek Group ( __TICKER__ ) Narrative Is Shifting With Refined Analyst Targets And Valuation Assumptions,-1
test,263,2026-03-23 11:30:00,Bombardier Announces Successful Completion of Consent Solicitation with Respect to its 7.450% Notes due 2034,-1
test,264,2026-03-23 11:30:00,__COMPANY__ Elects Susan Gordon to Its Board of Directors,-1
test,265,2026-03-23 11:50:08,Ask the Points Pro: Why do I board last even if I pay for seat selection?,-1
test,266,2026-03-23 11:57:45,__COMPANY__ to reduce underperforming staff in April – report,-1
test,267,2026-03-23 12:00:02,Make the Most of Your Retirement with These Top-Ranked Mutual Funds,-1
test,268,2026-03-23 12:19:00,Oil Prices Dive. Trump Reveals ‘Productive’ Talks With Iran Ahead of Hormuz Deadline.,3
test,269,2026-03-23 12:27:16,Goldman Raises 2026 Oil Forecasts as Hormuz Flows Drop to 5%,-1
test,270,2026-03-23 12:30:00,__COMPANY__ to Support Dimensional Fund Advisors’ First-Ever ETF Share Class Rollout for U.S. Mutual Funds,-1
test,271,2026-03-23 12:39:58,Shares of U.S.-listed foreign banks are trading higher amid subdued energy prices and inflation concerns after President Trump suspended U.S. strikes on Iranian power generation and energy assets for five days.,25
test,272,2026-03-23 12:42:20,"__COMPANY__ __TICKER__ and Cliffwater LLC Cap Withdrawals from Multibillion-dollar Private Credit Funds, Reports Bloomberg",-1
test,273,2026-03-23 12:55:25,"With Mortgage Rates at a 3-Month High, These Stocks Are Quietly Winning",-1
test,274,2026-03-23 13:05:12,"Stocks making the biggest moves midday: Palantir, Flutter, United Airlines, Synopsys, Insmed & more",-1
test,275,2026-03-23 13:05:40,How The Sanmina (SANM) Narrative Is Shifting As Analysts Rework Price Targets And Assumptions,17
test,276,2026-03-23 13:14:14,Gold Price Targets After Worst Weekly Drop Since 1983,-1
test,277,2026-03-23 13:33:00,Buy 3 Giant Mobile Payments Stocks With Solid Short-Term Price Upside,-1
test,278,2026-03-23 13:39:01,Blackstone's Private Credit Fund Sees Its First Loss In Three Years,12
test,279,2026-03-23 13:58:42,"__COMPANY__ Maintains Buy on __COMPANY__ , Lowers Price Target to $57",8
test,280,2026-03-23 14:00:00,"U.S. Soccer, Soccer Forward Foundation and __COMPANY__ Launch 'Soccer at Schools' to Bring Soccer to Schools Across the U.S. by 2030",-1
test,281,2026-03-23 14:00:30,"__COMPANY__ Maintains Buy on __COMPANY__ , Lowers Price Target to $93",8
test,282,2026-03-23 14:09:20,' __COMPANY__ Offers Clients a New Way to Hedge AI Debt Risk',-1
test,283,2026-03-23 14:14:28,"Dell, Sandisk price targets lifted at __COMPANY__ on ’very robust’ AI servers demand",-1
test,284,2026-03-23 14:17:00,Are Options Traders Betting on a Big Move in The __COMPANY__ Stock?,-1
test,285,2026-03-23 14:48:25,"Oil Dives as Trump Backs Off Iran Threats, Says Talks Underway",3
test,286,2026-03-23 14:49:44,3 Probable Market Scenarios For This Week,-1
test,287,2026-03-23 14:53:15,Gold Pares Dramatic Losses as Trump Backs Off From Iran Threat,-1
test,288,2026-03-23 14:59:47,Market's winners & losers last week: Why these 2 sectors stand out,-1
test,289,2026-03-23 15:00:19,"Stocks Rise, Oil Falls as Trump Eases Iran Threats: Markets Wrap",3
test,290,2026-03-23 15:15:10,How The Investment Story For Prudential ( __TICKER__ ) Is Shifting With New Targets And Assumptions,-1
test,291,2026-03-23 15:26:41,Top Midday Stories: Trump Orders 5-Day Postponement of Strikes on Iranian Energy Sites; __COMPANY__ Launches $8 Billion Junk-Bond Sale for EA Buyout,-1
test,292,2026-03-23 15:27:55,Apple To $320? Here Are 10 Top Analyst Forecasts For Monday,-1
test,293,2026-03-23 15:38:00,Oil Prices Dive. Trump Says Iran Has Agreed to No Nuclear Weapons.,3
test,294,2026-03-23 15:38:19,The 'Dumb Money' Is Finally Getting Out,-1
test,295,2026-03-23 15:39:00,The Financial Sector Is Poised to Lead if Market Sentiment Improves. 2 Stocks to Watch.,10
test,296,2026-03-23 15:45:03,Why __COMPANY__ __TICKER__ is a Great Dividend Stock Right Now,-1
test,297,2026-03-23 16:03:00,Wall Street makes bold Carnival Cruise Line stock move,-1
test,298,2026-03-23 16:27:00,Health Care Roundup: Market Talk,-1
test,299,2026-03-23 16:31:00,"__COMPANY__ Chase & Co. stock rises Monday, outperforms market",48
test,300,2026-03-23 16:40:20,__COMPANY__ remains bullish on ASML stock after Asia checks,-1
test,301,2026-03-23 16:54:00,"__COMPANY__ 's Card Delinquencies Stable, Charge-Offs Rise in February",-1
test,302,2026-03-23 17:19:17,"Apple to Carry Out Staggered Launch of New iPhones, Including Foldable Device, __COMPANY__ Says",-1
test,303,2026-03-23 17:25:10,__COMPANY__ Sees Correction Risks Rising. Here’s How to Prepare for a Storm,-1
test,304,2026-03-23 17:52:30,__COMPANY__ offers clients a new way to hedge AI debt risk,-1
test,305,2026-03-23 18:00:33,Sector Update: Financial Stocks Rise Monday Afternoon,10
test,306,2026-03-23 18:01:49,"S&P 500 falls, giving back chunk of Monday’s rally as oil prices rebound, Iran war continues: Live updates",-1
test,307,2026-03-23 18:18:08,ADMA Biologics (ADMA) Announces $200M Capital Return Program Including $125M ASR Agreement,-1
test,308,2026-03-23 18:20:42,__COMPANY__ 's legacy of building the American dream,-1
test,309,2026-03-23 18:28:28,__COMPANY__ Resumes Coverage of Netflix (NFLX) Stock,-1
test,310,2026-03-23 18:29:16,__COMPANY__ Keeps Buy Rating on Visa (V) Stock,-1
test,311,2026-03-23 19:23:00,Lululemon Gets a Lower Price Target. What It Means for the Stock.,8
test,312,2026-03-23 19:23:00,"Apple preparing first foldable iPhone for 2026 launch, supply chain checks suggest",-1
test,313,2026-03-23 19:41:44,"Japan reports lower-than-expected core inflation for February, headline CPI eases for a fourth month",1
test,314,2026-03-23 20:01:32,Sector Update: Financial Stocks Gain Late Afternoon,10
test,315,2026-03-23 20:05:04,__COMPANY__ ’s US$8b EA Buyout Deal And What It Means For Valuation,-1
test,316,2026-03-23 20:14:00,"These Top Dividend Stocks Should Be on Your Rebound Radar: EPR, HRB, __TICKER__",56
test,317,2026-03-23 21:10:00,Oil Is Back Under $100. Trump Says Iran Has Agreed to No Nuclear Weapons.,3
test,318,2026-03-23 21:45:03,__COMPANY__ Chase & Co. __TICKER__ Surpasses Market Returns: Some Facts Worth Knowing,-1
test,319,2026-03-23 21:45:04,__COMPANY__ __TICKER__ Surpasses Market Returns: Some Facts Worth Knowing,-1
test,320,2026-03-23 21:50:03,__COMPANY__ __TICKER__ Beats Stock Market Upswing: What Investors Need to Know,-1
test,321,2026-03-24 00:03:00,__COMPANY__ reset oil price forecast for the rest of 2026,-1
test,322,2026-03-24 01:00:00,Wall Street analyst with 54% success rate cuts Gemini stock target by 20%,-1
test,323,2026-03-24 01:33:00,Big Banks Are Playing Both Sides of the Private Credit Meltdown,12
test,324,2026-03-24 01:35:22,Oil Claws Back Drop as Iran Official Rejects Talks With the US,3
test,325,2026-03-24 02:30:13,Mohamed El-Erian Flags Apollo's 5% Withdrawal Cap As Credit Stress Signal,-1
test,326,2026-03-24 04:37:00,Puig stock soars 13% after Estée Lauder confirms takeover talks with Charlotte Tilbury maker,-1
test,327,2026-03-24 04:42:37,10-year Treasury yields edge higher as investors weigh renewed Iran war uncertainty,-1
test,328,2026-03-24 05:18:27,Oil Resumes Advance on Concern Middle East War May Escalate,3
test,329,2026-03-24 05:30:00,Consumer Sentiment Is Near The Breaking Point,-1
test,330,2026-03-24 05:49:55,Gold on Pace for Record Losing Run as War Hurts Longtime Haven,40
test,331,2026-03-24 06:05:38,How The i3 Verticals (IIIV) Narrative Is Shifting After Analyst Target Cuts,-1
test,332,2026-03-24 07:00:00,__COMPANY__ Chase Announces €2.8 million in Support for Small Businesses and Scales Impact Across the Country,-1
test,333,2026-03-24 07:08:40,"Saudi Arabia, Kuwait Seek to Pursue Energy Deals Despite War",3
test,334,2026-03-24 07:50:52,"Stocks making the biggest moves premarket: Netgear, Jefferies Financial, Apollo Global & more",-1
test,335,2026-03-24 08:15:01,Donating from your IRA already has tax advantages. A bipartisan bill would expand retirees' options,-1
test,336,2026-03-24 08:20:56,' __TICKER__ Said to Have No Immediate Plan to Take Over Jefferies',-1
test,337,2026-03-24 08:57:45,'Ares Limits Private Credit Fund Withdrawals As Redemptions Surge',12
test,338,2026-03-24 09:05:35,How The Plug Power (PLUG) Story Is Shifting As Analysts Reset Expectations And Targets,-1
test,339,2026-03-24 09:42:00,"This Power Player Owns $154 Million in XRP ETFs. Should You Buy It, Too?",-1
test,340,2026-03-24 10:03:42,Banks Are Playing Both Sides of the Private Credit Meltdown,-1
test,341,2026-03-24 10:54:53,'Trump Argues to Keep __COMPANY__ 'Debanking' Lawsuit in Florida',20
test,342,2026-03-24 11:00:02,Is __COMPANY__ Large Cap Growth A (OLGAX) a Strong Mutual Fund Pick Right Now?,-1
test,343,2026-03-24 11:13:31,2 New IPO Stocks __COMPANY__ Thinks the Market Is Mispricing,-1
test,344,2026-03-24 11:20:00,Columbia Cornerstone Growth Fund Q4 2025 Quarterly Portfolio Recap,2
test,345,2026-03-24 11:20:18,__COMPANY__ Top Energy Picks Have Big Upside and Pay Solid Dividends,-1
test,346,2026-03-24 11:35:46,VIX Signals Traders Want Proof It’s Safe to Buy the S&P 500 Dip,-1
test,347,2026-03-24 11:43:45,GDV: Still Going Strong After 22 Years With 8.4% Lifetime Average Annual Returns,-1
test,348,2026-03-24 11:44:32,Which credit cards come with access to Priority Pass airport lounges?,-1
test,349,2026-03-24 11:58:00,Apollo Caps Cash Outs at Its $25 Billion Debt Fund. Why Everyone Is Rushing for the Exits.,-1
test,350,2026-03-24 12:00:00,1GT Portfolio Investment Huel to be Acquired by Danone,-1
test,351,2026-03-24 12:04:52,__COMPANY__ ( __TICKER__ :CA) Presents at 24th Annual Financial Services Conference Transcript,4
test,352,2026-03-24 12:15:00,Big Banks Are Playing Both Sides of the Private-Credit Meltdown,12
test,353,2026-03-24 12:27:24,Jamie Dimon says Iran war makes Middle East peace prospects better in the long term,3
test,354,2026-03-24 12:33:33,"Stocks making the biggest moves midday: Circle Internet Group, SAP, Netgear, Jefferies & more",-1
test,355,2026-03-24 12:37:54,__COMPANY__ Chase CEO Dimon: 'Deeply frustrated' with policies in America,-1
test,356,2026-03-24 12:38:10,‘A giant going all-in on AI infrastructure’: __COMPANY__ reinstates Oracle at Buy,-1
test,357,2026-03-24 12:45:24,Here's How Much You Would Have Made Owning __COMPANY__ Stock In The Last 5 Years,34
test,358,2026-03-24 13:03:18,"Bank-stock ETFs are rallying sharply, outperforming the S&P 500",-1
test,359,2026-03-24 13:11:00,"Zacks Investment Ideas feature highlights: EPR Properties, H&R Block, Intuit, __TICKER__ and __COMPANY__",-1
test,360,2026-03-24 13:14:57,The __COMPANY__ Bank ( __TICKER__ :CA) Presents at 24th Annual Financial Services Conference Transcript,-1
test,361,2026-03-24 13:25:53,Micron stock sinks for a fourth straight day despite dominant earnings report,-1
test,362,2026-03-24 13:30:02,Why __COMPANY__ Chase & Co. __TICKER__ is a Top Stock for the Long-Term,-1
test,363,2026-03-24 13:56:22,Why __COMPANY__ still sees $150 oil,3
test,364,2026-03-24 14:08:31,Grab Enters Deals to Execute Up to $400 Million of Share Buyback Program,24
test,365,2026-03-24 14:23:00,Super Micro Stock Drops. Why __COMPANY__ Just Slashed Its Price Target.,-1
test,366,2026-03-24 14:23:45,"Dimon warns on AI job losses, calls for government-business incentives",5
test,367,2026-03-24 14:26:30,__COMPANY__ : Nebius Positioned As Share-Taker In AI Computing,-1
test,368,2026-03-24 14:32:05,Xcel Energy Could Hit $89 by Year-End as __TICKER__ Argues Wildfire Risks Are Already Priced Into $76.75 Stock,-1
test,369,2026-03-24 14:32:29,Investors Are Betting on an Interest Rate Hike That’s Really Not That Likely,-1
test,370,2026-03-24 14:36:00,__COMPANY__ vs. PNC Financial: Which Stock Is a Better Buy Now?,29
test,371,2026-03-24 14:40:00,__TICKER__ to Exit India Retail Unit in Strategic Pivot to Core Operations,-1
test,372,2026-03-24 14:40:05,"Capital One Has Investors Spooked, but Here’s What Wall Street Expects",-1
test,373,2026-03-24 14:45:44,From $383 to $500: __COMPANY__ ’s Bold Microsoft Call Rests on Azure and Copilot Momentum,-1
test,374,2026-03-24 14:51:00,__TICKER__ Sees Eurozone Inflation Rising To 2.6% Y/Y In March From Energy,13
test,375,2026-03-24 15:02:30,Oracle Stock Could See 29% Upside According to __COMPANY__,-1
test,376,2026-03-24 15:06:16,5 Bank Stocks to Avoid as Financials Falter,-1
test,377,2026-03-24 15:14:00,"Dell Stock (DELL) Will Rise Further, Says Five-Star Analyst",-1
test,378,2026-03-24 15:16:35,"__COMPANY__ has started monitoring the keystrokes, video calls, and meetings of its junior investment bankers—and they say it’s for employee well-being",-1
test,379,2026-03-24 15:18:18,"__COMPANY__ : Microsoft ’a primary beneficiary of AI monetization’, sees stock upside",5
test,380,2026-03-24 15:33:05,__COMPANY__ Is the Latest Bank to Sour On Super Micro Computer Stock,-1
test,381,2026-03-24 15:40:01,MTB or __TICKER__ : Which Is the Better Value Stock Right Now?,29
test,382,2026-03-24 15:44:07,2 Dow Jones Stocks to Research Further and 1 We Find Risky,16
test,383,2026-03-24 15:51:33,Ares Private Credit Fund Caps Redemptions,12
test,384,2026-03-24 16:20:00,"Carnival Corporation to report Q1 earnings amid higher fuel costs, regional mix shifts",-1
test,385,2026-03-24 16:27:35,__COMPANY__ Initiates Nebius At Buy. AI Computing Firm Positioned As 'Share-Taker.',-1
test,386,2026-03-24 16:43:15,Microsoft Stock Slips Despite __COMPANY__ 's Fresh Buy Call on Strong AI Outlook,-1
test,387,2026-03-24 16:49:42,Private Credit: Why It's Not 2008,12
test,388,2026-03-24 17:06:33,A Look At __TICKER__ Group (SWX:UBSG) Valuation After Recent Share Price Swings,-1
test,389,2026-03-24 17:47:00,__COMPANY__ resets recession risks for 2026,-1
test,390,2026-03-24 18:16:28,"OpenAI raises additional money to bring record funding round to $120 billion, CFO tells Cramer",-1
test,391,2026-03-24 18:25:00,Large Banks Score Major Regulatory Win That Could Free Up Tens of Billions in Capital. Should You Buy __COMPANY__ Chase Stock?,-1
test,392,2026-03-24 18:29:00,Cramer tells investors to ‘sit on your hands' as U.S.-Iran war continues to rattle stocks,-1
test,393,2026-03-24 18:40:00,Fear Of Stablecoin Reward Limits Sends Circle’s Stock Down 20%,-1
test,394,2026-03-24 18:43:10,Microsoft Slips as OpenAI Bet Starts to Worry Investors,-1
test,395,2026-03-24 18:44:13,Gen Z finally had room to breathe. Now Trump’s 26% gas price hike has them suffocating,3
test,396,2026-03-24 18:50:00,"Why Super Micro Stock Just Had Its Its Price Target Slashed, and Why It’s Gaining",-1
test,397,2026-03-24 19:00:00,Southwest Airlines’ Move to Give Up Fuel Hedging Program Is Proving Costly As Oil Surges,3
test,398,2026-03-24 19:09:19,Considering Tokenizing Every Asset Class: __COMPANY__ 's Oldenburg,-1
test,399,2026-03-24 19:13:00,"__COMPANY__ has a message on Amazon, Meta and Alphabet stocks",-1
test,400,2026-03-24 19:20:25,Banco __COMPANY__ : Why The 'New Era' Makes A 10x P/E Look Cheap,-1
test,401,2026-03-24 20:33:41,Oil prices fall as Iran signals safe passage for ‘non-hostile’ ships through Strait of Hormuz,3
test,402,2026-03-24 21:26:00,What Q1 Earnings Could Mean for the S&P 500 Uptrend,-1
test,403,2026-03-24 21:33:09,__COMPANY__ reveals two bullish trades of 2026,-1
test,404,2026-03-24 21:48:10,"__TICKER__ Downgrades India, Euro Zone After 9% Equity Drop on Oil Risks",-1
test,405,2026-03-24 21:48:22,Nebius Is Quietly Building Momentum In AI,5
test,406,2026-03-24 21:48:42,Super Micro Stock Falls as __COMPANY__ Slashes Price Target By 36%,-1
test,407,2026-03-24 22:36:50,Gold jumps 2% as oil slump eases inflation fears amid Trump Iran talks,-1
test,408,2026-03-24 23:03:06,Oracle's AI Story Is Getting Bigger And More Complex,5
test,409,2026-03-24 23:04:29,__COMPANY__ Revises Asia Rate Outlook as Oil Seen at $115,-1
test,410,2026-03-24 23:46:00,__COMPANY__ challenges the idea that Wall Street is late to crypto,-1
test,411,2026-03-25 02:04:18,How The Reset In Expectations Is Reframing The GoodRx Holdings (GDRX) Investment Story,-1
test,412,2026-03-25 02:05:10,How The Whitbread ( __TICKER__ ) Investment Narrative Is Shifting With New Targets And Buybacks,-1
test,413,2026-03-25 02:33:00,__COMPANY__ issues stark warning on Fed rate outlook,-1
test,414,2026-03-25 02:39:22,"Kyndryl (KD) Stock Trades Down, Here Is Why",-1
test,415,2026-03-25 03:07:00,__COMPANY__ launches $8 billion bond sale for EA buyout,-1
test,416,2026-03-25 03:11:55,South Korea braces for 'worst-case scenarios' as Iran oil shock deepens,3
test,417,2026-03-25 03:15:48,Assessing __COMPANY__ __TICKER__ Valuation After Mixed Short And Long Term Shareholder Returns,-1
test,418,2026-03-25 04:01:00,"Goldman, BlackRock CEOs Predict Massive Growth in Alternatives",-1
test,419,2026-03-25 04:01:00,__COMPANY__ Warns of ‘National Security Risk’ from Aging Power Grid,-1
test,420,2026-03-25 04:30:18,__COMPANY__ Extends ETF Role While Adding Cybersecurity Expertise To Board,7
test,421,2026-03-25 04:36:44,Private credit’s ‘zero-loss fantasy’ is coming to an end as defaults and fund exits rise,12
test,422,2026-03-25 05:03:16,__COMPANY__ Balances Banker Burnout Monitoring With Capital And Stablecoin Shifts,-1
test,423,2026-03-25 05:04:46,How The Valley National Bancorp (VLY) Story Is Shifting With New US$16 Street Targets,-1
test,424,2026-03-25 05:34:18,Is __COMPANY__ Corporation ( __TICKER__ ) one of the Best Cheapest Stocks to Buy on Robinhood?,-1
test,425,2026-03-25 05:34:19,__COMPANY__ __TICKER__ ’s 2026 Outlook: Analyst Revisions and Investor Guidance,-1
test,426,2026-03-25 06:03:34,'Most People Don't Enjoy Their Jobs:' Perplexity CEO Says AI Layoffs Are Chance To Launch AI-Powered Ventures,5
test,427,2026-03-25 06:07:58,Recession odds climb on Wall Street as economy shows cracks beneath the surface,-1
test,428,2026-03-25 07:18:30,1 Cash-Heavy Stock with Exciting Potential and 2 We Ignore,16
test,429,2026-03-25 07:42:15,__COMPANY__ 's Q1 2026 Earnings: What to Expect,-1
test,430,2026-03-25 08:05:19,How The Investment Story Is Shifting For Equinor (OB:EQNR) As Analyst Views Diverge,-1
test,431,2026-03-25 08:06:14,"U.S.-Iran negotiations, Meta trial verdict, OpenAI shuts Sora and more in Morning Squawk",-1
test,432,2026-03-25 08:06:14,How The Aon (AON) Investment Story Is Shifting As Analysts Rework Price Targets,-1
test,433,2026-03-25 08:12:19,Reported Earlier: 'Oreo-Maker Mondelez Joins Rush to Tap Swiss Franc Bond Market',-1
test,434,2026-03-25 08:22:55,"' __COMPANY__ Pulls Back on Asset-Based Lending After MFS, Tricolor'",-1
test,435,2026-03-25 08:26:54,Jamie Dimon 'Deeply Frustrated' By US Defense Rigidities; 'Little Optimistic' On Middle East Peace,-1
test,436,2026-03-25 09:05:26,How The CoStar Group (CSGP) Investment Story Is Shifting After Homescom And Activist Pressure,-1
test,437,2026-03-25 09:38:03,__COMPANY__ Just Revealed The Real Reason Banks Are Betting On Bitcoin,-1
test,438,2026-03-25 09:43:00,Solar A/S: No 7 2026 Major shareholder announcement,-1
test,439,2026-03-25 09:45:00,"Dow rallies nearly 450 points on gains for Amazon.com Inc., NVIDIA Corp. shares",-1
test,440,2026-03-25 10:03:57,What to Expect From __COMPANY__ 's Next Quarterly Earnings Report,-1
test,441,2026-03-25 10:20:02,Should __COMPANY__ Equal Weight U.S. Large Cap Equity ETF (GSEW) Be on Your Investing Radar?,-1
test,442,2026-03-25 11:00:00,__COMPANY__ Announces Cash Distributions for the __COMPANY__ ETFs,-1
test,443,2026-03-25 11:00:02,__COMPANY__ Trade Idea: 7% Discount or 30% Annual Income?,-1
test,444,2026-03-25 11:03:43,__COMPANY__ Names Intuit (INTU) a Top Pick and Maintains an Overweight Rating,-1
test,445,2026-03-25 11:05:48,How The NetApp (NTAP) Story Is Shifting With Memory Costs And Flash Cloud Expectations,-1
test,446,2026-03-25 11:48:30,3 Market-Beating Stocks with Promising Prospects,-1
test,447,2026-03-25 12:30:00,PTC Therapeutics Appoints Biotech Banking Pioneer Jessica Chutter to Board of Directors,-1
test,448,2026-03-25 12:32:25,__TICKER__ sees limited macro strain from $100 oil vs. 1974 levels,-1
test,449,2026-03-25 12:43:12,__COMPANY__ ' Lloyd Blankfein warns Iran war fallout 'is going to last' even if 'there's a resolution tomorrow',-1
test,450,2026-03-25 13:00:00,"Independent Restaurant Coalition (IRC) and Chase Announce 40 Recipients of Innovator Awards, Investing $1 Million in Small Businesses Driving Community and Sustainability",-1
test,451,2026-03-25 13:01:36,"CNBC Halftime Report Final Trades: Netflix, __COMPANY__ , Apple, Ardagh Metal Packaging S.A.",-1
test,452,2026-03-25 13:05:00,Bitpanda Links European Banks With Tokenized Assets,-1
test,453,2026-03-25 13:05:35,"Final Trades: Netflix, Ardagh Metal Packaging, __COMPANY__ and Apple",-1
test,454,2026-03-25 13:28:16,Earnings Preview: What To Expect From __COMPANY__ ' Report,-1
test,455,2026-03-25 13:30:02,Earnings Growth & Price Strength Make __COMPANY__ __TICKER__ a Stock to Watch,-1
test,456,2026-03-25 13:32:15,"Shares of U.S.-listed foreign banks are trading higher as oil price and inflation concerns soften, which could help compel global central banks to resume rate cuts.",25
test,457,2026-03-25 13:40:03,Why __COMPANY__ __TICKER__ is a Top Value Stock for the Long-Term,-1
test,458,2026-03-25 13:45:40,__COMPANY__ ’s Wilson Sees S&P Profit Boom Despite Iran War,-1
test,459,2026-03-25 13:58:00,Moelis & Company vs. Goldman: Which Finance Stock Has Better Upside?,-1
test,460,2026-03-25 14:00:00,Discovery Place and __COMPANY__ Partnership Ignites STEM Careers for Charlotte Students,-1
test,461,2026-03-25 14:01:29,What You Need To Know Ahead of __COMPANY__ 's Earnings Release,-1
test,462,2026-03-25 14:04:31,"New Amex Graphite business card offers flat-rate rewards, but there are better options for your business",-1
test,463,2026-03-25 14:06:21,Is __COMPANY__ Corporation __TICKER__ Still Attractive After A 41% One-Year Rally,-1
test,464,2026-03-25 14:14:39,__COMPANY__ Is Betting That Nebius Stock Still Has 30% Upside Potential. Should You Buy It Here?,-1
test,465,2026-03-25 14:29:35,' __COMPANY__ Starts Private Capital M&A Team to Focus on PE Exits',-1
test,466,2026-03-25 14:45:24,3 Equal Weight ETFs Beating the S&P 500 in 2026 as Mega-Cap Dominance Fades,7
test,467,2026-03-25 14:47:32,__COMPANY__ Slashes Its Super Micro Stock Price Target by 35% Amid ‘Reputation Risks.’ Should You Buy the SMCI Dip?,-1
test,468,2026-03-25 14:48:41,__COMPANY__ Chase Earnings Preview: What to Expect,-1
test,469,2026-03-25 14:52:12,Why Core Scientific (CORZ) is One of the Best Strong Buy Stocks to Invest in Under $20,-1
test,470,2026-03-25 14:52:27,__COMPANY__ Updates Constellation Brands (STZ) to Buy From Neutral – Here’s Why,-1
test,471,2026-03-25 14:52:29,__COMPANY__ Cuts PT on Lamb Weston Holdings (LW) to $49 From $53 – Here’s Why,8
test,472,2026-03-25 14:52:33,__COMPANY__ Lifts PT on Bunge Global SA (BG) to $130 From $125 – Here’s Why,-1
test,473,2026-03-25 14:52:56,__COMPANY__ Cuts PT on Conagra Brands (CAG) to $17 From $19 – Here’s Why,-1
test,474,2026-03-25 14:52:58,__TICKER__ Cuts PT on The Campbell’s Company (CPB) to $20 From $24 – Here’s Why,-1
test,475,2026-03-25 15:12:49,__COMPANY__ Says Oracle Stock Can Gain More Than 30% from Here. Why?,-1
test,476,2026-03-25 15:27:00,S&P 500 Fires Buy Signal With 100% Accuracy Rate: What Comes Next,-1
test,477,2026-03-25 15:37:14,Record Earnings Could Not Stop __TICKER__ Shares From Falling 6%,-1
test,478,2026-03-25 15:40:37,__COMPANY__ sends stark Oracle stock message to investors,-1
test,479,2026-03-25 15:45:02,__COMPANY__ Corporation __TICKER__ Could Be a Great Choice,-1
test,480,2026-03-25 15:54:33,"Private Credit, Welcome To The 'Hotel California'",12
test,481,2026-03-25 16:22:52,__COMPANY__ Cuts Its Target for Super Micro Computer to $25,-1
test,482,2026-03-25 16:25:49,AT&T Receives 2 Price Target Hikes From __COMPANY__ and KeyBanc,8
test,483,2026-03-25 16:27:59,Polymarket is 72% Sure That Goldman Will Lead SpaceX's IPO,-1
test,484,2026-03-25 16:34:46,"As Demand for AWS’ AI Surges, __COMPANY__ and __COMPANY__ Raise Amazon Price Targets",-1
test,485,2026-03-25 16:43:00,How Bonds Ended the Civil War—and Led to the Rise of __COMPANY__,-1
test,486,2026-03-25 16:47:00,__COMPANY__ has a stark message for investors in Apple stocks,-1
test,487,2026-03-25 16:54:16,Goldman M&A Head Sees ‘Massive’ Capital Pools Driving M&A,-1
test,488,2026-03-25 17:27:00,This Data Center Stock Is Surging on a Hyperscaler Deal. It’s a Signal of AI Demand.,-1
test,489,2026-03-25 18:07:20,__COMPANY__ __TICKER__ Is Up 5.6% After BlackRock ETF Mandate And Bond Issuances - Has The Bull Case Changed?,-1
test,490,2026-03-25 18:11:00,Visa Becomes ‘Super Validator’ For Canton Network,-1
test,491,2026-03-25 18:34:08,Is Western Alliance (WAL) One of the Best American Bank Stocks to Buy?,-1
test,492,2026-03-25 18:50:00,Bicara gains buy rating as __COMPANY__ sees SoC potential in cancer drug Ficera,-1
test,493,2026-03-25 18:51:00,Acadia Pharmaceuticals upgraded on improve risk-reward profile following pullback,-1
test,494,2026-03-25 19:32:00,"Energy Stocks Surge on Oil Spike: Buy, Hold, or Take Profits?",-1
test,495,2026-03-25 19:46:58,__COMPANY__ Resets Oracle Price Target -- Sees 30% Upside,-1
test,496,2026-03-25 19:47:07,Gabon Mobilizes $200M Conservation Fund With Bezos Earth Fund Support,2
test,497,2026-03-25 19:58:48,How Rising Fuel Costs Drove Fresh Target Cuts on Frontier Group (ULCC),-1
test,498,2026-03-25 20:00:16,Why __COMPANY__ Sees Kohl’s (KSS) Facing a Tougher Road to a Real Turnaround,17
test,499,2026-03-25 20:01:00,Has the AI Bubble Burst Already? Why This Economist Says the S&P 500 Peak Has Passed.,-1
test,500,2026-03-25 20:01:22,Tracking Ole Andreas Halvorsen's Viking Global Portfolio - Q4 2025 Update,2
test,501,2026-03-25 20:03:53,How The H & M (OM:HM B) Investment Story Is Shifting With New Fair Value Signals,-1
test,502,2026-03-25 20:04:35,Inside India newsletter: Ikea has high hopes for the country as it stares at a global slowdown,-1
test,503,2026-03-25 20:05:43,How The Pearson ( __TICKER__ ) Narrative Is Shifting As Analysts Rework Targets And Growth Assumptions,17
test,504,2026-03-25 20:15:00,Citibank Announces $2 Billion Redemption of 5.438% Notes Due 2026 and $1 Billion Redemption of Floating Rate Notes Due 2026,-1
test,505,2026-03-25 20:18:55,"__COMPANY__ Names East West Bancorp (EWBC) a Top Pick, __COMPANY__ Raises PT",-1
test,506,2026-03-25 20:30:00,ICA Fund Announces $2.25 Million in New Funding From __COMPANY__ To Support Growth-Ready Small Businesses in the Bay Area,-1
test,507,2026-03-25 20:36:39,"Robinhood (HOOD) Stock Is Up, What You Need To Know",-1
test,508,2026-03-25 21:00:35,"Private credit is bruised, not broken",12
test,509,2026-03-25 21:03:00,"Top Stock Reports for Amazon.com, TJX and Eaton Corp.",-1
test,510,2026-03-25 21:21:06,"CNBC Daily Open: Iran rejects ceasefire, but reviews peace plan",-1
test,511,2026-03-25 21:45:03,__COMPANY__ __TICKER__ Outperforms Broader Market: What You Need to Know,-1
test,512,2026-03-25 22:03:00,Golar LNG Limited announces strategic review to maximize stakeholder value and appoints __COMPANY__ as financial advisor,-1
test,513,2026-03-25 22:54:17,__COMPANY__ Lowers __COMPANY__ __TICKER__ Price Target to $57,8
test,514,2026-03-25 23:09:23,How The Vinci (ENXTPA:DG) Investment Story Is Shifting With Fresh Analyst Targets And Data,-1
test,515,2026-03-25 23:09:30,How The Story On Ares Commercial Real Estate (ACRE) Is Shifting Around New US$5 Targets,-1
test,516,2026-03-26 00:00:49,__COMPANY__ 's Bitcoin ETF Gets Official Listing Announcement By __TICKER__ Says This 'Typically' Means Launch Imminent,-1
test,517,2026-03-26 01:09:13,"Sarepta (SRPT) Skyrockets 35% on __COMPANY__ PT Hike, Stellar Trial Results",-1
test,518,2026-03-26 02:17:25,__COMPANY__ Bitcoin ETF ready for ‘imminent’ launch. Here’s why that’s a big deal,7
test,519,2026-03-26 02:50:30,CNBC Daily Open: Talking in circles on Iran,-1
test,520,2026-03-26 03:21:04,BlackRock’s Kapito Warns Investors Are Mispricing Iran Risks,-1
test,521,2026-03-26 04:37:00,__COMPANY__ names top auto pick if gas prices stay high,-1
test,522,2026-03-26 04:49:36,Google Breakthrough Spurs Chip Selloff Despite Analyst Doubt,-1
test,523,2026-03-26 05:03:46,How The Experian ( __TICKER__ ) Story Is Shifting As Targets Ease And New Products Roll Out,17
test,524,2026-03-26 05:05:17,How The Investment Narrative For Informa ( __TICKER__ ) Is Shifting With New Analyst Targets,17
test,525,2026-03-26 05:55:14,SoFi Technologies (SOFI) Labelled as a “Digital Leader Sitting at the Nexus” by __COMPANY__,-1
test,526,2026-03-26 06:28:00,__COMPANY__ Says the Tech Sell-Off Doesn't Make Any Sense. Here's Why I Agree.,-1
test,527,2026-03-26 06:56:49,3 Reasons Why __COMPANY__ ’s MSBT Might Be the ETF BlackRock Should Fear Most,-1
test,528,2026-03-26 07:06:52,Fiserv Reshapes Fintech Role With Western Alliance Deal And JP Morgan Hires,-1
test,529,2026-03-26 07:11:14,"Ardagh Metal Packaging, Apple And Netflix On CNBC's 'Final Trades'",-1
test,530,2026-03-26 07:30:01,Family offices make opportunistic bets on real estate as investors sit on sidelines,-1
test,531,2026-03-26 08:17:15,"Meta's latest verdict, space stocks, prediction market legislation and more in Morning Squawk",-1
test,532,2026-03-26 08:26:30,Higher gas prices from Iran war could offset bigger tax refunds from Trump's 'big beautiful bill',3
test,533,2026-03-26 08:43:00,The dash to cash has only just begun. Here’s what that means for stocks and bonds.,-1
test,534,2026-03-26 08:55:08,"Jefferies Initiates Coverage On __COMPANY__ Chase with Hold Rating, Announces Price Target of $310",-1
test,535,2026-03-26 08:57:14,' __COMPANY__ Shifts Focus to Air Defense Firms Over Tank and Ammo Makers',-1
test,536,2026-03-26 09:00:00,Wall Street Bonus Pool Jumps to a Record $49.2 Billion for 2025,-1
test,537,2026-03-26 09:25:11,"Circle Could Double To $75B By 2030 Despite 20% Stock Crash, Says Bitwise's Matt Hougan",34
test,538,2026-03-26 10:08:00,__COMPANY__ pursues payments advances,-1
test,539,2026-03-26 10:27:21,1 Mega-Cap Stock with Exciting Potential and 2 We Question,-1
test,540,2026-03-26 10:59:09,__COMPANY__ courts business clients in market-share push,-1
test,541,2026-03-26 11:06:22,How To Invest In SpaceX Before The IPO Floodgates Open,-1
test,542,2026-03-26 11:26:09,Warren Buffett's Berkshire Faces The Dreaded Death Cross—Is Too Much Apple The Problem?,-1
test,543,2026-03-26 11:30:16,Memory stocks defended at __COMPANY__ on continued pricing strength,-1
test,544,2026-03-26 11:53:43,"Here Are Thursday’s Top Wall Street Analyst Research Calls: Adobe, Airbnb, ARM Holdings, __COMPANY__ , CAVA Group, Robinhood Markets, Spotify, and More",-1
test,545,2026-03-26 12:00:00,Merrill Lynch Becomes Latest Wall Street Firm to Launch AI Client Meeting Tool,-1
test,546,2026-03-26 12:00:12,"Insiders At __COMPANY__ Group Sold US$136m In Stock, Alluding To Potential Weakness",-1
test,547,2026-03-26 12:06:00,"JEF's Q1 Earnings Meet Estimates, Revenues Up on Solid IB Performance",-1
test,548,2026-03-26 12:29:00,The Future Doesn't Carry Cash: Top Mobile Payments Stocks to Buy,-1
test,549,2026-03-26 12:30:00,"Lument Finance Trust, Inc. Q4 2025 Earnings Call Summary",-1
test,550,2026-03-26 12:34:01,"Jefferies Initiates Coverage On __COMPANY__ with Buy Rating, Announces Price Target of $100",8
test,551,2026-03-26 12:41:14,Federal Reserve urges judge to deny bid to revive Jerome Powell probe subpoenas,-1
test,552,2026-03-26 12:42:50,Interview: __COMPANY__ ’s Carl Slabicki on RTP – an invaluable payment option for corporate customers,-1
test,553,2026-03-26 12:43:06,"Investors move back to cash in 2022-style shift, __TICKER__ says",-1
test,554,2026-03-26 13:00:00,Merrill and __COMPANY__ Private Bank Launch AI-Powered Meeting Journey,-1
test,555,2026-03-26 13:00:00,Flywire Appoints Christine Katziff to its Board of Directors,-1
test,556,2026-03-26 13:02:40,__COMPANY__ Merrill Launches AI-Powered Meeting Journey,5
test,557,2026-03-26 13:30:00,Bank of New York urges regulation and 'clarity' for crypto industry,-1
test,558,2026-03-26 13:39:00,__COMPANY__ ’s Bitcoin ETF Is About To Launch,7
test,559,2026-03-26 13:57:51,Wall Street Cuts Mosaic Company Again: __TICKER__ Slashes Target to $27,-1
test,560,2026-03-26 14:05:16,How The EHang Holdings (EH) Investment Story Is Shifting With Reset Guidance And New Targets,-1
test,561,2026-03-26 14:05:49,Is __COMPANY__ __TICKER__ Pricing Reflect Its Recent Pullback And Strong Valuation Signals,-1
test,562,2026-03-26 14:07:02,__COMPANY__ Balances Epstein Settlement With New AI Advisor Tools,5
test,563,2026-03-26 14:07:53,How The Tempus AI (TEM) Narrative Is Shifting On Growth Potential Versus Execution Risk,-1
test,564,2026-03-26 14:08:25,"__COMPANY__ ’s Bitcoin ETF Launch “Imminent”, But Price May Not Cross $75,000",-1
test,565,2026-03-26 14:21:22,"Jefferies Initiates Coverage On __COMPANY__ with Buy Rating, Announces Price Target of $60",8
test,566,2026-03-26 14:22:51,__COMPANY__ Defends Memory Chip Stocks Amid Slump,48
test,567,2026-03-26 14:22:58,__COMPANY__ Sets COIN Target at $235 — Here’s Why Coinbase Could Surge 30% From Current Levels,8
test,568,2026-03-26 14:23:00,Why TurboQuant Hammered Memory Stocks—and Why ‘Jevons’ Paradox’ Means the Market Is Wrong,-1
test,569,2026-03-26 14:48:22,"LATAM Airlines Well Positioned to Weather Rising Oil Prices Amid Strong Profitability, Fuel Hedges, __COMPANY__ Says",-1
test,570,2026-03-26 15:00:00,Record-breaking performance highlights 45th __COMPANY__ Shamrock Shuffle,-1
test,571,2026-03-26 15:02:25,Jefferies Initiates Coverage of __COMPANY__ Chase __TICKER__ with Hold Recommendation,-1
test,572,2026-03-26 15:06:31,Robinhood Buyback And Credit Line Tested By Valuation Concerns,-1
test,573,2026-03-26 15:12:29,__COMPANY__ Earnings Preview: What to Expect,-1
test,574,2026-03-26 15:13:00,__TICKER__ Remains Bullish On Silver Despite Price Decline,-1
test,575,2026-03-26 15:24:09,__TICKER__ now expects the Fed’s next rate cut to take place in September,-1
test,576,2026-03-26 15:40:55,"Gartner May See More Balanced Q1 After Tough Quarters, __TICKER__ Says",-1
test,577,2026-03-26 15:51:14,__COMPANY__ ’s wealth management firms roll out AI tool,5
test,578,2026-03-26 15:59:00,Can the S&P 500 Outrun a Looming Recession? ETFs to Navigate the Storm,-1
test,579,2026-03-26 16:05:59,Why The BOK Financial (BOKF) Story Is Shifting With New Targets And Valuation Caution,17
test,580,2026-03-26 16:17:52,Ares Private Credit Troubles Mount With Fund Loss,12
test,581,2026-03-26 16:24:29,Costco's first standalone gas station is opening soon. Here’s how to get cheap gas at wholesale clubs,-1
test,582,2026-03-26 16:57:26,__COMPANY__ Launches Private Capital M&A Unit,-1
test,583,2026-03-26 17:00:00,__COMPANY__ Reaches Major Digital Milestones,-1
test,584,2026-03-26 17:05:16,__COMPANY__ slashes Coinbase price target,8
test,585,2026-03-26 17:07:00,"__COMPANY__ revamps price targets on CoreWeave, Nebius stocks",-1
test,586,2026-03-26 17:45:46,Here's How Much You Would Have Made Owning __COMPANY__ Group Stock In The Last 10 Years,34
test,587,2026-03-26 18:05:56,Sen. Warren rips Federal Reserve chair pick Kevin Warsh: 'You have learned nothing from your failures',68
test,588,2026-03-26 18:15:40,Here's How Much You Would Have Made Owning __COMPANY__ Chase Stock In The Last 15 Years,34
test,589,2026-03-26 18:47:45,Moonshot AI Weighs Hong Kong IPO as $18 Billion Valuation Emerges,-1
test,590,2026-03-26 18:50:10,"Analysts Maintain Neutral Outlook on DocuSign, Inc. (DOCU) Despite Solid Results",-1
test,591,2026-03-26 18:52:21,Exelon Could Reach $58 by End of 2026 as AI Data Center Demand Fuels 26% Load Growth in Illinois,-1
test,592,2026-03-26 18:57:00,XRP ETFs Buck Market Downturn With $1.4 Billion Of Inflows,-1
test,593,2026-03-26 19:09:07,SpaceX lines up April investor briefings as IPO questions swirl,-1
test,594,2026-03-26 19:22:32,Jamie Dimon Sees A Faster AI Shock Coming,-1
test,595,2026-03-26 19:28:00,Apple Stock Has Been Weak This Year. Why Analysts Think Better Times Are Ahead.,-1
test,596,2026-03-26 20:03:32,How The Patria Investments (PAX) Story Is Shifting With Conflicting Analyst Price Targets,-1
test,597,2026-03-26 20:07:21,How The Oportun Financial (OPRT) Story Is Shifting As __COMPANY__ Moves To Neutral,-1
test,598,2026-03-26 20:33:01,Jefferies Initiates Coverage of __COMPANY__ __TICKER__ with Buy Recommendation,-1
test,599,2026-03-26 21:29:03,CNBC Daily Open: Could the Strait of Hormuz be close to reopening? Markets cast doubt,-1
test,600,2026-03-26 21:47:00,Dick's Sporting Goods makes a $16 billion gamble,34
test,601,2026-03-26 22:07:00,Private capital is coming for your bank,-1
test,602,2026-03-26 22:53:27,157-year-old Wall Street giant recommends 3 ‘attractive’ crypto stocks,-1
test,603,2026-03-26 23:04:54,Investors Game Out Stagflation Risk in Japan as Oil Prices Rise,-1
test,604,2026-03-26 23:39:54,Lumentum Holdings (LITE) Stock Is Trending Overnight: Here's What You Should Know,-1
test,605,2026-03-26 23:43:48,SpaceX Plans April Investor Briefings as IPO Questions Swirl,-1
test,606,2026-03-26 23:59:30,Dollar’s Best Month Since July Roils Wall Street’s FX Roadmap,-1
test,607,2026-03-27 00:38:13,Private credit's cracks open door for Wall Street banks' comeback: 'The tug of war is just starting',12
test,608,2026-03-27 01:05:49,Claude AI Maker Anthropic Considers IPO as Soon as October,-1
test,609,2026-03-27 02:26:42,CNBC Daily Open: 'Period of destruction' paused after Iran's 'present',-1
test,610,2026-03-27 03:10:20,How Halma ( __TICKER__ ) Is Seeing Its Investment Narrative Repriced With Cautious Target Upgrades,-1
test,611,2026-03-27 04:02:14,Elon Musk Reportedly Weighs Giving Retail Investors 30% Of SpaceX's IPO And Betting They Won't Bail,-1
test,612,2026-03-27 05:04:39,How The Realty Income (O) Story Is Shifting With New Targets And Capital Partnerships,-1
test,613,2026-03-27 05:06:54,How The Lancashire Holdings ( __TICKER__ ) Investment Story Is Shifting With Diverging Analyst Targets,-1
test,614,2026-03-27 05:30:00,He Was Warren Buffett’s Protégé. Now He’s Running Money for Jamie Dimon.,-1
test,615,2026-03-27 06:06:18,How The Keysight Technologies (KEYS) Story Is Evolving With New Growth Drivers And Valuation Views,-1
test,616,2026-03-27 06:54:59,__TICKER__ Pulls a Celsius: $469 Million Real Estate Fund Locks Investors Out for 3 Years,-1
test,617,2026-03-27 07:20:10,__COMPANY__ Facing €1.65M Fine From Germany's Federal Financial Supervisory Authority Over Alleged Violation Of Supervisory Responsibilities,-1
test,618,2026-03-27 08:42:59,CoreWeave Partner Core Scientific's Stock Jumps In Momentum After $1 Billion Financing Deal,-1
test,619,2026-03-27 09:00:00,"SPMO: Not So Much Momentum Now, But That's What Makes It A Buy Long Term",-1
test,620,2026-03-27 09:17:34,"Oppenheimer Maintains Outperform on __COMPANY__ , Lowers Price Target to $58",-1
test,621,2026-03-27 09:18:45,"Oppenheimer Maintains Outperform on __COMPANY__ , Lowers Price Target to $132",8
test,622,2026-03-27 09:26:31,__COMPANY__ -Backed Canton Crypto Chain Adds LayerZero Interoperability,-1
test,623,2026-03-27 09:30:00,__TICKER__ -D Vs. __TICKER__ -Y: Comparing Coupon Extremes,-1
test,624,2026-03-27 11:03:06,__COMPANY__ Names 2 Top Neocloud Stocks to Buy in 2026,-1
test,625,2026-03-27 11:05:23,How The Workday (WDAY) Story Is Shifting Toward AI Investment And Slower Growth Expectations,5
test,626,2026-03-27 11:16:10,Veterans United mortgage review 2026: Diverse mortgage options for military families,-1
test,627,2026-03-27 11:32:00,Wall Street Says Stocks Are Too Cheap to Ignore as War Rages On,-1
test,628,2026-03-27 12:00:00,"Millrose Properties Amends Credit Agreement, Expanding to a $1.835 Billon Unsecured Facility With the Addition of a $500 Million Term Loan Commitment",-1
test,629,2026-03-27 12:04:11,' __COMPANY__ Eyes Regional Bank Deal as Fraser Gears Up for Next Chapter',-1
test,630,2026-03-27 12:08:04,__COMPANY__ ’s Hartnett Says Consumer Stocks Best Play for War Aftermath,-1
test,631,2026-03-27 12:13:05,"Watching __COMPANY__ ; Shares Trading Lower On Speculation The Co Weighs Buying Another Bank, Traders Circulate __COMPANY__ Says In A Statement ""The Suggestion That __COMPANY__ Is Planning To Buy A Regional Bank, Wealth Brokerage, Or Any Other Financial Services Firm, Is Baseless Speculation""",-1
test,632,2026-03-27 12:16:43,"Stocks to outperform, dollar to underperform if de-escalation is achieved: __TICKER__",-1
test,633,2026-03-27 12:16:58,3 Reasons to Sell __TICKER__ and 1 Stock to Buy Instead,29
test,634,2026-03-27 12:18:53,$50B from 500 accounts: Yield-starved credit investors pile into Electronic Arts LBO financing,-1
test,635,2026-03-27 12:28:45,__COMPANY__ gets Fed green light to realign German unit,-1
test,636,2026-03-27 12:30:52,__COMPANY__ shares are trading lower after the company refuted reports suggesting that it may acquire a regional bank.,25
test,637,2026-03-27 12:40:00,Why FMC Corporation Rallied 20% This Week,-1
test,638,2026-03-27 12:43:39,Wall Street’s FX Roadmap Roiled by Dollar’s Best Run Since July,-1
test,639,2026-03-27 12:51:42,__COMPANY__ CORP ( __TICKER__ ) Shows Technical Strength and High-Quality Setup for Potential Breakout,-1
test,640,2026-03-27 12:59:56,When do higher oil prices shift risk from inflation to growth?,3
test,641,2026-03-27 13:00:00,Watson Links and __COMPANY__ Partner to Expand Youth Golf Access and Mentorship through Golf with Us,-1
test,642,2026-03-27 13:00:45,"CNBC Halftime Report Final Trades: Vistra, Caterpillar, __COMPANY__ , Target",-1
test,643,2026-03-27 13:11:14,Option Activity Is Bullish For __COMPANY__ And Financial Sector (Technical Analysis),-1
test,644,2026-03-27 13:35:27,Microsoft Set for Worst Quarter Since 2008 as AI Takes Two Bites,-1
test,645,2026-03-27 13:50:26,"$10,000 Gold Is a Threat to This Ultra-High Yield ETF",7
test,646,2026-03-27 14:03:00,How to Approach __COMPANY__ Stock as Fed Set to Ease Capital Rules,-1
test,647,2026-03-27 14:11:13,Netflix Price Hikes Could Unlock $1.7 Billion With Minimal Churn Risk,-1
test,648,2026-03-27 14:11:53,Nvidia-Backed Startup Eyes $2.5 Billion AI Raise,-1
test,649,2026-03-27 14:14:01,Anthropic Eyes October IPO in Race With OpenAI,-1
test,650,2026-03-27 14:26:00,Bitfarms Gears Up to Report Q4 Earnings: What's in the Offing?,-1
test,651,2026-03-27 14:44:03,"Expedia Estimates Lifted After Strong Q4 and Improved 2026 Guidance, __COMPANY__ Says",-1
test,652,2026-03-27 15:05:24,How The Investment Story For __COMPANY__ __TICKER__ Is Shifting On Wall Street,-1
test,653,2026-03-27 15:06:27,How The Enhabit (EHAB) Story Is Shifting After The Kinderhook US$13.80 Cash Offer,-1
test,654,2026-03-27 15:08:00,Quiet __COMPANY__ and Northern Trust Reward Patient Investors,-1
test,655,2026-03-27 15:23:00,__TICKER__ vs. SCHW: Who Holds the Edge in the Evolving Wealth Landscape?,-1
test,656,2026-03-27 15:25:00,Kalshi CEO Says Gambling Lawsuits Have Been Good for Prediction Markets. ‘It’s Basically Free Press.’,-1
test,657,2026-03-27 15:49:19,Why Income Investors Keep VTV as a Core Portfolio Anchor in a Turbulent 2026,-1
test,658,2026-03-27 16:30:00,Tripadvisor upgraded by __COMPANY__ amid rising activist engagement,-1
test,659,2026-03-27 16:35:38,Nvidia Targets $1 Trillion in Data Center Revenue -- __COMPANY__ Sees 20% Upside,-1
test,660,2026-03-27 16:36:38,__COMPANY__ shares fall 4% on report of potential regional bank deal,-1
test,661,2026-03-27 16:40:39,Update: Market Chatter: __COMPANY__ Weighs Regional Bank Acquisition,-1
test,662,2026-03-27 16:40:44,Oaktree To Fulfill All Redemption Requests In Its Private Credit Fund,-1
test,663,2026-03-27 16:59:02,Bilt 2.0 revisited: Here's who the new cards are for — and who should pass,-1
test,664,2026-03-27 17:04:02,How The Jet2 (AIM:JET2) Investment Story Is Shifting As Analysts Recalibrate Valuation Targets,17
test,665,2026-03-27 17:07:17,Google's Cloud Story May Be Getting Stronger,-1
test,666,2026-03-27 17:36:00,The Iran War and Oil Prices Bring Risk of Deeper Market Lows. There Are Echoes of 2008.,3
test,667,2026-03-27 18:21:53,Wix.com Just Got Hit With a Downgrade and the AI Threat Is Getting Real,-1
test,668,2026-03-27 18:37:52,"Dividend Champion, Contender, And Challenger Highlights: Week Of March 29",54
test,669,2026-03-27 20:00:00,__COMPANY__ to Transfer 14 ETFs From Current Exchanges,7
test,670,2026-03-27 20:04:43,__COMPANY__ Moves Into $1 Trillion London Gold Market With Heathrow Vault Plan,-1
test,671,2026-03-27 20:23:06,Gold Bullion or Gold Miners: Which Fits Your Portfolio Better? GDX vs AAAU,-1
test,672,2026-03-27 21:05:11,How The Savills ( __TICKER__ ) Investment Story Is Shifting With New Analyst Targets And Dividends,-1
test,673,2026-03-27 21:11:30,"__TICKER__ Lowers PT on DocuSign (DOCU), Here’s Why",-1
test,674,2026-03-27 22:05:41,How The Criteo (CRTO) Narrative Is Shifting With Lower Targets And GenAI Expectations,17
test,675,2026-03-27 23:06:09,How Regulatory Shifts and Tech Ambitions At __COMPANY__ Chase __TICKER__ Have Changed Its Investment Story,17
test,676,2026-03-27 23:35:53,Epstein victims to get $72.5M from __COMPANY__ settlement,20
test,677,2026-03-27 23:58:00,__COMPANY__ Agrees to Pay $72.5 Million to Settle Epstein Lawsuit,-1
test,678,2026-03-28 00:15:29,How The __COMPANY__ ( __TICKER__ ) Story Is Shifting As Analyst Targets Converge,17
test,679,2026-03-28 00:44:44,__COMPANY__ files for cheapest Bitcoin ETF,7
test,680,2026-03-28 02:53:47,__COMPANY__ OKs $72.5M settlement in Epstein accusers' lawsuit,-1
test,681,2026-03-28 03:23:49,__COMPANY__ : Not A Bad Time To Buy The Dip,49
test,682,2026-03-28 03:50:31,S&P 500: __COMPANY__ says this is the key question in Q2,-1
test,683,2026-03-28 06:29:27,"Bullish On __COMPANY__ Again, As It Stands Out Among Europe's Global Diversified Banks",-1
test,684,2026-03-28 07:06:45,__COMPANY__ Digital Milestone Puts AI And Mobile At Center Stage,5
test,685,2026-03-28 07:17:47,Cantor Fitzgerald Raises United Therapeutics (UTHR) Price Target to $625,8
test,686,2026-03-28 07:18:05,__COMPANY__ Raises East West Bancorp (EWBC) Price Target to $141,-1
test,687,2026-03-28 08:00:00,3 Second Quarter Market Predictions,-1
test,688,2026-03-28 08:30:00,Buffett’s Zurich Acolyte Says Odds of Beating Market Keep Fading,-1
test,689,2026-03-28 09:00:52,Dip-buyers arrive to pull gold back from brink of a bear market,-1
test,690,2026-03-28 10:40:59,__COMPANY__ Nears Bitcoin ETF Launch With Fee Below BlackRock,-1
test,691,2026-03-28 11:00:00,"Visa, Street Soccer USA and __COMPANY__ to Bring Visa Street Soccer Parks to Every FIFA World Cup 2026TM Host City in the U.S.",-1
test,692,2026-03-28 13:00:00,"AI Schism Grips Washington as Tech, Labor Vie for Upper Hand",5
test,693,2026-03-28 13:05:09,How The EOG Resources (EOG) Narrative Is Shifting With New Oil And Cash Flow Assumptions,3
test,694,2026-03-28 13:06:12,__COMPANY__ ’s Bitcoin ETF Push Recasts Its Digital Asset Ambitions,-1
test,695,2026-03-28 14:25:49,__COMPANY__ flags bear trap risk as stocks may capitulate before sharp rally,-1
test,696,2026-03-28 15:33:00,__COMPANY__ resets gold price target for the rest of 2026,-1
test,697,2026-03-28 16:08:14,"How The S&P Global (SPGI) Narrative Is Shifting With Issuance, AI And Valuation Revisions",-1
test,698,2026-03-28 16:25:03,SpaceX Could Open 30% of Its IPO to Retail Investors. Here’s How You Can Buy It,-1
test,699,2026-03-28 17:27:19,How Hormuz disruptions are impacting global agriculture prices,-1
test,700,2026-03-28 18:04:03,How The Greenbrier Companies (GBX) Narrative Is Shifting After Earnings And Analyst Revisions,-1
test,701,2026-03-28 19:00:00,"Inside ‘Project Eagle,’ __COMPANY__ ’s High-Wire Act to Fund EA Deal",-1
