date,ticker,actual_return,predicted_return,residual,abs_error
2014-02-19,JPM,-2.1029235766797827,0.07370778692052103,-2.1766313636003036,2.1766313636003036
2014-02-20,JPM,0.5588543485854025,0.07370778692052103,0.48514656166488146,0.48514656166488146
2014-02-21,JPM,0.0521014241055883,0.07370778692052103,-0.02160636281493273,0.02160636281493273
2014-02-24,JPM,0.7290400972053579,0.07370778692052103,0.6553323102848368,0.6553323102848368
2014-02-25,JPM,-1.7232465965879684,0.07370778692052103,-1.7969543835084894,1.7969543835084894
2014-02-26,JPM,-0.4909696650885475,0.07370778692052103,-0.5646774520090685,0.5646774520090685
2014-02-27,JPM,-0.105726872246703,0.07370778692052103,-0.17943465916722404,0.17943465916722404
2014-02-28,JPM,0.2293173399188663,0.07370778692052103,0.15560955299834528,0.15560955299834528
2014-03-03,JPM,-1.0735656458993326,0.07370778692052103,-1.1472734328198535,1.1472734328198535
2014-03-04,JPM,1.8679950186799357,0.07370778692052103,1.7942872317594147,1.7942872317594147
2014-03-05,JPM,1.571777855396439,0.07370778692052103,1.498070068475918,1.498070068475918
2014-03-06,JPM,1.2723521320495257,0.07370778692052103,1.1986443451290048,1.1986443451290048
2014-03-07,JPM,0.8488964346349714,0.07370778692052103,0.7751886477144504,0.7751886477144504
2014-03-10,JPM,-0.336700336700324,0.07370778692052103,-0.41040812362084506,0.41040812362084506
2014-03-11,JPM,-1.70608108108109,0.07370778692052103,-1.779788868001611,1.779788868001611
2014-03-12,JPM,-0.4639972503866607,0.07370778692052103,-0.5377050373071817,0.5377050373071817
2014-03-13,JPM,-0.8632596685082872,0.07370778692052103,-0.9369674554288082,0.9369674554288082
2014-03-14,JPM,-1.079763148728674,0.07370778692052103,-1.153470935649195,1.153470935649195
2014-03-17,JPM,1.373239436619711,0.07370778692052103,1.29953164969919,1.29953164969919
2014-03-18,JPM,0.8336227856894807,0.07370778692052103,0.7599149987689596,0.7599149987689596
2014-03-19,JPM,0.4133654839820755,0.07370778692052103,0.33965769706155446,0.33965769706155446
2014-03-20,JPM,3.1046312178387714,0.07370778692052103,3.0309234309182504,3.0309234309182504
2014-03-21,JPM,0.0998170021627053,0.07370778692052103,0.026109215242184264,0.026109215242184264
2014-03-24,JPM,1.495762007645007,0.07370778692052103,1.4220542207244862,1.4220542207244862
2014-03-25,JPM,-0.2292451285410224,0.07370778692052103,-0.30295291546154346,0.30295291546154346
2014-03-26,JPM,-1.6904644674216374,0.07370778692052103,-1.7641722543421583,1.7641722543421583
2014-03-27,JPM,0.0333889816360732,0.07370778692052103,-0.04031880528444783,0.04031880528444783
2014-03-28,JPM,0.2002670226969316,0.07370778692052103,0.1265592357764106,0.1265592357764106
2014-03-31,JPM,1.1159227181878784,0.07370778692052103,1.0422149312673574,1.0422149312673574
2014-04-01,JPM,-0.0658870037885006,0.07370778692052103,-0.13959479070902164,0.13959479070902164
2014-04-02,JPM,-0.3131696060656108,0.07370778692052103,-0.38687739298613183,0.38687739298613183
2014-04-03,JPM,0.2976190476190465,0.07370778692052103,0.22391126069852546,0.22391126069852546
2014-04-04,JPM,-1.4012528849324024,0.07370778692052103,-1.4749606718529233,1.4749606718529233
2014-04-07,JPM,-1.3542885805049365,0.07370778692052103,-1.4279963674254574,1.4279963674254574
2014-04-08,JPM,-0.2542372881355947,0.07370778692052103,-0.32794507505611575,0.32794507505611575
2014-04-09,JPM,0.7136788445199604,0.07370778692052103,0.6399710575994394,0.6399710575994394
2014-04-10,JPM,-3.1550531466171816,0.07370778692052103,-3.2287609335377025,3.2287609335377025
2014-04-11,JPM,-3.658536585365857,0.07370778692052103,-3.732244372286378,3.732244372286378
2014-04-14,JPM,-0.6148282097649171,0.07370778692052103,-0.6885359966854382,0.6885359966854382
2014-04-15,JPM,-0.2911208151382904,0.07370778692052103,-0.36482860205881146,0.36482860205881146
2014-04-16,JPM,0.8394160583941712,0.07370778692052103,0.7657082714736502,0.7657082714736502
2014-04-17,JPM,-0.0723850886717336,0.07370778692052103,-0.14609287559225465,0.14609287559225465
2014-04-21,JPM,-0.3440782325244473,0.07370778692052103,-0.41778601944496835,0.41778601944496835
2014-04-22,JPM,1.4174086861711732,0.07370778692052103,1.3437008992506523,1.3437008992506523
2014-04-23,JPM,0.4300304604909488,0.07370778692052103,0.35632267357042774,0.35632267357042774
2014-04-24,JPM,0.2497769848349706,0.07370778692052103,0.17606919791444958,0.17606919791444958
2014-04-25,JPM,-0.8720412884854811,0.07370778692052103,-0.9457490754060022,0.9457490754060022
2014-04-28,JPM,-0.3770197486535065,0.07370778692052103,-0.45072753557402756,0.45072753557402756
2014-04-29,JPM,1.099297170661373,0.07370778692052103,1.025589383740852,1.025589383740852
2014-04-30,JPM,-0.2139037433155133,0.07370778692052103,-0.2876115302360343,0.2876115302360343
2014-05-01,JPM,-0.4644515898535206,0.07370778692052103,-0.5381593767740416,0.5381593767740416
2014-05-02,JPM,-0.2512562814070307,0.07370778692052103,-0.32496406832755176,0.32496406832755176
2014-05-05,JPM,-2.4469233537243618,0.07370778692052103,-2.5206311406448827,2.5206311406448827
2014-05-06,JPM,-1.6230173367760892,0.07370778692052103,-1.69672512369661,1.69672512369661
2014-05-07,JPM,1.3310836145481677,0.07370778692052103,1.2573758276276468,1.2573758276276468
2014-05-08,JPM,0.5735430157261856,0.07370778692052103,0.49983522880566456,0.49983522880566456
2014-05-09,JPM,-0.6438557763061126,0.07370778692052103,-0.7175635632266336,0.7175635632266336
2014-05-12,JPM,1.184965747083866,0.07370778692052103,1.111257960163345,1.111257960163345
2014-05-13,JPM,-0.0548947849954295,0.07370778692052103,-0.12860257191595054,0.12860257191595054
2014-05-14,JPM,-0.4760161113145367,0.07370778692052103,-0.5497238982350577,0.5497238982350577
2014-05-15,JPM,-1.5636497424576956,0.07370778692052103,-1.6373575293782165,1.6373575293782165
2014-05-16,JPM,-0.373761913660986,0.07370778692052103,-0.44746970058150703,0.44746970058150703
2014-05-19,JPM,0.975426749202768,0.07370778692052103,0.9017189622822469,0.9017189622822469
2014-05-20,JPM,-0.2043470183912266,0.07370778692052103,-0.27805480531174764,0.27805480531174764
2014-05-21,JPM,0.7446016381235987,0.07370778692052103,0.6708938512030777,0.6708938512030777
2014-05-22,JPM,0.7945306725794632,0.07370778692052103,0.7208228856589421,0.7208228856589421
2014-05-23,JPM,-0.036663611365717,0.07370778692052103,-0.11037139828623803,0.11037139828623803
2014-05-27,JPM,1.1186502842472024,0.07370778692052103,1.0449424973266814,1.0449424973266814
2014-05-28,JPM,0.5622052956111734,0.07370778692052103,0.48849750869065234,0.48849750869065234
2014-05-29,JPM,0.4869251577998224,0.07370778692052103,0.4132173708793013,0.4132173708793013
2014-05-30,JPM,-0.2692031586503884,0.07370778692052103,-0.34291094557090945,0.34291094557090945
2014-06-02,JPM,-0.3958970667626404,0.07370778692052103,-0.46960485368316146,0.46960485368316146
2014-06-03,JPM,0.4516711833784992,0.07370778692052103,0.37796339645797816,0.37796339645797816
2014-06-04,JPM,0.1438848920863211,0.07370778692052103,0.07017710516580007,0.07017710516580007
2014-06-05,JPM,1.706178160919536,0.07370778692052103,1.632470373999015,1.632470373999015
2014-06-06,JPM,0.6003884866678355,0.07370778692052103,0.5266806997473145,0.5266806997473145
2014-06-09,JPM,0.789889415481837,0.07370778692052103,0.716181628561316,0.716181628561316
2014-06-10,JPM,0.8359456635318674,0.07370778692052103,0.7622378766113463,0.7622378766113463
2014-06-11,JPM,-1.0880829015543991,0.07370778692052103,-1.16179068847492,1.16179068847492
2014-06-12,JPM,-0.4016064257028162,0.07370778692052103,-0.47531421262333723,0.47531421262333723
2014-06-13,JPM,0.0,0.07370778692052103,-0.07370778692052103,0.07370778692052103
2014-06-16,JPM,-0.2980364656381518,0.07370778692052103,-0.3717442525586728,0.3717442525586728
2014-06-17,JPM,0.9671179883945946,0.07370778692052103,0.8934102014740736,0.8934102014740736
2014-06-18,JPM,0.6269592476489061,0.07370778692052103,0.553251460728385,0.553251460728385
2014-06-19,JPM,-0.830737279335414,0.07370778692052103,-0.904445066255935,0.904445066255935
2014-06-20,JPM,0.4363001745200767,0.07370778692052103,0.36259238759955564,0.36259238759955564
2014-06-23,JPM,1.1120764552563056,0.07370778692052103,1.0383686683357847,1.0383686683357847
2014-06-24,JPM,-1.3232514177693666,0.07370778692052103,-1.3969592046898875,1.3969592046898875
2014-06-25,JPM,0.1915708812260552,0.07370778692052103,0.11786309430553417,0.11786309430553417
2014-06-26,JPM,-0.2433512949765348,0.07370778692052103,-0.31705908189705584,0.31705908189705584
2014-06-27,JPM,0.2439449381425262,0.07370778692052103,0.17023715122200517,0.17023715122200517
2014-06-30,JPM,0.156440118199197,0.07370778692052103,0.08273233127867598,0.08273233127867598
2014-07-01,JPM,-0.0867754251995811,0.07370778692052103,-0.16048321212010214,0.16048321212010214
2014-07-02,JPM,-1.0422094841063043,0.07370778692052103,-1.1159172710268253,1.1159172710268253
2014-07-03,JPM,0.1404247849745354,0.07370778692052103,0.06671699805401436,0.06671699805401436
2014-07-07,JPM,-0.6660823838737895,0.07370778692052103,-0.7397901707943105,0.7397901707943105
2014-07-08,JPM,-1.6057878948297244,0.07370778692052103,-1.6794956817502453,1.6794956817502453
2014-07-09,JPM,0.4662840746054719,0.07370778692052103,0.39257628768495084,0.39257628768495084
2014-07-10,JPM,-0.8211353088182771,0.07370778692052103,-0.8948430957387982,0.8948430957387982
2014-07-11,JPM,0.4319654427645591,0.07370778692052103,0.35825765584403807,0.35825765584403807
2014-07-14,JPM,0.8781362007168392,0.07370778692052103,0.8044284137963181,0.8044284137963181
2014-07-15,JPM,3.517498667614149,0.07370778692052103,3.443790880693628,3.443790880693628
2014-07-16,JPM,0.7551055431611386,0.07370778692052103,0.6813977562406176,0.6813977562406176
2014-07-17,JPM,-1.447794242888778,0.07370778692052103,-1.521502029809299,1.521502029809299
2014-07-18,JPM,0.6394745938472113,0.07370778692052103,0.5657668069266902,0.5657668069266902
2014-07-21,JPM,0.0171732783788458,0.07370778692052103,-0.05653450854167523,0.05653450854167523
2014-07-22,JPM,0.7383241758241788,0.07370778692052103,0.6646163889036577,0.6646163889036577
2014-07-23,JPM,0.5624680415885486,0.07370778692052103,0.4887602546680275,0.4887602546680275
2014-07-24,JPM,0.28813559322034,0.07370778692052103,0.21442780629981895,0.21442780629981895
2014-07-25,JPM,-0.270407300997133,0.07370778692052103,-0.34411508791765405,0.34411508791765405
2014-07-28,JPM,0.305033045246561,0.07370778692052103,0.23132525832603995,0.23132525832603995
2014-07-29,JPM,-0.9292110153742096,0.07370778692052103,-1.0029188022947306,1.0029188022947306
2014-07-30,JPM,0.4604365620736628,0.07370778692052103,0.38672877515314175,0.38672877515314175
2014-07-31,JPM,-2.1049057884909077,0.07370778692052103,-2.1786135754114286,2.1786135754114286
2014-08-01,JPM,-2.0634645396219957,0.07370778692052103,-2.1371723265425167,2.1371723265425167
2014-08-04,JPM,0.3009915014164255,0.07370778692052103,0.22728371449590445,0.22728371449590445
2014-08-05,JPM,-1.041482789055603,0.07370778692052103,-1.115190575976124,1.115190575976124
2014-08-06,JPM,0.3032465215839997,0.07370778692052103,0.22953873466347863,0.22953873466347863
2014-08-07,JPM,-0.5690912324382014,0.07370778692052103,-0.6427990193587224,0.6427990193587224
2014-08-08,JPM,0.7690931854766658,0.07370778692052103,0.6953853985561448,0.6953853985561448
2014-08-11,JPM,-0.035498757543495,0.07370778692052103,-0.10920654446401604,0.10920654446401604
2014-08-12,JPM,0.0532670454545414,0.07370778692052103,-0.020440741465979635,0.020440741465979635
2014-08-13,JPM,0.6566104702750541,0.07370778692052103,0.5829026833545331,0.5829026833545331
2014-08-14,JPM,0.4583921015514747,0.07370778692052103,0.38468431463095365,0.38468431463095365
2014-08-15,JPM,-0.4036504036504018,0.07370778692052103,-0.4773581905709228,0.4773581905709228
2014-08-18,JPM,0.845814977973558,0.07370778692052103,0.7721071910530369,0.7721071910530369
2014-08-19,JPM,0.5766206535034124,0.07370778692052103,0.5029128665828914,0.5029128665828914
2014-08-20,JPM,0.1389854065323215,0.07370778692052103,0.06527761961180047,0.06527761961180047
2014-08-21,JPM,1.4920194309507195,0.07370778692052103,1.4183116440301986,1.4183116440301986
2014-08-22,JPM,-0.0170940170940103,0.07370778692052103,-0.09080180401453133,0.09080180401453133
2014-08-25,JPM,1.453239870063272,0.07370778692052103,1.379532083142751,1.379532083142751
2014-08-26,JPM,0.6740815638692332,0.07370778692052103,0.6003737769487122,0.6003737769487122
2014-08-27,JPM,-0.2510880482089028,0.07370778692052103,-0.32479583512942384,0.32479583512942384
2014-08-28,JPM,-0.7215975834871768,0.07370778692052103,-0.7953053704076979,0.7953053704076979
2014-08-29,JPM,0.490196078431393,0.07370778692052103,0.41648829151087197,0.41648829151087197
2014-09-02,JPM,0.3700588730025211,0.07370778692052103,0.29635108608200006,0.29635108608200006
2014-09-03,JPM,0.0502765208647559,0.07370778692052103,-0.023431266055765135,0.023431266055765135
2014-09-04,JPM,0.0167504187604583,0.07370778692052103,-0.056957368160062735,0.056957368160062735
2014-09-05,JPM,0.3349522693016249,0.07370778692052103,0.26124448238110387,0.26124448238110387
2014-09-08,JPM,-0.0333834084459971,0.07370778692052103,-0.10709119536651812,0.10709119536651812
2014-09-09,JPM,-1.3858741025212895,0.07370778692052103,-1.4595818894418104,1.4595818894418104
2014-09-10,JPM,0.2709109380291119,0.07370778692052103,0.19720315110859088,0.19720315110859088
2014-09-11,JPM,0.911854103343468,0.07370778692052103,0.8381463164229469,0.8381463164229469
2014-09-12,JPM,0.4518072289156682,0.07370778692052103,0.37809944199514717,0.37809944199514717
2014-09-15,JPM,-0.1499250374812688,0.07370778692052103,-0.22363282440178983,0.22363282440178983
2014-09-16,JPM,0.0834167500834315,0.07370778692052103,0.009708963162910464,0.009708963162910464
2014-09-17,JPM,0.5334222370395159,0.07370778692052103,0.4597144501189948,0.4597144501189948
2014-09-18,JPM,1.6746808157851012,0.07370778692052103,1.6009730288645803,1.6009730288645803
2014-09-19,JPM,-0.3424657534246589,0.07370778692052103,-0.41617354034517995,0.41617354034517995
2014-09-22,JPM,-0.3272786777941516,0.07370778692052103,-0.40098646471467264,0.40098646471467264
2014-09-23,JPM,0.0492529962239363,0.07370778692052103,-0.02445479069658473,0.02445479069658473
2014-09-24,JPM,1.1322612405644916,0.07370778692052103,1.0585534536439707,1.0585534536439707
2014-09-25,JPM,-2.401427876034401,0.07370778692052103,-2.475135662954922,2.475135662954922
2014-09-26,JPM,0.6816292601828922,0.07370778692052103,0.6079214732623711,0.6079214732623711
2014-09-29,JPM,-0.37978863936593,0.07370778692052103,-0.45349642628645104,0.45349642628645104
2014-09-30,JPM,-0.1491795126802531,0.07370778692052103,-0.22288729960077414,0.22288729960077414
2014-10-01,JPM,-0.7802124833997337,0.07370778692052103,-0.8539202703202547,0.8539202703202547
2014-10-02,JPM,-1.555964530701015,0.07370778692052103,-1.629672317621536,1.629672317621536
2014-10-03,JPM,2.4813052345343145,0.07370778692052103,2.4075974476137936,2.4075974476137936
2014-10-06,JPM,-0.1990049751243727,0.07370778692052103,-0.27271276204489375,0.27271276204489375
2014-10-07,JPM,-1.5121302758391408,0.07370778692052103,-1.5858380627596618,1.5858380627596618
2014-10-08,JPM,1.9065294415387068,0.07370778692052103,1.832821654618186,1.832821654618186
2014-10-09,JPM,-2.1854304635761546,0.07370778692052103,-2.2591382504966755,2.2591382504966755
2014-10-10,JPM,-0.9478672985781866,0.07370778692052103,-1.0215750854987076,1.0215750854987076
2014-10-13,JPM,-0.6151742993848353,0.07370778692052103,-0.6888820863053563,0.6888820863053563
2014-10-14,JPM,-0.2922971114167727,0.07370778692052103,-0.36600489833729377,0.36600489833729377
2014-10-15,JPM,-4.242110708742885,0.07370778692052103,-4.3158184956634065,4.3158184956634065
2014-10-16,JPM,-0.8103727714748876,0.07370778692052103,-0.8840805583954087,0.8840805583954087
2014-10-17,JPM,2.0334059549745875,0.07370778692052103,1.9596981680540666,1.9596981680540666
2014-10-20,JPM,0.7651245551601349,0.07370778692052103,0.6914167682396138,0.6914167682396138
2014-10-21,JPM,2.295603037259397,0.07370778692052103,2.2218952503388762,2.2218952503388762
2014-10-22,JPM,-0.8285862247540132,0.07370778692052103,-0.9022940116745343,0.9022940116745343
2014-10-23,JPM,1.0617928633594342,0.07370778692052103,0.9880850764389132,0.9880850764389132
2014-10-24,JPM,1.1712022046159063,0.07370778692052103,1.0974944176953854,1.0974944176953854
2014-10-27,JPM,-0.1702417432754566,0.07370778692052103,-0.24394953019597765,0.24394953019597765
2014-10-28,JPM,1.6882673942701265,0.07370778692052103,1.6145596073496056,1.6145596073496056
2014-10-29,JPM,-0.5701827938956905,0.07370778692052103,-0.6438905808162115,0.6438905808162115
2014-10-30,JPM,0.168662506324857,0.07370778692052103,0.09495471940433596,0.09495471940433596
2014-10-31,JPM,1.835325812426336,0.07370778692052103,1.7616180255058151,1.7616180255058151
2014-11-03,JPM,0.6613756613756738,0.07370778692052103,0.5876678744551528,0.5876678744551528
2014-11-04,JPM,-1.034822601839691,0.07370778692052103,-1.108530388760212,1.108530388760212
2014-11-05,JPM,1.4937759336099532,0.07370778692052103,1.4200681466894323,1.4200681466894323
2014-11-06,JPM,0.1308258381030214,0.07370778692052103,0.057118051182500365,0.057118051182500365
2014-11-07,JPM,0.391964723174909,0.07370778692052103,0.31825693625438795,0.31825693625438795
2014-11-10,JPM,0.7483325199284296,0.07370778692052103,0.6746247330079086,0.6746247330079086
2014-11-11,JPM,-0.9042467301792368,0.07370778692052103,-0.9779545170997579,0.9779545170997579
2014-11-12,JPM,-1.3198631253055204,0.07370778692052103,-1.3935709122260413,1.3935709122260413
2014-11-13,JPM,-0.5449141347424136,0.07370778692052103,-0.6186219216629346,0.6186219216629346
2014-11-14,JPM,0.0830151087497954,0.07370778692052103,0.009307321829274365,0.009307321829274365
2014-11-17,JPM,0.1658925016589263,0.07370778692052103,0.09218471473840527,0.09218471473840527
2014-11-18,JPM,0.2484266313348859,0.07370778692052103,0.17471884441436486,0.17471884441436486
2014-11-19,JPM,0.1156451346439713,0.07370778692052103,0.04193734772345027,0.04193734772345027
2014-11-20,JPM,-0.7920792079208039,0.07370778692052103,-0.8657869948413249,0.8657869948413249
2014-11-21,JPM,0.5489021956087914,0.07370778692052103,0.47519440868827034,0.47519440868827034
2014-11-24,JPM,0.8436724565756837,0.07370778692052103,0.7699646696551626,0.7699646696551626
2014-11-25,JPM,-1.08267716535434,0.07370778692052103,-1.156384952274861,1.156384952274861
2014-11-26,JPM,0.066334991708139,0.07370778692052103,-0.00737279521238203,0.00737279521238203
2014-11-28,JPM,-0.2983095790520473,0.07370778692052103,-0.37201736597256835,0.37201736597256835
2014-12-01,JPM,-0.2659574468085068,0.07370778692052103,-0.33966523372902785,0.33966523372902785
2014-12-02,JPM,1.8000000000000016,0.07370778692052103,1.7262922130794807,1.7262922130794807
2014-12-03,JPM,0.7531106745252147,0.07370778692052103,0.6794028876046937,0.6794028876046937
2014-12-04,JPM,-0.259993500162492,0.07370778692052103,-0.33370128708301305,0.33370128708301305
2014-12-05,JPM,2.1505376344086,0.07370778692052103,2.076829847488079,2.076829847488079
2014-12-08,JPM,-0.0478468899521522,0.07370778692052103,-0.12155467687267324,0.12155467687267324
2014-12-09,JPM,-0.3510451571724915,0.07370778692052103,-0.42475294409301256,0.42475294409301256
2014-12-10,JPM,-2.8342674139311463,0.07370778692052103,-2.9079752008516673,2.9079752008516673
2014-12-11,JPM,0.7580751483190484,0.07370778692052103,0.6843673613985274,0.6843673613985274
2014-12-12,JPM,-1.7991494929669671,0.07370778692052103,-1.872857279887488,1.872857279887488
2014-12-15,JPM,-1.4656895403064696,0.07370778692052103,-1.5393973272269905,1.5393973272269905
2014-12-16,JPM,-1.2339418526031043,0.07370778692052103,-1.3076496395236252,1.3076496395236252
2014-12-17,JPM,2.293342461064518,0.07370778692052103,2.219634674143997,2.219634674143997
2014-12-18,JPM,2.860967040321216,0.07370778692052103,2.7872592534006952,2.7872592534006952
2014-12-19,JPM,0.7319453480806759,0.07370778692052103,0.6582375611601549,0.6582375611601549
2014-12-22,JPM,0.0161472630389125,0.07370778692052103,-0.05756052388160853,0.05756052388160853
2014-12-23,JPM,0.8718114304165248,0.07370778692052103,0.7981036434960037,0.7981036434960037
2014-12-24,JPM,0.0,0.07370778692052103,-0.07370778692052103,0.07370778692052103
2014-12-26,JPM,0.1120358514724806,0.07370778692052103,0.03832806455195957,0.03832806455195957
2014-12-29,JPM,0.6554756195044087,0.07370778692052103,0.5817678325838876,0.5817678325838876
2014-12-30,JPM,0.3017789072427002,0.07370778692052103,0.22807112032217913,0.22807112032217913
2014-12-31,JPM,-0.9026128266033218,0.07370778692052103,-0.9763206135238428,0.9763206135238428
2015-01-02,JPM,-0.1438159156279872,0.07370778692052103,-0.21752370254850822,0.21752370254850822
2015-01-05,JPM,-3.104496719475125,0.07370778692052103,-3.178204506395646,3.178204506395646
2015-01-06,JPM,-2.592898431048718,0.07370778692052103,-2.666606217969239,2.666606217969239
2015-01-07,JPM,0.1525940996948138,0.07370778692052103,0.07888631277429277,0.07888631277429277
2015-01-08,JPM,2.234636871508377,0.07370778692052103,2.160929084587856,2.160929084587856
2015-01-09,JPM,-1.738698460009935,0.07370778692052103,-1.812406246930456,1.812406246930456
2015-01-12,JPM,-0.859453993933279,0.07370778692052103,-0.9331617808538001,0.9331617808538001
2015-01-13,JPM,0.0169981302056809,0.07370778692052103,-0.05670965671484013,0.05670965671484013
2015-01-14,JPM,-3.4500339904826705,0.07370778692052103,-3.5237417774031914,3.5237417774031914
2015-01-15,JPM,-3.203661327231122,0.07370778692052103,-3.277369114151643,3.277369114151643
2015-01-16,JPM,1.709401709401703,0.07370778692052103,1.6356939224811822,1.6356939224811822
2015-01-20,JPM,-0.3933488288932585,0.07370778692052103,-0.46705661581377955,0.46705661581377955
2015-01-21,JPM,0.3231017770597644,0.07370778692052103,0.24939399013924335,0.24939399013924335
2015-01-22,JPM,3.041689032027195,0.07370778692052103,2.967981245106674,2.967981245106674
2015-01-23,JPM,-1.5801354401805967,0.07370778692052103,-1.6538432271011176,1.6538432271011176
2015-01-26,JPM,0.1587861679604785,0.07370778692052103,0.08507838103995748,0.08507838103995748
2015-01-27,JPM,-1.0040514356174035,0.07370778692052103,-1.0777592225379244,1.0777592225379244
2015-01-28,JPM,-2.5800711743772298,0.07370778692052103,-2.6537789612977507,2.6537789612977507
2015-01-29,JPM,1.6803652968036653,0.07370778692052103,1.6066575098831444,1.6066575098831444
2015-01-30,JPM,-2.317226513382431,0.07370778692052103,-2.390934300302952,2.390934300302952
2015-02-02,JPM,2.0044133872747283,0.07370778692052103,1.9307056003542074,1.9307056003542074
2015-02-03,JPM,2.2534703443302773,0.07370778692052103,2.1797625574097563,2.1797625574097563
2015-02-04,JPM,-0.5994358251057763,0.07370778692052103,-0.6731436120262974,0.6731436120262974
2015-02-05,JPM,0.691734657680021,0.07370778692052103,0.6180268707594999,0.6180268707594999
2015-02-06,JPM,1.9728729963008675,0.07370778692052103,1.8991652093803466,1.8991652093803466
2015-02-09,JPM,-0.120918984280538,0.07370778692052103,-0.19462677120105903,0.19462677120105903
2015-02-10,JPM,1.1068834313386455,0.07370778692052103,1.0331756444181246,1.0331756444181246
2015-02-11,JPM,-0.153951419774212,0.07370778692052103,-0.22765920669473305,0.22765920669473305
2015-02-12,JPM,2.055850608189136,0.07370778692052103,1.982142821268615,1.982142821268615
2015-02-13,JPM,0.1678697330871337,0.07370778692052103,0.09416194616661268,0.09416194616661268
2015-02-17,JPM,0.7206301323948283,0.07370778692052103,0.6469223454743073,0.6469223454743073
2015-02-18,JPM,-1.2146422628951823,0.07370778692052103,-1.2883500498157032,1.2883500498157032
2015-02-19,JPM,-0.235809331312109,0.07370778692052103,-0.30951711823263,0.30951711823263
2015-02-20,JPM,0.9623501603917006,0.07370778692052103,0.8886423734711796,0.8886423734711796
2015-02-23,JPM,-0.7525083612040073,0.07370778692052103,-0.8262161481245284,0.8262161481245284
2015-02-24,JPM,2.4768323504633427,0.07370778692052103,2.403124563542822,2.403124563542822
2015-02-25,JPM,0.5261427162117638,0.07370778692052103,0.45243492929124274,0.45243492929124274
2015-02-26,JPM,0.719659797186778,0.07370778692052103,0.6459520102662569,0.6459520102662569
2015-02-27,JPM,-0.4871711594673589,0.07370778692052103,-0.5608789463878799,0.5608789463878799
2015-03-02,JPM,0.7996083550913857,0.07370778692052103,0.7259005681708647,0.7259005681708647
2015-03-03,JPM,0.3237817710862734,0.07370778692052103,0.2500739841657523,0.2500739841657523
2015-03-04,JPM,0.2581894465063739,0.07370778692052103,0.18448165958585283,0.18448165958585283
2015-03-05,JPM,-0.2092386930629408,0.07370778692052103,-0.28294647998346184,0.28294647998346184
2015-03-06,JPM,-1.790322580645165,0.07370778692052103,-1.864030367565686,1.864030367565686
2015-03-09,JPM,1.00180653637707,0.07370778692052103,0.928098749456549,0.928098749456549
2015-03-10,JPM,-2.504065040650405,0.07370778692052103,-2.577772827570926,2.577772827570926
2015-03-11,JPM,0.4669779853235578,0.07370778692052103,0.39327019840303673,0.39327019840303673
2015-03-12,JPM,1.8758300132802,0.07370778692052103,1.802122226359679,1.802122226359679
2015-03-13,JPM,-0.602900439954368,0.07370778692052103,-0.6766082268748891,0.6766082268748891
2015-03-16,JPM,1.3934426229508243,0.07370778692052103,1.3197348360303034,1.3197348360303034
2015-03-17,JPM,-0.3880355699272475,0.07370778692052103,-0.46174335684776857,0.46174335684776857
2015-03-18,JPM,0.2272358383379247,0.07370778692052103,0.15352805141740367,0.15352805141740367
2015-03-19,JPM,-0.8906882591093068,0.07370778692052103,-0.9643960460298279,0.9643960460298279
2015-03-20,JPM,0.8986928104575131,0.07370778692052103,0.8249850235369921,0.8249850235369921
2015-03-23,JPM,-0.9878542510121436,0.07370778692052103,-1.0615620379326647,1.0615620379326647
2015-03-24,JPM,-1.1122015047432154,0.07370778692052103,-1.1859092916637364,1.1859092916637364
2015-03-25,JPM,-1.4058881905392062,0.07370778692052103,-1.4795959774597272,1.4795959774597272
2015-03-26,JPM,-0.1174299614158713,0.07370778692052103,-0.19113774833639233,0.19113774833639233
2015-03-27,JPM,0.0167954316425911,0.07370778692052103,-0.05691235527792993,0.05691235527792993
2015-03-30,JPM,2.3677581863979835,0.07370778692052103,2.2940503994774626,2.2940503994774626
2015-03-31,JPM,-0.623359580052496,0.07370778692052103,-0.6970673669730171,0.6970673669730171
2015-04-01,JPM,-1.0399471772862268,0.07370778692052103,-1.1136549642067477,1.1136549642067477
2015-04-02,JPM,0.9507923269391094,0.07370778692052103,0.8770845400185884,0.8770845400185884
2015-04-06,JPM,-0.0826173165895616,0.07370778692052103,-0.15632510351008264,0.15632510351008264
2015-04-07,JPM,0.628410782206057,0.07370778692052103,0.5547029952855359,0.5547029952855359
2015-04-08,JPM,0.3286770747740197,0.07370778692052103,0.25496928785349865,0.25496928785349865
2015-04-09,JPM,0.687960687960687,0.07370778692052103,0.6142529010401659,0.6142529010401659
2015-04-10,JPM,0.3741662599642259,0.07370778692052103,0.3004584730437049,0.3004584730437049
2015-04-13,JPM,0.5996758508914013,0.07370778692052103,0.5259680639708803,0.5259680639708803
2015-04-14,JPM,1.5627517319155793,0.07370778692052103,1.4890439449950583,1.4890439449950583
2015-04-15,JPM,1.8559644670050668,0.07370778692052103,1.7822566800845459,1.7822566800845459
2015-04-16,JPM,-0.6229559258682293,0.07370778692052103,-0.6966637127887504,0.6966637127887504
2015-04-17,JPM,-1.520137909418584,0.07370778692052103,-1.593845696339105,1.593845696339105
2015-04-20,JPM,0.6365372374283806,0.07370778692052103,0.5628294505078596,0.5628294505078596
2015-04-21,JPM,-1.4705882352941124,0.07370778692052103,-1.5442960222146334,1.5442960222146334
2015-04-22,JPM,1.0110736639383555,0.07370778692052103,0.9373658770178345,0.9373658770178345
2015-04-23,JPM,-0.222434064188115,0.07370778692052103,-0.29614185110863606,0.29614185110863606
2015-04-24,JPM,-0.3184713375796066,0.07370778692052103,-0.39217912450012765,0.39217912450012765
2015-04-27,JPM,-0.4153354632587813,0.07370778692052103,-0.48904325017930234,0.48904325017930234
2015-04-28,JPM,0.6737247353224118,0.07370778692052103,0.6000169484018908,0.6000169484018908
2015-04-29,JPM,1.3384321223709472,0.07370778692052103,1.2647243354504263,1.2647243354504263
2015-04-30,JPM,-0.5345911949685589,0.07370778692052103,-0.6082989818890799,0.6082989818890799
2015-05-01,JPM,0.5532722099272913,0.07370778692052103,0.47956442300677027,0.47956442300677027
2015-05-04,JPM,1.7450086464392278,0.07370778692052103,1.6713008595187069,1.6713008595187069
2015-05-05,JPM,-0.4944375772558573,0.07370778692052103,-0.5681453641763783,0.5681453641763783
2015-05-06,JPM,-0.7453416149068359,0.07370778692052103,-0.819049401827357,0.819049401827357
2015-05-07,JPM,0.9073842302878664,0.07370778692052103,0.8336764433673454,0.8336764433673454
2015-05-08,JPM,1.5348837209302246,0.07370778692052103,1.4611759340097037,1.4611759340097037
2015-05-11,JPM,-0.0610780271797062,0.07370778692052103,-0.13478581410022722,0.13478581410022722
2015-05-12,JPM,-0.1375095492742617,0.07370778692052103,-0.21121733619478272,0.21121733619478272
2015-05-13,JPM,0.244798041615657,0.07370778692052103,0.17109025469513595,0.17109025469513595
2015-05-14,JPM,0.808913308913306,0.07370778692052103,0.735205521992785,0.735205521992785
2015-05-15,JPM,-0.2573807721423238,0.07370778692052103,-0.33108855906284484,0.33108855906284484
2015-05-18,JPM,0.819672131147553,0.07370778692052103,0.745964344227032,0.745964344227032
2015-05-19,JPM,0.8882866606443995,0.07370778692052103,0.8145788737238785,0.8145788737238785
2015-05-20,JPM,-0.7909267273541243,0.07370778692052103,-0.8646345142746453,0.8646345142746453
2015-05-21,JPM,0.2557160048134888,0.07370778692052103,0.18200821789296773,0.18200821789296773
2015-05-22,JPM,-0.2700675168792354,0.07370778692052103,-0.34377530379975646,0.34377530379975646
2015-05-26,JPM,-1.1132841883556457,0.07370778692052103,-1.1869919752761666,1.1869919752761666
2015-05-27,JPM,1.1258177392362567,0.07370778692052103,1.0521099523157358,1.0521099523157358
2015-05-28,JPM,-0.4061982849405732,0.07370778692052103,-0.47990607186109424,0.47990607186109424
2015-05-29,JPM,-0.6344410876132911,0.07370778692052103,-0.7081488745338121,0.7081488745338121
2015-06-01,JPM,0.4560656734569734,0.07370778692052103,0.38235788653645236,0.38235788653645236
2015-06-02,JPM,-0.0907990314769957,0.07370778692052103,-0.16450681839751674,0.16450681839751674
2015-06-03,JPM,1.0299909118449024,0.07370778692052103,0.9562831249243814,0.9562831249243814
2015-06-04,JPM,-0.5547226386806714,0.07370778692052103,-0.6284304256011924,0.6284304256011924
2015-06-05,JPM,1.643298658224035,0.07370778692052103,1.569590871303514,1.569590871303514
2015-06-08,JPM,-0.7861168792643203,0.07370778692052103,-0.8598246661848413,0.8598246661848413
2015-06-09,JPM,0.4335476154881279,0.07370778692052103,0.3598398285676069,0.3598398285676069
2015-06-10,JPM,1.6076213158678243,0.07370778692052103,1.5339135289473034,1.5339135289473034
2015-06-11,JPM,0.3808965719308332,0.07370778692052103,0.30718878501031216,0.30718878501031216
2015-06-12,JPM,-0.394045534150611,0.07370778692052103,-0.46775332107113204,0.46775332107113204
2015-06-15,JPM,-0.3809523809523929,0.07370778692052103,-0.45466016787291397,0.45466016787291397
2015-06-16,JPM,0.5589057214296256,0.07370778692052103,0.48519793450910453,0.48519793450910453
2015-06-17,JPM,-0.3364048559309718,0.07370778692052103,-0.41011264285149285,0.41011264285149285
2015-06-18,JPM,0.9392427355444656,0.07370778692052103,0.8655349486239445,0.8655349486239445
2015-06-19,JPM,-1.0177377144518829,0.07370778692052103,-1.0914455013724038,1.0914455013724038
2015-06-22,JPM,1.2925969447708408,0.07370778692052103,1.2188891578503198,1.2188891578503198
2015-06-23,JPM,1.1455916473317895,0.07370778692052103,1.0718838604112686,1.0718838604112686
2015-06-24,JPM,-1.0465949820788634,0.07370778692052103,-1.1203027689993843,1.1203027689993843
2015-06-25,JPM,-0.53607649956533,0.07370778692052103,-0.609784286485851,0.609784286485851
2015-06-26,JPM,0.4369992716678705,0.07370778692052103,0.36329148474734946,0.36329148474734946
2015-06-29,JPM,-2.538071065989844,0.07370778692052103,-2.611778852910365,2.611778852910365
2015-06-30,JPM,0.8333333333333304,0.07370778692052103,0.7596255464128093,0.7596255464128093
2015-07-01,JPM,0.4574970484061191,0.07370778692052103,0.38378926148559805,0.38378926148559805
2015-07-02,JPM,-0.8079917731746655,0.07370778692052103,-0.8816995600951866,0.8816995600951866
2015-07-06,JPM,-0.2813981042653957,0.07370778692052103,-0.35510589118591673,0.35510589118591673
2015-07-07,JPM,-0.7871676815684014,0.07370778692052103,-0.8608754684889225,0.8608754684889225
2015-07-08,JPM,-2.050898203592799,0.07370778692052103,-2.12460599051332,2.12460599051332
2015-07-09,JPM,1.0392786183707647,0.07370778692052103,0.9655708314502437,0.9655708314502437
2015-07-10,JPM,1.421872636514898,0.07370778692052103,1.348164849594377,1.348164849594377
2015-07-13,JPM,1.551081282624911,0.07370778692052103,1.47737349570439,1.47737349570439
2015-07-14,JPM,1.3952122191217553,0.07370778692052103,1.3215044322012344,1.3215044322012344
2015-07-15,JPM,0.2172653534183055,0.07370778692052103,0.14355756649778445,0.14355756649778445
2015-07-16,JPM,0.5347593582887722,0.07370778692052103,0.46105157136825115,0.46105157136825115
2015-07-17,JPM,-0.5031627372052982,0.07370778692052103,-0.5768705241258193,0.5768705241258193
2015-07-20,JPM,0.0722438953908666,0.07370778692052103,-0.0014638915296544264,0.0014638915296544264
2015-07-21,JPM,-0.2310135720473782,0.07370778692052103,-0.30472135896789926,0.30472135896789926
2015-07-22,JPM,1.4182344428364857,0.07370778692052103,1.3445266559159648,1.3445266559159648
2015-07-23,JPM,-0.6278538812785395,0.07370778692052103,-0.7015616681990605,0.7015616681990605
2015-07-24,JPM,-1.0482481332567573,0.07370778692052103,-1.1219559201772782,1.1219559201772782
2015-07-27,JPM,-1.3060513713539224,0.07370778692052103,-1.3797591582744433,1.3797591582744433
2015-07-28,JPM,0.0588148801646593,0.07370778692052103,-0.014892906755861732,0.014892906755861732
2015-07-29,JPM,1.3078618662748065,0.07370778692052103,1.2341540793542856,1.2341540793542856
2015-07-30,JPM,0.1450536698578641,0.07370778692052103,0.07134588293734308,0.07134588293734308
2015-07-31,JPM,-0.7387022016222544,0.07370778692052103,-0.8124099885427755,0.8124099885427755
2015-08-03,JPM,0.0,0.07370778692052103,-0.07370778692052103,0.07370778692052103
2015-08-04,JPM,-0.102145045965285,0.07370778692052103,-0.17585283288580603,0.17585283288580603
2015-08-05,JPM,0.3943908851884448,0.07370778692052103,0.32068309826792374,0.32068309826792374
2015-08-06,JPM,-0.698384984722833,0.07370778692052103,-0.772092771643354,0.772092771643354
2015-08-07,JPM,-0.293040293040292,0.07370778692052103,-0.36674807996081304,0.36674807996081304
2015-08-10,JPM,1.234386480529026,0.07370778692052103,1.1606786936085052,1.1606786936085052
2015-08-11,JPM,-0.9580490637247752,0.07370778692052103,-1.031756850645296,1.031756850645296
2015-08-12,JPM,-1.4509746445845018,0.07370778692052103,-1.5246824315050227,1.5246824315050227
2015-08-13,JPM,0.4610350981558708,0.07370778692052103,0.38732731123534975,0.38732731123534975
2015-08-14,JPM,0.5033308660251645,0.07370778692052103,0.4296230791046435,0.4296230791046435
2015-08-17,JPM,0.2651347768448886,0.07370778692052103,0.19142698992436757,0.19142698992436757
2015-08-18,JPM,0.2056706331717395,0.07370778692052103,0.13196284625121846,0.13196284625121846
2015-08-19,JPM,-0.894297023896784,0.07370778692052103,-0.968004810817305,0.968004810817305
2015-08-20,JPM,-2.455621301775146,0.07370778692052103,-2.529329088695667,2.529329088695667
2015-08-21,JPM,-3.5486806187443043,0.07370778692052103,-3.6223884056648252,3.6223884056648252
2015-08-24,JPM,-5.267295597484278,0.07370778692052103,-5.341003384404799,5.341003384404799
2015-08-25,JPM,-0.5643153526970979,0.07370778692052103,-0.6380231396176189,0.6380231396176189
2015-08-26,JPM,5.007511266900355,0.07370778692052103,4.933803479979834,4.933803479979834
2015-08-27,JPM,2.4956286758861967,0.07370778692052103,2.421920888965676,2.421920888965676
2015-08-28,JPM,-0.5428039702233378,0.07370778692052103,-0.6165117571438589,0.6165117571438589
2015-08-31,JPM,-0.0467799781693423,0.07370778692052103,-0.12048776508986334,0.12048776508986334
2015-09-01,JPM,-4.134165366614651,0.07370778692052103,-4.207873153535172,4.207873153535172
2015-09-02,JPM,1.82262001627338,0.07370778692052103,1.7489122293528592,1.7489122293528592
2015-09-03,JPM,0.1758031005274052,0.07370778692052103,0.10209531360688416,0.10209531360688416
2015-09-04,JPM,-1.8825781748564083,0.07370778692052103,-1.9562859617769293,1.9562859617769293
2015-09-08,JPM,2.6991869918699063,0.07370778692052103,2.6254792049493854,2.6254792049493854
2015-09-09,JPM,-1.551614946168456,0.07370778692052103,-1.625322733088977,1.625322733088977
2015-09-10,JPM,0.7719523962688823,0.07370778692052103,0.6982446093483613,0.6982446093483613
2015-09-11,JPM,-0.1595914458984881,0.07370778692052103,-0.2332992328190091,0.2332992328190091
2015-09-14,JPM,-0.2877237851662384,0.07370778692052103,-0.36143157208675947,0.36143157208675947
2015-09-15,JPM,1.9236934915036752,0.07370778692052103,1.8499857045831543,1.8499857045831543
2015-09-16,JPM,0.8807801195344522,0.07370778692052103,0.8070723326139312,0.8070723326139312
2015-09-17,JPM,-2.3230433426878694,0.07370778692052103,-2.3967511296083903,2.3967511296083903
2015-09-18,JPM,-2.729449321628097,0.07370778692052103,-2.8031571085486178,2.8031571085486178
2015-09-21,JPM,0.8368887430259431,0.07370778692052103,0.763180956105422,0.763180956105422
2015-09-22,JPM,-0.8787632221318287,0.07370778692052103,-0.9524710090523497,0.9524710090523497
2015-09-23,JPM,-0.4432769660154267,0.07370778692052103,-0.5169847529359477,0.5169847529359477
2015-09-24,JPM,-0.6926121372031635,0.07370778692052103,-0.7663199241236845,0.7663199241236845
2015-09-25,JPM,2.075722351378273,0.07370778692052103,2.002014564457752,2.002014564457752
2015-09-28,JPM,-2.4239466406377086,0.07370778692052103,-2.4976544275582295,2.4976544275582295
2015-09-29,JPM,-0.2334111370456693,0.07370778692052103,-0.30711892396619034,0.30711892396619034
2015-09-30,JPM,1.8883689839572115,0.07370778692052103,1.8146611970366906,1.8146611970366906
2015-10-01,JPM,0.7380679022470193,0.07370778692052103,0.6643601153264983,0.6643601153264983
2015-10-02,JPM,-0.993161836535328,0.07370778692052103,-1.066869623455849,1.066869623455849
2015-10-05,JPM,1.9898043085018855,0.07370778692052103,1.9160965215813646,1.9160965215813646
2015-10-06,JPM,0.0483714930667344,0.07370778692052103,-0.025336293853786634,0.025336293853786634
2015-10-07,JPM,0.1289282836422378,0.07370778692052103,0.055220496721716764,0.055220496721716764
2015-10-08,JPM,0.0,0.07370778692052103,-0.07370778692052103,0.07370778692052103
2015-10-09,JPM,-0.3219056816352816,0.07370778692052103,-0.39561346855580265,0.39561346855580265
2015-10-12,JPM,-0.3390925238172193,0.07370778692052103,-0.4128003107377404,0.4128003107377404
2015-10-13,JPM,-0.2754374594944986,0.07370778692052103,-0.34914524641501965,0.34914524641501965
2015-10-14,JPM,-2.5345247766043744,0.07370778692052103,-2.6082325635248953,2.6082325635248953
2015-10-15,JPM,3.1671945324220685,0.07370778692052103,3.0934867455015476,3.0934867455015476
2015-10-16,JPM,0.8725157537566641,0.07370778692052103,0.7988079668361431,0.7988079668361431
2015-10-19,JPM,-0.3363767419509833,0.07370778692052103,-0.4100845288715044,0.4100845288715044
2015-10-20,JPM,0.4821600771456102,0.07370778692052103,0.40845229022508917,0.40845229022508917
2015-10-21,JPM,-0.7357645553422887,0.07370778692052103,-0.8094723422628097,0.8094723422628097
2015-10-22,JPM,1.820818562681259,0.07370778692052103,1.747110775760738,1.747110775760738
2015-10-23,JPM,1.076119639183415,0.07370778692052103,1.002411852262894,1.002411852262894
2015-10-26,JPM,0.0469704086425659,0.07370778692052103,-0.02673737827795513,0.02673737827795513
2015-10-27,JPM,-0.406885758998432,0.07370778692052103,-0.48059354591895304,0.48059354591895304
2015-10-28,JPM,2.922690131992467,0.07370778692052103,2.848982345071946,2.848982345071946
2015-10-29,JPM,-0.4427480916030624,0.07370778692052103,-0.5164558785235834,0.5164558785235834
2015-10-30,JPM,-1.4721668455758177,0.07370778692052103,-1.5458746324963386,1.5458746324963386
2015-11-02,JPM,2.0077821011673214,0.07370778692052103,1.9340743142468004,1.9340743142468004
2015-11-03,JPM,0.3661885871223624,0.07370778692052103,0.29248080020184136,0.29248080020184136
2015-11-04,JPM,0.106415323806619,0.07370778692052103,0.03270753688609797,0.03270753688609797
2015-11-05,JPM,0.8959757023538462,0.07370778692052103,0.8222679154333251,0.8222679154333251
2015-11-06,JPM,3.040337146297412,0.07370778692052103,2.966629359376891,2.966629359376891
2015-11-09,JPM,-1.56295647093192,0.07370778692052103,-1.6366642578524409,1.6366642578524409
2015-11-10,JPM,0.4303309096305163,0.07370778692052103,0.35662312270999524,0.35662312270999524
2015-11-11,JPM,-0.4875886524822848,0.07370778692052103,-0.5612964394028058,0.5612964394028058
2015-11-12,JPM,-2.0044543429843964,0.07370778692052103,-2.0781621299049173,2.0781621299049173
2015-11-13,JPM,-0.6666666666666599,0.07370778692052103,-0.7403744535871809,0.7403744535871809
2015-11-16,JPM,1.4490543014032964,0.07370778692052103,1.3753465144827755,1.3753465144827755
2015-11-17,JPM,-0.571342655239826,0.07370778692052103,-0.645050442160347,0.645050442160347
2015-11-18,JPM,1.9960683502192824,0.07370778692052103,1.9223605632987615,1.9223605632987615
2015-11-19,JPM,0.3113417346182201,0.07370778692052103,0.23763394769769908,0.23763394769769908
2015-11-20,JPM,-0.1773573751108315,0.07370778692052103,-0.25106516203135254,0.25106516203135254
2015-11-23,JPM,-0.9771986970684154,0.07370778692052103,-1.0509064839889364,1.0509064839889364
2015-11-24,JPM,-0.1495215311004716,0.07370778692052103,-0.2232293180209926,0.2232293180209926
2015-11-25,JPM,0.1197963462114426,0.07370778692052103,0.046088559290921566,0.046088559290921566
2015-11-27,JPM,0.4636553993419223,0.07370778692052103,0.38994761242140125,0.38994761242140125
2015-11-30,JPM,-0.7294923328866942,0.07370778692052103,-0.8032001198072153,0.8032001198072153
2015-12-01,JPM,1.394721055788839,0.07370778692052103,1.321013268868318,1.321013268868318
2015-12-02,JPM,-1.4051175861559018,0.07370778692052103,-1.4788253730764227,1.4788253730764227
2015-12-03,JPM,-1.2901290129012866,0.07370778692052103,-1.3638367998218075,1.3638367998218075
2015-12-04,JPM,3.1762917933130685,0.07370778692052103,3.1025840063925476,3.1025840063925476
2015-12-07,JPM,-1.310944174399764,0.07370778692052103,-1.384651961320285,1.384651961320285
2015-12-08,JPM,-1.552238805970163,0.07370778692052103,-1.625946592890684,1.625946592890684
2015-12-09,JPM,-0.7580351728320167,0.07370778692052103,-0.8317429597525378,0.8317429597525378
2015-12-10,JPM,0.2291475710357593,0.07370778692052103,0.1554397841152383,0.1554397841152383
2015-12-11,JPM,-2.3472031702484464,0.07370778692052103,-2.4209109571689673,2.4209109571689673
2015-12-14,JPM,0.3121585765568868,0.07370778692052103,0.23845078963636573,0.23845078963636573
2015-12-15,JPM,2.847362688657218,0.07370778692052103,2.773654901736697,2.773654901736697
2015-12-16,JPM,2.163388804841171,0.07370778692052103,2.08968101792065,2.08968101792065
2015-12-17,JPM,-1.8510291722197536,0.07370778692052103,-1.9247369591402745,1.9247369591402745
2015-12-18,JPM,-2.836451418225705,0.07370778692052103,-2.910159205146226,2.910159205146226
2015-12-21,JPM,1.770186335403734,0.07370778692052103,1.696478548483213,1.696478548483213
2015-12-22,JPM,0.2136100091547188,0.07370778692052103,0.1399022222341978,0.1399022222341978
2015-12-23,JPM,1.5986601705237469,0.07370778692052103,1.524952383603226,1.524952383603226
2015-12-24,JPM,-0.1948149258204856,0.07370778692052103,-0.26852271274100664,0.26852271274100664
2015-12-28,JPM,-0.3303303303303306,0.07370778692052103,-0.40403811725085165,0.40403811725085165
2015-12-29,JPM,1.0394697197951164,0.07370778692052103,0.9657619328745953,0.9657619328745953
2015-12-30,JPM,-0.7156701953183076,0.07370778692052103,-0.7893779822388286,0.7893779822388286
2015-12-31,JPM,-0.8409671121790141,0.07370778692052103,-0.9146748990995351,0.9146748990995351
2016-01-04,JPM,-3.649856126003337,0.07370778692052103,-3.723563912923858,3.723563912923858
2016-01-05,JPM,0.1729016032694152,0.07370778692052103,0.09919381634889417,0.09919381634889417
2016-01-06,JPM,-1.4435901459281308,0.07370778692052103,-1.5172979328486518,1.5172979328486518
2016-01-07,JPM,-4.043942047444671,0.07370778692052103,-4.117649834365192,4.117649834365192
2016-01-08,JPM,-2.23992035838726,0.07370778692052103,-2.313628145307781,2.313628145307781
2016-01-11,JPM,-0.1527494908350357,0.07370778692052103,-0.22645727775555674,0.22645727775555674
2016-01-12,JPM,0.2209756926738082,0.07370778692052103,0.1472679057532872,0.1472679057532872
2016-01-13,JPM,-2.747625508819529,0.07370778692052103,-2.82133329574005,2.82133329574005
2016-01-14,JPM,1.4998256016742315,0.07370778692052103,1.4261178147537106,1.4261178147537106
2016-01-15,JPM,-1.993127147766327,0.07370778692052103,-2.066834934686848,2.066834934686848
2016-01-19,JPM,-0.0525946704067359,0.07370778692052103,-0.12630245732725692,0.12630245732725692
2016-01-20,JPM,-2.6311173478337118,0.07370778692052103,-2.7048251347542327,2.7048251347542327
2016-01-21,JPM,-0.4683840749414525,0.07370778692052103,-0.5420918618619736,0.5420918618619736
2016-01-22,JPM,3.076923076923088,0.07370778692052103,3.0032152900025673,3.0032152900025673
2016-01-25,JPM,-2.265144863915725,0.07370778692052103,-2.338852650836246,2.338852650836246
2016-01-26,JPM,2.5512037369744838,0.07370778692052103,2.477495950053963,2.477495950053963
2016-01-27,JPM,-0.0700770847932741,0.07370778692052103,-0.14378487171379511,0.14378487171379511
2016-01-28,JPM,0.4207573632538652,0.07370778692052103,0.34704957633334416,0.34704957633334416
2016-01-29,JPM,3.875698324022348,0.07370778692052103,3.801990537101827,3.801990537101827
2016-02-01,JPM,-1.0756302521008454,0.07370778692052103,-1.1493380390213663,1.1493380390213663
2016-02-02,JPM,-3.10907237512742,0.07370778692052103,-3.182780162047941,3.182780162047941
2016-02-03,JPM,0.6663159740487368,0.07370778692052103,0.5926081871282157,0.5926081871282157
2016-02-04,JPM,1.724438251175764,0.07370778692052103,1.6507304642552432,1.6507304642552432
2016-02-05,JPM,-1.1130136986301389,0.07370778692052103,-1.1867214855506598,1.1867214855506598
2016-02-08,JPM,-2.0952380952380945,0.07370778692052103,-2.1689458821586154,2.1689458821586154
2016-02-09,JPM,-0.6013441811107079,0.07370778692052103,-0.6750519680312289,0.6750519680312289
2016-02-10,JPM,-1.2099644128113818,0.07370778692052103,-1.2836721997319027,1.2836721997319027
2016-02-11,JPM,-4.412824207492805,0.07370778692052103,-4.486531994413326,4.486531994413326
2016-02-12,JPM,8.32862257395892,0.07370778692052103,8.2549147870384,8.2549147870384
2016-02-16,JPM,1.4959123325795742,0.07370778692052103,1.4222045456590533,1.4222045456590533
2016-02-17,JPM,0.7197943444730015,0.07370778692052103,0.6460865575524805,0.6460865575524805
2016-02-18,JPM,-1.6334864726901488,0.07370778692052103,-1.7071942596106697,1.7071942596106697
2016-02-19,JPM,0.0172980453208682,0.07370778692052103,-0.05640974159965283,0.05640974159965283
2016-02-22,JPM,1.2971290210999742,0.07370778692052103,1.2234212341794533,1.2234212341794533
2016-02-23,JPM,-4.183028854362303,0.07370778692052103,-4.256736641282824,4.256736641282824
2016-02-24,JPM,0.0356379187455457,0.07370778692052103,-0.03806986817497533,0.03806986817497533
2016-02-25,JPM,1.5496971856074016,0.07370778692052103,1.4759893986868806,1.4759893986868806
2016-02-26,JPM,0.9296614629012544,0.07370778692052103,0.8559536759807334,0.8559536759807334
2016-02-29,JPM,-2.155022592978806,0.07370778692052103,-2.2287303798993268,2.2287303798993268
2016-03-01,JPM,5.150976909413862,0.07370778692052103,5.077269122493341,5.077269122493341
2016-03-02,JPM,0.9459459459459474,0.07370778692052103,0.8722381590254263,0.8722381590254263
2016-03-03,JPM,0.3346720214190135,0.07370778692052103,0.26096423449849243,0.26096423449849243
2016-03-04,JPM,0.1501000667111451,0.07370778692052103,0.07639227979062406,0.07639227979062406
2016-03-07,JPM,-0.1831806827643611,0.07370778692052103,-0.25688846968488216,0.25688846968488216
2016-03-08,JPM,-1.9352686019352583,0.07370778692052103,-2.0089763888557792,2.0089763888557792
2016-03-09,JPM,0.5784280367471917,0.07370778692052103,0.5047202498266706,0.5047202498266706
2016-03-10,JPM,-0.8626522327469521,0.07370778692052103,-0.9363600196674732,0.9363600196674732
2016-03-11,JPM,1.2455212421088602,0.07370778692052103,1.1718134551883392,1.1718134551883392
2016-03-14,JPM,-0.3707448601280805,0.07370778692052103,-0.44445264704860155,0.44445264704860155
2016-03-15,JPM,0.1353179972936491,0.07370778692052103,0.06161021037312807,0.06161021037312807
2016-03-16,JPM,-0.4729729729729737,0.07370778692052103,-0.5466807598934947,0.5466807598934947
2016-03-17,JPM,-0.288526816021728,0.07370778692052103,-0.3622346029422491,0.3622346029422491
2016-03-18,JPM,2.94468085106383,0.07370778692052103,2.870973064143309,2.870973064143309
2016-03-21,JPM,-0.0330687830687792,0.07370778692052103,-0.10677656998930024,0.10677656998930024
2016-03-22,JPM,-0.3638769434336719,0.07370778692052103,-0.43758473035419293,0.43758473035419293
2016-03-23,JPM,-0.4980079681275007,0.07370778692052103,-0.5717157550480217,0.5717157550480217
2016-03-24,JPM,-0.767434100767439,0.07370778692052103,-0.84114188768796,0.84114188768796
2016-03-28,JPM,-0.1344989912575589,0.07370778692052103,-0.20820677817807992,0.20820677817807992
2016-03-29,JPM,-0.622895622895614,0.07370778692052103,-0.696603409816135,0.696603409816135
2016-03-30,JPM,1.1519566322208965,0.07370778692052103,1.0782488453003756,1.0782488453003756
2016-03-31,JPM,-0.8206330597889888,0.07370778692052103,-0.8943408467095099,0.8943408467095099
2016-04-01,JPM,1.0976021614319542,0.07370778692052103,1.0238943745114333,1.0238943745114333
2016-04-04,JPM,-1.119091364623337,0.07370778692052103,-1.1927991515438578,1.1927991515438578
2016-04-05,JPM,-1.418918918918921,0.07370778692052103,-1.492626705839442,1.492626705839442
2016-04-06,JPM,0.7710760795065053,0.07370778692052103,0.6973682925859842,0.6973682925859842
2016-04-07,JPM,-2.5335827240265285,0.07370778692052103,-2.6072905109470494,2.6072905109470494
2016-04-08,JPM,0.7327285415212881,0.07370778692052103,0.659020754600767,0.659020754600767
2016-04-11,JPM,0.7966747488742598,0.07370778692052103,0.7229669619537388,0.7229669619537388
2016-04-12,JPM,1.855670103092777,0.07370778692052103,1.781962316172256,1.781962316172256
2016-04-13,JPM,4.234143049932526,0.07370778692052103,4.160435263012005,4.160435263012005
2016-04-14,JPM,1.2947078815342294,0.07370778692052103,1.2210000946137085,1.2210000946137085
2016-04-15,JPM,-1.1503435053523026,0.07370778692052103,-1.2240512922728235,1.2240512922728235
2016-04-18,JPM,0.6465168902537677,0.07370778692052103,0.5728091033332466,0.5728091033332466
2016-04-19,JPM,1.6862052352657697,0.07370778692052103,1.6124974483452488,1.6124974483452488
2016-04-20,JPM,1.452937460518,0.07370778692052103,1.3792296735974792,1.3792296735974792
2016-04-21,JPM,-0.996264009962633,0.07370778692052103,-1.069971796883154,1.069971796883154
2016-04-22,JPM,0.5817610062893053,0.07370778692052103,0.5080532193687842,0.5080532193687842
2016-04-25,JPM,-0.5783961231827339,0.07370778692052103,-0.652103910103255,0.652103910103255
2016-04-26,JPM,0.5188679245283101,0.07370778692052103,0.44516013760778905,0.44516013760778905
2016-04-27,JPM,0.2815579540121904,0.07370778692052103,0.20785016709166937,0.20785016709166937
2016-04-28,JPM,-0.7955077211043493,0.07370778692052103,-0.8692155080248704,0.8692155080248704
2016-04-29,JPM,-0.6289308176100628,0.07370778692052103,-0.7026386045305838,0.7026386045305838
2016-05-02,JPM,0.9335443037974622,0.07370778692052103,0.8598365168769412,0.8598365168769412
2016-05-03,JPM,-1.9282019125254732,0.07370778692052103,-2.0019096994459944,2.0019096994459944
2016-05-04,JPM,-1.5824808184143224,0.07370778692052103,-1.6561886053348434,1.6561886053348434
2016-05-05,JPM,-0.5359753126522593,0.07370778692052103,-0.6096830995727803,0.6096830995727803
2016-05-06,JPM,0.5878510777269641,0.07370778692052103,0.514143290806443,0.514143290806443
2016-05-09,JPM,-0.6331168831168799,0.07370778692052103,-0.7068246700374009,0.7068246700374009
2016-05-10,JPM,1.3559875837281463,0.07370778692052103,1.2822797968076254,1.2822797968076254
2016-05-11,JPM,-0.3707285622179146,0.07370778692052103,-0.44443634913843566,0.44443634913843566
2016-05-12,JPM,-0.0647144475004024,0.07370778692052103,-0.13842223442092344,0.13842223442092344
2016-05-13,JPM,-0.922778047595918,0.07370778692052103,-0.996485834516439,0.996485834516439
2016-05-16,JPM,0.7516339869281019,0.07370778692052103,0.6779262000075809,0.6779262000075809
2016-05-17,JPM,0.0,0.07370778692052103,-0.07370778692052103,0.07370778692052103
2016-05-18,JPM,3.859876743431734,0.07370778692052103,3.786168956511213,3.786168956511213
2016-05-19,JPM,-1.0149906308557275,0.07370778692052103,-1.0886984177762484,1.0886984177762484
2016-05-20,JPM,0.189304306672966,0.07370778692052103,0.11559651975244496,0.11559651975244496
2016-05-23,JPM,-0.0787277594079594,0.07370778692052103,-0.15243554632848044,0.15243554632848044
2016-05-24,JPM,1.7018594390167063,0.07370778692052103,1.6281516520961854,1.6281516520961854
2016-05-25,JPM,1.5184381778741596,0.07370778692052103,1.4447303909536386,1.4447303909536386
2016-05-26,JPM,-0.7478632478632452,0.07370778692052103,-0.8215710347837663,0.8215710347837663
2016-05-27,JPM,0.6151007227433558,0.07370778692052103,0.5413929358228348,0.5413929358228348
2016-05-31,JPM,-0.2445361454990191,0.07370778692052103,-0.31824393241954013,0.31824393241954013
2016-06-01,JPM,0.6434809253868634,0.07370778692052103,0.5697731384663424,0.5697731384663424
2016-06-02,JPM,0.1826762064241149,0.07370778692052103,0.10896841950359386,0.10896841950359386
2016-06-03,JPM,-1.7778453122625717,0.07370778692052103,-1.8515530991830926,1.8515530991830926
2016-06-06,JPM,0.990099009900991,0.07370778692052103,0.9163912229804699,0.9163912229804699
2016-06-07,JPM,-0.3370098039215619,0.07370778692052103,-0.4107175908420829,0.4107175908420829
2016-06-08,JPM,0.2920381186596987,0.07370778692052103,0.21833033173917765,0.21833033173917765
2016-06-09,JPM,-0.7662835249042099,0.07370778692052103,-0.839991311824731,0.839991311824731
2016-06-10,JPM,-1.4054054054054022,0.07370778692052103,-1.479113192325923,1.479113192325923
2016-06-13,JPM,-0.8928571428571397,0.07370778692052103,-0.9665649297776607,0.9665649297776607
2016-06-14,JPM,-1.8808281966176787,0.07370778692052103,-1.9545359835381997,1.9545359835381997
2016-06-15,JPM,-0.1771907216494783,0.07370778692052103,-0.25089850856999935,0.25089850856999935
2016-06-16,JPM,0.4034210101662161,0.07370778692052103,0.3297132232456951,0.3297132232456951
2016-06-17,JPM,0.0964320154291265,0.07370778692052103,0.022724228508605462,0.022724228508605462
2016-06-20,JPM,0.1445086705202269,0.07370778692052103,0.07080088359970586,0.07080088359970586
2016-06-21,JPM,0.9299342632675957,0.07370778692052103,0.8562264763470746,0.8562264763470746
2016-06-22,JPM,-0.3812549642573493,0.07370778692052103,-0.45496275117787033,0.45496275117787033
2016-06-23,JPM,2.136820283846274,0.07370778692052103,2.0631124969257533,2.0631124969257533
2016-06-24,JPM,-6.947697111631534,0.07370778692052103,-7.021404898552055,7.021404898552055
2016-06-27,JPM,-3.338926174496648,0.07370778692052103,-3.412633961417169,3.412633961417169
2016-06-28,JPM,3.3153966325290884,0.07370778692052103,3.2416888456085675,3.2416888456085675
2016-06-29,JPM,2.822580645161299,0.07370778692052103,2.748872858240778,2.748872858240778
2016-06-30,JPM,1.5359477124182952,0.07370778692052103,1.4622399254977743,1.4622399254977743
2016-07-01,JPM,-1.4161570646926358,0.07370778692052103,-1.4898648516131567,1.4898648516131567
2016-07-05,JPM,-2.791380999020565,0.07370778692052103,-2.865088785941086,2.865088785941086
2016-07-06,JPM,1.074727120067176,0.07370778692052103,1.001019333146655,1.001019333146655
2016-07-07,JPM,0.647948164146861,0.07370778692052103,0.5742403772263399,0.5742403772263399
2016-07-08,JPM,2.0633872565203104,0.07370778692052103,1.9896794695997895,1.9896794695997895
2016-07-11,JPM,0.711628659226915,0.07370778692052103,0.6379208723063939,0.6379208723063939
2016-07-12,JPM,1.493496065521116,0.07370778692052103,1.419788278600595,1.419788278600595
2016-07-13,JPM,-0.0632911392405177,0.07370778692052103,-0.13699892616103873,0.13699892616103873
2016-07-14,JPM,1.5199493350221749,0.07370778692052103,1.446241548101654,1.446241548101654
2016-07-15,JPM,0.0935745477230298,0.07370778692052103,0.019866760802508765,0.019866760802508765
2016-07-18,JPM,-0.3427859146151513,0.07370778692052103,-0.41649370153567233,0.41649370153567233
2016-07-19,JPM,-0.1563477173233241,0.07370778692052103,-0.23005550424384513,0.23005550424384513
2016-07-20,JPM,0.1096147823363535,0.07370778692052103,0.03590699541583246,0.03590699541583246
2016-07-21,JPM,-0.375410605349602,0.07370778692052103,-0.44911839227012307,0.44911839227012307
2016-07-22,JPM,0.5495368189668781,0.07370778692052103,0.47582903204635707,0.47582903204635707
2016-07-25,JPM,-0.2654590880699747,0.07370778692052103,-0.33916687499049575,0.33916687499049575
2016-07-26,JPM,0.4070768749021347,0.07370778692052103,0.33336908798161363,0.33336908798161363
2016-07-27,JPM,0.3118665211289562,0.07370778692052103,0.23815873420843514,0.23815873420843514
2016-07-28,JPM,-0.357531478314943,0.07370778692052103,-0.431239265235464,0.431239265235464
2016-07-29,JPM,-0.2028081123244818,0.07370778692052103,-0.2765158992450028,0.2765158992450028
2016-08-01,JPM,-0.2657495701109957,0.07370778692052103,-0.33945735703151675,0.33945735703151675
2016-08-02,JPM,-0.2351097178683314,0.07370778692052103,-0.30881750478885245,0.30881750478885245
2016-08-03,JPM,1.586802827965439,0.07370778692052103,1.513095041044918,1.513095041044918
2016-08-04,JPM,-0.1546551190844347,0.07370778692052103,-0.22836290600495573,0.22836290600495573
2016-08-05,JPM,2.695167286245348,0.07370778692052103,2.621459499324827,2.621459499324827
2016-08-08,JPM,-0.3016591251885359,0.07370778692052103,-0.3753669121090569,0.3753669121090569
2016-08-09,JPM,-0.3479576399394668,0.07370778692052103,-0.42166542685998787,0.42166542685998787
2016-08-10,JPM,-0.8957036587217249,0.07370778692052103,-0.9694114456422459,0.9694114456422459
2016-08-11,JPM,0.2757352941176405,0.07370778692052103,0.20202750719711943,0.20202750719711943
2016-08-12,JPM,-0.2138710663000309,0.07370778692052103,-0.28757885322055193,0.28757885322055193
2016-08-15,JPM,0.6123698714023407,0.07370778692052103,0.5386620844818196,0.5386620844818196
2016-08-16,JPM,-0.0152160681679891,0.07370778692052103,-0.08892385508851013,0.08892385508851013
2016-08-17,JPM,0.2739309085375341,0.07370778692052103,0.20022312161701306,0.20022312161701306
2016-08-18,JPM,0.0910608590074302,0.07370778692052103,0.01735307208690917,0.01735307208690917
2016-08-19,JPM,-0.1364670204700546,0.07370778692052103,-0.21017480739057565,0.21017480739057565
2016-08-22,JPM,-0.0911023382933584,0.07370778692052103,-0.16481012521387944,0.16481012521387944
2016-08-23,JPM,-0.0455927051671745,0.07370778692052103,-0.11930049208769553,0.11930049208769553
2016-08-24,JPM,0.2736810095788522,0.07370778692052103,0.19997322265833117,0.19997322265833117
2016-08-25,JPM,0.181956027293384,0.07370778692052103,0.10824824037286297,0.10824824037286297
2016-08-26,JPM,0.22703193582565,0.07370778692052103,0.15332414890512897,0.15332414890512897
2016-08-29,JPM,1.102385986106924,0.07370778692052103,1.0286781991864031,1.0286781991864031
2016-08-30,JPM,0.821508588498876,0.07370778692052103,0.7478008015783549,0.7478008015783549
2016-08-31,JPM,0.0,0.07370778692052103,-0.07370778692052103,0.07370778692052103
2016-09-01,JPM,-0.4296296296296353,0.07370778692052103,-0.5033374165501563,0.5033374165501563
2016-09-02,JPM,0.4166046719238148,0.07370778692052103,0.34289688500329374,0.34289688500329374
2016-09-06,JPM,-0.0740850496369738,0.07370778692052103,-0.1477928365574948,0.1477928365574948
2016-09-07,JPM,-0.4151838671411667,0.07370778692052103,-0.4888916540616877,0.4888916540616877
2016-09-08,JPM,0.1340083382966206,0.07370778692052103,0.06030055137609956,0.06030055137609956
2016-09-09,JPM,-0.8921933085501821,0.07370778692052103,-0.9659010954707031,0.9659010954707031
2016-09-12,JPM,0.6151537884470981,0.07370778692052103,0.5414460015265771,0.5414460015265771
2016-09-13,JPM,-0.7903370116313813,0.07370778692052103,-0.8640447985519023,0.8640447985519023
2016-09-14,JPM,-0.1954005711708895,0.07370778692052103,-0.26910835809141054,0.26910835809141054
2016-09-15,JPM,0.3614457831325302,0.07370778692052103,0.28773799621200913,0.28773799621200913
2016-09-16,JPM,-1.230492196878763,0.07370778692052103,-1.304199983799284,1.304199983799284
2016-09-19,JPM,0.5621391674263121,0.07370778692052103,0.48843138050579105,0.48843138050579105
2016-09-20,JPM,0.4079166037165738,0.07370778692052103,0.33420881679605274,0.33420881679605274
2016-09-21,JPM,0.57177249473368,0.07370778692052103,0.4980647078131589,0.4980647078131589
2016-09-22,JPM,0.8228605625373975,0.07370778692052103,0.7491527756168764,0.7491527756168764
2016-09-23,JPM,-0.2077459563733508,0.07370778692052103,-0.28145374329387185,0.28145374329387185
2016-09-26,JPM,-2.185873605947952,0.07370778692052103,-2.259581392868473,2.259581392868473
2016-09-27,JPM,0.8817269686834939,0.07370778692052103,0.8080191817629728,0.8080191817629728
2016-09-28,JPM,0.5274261603375408,0.07370778692052103,0.4537183734170197,0.4537183734170197
2016-09-29,JPM,-1.5889671713386069,0.07370778692052103,-1.6626749582591278,1.6626749582591278
2016-09-30,JPM,1.4318354912414175,0.07370778692052103,1.3581277043208966,1.3581277043208966
2016-10-03,JPM,-0.1201381588827099,0.07370778692052103,-0.19384594580323095,0.19384594580323095
2016-10-04,JPM,0.1353179972936269,0.07370778692052103,0.061610210373105864,0.061610210373105864
2016-10-05,JPM,1.6366366366366458,0.07370778692052103,1.562928849716125,1.562928849716125
2016-10-06,JPM,0.2659181563007928,0.07370778692052103,0.19221036938027175,0.19221036938027175
2016-10-07,JPM,0.3536172093708378,0.07370778692052103,0.27990942245031675,0.27990942245031675
2016-10-10,JPM,0.7781529878138294,0.07370778692052103,0.7044452008933083,0.7044452008933083
2016-10-11,JPM,-0.480769230769229,0.07370778692052103,-0.55447701768975,0.55447701768975
2016-10-12,JPM,-0.2635046113307115,0.07370778692052103,-0.33721239825123256,0.33721239825123256
2016-10-13,JPM,-0.5724350506384868,0.07370778692052103,-0.6461428375590078,0.6461428375590078
2016-10-14,JPM,-0.324771183938588,0.07370778692052103,-0.39847897085910905,0.39847897085910905
2016-10-17,JPM,-0.5183649289099423,0.07370778692052103,-0.5920727158304634,0.5920727158304634
2016-10-18,JPM,0.7890427274080736,0.07370778692052103,0.7153349404875525,0.7153349404875525
2016-10-19,JPM,0.9601181683899452,0.07370778692052103,0.8864103814694242,0.8864103814694242
2016-10-20,JPM,-0.1316752011704336,0.07370778692052103,-0.20538298809095462,0.20538298809095462
2016-10-21,JPM,0.3369469674772807,0.07370778692052103,0.26323918055675966,0.26323918055675966
2016-10-24,JPM,0.5548255219740339,0.07370778692052103,0.48111773505351285,0.48111773505351285
2016-10-25,JPM,-0.1016407724698797,0.07370778692052103,-0.17534855939040073,0.17534855939040073
2016-10-26,JPM,0.4796511627906952,0.07370778692052103,0.40594337587017415,0.40594337587017415
2016-10-27,JPM,0.1446549978301847,0.07370778692052103,0.07094721090966367,0.07094721090966367
2016-10-28,JPM,-0.1733352592806603,0.07370778692052103,-0.24704304620118134,0.24704304620118134
2016-10-31,JPM,0.2170452901172126,0.07370778692052103,0.14333750319669158,0.14333750319669158
2016-11-01,JPM,-0.4187120993358495,0.07370778692052103,-0.49241988625637056,0.49241988625637056
2016-11-02,JPM,-0.4204726692764837,0.07370778692052103,-0.49418045619700474,0.49418045619700474
2016-11-03,JPM,-0.4368083867210437,0.07370778692052103,-0.5105161736415648,0.5105161736415648
2016-11-04,JPM,-0.906697864872752,0.07370778692052103,-0.980405651793273,0.980405651793273
2016-11-07,JPM,3.1286894923258317,0.07370778692052103,3.0549817054053108,3.0549817054053108
2016-11-08,JPM,0.2146536920435204,0.07370778692052103,0.14094590512299937,0.14094590512299937
2016-11-09,JPM,4.5980294159645885,0.07370778692052103,4.524321629044067,4.524321629044067
2016-11-10,JPM,4.641638225255984,0.07370778692052103,4.567930438335463,4.567930438335463
2016-11-11,JPM,0.0521852576647052,0.07370778692052103,-0.021522529255815832,0.021522529255815832
2016-11-14,JPM,3.677141739470602,0.07370778692052103,3.603433952550081,3.603433952550081
2016-11-15,JPM,-0.1886555150295676,0.07370778692052103,-0.2623633019500886,0.2623633019500886
2016-11-16,JPM,-2.469758064516125,0.07370778692052103,-2.543465851436646,2.543465851436646
2016-11-17,JPM,0.8010335917312483,0.07370778692052103,0.7273258048107273,0.7273258048107273
2016-11-18,JPM,-0.3973340169187378,0.07370778692052103,-0.47104180383925887,0.47104180383925887
2016-11-21,JPM,0.4375241281688424,0.07370778692052103,0.36381634124832135,0.36381634124832135
2016-11-22,JPM,0.6149903907751497,0.07370778692052103,0.5412826038546287,0.5412826038546287
2016-11-23,JPM,0.420221571374002,0.07370778692052103,0.34651378445348097,0.34651378445348097
2016-11-25,JPM,-0.0380420999239183,0.07370778692052103,-0.11174988684443933,0.11174988684443933
2016-11-28,JPM,-0.6469618165673041,0.07370778692052103,-0.7206696034878252,0.7206696034878252
2016-11-29,JPM,0.7660878447395492,0.07370778692052103,0.6923800578190281,0.6923800578190281
2016-11-30,JPM,1.5838824125696815,0.07370778692052103,1.5101746256491606,1.5101746256491606
2016-12-01,JPM,2.0207059997505272,0.07370778692052103,1.9469982128300063,1.9469982128300063
2016-12-02,JPM,-0.232302237437354,0.07370778692052103,-0.30601002435787505,0.30601002435787505
2016-12-05,JPM,2.034313725490211,0.07370778692052103,1.9606059385696901,1.9606059385696901
2016-12-06,JPM,0.5164544799423298,0.07370778692052103,0.4427466930218088,0.4427466930218088
2016-12-07,JPM,0.4540566375911048,0.07370778692052103,0.38034885067058377,0.38034885067058377
2016-12-08,JPM,1.248959200666122,0.07370778692052103,1.1752514137456012,1.1752514137456012
2016-12-09,JPM,0.4346804511278002,0.07370778692052103,0.36097266420727914,0.36097266420727914
2016-12-12,JPM,-0.8889928646625189,0.07370778692052103,-0.96270065158304,0.96270065158304
2016-12-13,JPM,0.0354065856249308,0.07370778692052103,-0.03830120129559023,0.03830120129559023
2016-12-14,JPM,-0.0353940537989649,0.07370778692052103,-0.10910184071948593,0.10910184071948593
2016-12-15,JPM,1.4988787914552049,0.07370778692052103,1.425171004534684,1.425171004534684
2016-12-16,JPM,-1.2325581395348897,0.07370778692052103,-1.3062659264554106,1.3062659264554106
2016-12-19,JPM,0.5768777960913685,0.07370778692052103,0.5031700091708474,0.5031700091708474
2016-12-20,JPM,1.2876038862226211,0.07370778692052103,1.2138960993021002,1.2138960993021002
2016-12-21,JPM,0.2542470819369091,0.07370778692052103,0.18053929501638805,0.18053929501638805
2016-12-22,JPM,0.1613832853025965,0.07370778692052103,0.08767549838207546,0.08767549838207546
2016-12-23,JPM,0.1841408677638378,0.07370778692052103,0.11043308084331678,0.11043308084331678
2016-12-27,JPM,0.0919012062033264,0.07370778692052103,0.018193419282805365,0.018193419282805365
2016-12-28,JPM,-0.7230575002869277,0.07370778692052103,-0.7967652872074488,0.7967652872074488
2016-12-29,JPM,-0.7052023121387307,0.07370778692052103,-0.7789100990592518,0.7789100990592518
2016-12-30,JPM,0.4657119571545021,0.07370778692052103,0.39200417023398104,0.39200417023398104
2017-01-03,JPM,1.0893498667284618,0.07370778692052103,1.0156420798079409,1.0156420798079409
2017-01-04,JPM,-0.3668462684856211,0.07370778692052103,-0.4405540554061421,0.4405540554061421
2017-01-05,JPM,-0.920492463467948,0.07370778692052103,-0.994200250388469,0.994200250388469
2017-01-06,JPM,0.0116130530716684,0.07370778692052103,-0.06209473384885263,0.06209473384885263
2017-01-09,JPM,0.0696702275894134,0.07370778692052103,-0.004037559331107637,0.004037559331107637
2017-01-10,JPM,0.2900905082385607,0.07370778692052103,0.21638272131803965,0.21638272131803965
2017-01-11,JPM,0.7520536850630366,0.07370778692052103,0.6783458981425156,0.6783458981425156
2017-01-12,JPM,-0.9646302250803872,0.07370778692052103,-1.0383380120009083,1.0383380120009083
2017-01-13,JPM,0.533395176252327,0.07370778692052103,0.459687389331806,0.459687389331806
2017-01-17,JPM,-3.633217993079596,0.07370778692052103,-3.706925780000117,3.706925780000117
2017-01-18,JPM,0.4667863554757678,0.07370778692052103,0.39307856855524675,0.39307856855524675
2017-01-19,JPM,-0.7624493685966183,0.07370778692052103,-0.8361571555171393,0.8361571555171393
2017-01-20,JPM,0.4441776710684353,0.07370778692052103,0.37046988414791426,0.37046988414791426
2017-01-23,JPM,0.0478068602844494,0.07370778692052103,-0.02590092663607163,0.02590092663607163
2017-01-24,JPM,1.206546410225795,0.07370778692052103,1.132838623305274,1.132838623305274
2017-01-25,JPM,1.546270066100086,0.07370778692052103,1.4725622791795652,1.4725622791795652
2017-01-26,JPM,0.8369173544112485,0.07370778692052103,0.7632095674907274,0.7632095674907274
2017-01-27,JPM,0.2074927953890526,0.07370778692052103,0.13378500846853159,0.13378500846853159
2017-01-30,JPM,-1.0353157713102523,0.07370778692052103,-1.1090235582307733,1.1090235582307733
2017-01-31,JPM,-1.6273393002441128,0.07370778692052103,-1.7010470871646337,1.7010470871646337
2017-02-01,JPM,0.3781165071487846,0.07370778692052103,0.30440872022826354,0.30440872022826354
2017-02-02,JPM,-0.4237786933490306,0.07370778692052103,-0.49748648026955167,0.49748648026955167
2017-02-03,JPM,3.0618276392008648,0.07370778692052103,2.988119852280344,2.988119852280344
2017-02-06,JPM,-0.4702913512273587,0.07370778692052103,-0.5439991381478797,0.5439991381478797
2017-02-07,JPM,-0.0576236026276322,0.07370778692052103,-0.13133138954815324,0.13133138954815324
2017-02-08,JPM,-0.8763837638376404,0.07370778692052103,-0.9500915507581614,0.9500915507581614
2017-02-09,JPM,1.4425314099581366,0.07370778692052103,1.3688236230376156,1.3688236230376156
2017-02-10,JPM,-0.2293577981651418,0.07370778692052103,-0.30306558508566284,0.30306558508566284
2017-02-13,JPM,1.3218390804597746,0.07370778692052103,1.2481312935392537,1.2481312935392537
2017-02-14,JPM,1.5995462280204098,0.07370778692052103,1.5258384410998889,1.5258384410998889
2017-02-15,JPM,1.1500669941938435,0.07370778692052103,1.0763592072733226,1.0763592072733226
2017-02-16,JPM,-0.0662324759907351,0.07370778692052103,-0.13994026291125614,0.13994026291125614
2017-02-17,JPM,-0.3313818623660647,0.07370778692052103,-0.40508964928658575,0.40508964928658575
2017-02-21,JPM,0.8644574975063657,0.07370778692052103,0.7907497105858446,0.7907497105858446
2017-02-22,JPM,0.0549390176903585,0.07370778692052103,-0.018768769230162533,0.018768769230162533
2017-02-23,JPM,0.0768723918295632,0.07370778692052103,0.0031646049090421624,0.0031646049090421624
2017-02-24,JPM,-0.877866783715564,0.07370778692052103,-0.9515745706360851,0.9515745706360851
2017-02-27,JPM,0.1107051920735235,0.07370778692052103,0.03699740515300247,0.03699740515300247
2017-02-28,JPM,0.2101072652880731,0.07370778692052103,0.13639947836755206,0.13639947836755206
2017-03-01,JPM,3.288457294195535,0.07370778692052103,3.214749507275014,3.214749507275014
2017-03-02,JPM,-1.5598290598290545,0.07370778692052103,-1.6335368467495754,1.6335368467495754
2017-03-03,JPM,0.7163012806598701,0.07370778692052103,0.642593493739349,0.642593493739349
2017-03-06,JPM,-0.9482758620689592,0.07370778692052103,-1.0219836489894802,1.0219836489894802
2017-03-07,JPM,-0.554830287206276,0.07370778692052103,-0.6285380741267971,0.6285380741267971
2017-03-08,JPM,-0.2187944426211618,0.07370778692052103,-0.2925022295416828,0.2925022295416828
2017-03-09,JPM,0.3946935643021509,0.07370778692052103,0.32098577738162987,0.32098577738162987
2017-03-10,JPM,-0.3166976083870176,0.07370778692052103,-0.39040539530753865,0.39040539530753865
2017-03-13,JPM,0.0876424189307556,0.07370778692052103,0.013934632010234566,0.013934632010234566
2017-03-14,JPM,0.1641856392294194,0.07370778692052103,0.09047785230889836,0.09047785230889836
2017-03-15,JPM,0.2404108840563967,0.07370778692052103,0.16670309713587567,0.16670309713587567
2017-03-16,JPM,-0.0981140303063399,0.07370778692052103,-0.17182181722686093,0.17182181722686093
2017-03-17,JPM,-1.0475774770842383,0.07370778692052103,-1.1212852640047593,1.1212852640047593
2017-03-20,JPM,-0.71680635200706,0.07370778692052103,-0.790514138927581,0.790514138927581
2017-03-21,JPM,-2.9323558813728723,0.07370778692052103,-3.006063668293393,3.006063668293393
2017-03-22,JPM,0.1602013960407378,0.07370778692052103,0.08649360912021677,0.08649360912021677
2017-03-23,JPM,-0.1599451616588587,0.07370778692052103,-0.23365294857937974,0.23365294857937974
2017-03-24,JPM,-0.1144295686005159,0.07370778692052103,-0.18813735552103694,0.18813735552103694
2017-03-27,JPM,-0.0572803299347168,0.07370778692052103,-0.13098811685523784,0.13098811685523784
2017-03-28,JPM,1.5589179275561582,0.07370778692052103,1.4852101406356373,1.4852101406356373
2017-03-29,JPM,-0.372460496613991,0.07370778692052103,-0.44616828353451204,0.44616828353451204
2017-03-30,JPM,0.8609946754276621,0.07370778692052103,0.787286888507141,0.787286888507141
2017-03-31,JPM,-1.3366281028866611,0.07370778692052103,-1.410335889807182,1.410335889807182
2017-04-03,JPM,-0.3642987249544704,0.07370778692052103,-0.43800651187499146,0.43800651187499146
2017-04-04,JPM,-0.2399451553930509,0.07370778692052103,-0.31365294231357194,0.31365294231357194
2017-04-05,JPM,-1.2827854770358529,0.07370778692052103,-1.3564932639563738,1.3564932639563738
2017-04-06,JPM,0.3364659473256814,0.07370778692052103,0.26275816040516037,0.26275816040516037
2017-04-07,JPM,-0.3469010175763176,0.07370778692052103,-0.42060880449683863,0.42060880449683863
2017-04-10,JPM,-0.3481086098862995,0.07370778692052103,-0.42181639680682054,0.42181639680682054
2017-04-11,JPM,-0.1746623195155949,0.07370778692052103,-0.24837010643611596,0.24837010643611596
2017-04-12,JPM,-0.3849294296045746,0.07370778692052103,-0.45863721652509565,0.45863721652509565
2017-04-13,JPM,-1.1709601873536313,0.07370778692052103,-1.2446679742741522,1.2446679742741522
2017-04-17,JPM,1.7298578199052006,0.07370778692052103,1.6561500329846797,1.6561500329846797
2017-04-18,JPM,-0.8152806894945241,0.07370778692052103,-0.8889884764150452,0.8889884764150452
2017-04-19,JPM,-0.8219821512447156,0.07370778692052103,-0.8956899381652367,0.8956899381652367
2017-04-20,JPM,1.2905517404688591,0.07370778692052103,1.2168439535483382,1.2168439535483382
2017-04-21,JPM,-1.203974284044418,0.07370778692052103,-1.277682070964939,1.277682070964939
2017-04-24,JPM,3.5257927117841925,0.07370778692052103,3.4520849248636716,3.4520849248636716
2017-04-25,JPM,0.8685714285714408,0.07370778692052103,0.7948636416509197,0.7948636416509197
2017-04-26,JPM,0.1926127351008499,0.07370778692052103,0.11890494818032886,0.11890494818032886
2017-04-27,JPM,-0.9272871197557486,0.07370778692052103,-1.0009949066762696,1.0009949066762696
2017-04-28,JPM,-0.6962675493665138,0.07370778692052103,-0.7699753362870349,0.7699753362870349
2017-05-01,JPM,0.0689655172413816,0.07370778692052103,-0.0047422696791394325,0.0047422696791394325
2017-05-02,JPM,-0.6432345508844528,0.07370778692052103,-0.7169423378049739,0.7169423378049739
2017-05-03,JPM,0.5780346820809301,0.07370778692052103,0.5043268951604091,0.5043268951604091
2017-05-04,JPM,0.1149425287356287,0.07370778692052103,0.04123474181510767,0.04123474181510767
2017-05-05,JPM,-0.1148105625717543,0.07370778692052103,-0.18851834949227533,0.18851834949227533
2017-05-08,JPM,0.1149425287356287,0.07370778692052103,0.04123474181510767,0.04123474181510767
2017-05-09,JPM,-0.4018369690011458,0.07370778692052103,-0.47554475592166684,0.47554475592166684
2017-05-10,JPM,0.7838616714697544,0.07370778692052103,0.7101538845492333,0.7101538845492333
2017-05-11,JPM,-0.3088184833581309,0.07370778692052103,-0.38252627027865194,0.38252627027865194
2017-05-12,JPM,-0.2753556677374869,0.07370778692052103,-0.3490634546580079,0.3490634546580079
2017-05-15,JPM,0.4832029452370046,0.07370778692052103,0.40949515831648353,0.40949515831648353
2017-05-16,JPM,0.3091367071215822,0.07370778692052103,0.23542892020106115,0.23542892020106115
2017-05-17,JPM,-3.812350188334668,0.07370778692052103,-3.886057975255189,3.886057975255189
2017-05-18,JPM,-0.3678651952058853,0.07370778692052103,-0.44157298212640633,0.44157298212640633
2017-05-19,JPM,0.9766555502620288,0.07370778692052103,0.9029477633415077,0.9029477633415077
2017-05-22,JPM,-0.0943618778013632,0.07370778692052103,-0.16806966472188423,0.16806966472188423
2017-05-23,JPM,1.2514757969303458,0.07370778692052103,1.177768010009825,1.177768010009825
2017-05-24,JPM,-0.058302238805985,0.07370778692052103,-0.13201002572650603,0.13201002572650603
2017-05-25,JPM,-0.4200210010500527,0.07370778692052103,-0.49372878797057373,0.49372878797057373
2017-05-26,JPM,0.0117164616285858,0.07370778692052103,-0.06199132529193523,0.06199132529193523
2017-05-30,JPM,-1.7104029990627878,0.07370778692052103,-1.7841107859833087,1.7841107859833087
2017-05-31,JPM,-2.0858164481525665,0.07370778692052103,-2.1595242350730874,2.1595242350730874
2017-06-01,JPM,1.1077297626293392,0.07370778692052103,1.0340219757088183,1.0340219757088183
2017-06-02,JPM,-0.5056585600770602,0.07370778692052103,-0.5793663469975813,0.5793663469975813
2017-06-05,JPM,0.1815101645692207,0.07370778692052103,0.10780237764869967,0.10780237764869967
2017-06-06,JPM,0.2053388090348828,0.07370778692052103,0.13163102211436178,0.13163102211436178
2017-06-07,JPM,1.1451301832208438,0.07370778692052103,1.0714223963003229,1.0714223963003229
2017-06-08,JPM,1.2394231915147325,0.07370778692052103,1.1657154045942115,1.1657154045942115
2017-06-09,JPM,2.3660977045320664,0.07370778692052103,2.2923899176115454,2.2923899176115454
2017-06-12,JPM,0.0229990800368007,0.07370778692052103,-0.05070870688372033,0.05070870688372033
2017-06-13,JPM,0.3334099793055767,0.07370778692052103,0.25970219238505565,0.25970219238505565
2017-06-14,JPM,-0.2062564455139193,0.07370778692052103,-0.27996423243444035,0.27996423243444035
2017-06-15,JPM,-0.5970834768630251,0.07370778692052103,-0.6707912637835461,0.6707912637835461
2017-06-16,JPM,-0.4505024835393167,0.07370778692052103,-0.5242102704598377,0.5242102704598377
2017-06-19,JPM,2.193084242283572,0.07370778692052103,2.119376455363051,2.119376455363051
2017-06-20,JPM,-0.6245032360622238,0.07370778692052103,-0.6982110229827448,0.6982110229827448
2017-06-21,JPM,-0.457038391224851,0.07370778692052103,-0.5307461781453721,0.5307461781453721
2017-06-22,JPM,-0.1147842056933079,0.07370778692052103,-0.18849199261382893,0.18849199261382893
2017-06-23,JPM,-0.1838657779820729,0.07370778692052103,-0.2575735649025939,0.2575735649025939
2017-06-26,JPM,0.4374856090260115,0.07370778692052103,0.3637778221054905,0.3637778221054905
2017-06-27,JPM,0.9284731774415356,0.07370778692052103,0.8547653905210145,0.8547653905210145
2017-06-28,JPM,2.010221465076656,0.07370778692052103,1.936513678156135,1.936513678156135
2017-06-29,JPM,1.4807392562903754,0.07370778692052103,1.4070314693698545,1.4070314693698545
2017-06-30,JPM,0.2742731760833727,0.07370778692052103,0.20056538916285166,0.20056538916285166
2017-07-03,JPM,1.4770240700218815,0.07370778692052103,1.4033162831013606,1.4033162831013606
2017-07-05,JPM,1.0026954177897671,0.07370778692052103,0.9289876308692461,0.9289876308692461
2017-07-06,JPM,-0.320239111870213,0.07370778692052103,-0.393946898790734,0.393946898790734
2017-07-07,JPM,0.5033197686870938,0.07370778692052103,0.4296119817665728,0.4296119817665728
2017-07-10,JPM,-0.7032498668087306,0.07370778692052103,-0.7769576537292516,0.7769576537292516
2017-07-11,JPM,-0.3863075437278707,0.07370778692052103,-0.46001533064839173,0.46001533064839173
2017-07-12,JPM,-0.3447161477970417,0.07370778692052103,-0.41842393471756273,0.41842393471756273
2017-07-13,JPM,0.6377688898497436,0.07370778692052103,0.5640611029292225,0.5640611029292225
2017-07-14,JPM,-0.9129967776584258,0.07370778692052103,-0.9867045645789468,0.9867045645789468
2017-07-17,JPM,-0.9322493224932282,0.07370778692052103,-1.0059571094137492,1.0059571094137492
2017-07-18,JPM,-0.3501477185687829,0.07370778692052103,-0.42385550548930395,0.42385550548930395
2017-07-19,JPM,0.1427473372131338,0.07370778692052103,0.06903955029261276,0.06903955029261276
2017-07-20,JPM,0.0,0.07370778692052103,-0.07370778692052103,0.07370778692052103
2017-07-21,JPM,-0.3399122807017596,0.07370778692052103,-0.41362006762228065,0.41362006762228065
2017-07-24,JPM,0.4290901089228693,0.07370778692052103,0.35538232200234826,0.35538232200234826
2017-07-25,JPM,1.6652059596844904,0.07370778692052103,1.5914981727639694,1.5914981727639694
2017-07-26,JPM,-0.9374999999999912,0.07370778692052103,-1.0112077869205123,1.0112077869205123
2017-07-27,JPM,-0.4133579897748429,0.07370778692052103,-0.48706577669536394,0.48706577669536394
2017-07-28,JPM,-0.2949208083014687,0.07370778692052103,-0.36862859522198976,0.36862859522198976
2017-07-31,JPM,0.5696757230499561,0.07370778692052103,0.495967936129435,0.495967936129435
2017-08-01,JPM,1.3398692810457469,0.07370778692052103,1.266161494125226,1.266161494125226
2017-08-02,JPM,0.0859937654519971,0.07370778692052103,0.012285978531476074,0.012285978531476074
2017-08-03,JPM,-0.6551390828052783,0.07370778692052103,-0.7288468697257994,0.7288468697257994
2017-08-04,JPM,1.2540540540540546,0.07370778692052103,1.1803462671335336,1.1803462671335336
2017-08-07,JPM,0.384368994234463,0.07370778692052103,0.310661207313942,0.310661207313942
2017-08-08,JPM,-0.3616251861305986,0.07370778692052103,-0.4353329730511196,0.4353329730511196
2017-08-09,JPM,-0.1601195559351009,0.07370778692052103,-0.23382734285562196,0.23382734285562196
2017-08-10,JPM,-1.4326953918528895,0.07370778692052103,-1.5064031787734105,1.5064031787734105
2017-08-11,JPM,-0.8352315869400107,0.07370778692052103,-0.9089393738605317,0.9089393738605317
2017-08-14,JPM,1.1704222270837894,0.07370778692052103,1.0967144401632685,1.0967144401632685
2017-08-15,JPM,0.2594875121634921,0.07370778692052103,0.18577972524297104,0.18577972524297104
2017-08-16,JPM,-0.6901757791437535,0.07370778692052103,-0.7638835660642745,0.7638835660642745
2017-08-17,JPM,-1.5636876968183278,0.07370778692052103,-1.6373954837388487,1.6373954837388487
2017-08-18,JPM,0.0992829564258057,0.07370778692052103,0.02557516950528467,0.02557516950528467
2017-08-21,JPM,-0.1212254793916733,0.07370778692052103,-0.19493326631219432,0.19493326631219432
2017-08-22,JPM,1.0261502813637913,0.07370778692052103,0.9524424944432702,0.9524424944432702
2017-08-23,JPM,0.1201397990388875,0.07370778692052103,0.046432012118366464,0.046432012118366464
2017-08-24,JPM,-0.1636304134395194,0.07370778692052103,-0.23733820036004044,0.23733820036004044
2017-08-25,JPM,0.40428321678323,0.07370778692052103,0.33057542986270894,0.33057542986270894
2017-08-28,JPM,-0.3155947328327468,0.07370778692052103,-0.38930251975326785,0.38930251975326785
2017-08-29,JPM,-0.545851528384278,0.07370778692052103,-0.619559315304799,0.619559315304799
2017-08-30,JPM,0.2305159165751913,0.07370778692052103,0.15680812965467028,0.15680812965467028
2017-08-31,JPM,-0.4599715255722336,0.07370778692052103,-0.5336793124927546,0.5336793124927546
2017-09-01,JPM,0.8911871493013646,0.07370778692052103,0.8174793623808435,0.8174793623808435
2017-09-05,JPM,-2.3882224645583428,0.07370778692052103,-2.4619302514788637,2.4619302514788637
2017-09-06,JPM,0.670316165791518,0.07370778692052103,0.5966083788709969,0.5966083788709969
2017-09-07,JPM,-1.7534124958384134,0.07370778692052103,-1.8271202827589343,1.8271202827589343
2017-09-08,JPM,-0.1242516661018822,0.07370778692052103,-0.19795945302240323,0.19795945302240323
2017-09-11,JPM,1.5494232074191316,0.07370778692052103,1.4757154204986107,1.4757154204986107
2017-09-12,JPM,1.225080743958129,0.07370778692052103,1.1513729570376081,1.1513729570376081
2017-09-13,JPM,0.2860600726152462,0.07370778692052103,0.21235228569472514,0.21235228569472514
2017-09-14,JPM,-0.1974766867800403,0.07370778692052103,-0.2711844737005613,0.2711844737005613
2017-09-15,JPM,0.7145212707486026,0.07370778692052103,0.6408134838280816,0.6408134838280816
2017-09-18,JPM,1.4189041693953186,0.07370778692052103,1.3451963824747977,1.3451963824747977
2017-09-19,JPM,1.0977184674989091,0.07370778692052103,1.0240106805783882,1.0240106805783882
2017-09-20,JPM,0.7025761124121788,0.07370778692052103,0.6288683254916577,0.6288683254916577
2017-09-21,JPM,0.454545454545463,0.07370778692052103,0.380837667624942,0.380837667624942
2017-09-22,JPM,-0.2104598547827074,0.07370778692052103,-0.28416764170322845,0.28416764170322845
2017-09-25,JPM,-0.748708214699978,0.07370778692052103,-0.822416001620499,0.822416001620499
2017-09-26,JPM,-0.4462388440289011,0.07370778692052103,-0.5199466309494222,0.5199466309494222
2017-09-27,JPM,1.5795090715048143,0.07370778692052103,1.5058012845842934,1.5058012845842934
2017-09-28,JPM,0.2101281781886843,0.07370778692052103,0.13642039126816324,0.13642039126816324
2017-09-29,JPM,0.1362969175928041,0.07370778692052103,0.06258913067228307,0.06258913067228307
2017-10-02,JPM,1.3925243430007228,0.07370778692052103,1.3188165560802019,1.3188165560802019
2017-10-03,JPM,0.5266418835192077,0.07370778692052103,0.45293409659868666,0.45293409659868666
2017-10-04,JPM,-1.016949152542368,0.07370778692052103,-1.0906569394628889,1.0906569394628889
2017-10-05,JPM,0.7575757575757569,0.07370778692052103,0.6838679706552359,0.6838679706552359
2017-10-06,JPM,-0.17509527242765,0.07370778692052103,-0.24880305934817104,0.24880305934817104
2017-10-09,JPM,-0.5262071811803604,0.07370778692052103,-0.5999149681008814,0.5999149681008814
2017-10-10,JPM,0.7468104968364253,0.07370778692052103,0.6731027099159043,0.6731027099159043
2017-10-11,JPM,-0.2985689282404946,0.07370778692052103,-0.3722767151610156,0.3722767151610156
2017-10-12,JPM,-0.8777364725320203,0.07370778692052103,-0.9514442594525413,0.9514442594525413
2017-10-13,JPM,-0.1354307740389582,0.07370778692052103,-0.20913856095947925,0.20913856095947925
2017-10-16,JPM,2.0655122052994024,0.07370778692052103,1.9918044183788814,1.9918044183788814
2017-10-17,JPM,-0.2248569092395791,0.07370778692052103,-0.2985646961601001,0.2985646961601001
2017-10-18,JPM,0.3790206924810357,0.07370778692052103,0.30531290556051466,0.30531290556051466
2017-10-19,JPM,0.1224614756607955,0.07370778692052103,0.04875368874027447,0.04875368874027447
2017-10-20,JPM,1.4269697278564974,0.07370778692052103,1.3532619409359765,1.3532619409359765
2017-10-23,JPM,-0.1708371017988152,0.07370778692052103,-0.24454488871933622,0.24454488871933622
2017-10-24,JPM,1.590497282061598,0.07370778692052103,1.516789495141077,1.516789495141077
2017-10-25,JPM,0.0990883868410508,0.07370778692052103,0.025380599920529767,0.025380599920529767
2017-10-26,JPM,0.7127301524450624,0.07370778692052103,0.6390223655245414,0.6390223655245414
2017-10-27,JPM,0.0294869274621634,0.07370778692052103,-0.04422085945835763,0.04422085945835763
2017-10-30,JPM,-0.3537388228358029,0.07370778692052103,-0.4274466097563239,0.4274466097563239
2017-10-31,JPM,-0.7888768366038801,0.07370778692052103,-0.8625846235244011,0.8625846235244011
2017-11-01,JPM,0.3081204651625091,0.07370778692052103,0.23441267824198808,0.23441267824198808
2017-11-02,JPM,0.6638921918351137,0.07370778692052103,0.5901844049145927,0.5901844049145927
2017-11-03,JPM,-0.1771827935820535,0.07370778692052103,-0.2508905805025745,0.2508905805025745
2017-11-06,JPM,-0.6212405088255601,0.07370778692052103,-0.6949482957460812,0.6949482957460812
2017-11-07,JPM,-2.014288549315346,0.07370778692052103,-2.087996336235867,2.087996336235867
2017-11-08,JPM,-1.1240506329113886,0.07370778692052103,-1.1977584198319096,1.1977584198319096
2017-11-09,JPM,-0.0102417042195823,0.07370778692052103,-0.08394949114010333,0.08394949114010333
2017-11-10,JPM,-0.1229130390248745,0.07370778692052103,-0.19662082594539554,0.19662082594539554
2017-11-13,JPM,0.3589375448671772,0.07370778692052103,0.28522975794665617,0.28522975794665617
2017-11-14,JPM,-0.602902105048031,0.07370778692052103,-0.676609891968552,0.676609891968552
2017-11-15,JPM,0.9458209108666572,0.07370778692052103,0.8721131239461362,0.8721131239461362
2017-11-16,JPM,0.285161421733382,0.07370778692052103,0.21145363481286095,0.21145363481286095
2017-11-17,JPM,-0.3351274499847623,0.07370778692052103,-0.40883523690528334,0.40883523690528334
2017-11-20,JPM,0.886488689627063,0.07370778692052103,0.8127809027065419,0.8127809027065419
2017-11-21,JPM,-0.0807999192000807,0.07370778692052103,-0.15450770612060172,0.15450770612060172
2017-11-22,JPM,-0.2931365612048986,0.07370778692052103,-0.36684434812541966,0.36684434812541966
2017-11-24,JPM,-0.3244120032441233,0.07370778692052103,-0.3981197901646443,0.3981197901646443
2017-11-27,JPM,-0.3966639544344841,0.07370778692052103,-0.47037174135500515,0.47037174135500515
2017-11-28,JPM,3.502501786990697,0.07370778692052103,3.428794000070176,3.428794000070176
2017-11-29,JPM,2.338200473559593,0.07370778692052103,2.264492686639072,2.264492686639072
2017-11-30,JPM,0.7615925961631076,0.07370778692052103,0.6878848092425865,0.6878848092425865
2017-12-01,JPM,0.2583237657864723,0.07370778692052103,0.18461597886595127,0.18461597886595127
2017-12-04,JPM,2.061265387918687,0.07370778692052103,1.9875576009981661,1.9875576009981661
2017-12-05,JPM,-1.1500701262272095,0.07370778692052103,-1.2237779131477304,1.2237779131477304
2017-12-06,JPM,-0.7472569050321565,0.07370778692052103,-0.8209646919526775,0.8209646919526775
2017-12-07,JPM,-0.2954350519393856,0.07370778692052103,-0.3691428388599066,0.3691428388599066
2017-12-08,JPM,1.25215064041293,0.07370778692052103,1.178442853492409,1.178442853492409
2017-12-11,JPM,-0.2926460870386171,0.07370778692052103,-0.36635387395913815,0.36635387395913815
2017-12-12,JPM,1.1645521681499682,0.07370778692052103,1.0908443812294473,1.0908443812294473
2017-12-13,JPM,-1.2540945250350877,0.07370778692052103,-1.3278023119556086,1.3278023119556086
2017-12-14,JPM,-0.805610842574167,0.07370778692052103,-0.8793186294946881,0.8793186294946881
2017-12-15,JPM,1.4141028090961294,0.07370778692052103,1.3403950221756085,1.3403950221756085
2017-12-18,JPM,0.7725645374034196,0.07370778692052103,0.6988567504828985,0.6988567504828985
2017-12-19,JPM,-0.4207180254300557,0.07370778692052103,-0.49442581235057675,0.49442581235057675
2017-12-20,JPM,-0.3473852220448825,0.07370778692052103,-0.4210930089654035,0.4210930089654035
2017-12-21,JPM,1.5922366685509726,0.07370778692052103,1.5185288816304516,1.5185288816304516
2017-12-22,JPM,-0.3524065658907505,0.07370778692052103,-0.4261143528112715,0.4261143528112715
2017-12-26,JPM,-0.4001861330851675,0.07370778692052103,-0.47389392000568853,0.47389392000568853
2017-12-27,JPM,0.1868809568305041,0.07370778692052103,0.11317316990998307,0.11317316990998307
2017-12-28,JPM,0.531617235590387,0.07370778692052103,0.45790944866986594,0.45790944866986594
2017-12-29,JPM,-0.7885703683087608,0.07370778692052103,-0.8622781552292819,0.8622781552292819
2018-01-02,JPM,0.944454834486641,0.07370778692052103,0.87074704756612,0.87074704756612
2018-01-03,JPM,0.1018990273274678,0.07370778692052103,0.028191240406946774,0.028191240406946774
2018-01-04,JPM,0.9069035720895792,0.07370778692052103,0.8331957851690581,0.8331957851690581
2018-01-05,JPM,-0.641966250917092,0.07370778692052103,-0.7156740378376131,0.7156740378376131
2018-01-08,JPM,0.1476832194941879,0.07370778692052103,0.07397543257366686,0.07397543257366686
2018-01-09,JPM,0.5069124423963123,0.07370778692052103,0.43320465547579123,0.43320465547579123
2018-01-10,JPM,1.1004126547455415,0.07370778692052103,1.0267048678250206,1.0267048678250206
2018-01-11,JPM,0.5351473922902583,0.07370778692052103,0.46143960536973727,0.46143960536973727
2018-01-12,JPM,1.6510285095633348,0.07370778692052103,1.5773207226428139,1.5773207226428139
2018-01-16,JPM,-0.355019082275676,0.07370778692052103,-0.42872686919619707,0.42872686919619707
2018-01-17,JPM,0.6413111249665926,0.07370778692052103,0.5676033380460715,0.5676033380460715
2018-01-18,JPM,0.2389591999292006,0.07370778692052103,0.16525141300867957,0.16525141300867957
2018-01-19,JPM,-0.220731061274948,0.07370778692052103,-0.294438848195469,0.294438848195469
2018-01-22,JPM,1.1680382267055922,0.07370778692052103,1.0943304397850713,1.0943304397850713
2018-01-23,JPM,-0.1049593282603011,0.07370778692052103,-0.17866711518082212,0.17866711518082212
2018-01-24,JPM,1.2783469048244456,0.07370778692052103,1.2046391179039246,1.2046391179039246
2018-01-25,JPM,0.025935851992731,0.07370778692052103,-0.04777193492779003,0.04777193492779003
2018-01-26,JPM,0.5358686257562528,0.07370778692052103,0.4621608388357318,0.4621608388357318
2018-01-29,JPM,-0.1031636863823903,0.07370778692052103,-0.17687147330291134,0.17687147330291134
2018-01-30,JPM,-0.9380378657487088,0.07370778692052103,-1.01174565266923,1.01174565266923
2018-01-31,JPM,0.486491182347315,0.07370778692052103,0.41278339542679393,0.41278339542679393
2018-02-01,JPM,1.0374340797095316,0.07370778692052103,0.9637262927890106,0.9637262927890106
2018-02-02,JPM,-2.216137588773859,0.07370778692052103,-2.2898453756943797,2.2898453756943797
2018-02-05,JPM,-4.7952397619881015,0.07370778692052103,-4.868947548908623,4.868947548908623
2018-02-06,JPM,3.0422794117647145,0.07370778692052103,2.9685716248441936,2.9685716248441936
2018-02-07,JPM,0.6779056284006879,0.07370778692052103,0.6041978414801669,0.6041978414801669
2018-02-08,JPM,-4.421015327367773,0.07370778692052103,-4.494723114288294,4.494723114288294
2018-02-09,JPM,2.002224694104582,0.07370778692052103,1.9285169071840609,1.9285169071840609
2018-02-12,JPM,1.5448927662667922,0.07370778692052103,1.4711849793462712,1.4711849793462712
2018-02-13,JPM,0.6175049221406992,0.07370778692052103,0.5437971352201781,0.5437971352201781
2018-02-14,JPM,2.312550031130467,0.07370778692052103,2.238842244209946,2.238842244209946
2018-02-15,JPM,0.4172824480570325,0.07370778692052103,0.34357466113651147,0.34357466113651147
2018-02-16,JPM,-0.7185525062765152,0.07370778692052103,-0.7922602931970363,0.7922602931970363
2018-02-20,JPM,0.0261597488663944,0.07370778692052103,-0.047548038054126635,0.047548038054126635
2018-02-21,JPM,0.418446517304516,0.07370778692052103,0.34473873038399494,0.34473873038399494
2018-02-22,JPM,-0.1823074919697798,0.07370778692052103,-0.25601527889030085,0.25601527889030085
2018-02-23,JPM,2.02643938076188,0.07370778692052103,1.9527315938413592,1.9527315938413592
2018-02-26,JPM,1.2445656806751249,0.07370778692052103,1.170857893754604,1.170857893754604
2018-02-27,JPM,-1.1871684768881008,0.07370778692052103,-1.2608762638086217,1.2608762638086217
2018-02-28,JPM,-1.58486707566462,0.07370778692052103,-1.6585748625851409,1.6585748625851409
2018-03-01,JPM,-1.7922077922077897,0.07370778692052103,-1.8659155791283106,1.8659155791283106
2018-03-02,JPM,-0.0969761086132559,0.07370778692052103,-0.17068389553377694,0.17068389553377694
2018-03-05,JPM,1.535474761736677,0.07370778692052103,1.4617669748161561,1.4617669748161561
2018-03-06,JPM,0.0869111767773267,0.07370778692052103,0.013203389856805664,0.013203389856805664
2018-03-07,JPM,-0.3733935394234056,0.07370778692052103,-0.44710132634392663,0.44710132634392663
2018-03-08,JPM,0.0087161160986504,0.07370778692052103,-0.06499167082187063,0.06499167082187063
2018-03-09,JPM,2.876067631166124,0.07370778692052103,2.8023598442456032,2.8023598442456032
2018-03-12,JPM,-0.3219247712639816,0.07370778692052103,-0.39563255818450266,0.39563255818450266
2018-03-13,JPM,-1.1983681795002532,0.07370778692052103,-1.2720759664207741,1.2720759664207741
2018-03-14,JPM,-1.1182795698924664,0.07370778692052103,-1.1919873568129873,1.1919873568129873
2018-03-15,JPM,0.2522836015658836,0.07370778692052103,0.17857581464536254,0.17857581464536254
2018-03-16,JPM,0.1735508503991623,0.07370778692052103,0.09984306347864126,0.09984306347864126
2018-03-19,JPM,-0.7882882882882858,0.07370778692052103,-0.8619960752088068,0.8619960752088068
2018-03-20,JPM,0.0960447044442425,0.07370778692052103,0.022336917523721467,0.022336917523721467
2018-03-21,JPM,0.0872295882763385,0.07370778692052103,0.013521801355817473,0.013521801355817473
2018-03-22,JPM,-4.174655743419898,0.07370778692052103,-4.248363530340419,4.248363530340419
2018-03-23,JPM,-2.673942701227827,0.07370778692052103,-2.747650488148348,2.747650488148348
2018-03-26,JPM,3.083823941687691,0.07370778692052103,3.01011615476717,3.01011615476717
2018-03-27,JPM,-1.93998730849424,0.07370778692052103,-2.013695095414761,2.013695095414761
2018-03-28,JPM,-0.1571600258851835,0.07370778692052103,-0.2308678128057045,0.2308678128057045
2018-03-29,JPM,1.824074074074078,0.07370778692052103,1.750366287153557,1.750366287153557
2018-04-02,JPM,-1.927798490497412,0.07370778692052103,-2.001506277417933,2.001506277417933
2018-04-03,JPM,1.3722763096893908,0.07370778692052103,1.29856852276887,1.29856852276887
2018-04-04,JPM,1.5183389737492003,0.07370778692052103,1.4446311868286794,1.4446311868286794
2018-04-05,JPM,0.8018740427065518,0.07370778692052103,0.7281662557860308,0.7281662557860308
2018-04-06,JPM,-2.493743296388984,0.07370778692052103,-2.5674510833095048,2.5674510833095048
2018-04-09,JPM,1.2008433403611685,0.07370778692052103,1.1271355534406475,1.1271355534406475
2018-04-10,JPM,1.9112318840579732,0.07370778692052103,1.8375240971374522,1.8375240971374522
2018-04-11,JPM,-1.6798506799395652,0.07370778692052103,-1.753558466860086,1.753558466860086
2018-04-12,JPM,2.485988067257283,0.07370778692052103,2.4122802803367622,2.4122802803367622
2018-04-13,JPM,-2.70794742877305,0.07370778692052103,-2.7816552156935708,2.7816552156935708
2018-04-16,JPM,-0.0815956482321023,0.07370778692052103,-0.15530343515262335,0.15530343515262335
2018-04-17,JPM,0.0,0.07370778692052103,-0.07370778692052103,0.07370778692052103
2018-04-18,JPM,-0.807549224208326,0.07370778692052103,-0.881257011128847,0.881257011128847
2018-04-19,JPM,2.1953896816685026,0.07370778692052103,2.1216818947479816,2.1216818947479816
2018-04-20,JPM,-0.2237737200143197,0.07370778692052103,-0.2974815069348407,0.2974815069348407
2018-04-23,JPM,-0.484435274064765,0.07370778692052103,-0.558143060985286,0.558143060985286
2018-04-24,JPM,-0.4687640854593056,0.07370778692052103,-0.5424718723798266,0.5424718723798266
2018-04-25,JPM,-0.3804003260574284,0.07370778692052103,-0.45410811297794945,0.45410811297794945
2018-04-26,JPM,0.10000909173562,0.07370778692052103,0.026301304815098972,0.026301304815098972
2018-04-27,JPM,-0.6357856494096148,0.07370778692052103,-0.7094934363301358,0.7094934363301358
2018-04-30,JPM,-0.566727605118833,0.07370778692052103,-0.6404353920393541,0.6404353920393541
2018-05-01,JPM,0.0,0.07370778692052103,-0.07370778692052103,0.07370778692052103
2018-05-02,JPM,-0.7905865048722149,0.07370778692052103,-0.864294291792736,0.864294291792736
2018-05-03,JPM,-0.6300963676797666,0.07370778692052103,-0.7038041546002877,0.7038041546002877
2018-05-04,JPM,1.109660574412552,0.07370778692052103,1.0359527874920311,1.0359527874920311
2018-05-07,JPM,0.8669187494235953,0.07370778692052103,0.7932109625030742,0.7932109625030742
2018-05-08,JPM,1.4812105696260236,0.07370778692052103,1.4075027827055027,1.4075027827055027
2018-05-09,JPM,2.1803766105054523,0.07370778692052103,2.1066688235849313,2.1066688235849313
2018-05-10,JPM,0.7759456838021483,0.07370778692052103,0.7022378968816273,0.7022378968816273
2018-05-11,JPM,-0.3762358911540864,0.07370778692052103,-0.44994367807460744,0.44994367807460744
2018-05-14,JPM,0.0351308624626733,0.07370778692052103,-0.03857692445784773,0.03857692445784773
2018-05-15,JPM,-0.7638279192274,0.07370778692052103,-0.837535706147921,0.837535706147921
2018-05-16,JPM,0.2742634698752466,0.07370778692052103,0.20055568295472553,0.20055568295472553
2018-05-17,JPM,-0.3352743956237969,0.07370778692052103,-0.40898218254431795,0.40898218254431795
2018-05-18,JPM,-1.6200424929178503,0.07370778692052103,-1.6937502798383712,1.6937502798383712
2018-05-21,JPM,0.9178439665257,0.07370778692052103,0.844136179605179,0.844136179605179
2018-05-22,JPM,0.7668301382077525,0.07370778692052103,0.6931223512872314,0.6931223512872314
2018-05-23,JPM,-0.4601362711264545,0.07370778692052103,-0.5338440580469755,0.5338440580469755
2018-05-24,JPM,-1.1200995644057188,0.07370778692052103,-1.1938073513262397,1.1938073513262397
2018-05-25,JPM,-0.5124516767059273,0.07370778692052103,-0.5861594636264483,0.5861594636264483
2018-05-29,JPM,-4.274353876739556,0.07370778692052103,-4.3480616636600775,4.3480616636600775
2018-05-30,JPM,2.2845275181723634,0.07370778692052103,2.2108197312518425,2.2108197312518425
2018-05-31,JPM,-1.2367328103368602,0.07370778692052103,-1.3104405972573812,1.3104405972573812
2018-06-01,JPM,1.2989440239229877,0.07370778692052103,1.2252362370024668,1.2252362370024668
2018-06-04,JPM,0.0461254612546202,0.07370778692052103,-0.027582325665900832,0.027582325665900832
2018-06-05,JPM,-0.5624711848778219,0.07370778692052103,-0.6361789717983429,0.6361789717983429
2018-06-06,JPM,2.336795252225521,0.07370778692052103,2.263087465305,2.263087465305
2018-06-07,JPM,0.3986951794128224,0.07370778692052103,0.32498739249230135,0.32498739249230135
2018-06-08,JPM,0.279783393501809,0.07370778692052103,0.20607560658128793,0.20607560658128793
2018-06-11,JPM,-0.2520025200251963,0.07370778692052103,-0.32571030694571734,0.32571030694571734
2018-06-12,JPM,-0.5774609762699612,0.07370778692052103,-0.6511687631904822,0.6511687631904822
2018-06-13,JPM,-0.199655141119881,0.07370778692052103,-0.273362928040402,0.273362928040402
2018-06-14,JPM,-1.7641174865872469,0.07370778692052103,-1.8378252735077678,1.8378252735077678
2018-06-15,JPM,-0.1203369434416345,0.07370778692052103,-0.19404473036215553,0.19404473036215553
2018-06-18,JPM,0.2594995366079766,0.07370778692052103,0.18579174968745554,0.18579174968745554
2018-06-19,JPM,-0.5823627287853683,0.07370778692052103,-0.6560705157058894,0.6560705157058894
2018-06-20,JPM,-0.0092980009297916,0.07370778692052103,-0.08300578785031264,0.08300578785031264
2018-06-21,JPM,-0.0278965966152178,0.07370778692052103,-0.10160438353573883,0.10160438353573883
2018-06-22,JPM,-1.6370570179518262,0.07370778692052103,-1.7107648048723472,1.7107648048723472
2018-06-25,JPM,-0.9078014184397132,0.07370778692052103,-0.9815092053602342,0.9815092053602342
2018-06-26,JPM,0.0668002672010725,0.07370778692052103,-0.006907519719448529,0.006907519719448529
2018-06-27,JPM,-1.5449170322334616,0.07370778692052103,-1.6186248191539825,1.6186248191539825
2018-06-28,JPM,1.6369624176675757,0.07370778692052103,1.5632546307470547,1.5632546307470547
2018-06-29,JPM,-0.695701896502432,0.07370778692052103,-0.769409683422953,0.769409683422953
2018-07-02,JPM,0.8445297504798388,0.07370778692052103,0.7708219635593178,0.7708219635593178
2018-07-03,JPM,-1.3989341454130222,0.07370778692052103,-1.4726419323335431,1.4726419323335431
2018-07-05,JPM,0.1061673583630851,0.07370778692052103,0.03245957144256406,0.03245957144256406
2018-07-06,JPM,0.327805630543776,0.07370778692052103,0.25409784362325494,0.25409784362325494
2018-07-09,JPM,3.094368633480693,0.07370778692052103,3.020660846560172,3.020660846560172
2018-07-10,JPM,-0.615212527964204,0.07370778692052103,-0.688920314884725,0.688920314884725
2018-07-11,JPM,-0.2157193772275412,0.07370778692052103,-0.28942716414806224,0.28942716414806224
2018-07-12,JPM,0.4323714634834052,0.07370778692052103,0.35866367656288417,0.35866367656288417
2018-07-13,JPM,-0.4585868039307383,0.07370778692052103,-0.5322945908512593,0.5322945908512593
2018-07-16,JPM,3.9676570139149936,0.07370778692052103,3.8939492269944727,3.8939492269944727
2018-07-17,JPM,-0.0723458129860743,0.07370778692052103,-0.14605359990659533,0.14605359990659533
2018-07-18,JPM,0.9321266968325804,0.07370778692052103,0.8584189099120594,0.8584189099120594
2018-07-19,JPM,-1.4704563794494807,0.07370778692052103,-1.5441641663700016,1.5441641663700016
2018-07-20,JPM,1.2649012649012636,0.07370778692052103,1.1911934779807427,1.1911934779807427
2018-07-23,JPM,1.8601725377426213,0.07370778692052103,1.7864647508221003,1.7864647508221003
2018-07-24,JPM,0.7057785619762003,0.07370778692052103,0.6320707750556792,0.6320707750556792
2018-07-25,JPM,0.9023215067893052,0.07370778692052103,0.8286137198687842,0.8286137198687842
2018-07-26,JPM,-0.28650807431847,0.07370778692052103,-0.360215861238991,0.360215861238991
2018-07-27,JPM,1.0274270787984374,0.07370778692052103,0.9537192918779164,0.9537192918779164
2018-07-30,JPM,0.6032922520037953,0.07370778692052103,0.5295844650832743,0.5295844650832743
2018-07-31,JPM,-1.5248864901910353,0.07370778692052103,-1.5985942771115562,1.5985942771115562
2018-08-01,JPM,0.6176598521095977,0.07370778692052103,0.5439520651890767,0.5439520651890767
2018-08-02,JPM,0.4236555421061716,0.07370778692052103,0.3499477551856506,0.3499477551856506
2018-08-03,JPM,0.8092983211364535,0.07370778692052103,0.7355905342159325,0.7355905342159325
2018-08-06,JPM,0.0256213169356867,0.07370778692052103,-0.04808646998483433,0.04808646998483433
2018-08-07,JPM,0.3671448087431583,0.07370778692052103,0.29343702182263726,0.29343702182263726
2018-08-08,JPM,0.20416843896216,0.07370778692052103,0.13046065204163898,0.13046065204163898
2018-08-09,JPM,-0.7725613379743757,0.07370778692052103,-0.8462691248948967,0.8462691248948967
2018-08-10,JPM,-0.9839151266255896,0.07370778692052103,-1.0576229135461106,1.0576229135461106
2018-08-13,JPM,-1.5899075434200327,0.07370778692052103,-1.6636153303405536,1.6636153303405536
2018-08-14,JPM,0.6673105628237863,0.07370778692052103,0.5936027759032653,0.5936027759032653
2018-08-15,JPM,-0.8286088094199728,0.07370778692052103,-0.9023165963404939,0.9023165963404939
2018-08-16,JPM,0.9410729991204958,0.07370778692052103,0.8673652121999748,0.8673652121999748
2018-08-17,JPM,0.0,0.07370778692052103,-0.07370778692052103,0.07370778692052103
2018-08-20,JPM,-0.1306961749585999,0.07370778692052103,-0.2044039618791209,0.2044039618791209
2018-08-21,JPM,0.6107136625370657,0.07370778692052103,0.5370058756165447,0.5370058756165447
2018-08-22,JPM,-0.3035032951786309,0.07370778692052103,-0.37721108209915194,0.37721108209915194
2018-08-23,JPM,-0.2087501087240095,0.07370778692052103,-0.28245789564453055,0.28245789564453055
2018-08-24,JPM,-0.0435805804933298,0.07370778692052103,-0.11728836741385083,0.11728836741385083
2018-08-27,JPM,1.7701430066271229,0.07370778692052103,1.696435219706602,1.696435219706602
2018-08-28,JPM,-0.4883900265615581,0.07370778692052103,-0.5620978134820791,0.5620978134820791
2018-08-29,JPM,-0.3271913208196975,0.07370778692052103,-0.40089910774021853,0.40089910774021853
2018-08-30,JPM,-0.4923980649619963,0.07370778692052103,-0.5661058518825173,0.5661058518825173
2018-08-31,JPM,-0.529559857626527,0.07370778692052103,-0.6032676445470481,0.6032676445470481
2018-09-04,JPM,0.4974690172805163,0.07370778692052103,0.42376123035999524,0.42376123035999524
2018-09-05,JPM,-0.4863221884498503,0.07370778692052103,-0.5600299753703714,0.5600299753703714
2018-09-06,JPM,-0.4276114844227296,0.07370778692052103,-0.5013192713432506,0.5013192713432506
2018-09-07,JPM,0.1928133216476668,0.07370778692052103,0.11910553472714576,0.11910553472714576
2018-09-10,JPM,-0.5335899230230923,0.07370778692052103,-0.6072977099436133,0.6072977099436133
2018-09-11,JPM,0.633189693078906,0.07370778692052103,0.559481906158385,0.559481906158385
2018-09-12,JPM,-1.179760552302722,0.07370778692052103,-1.2534683392232429,1.2534683392232429
2018-09-13,JPM,0.3891050583657574,0.07370778692052103,0.3153972714452363,0.3153972714452363
2018-09-14,JPM,-0.0176180408738457,0.07370778692052103,-0.09132582779436674,0.09132582779436674
2018-09-17,JPM,0.2995594713656402,0.07370778692052103,0.22585168444511916,0.22585168444511916
2018-09-18,JPM,0.4040758959943824,0.07370778692052103,0.3303681090738613,0.3303681090738613
2018-09-19,JPM,2.904636920384962,0.07370778692052103,2.830929133464441,2.830929133464441
2018-09-20,JPM,0.8586975004250874,0.07370778692052103,0.7849897135045664,0.7849897135045664
2018-09-21,JPM,-0.6575065329174734,0.07370778692052103,-0.7312143198379945,0.7312143198379945
2018-09-24,JPM,-0.9588459906661018,0.07370778692052103,-1.0325537775866227,1.0325537775866227
2018-09-25,JPM,-0.2827278958190571,0.07370778692052103,-0.35643568273957815,0.35643568273957815
2018-09-26,JPM,-1.177077068476673,0.07370778692052103,-1.2507848553971939,1.2507848553971939
2018-09-27,JPM,-0.4347070074769643,0.07370778692052103,-0.5084147943974853,0.5084147943974853
2018-09-28,JPM,-1.4669926650366705,0.07370778692052103,-1.5407004519571914,1.5407004519571914
2018-10-01,JPM,0.5848989719957398,0.07370778692052103,0.5111911850752188,0.5111911850752188
2018-10-02,JPM,0.4140969162995667,0.07370778692052103,0.34038912937904564,0.34038912937904564
2018-10-03,JPM,0.938843555321589,0.07370778692052103,0.865135768401068,0.865135768401068
2018-10-04,JPM,0.1999304589707762,0.07370778692052103,0.12622267205025517,0.12622267205025517
2018-10-05,JPM,-0.5638934675110563,0.07370778692052103,-0.6376012544315773,0.6376012544315773
2018-10-08,JPM,0.6107136625370657,0.07370778692052103,0.5370058756165447,0.5370058756165447
2018-10-09,JPM,-0.6937218175511628,0.07370778692052103,-0.7674296044716838,0.7674296044716838
2018-10-10,JPM,-2.6632902549772908,0.07370778692052103,-2.7369980418978117,2.7369980418978117
2018-10-11,JPM,-2.996321880326547,0.07370778692052103,-3.0700296672470677,3.0700296672470677
2018-10-12,JPM,-1.091279015999258,0.07370778692052103,-1.164986802919779,1.164986802919779
2018-10-15,JPM,-0.5703599812996729,0.07370778692052103,-0.644067768220194,0.644067768220194
2018-10-16,JPM,2.14406620274592,0.07370778692052103,2.070358415825399,2.070358415825399
2018-10-17,JPM,1.1139753268274657,0.07370778692052103,1.0402675399069448,1.0402675399069448
2018-10-18,JPM,-1.584266593826822,0.07370778692052103,-1.6579743807473428,1.6579743807473428
2018-10-19,JPM,-0.1665278934221525,0.07370778692052103,-0.2402356803426735,0.2402356803426735
2018-10-22,JPM,-1.4363821703271218,0.07370778692052103,-1.5100899572476427,1.5100899572476427
2018-10-23,JPM,-1.0436254230913875,0.07370778692052103,-1.1173332100119084,1.1173332100119084
2018-10-24,JPM,-1.862232779097384,0.07370778692052103,-1.935940566017905,1.935940566017905
2018-10-25,JPM,1.519992254816538,0.07370778692052103,1.4462844678960172,1.4462844678960172
2018-10-26,JPM,-1.373259584207509,0.07370778692052103,-1.44696737112803,1.44696737112803
2018-10-29,JPM,1.382711274415005,0.07370778692052103,1.309003487494484,1.309003487494484
2018-10-30,JPM,1.7644253695755951,0.07370778692052103,1.6907175826550742,1.6907175826550742
2018-10-31,JPM,2.174320524835993,0.07370778692052103,2.100612737915472,2.100612737915472
2018-11-01,JPM,-0.036690515501736,0.07370778692052103,-0.11039830242225704,0.11039830242225704
2018-11-02,JPM,-0.5505597357313374,0.07370778692052103,-0.6242675226518585,0.6242675226518585
2018-11-05,JPM,0.6551024174201947,0.07370778692052103,0.5813946304996737,0.5813946304996737
2018-11-06,JPM,0.467503895865784,0.07370778692052103,0.39379610894526296,0.39379610894526296
2018-11-07,JPM,1.715328467153299,0.07370778692052103,1.641620680232778,1.641620680232778
2018-11-08,JPM,0.8073196986006392,0.07370778692052103,0.7336119116801182,0.7336119116801182
2018-11-09,JPM,-0.9699234739277364,0.07370778692052103,-1.0436312608482574,1.0436312608482574
2018-11-12,JPM,-2.102614790187796,0.07370778692052103,-2.176322577108317,2.176322577108317
2018-11-13,JPM,0.587425424506649,0.07370778692052103,0.513717637586128,0.513717637586128
2018-11-14,JPM,-2.062231955470395,0.07370778692052103,-2.135939742390916,2.135939742390916
2018-11-15,JPM,2.55287431286686,0.07370778692052103,2.479166525946339,2.479166525946339
2018-11-16,JPM,-0.0726810211683415,0.07370778692052103,-0.14638880808886254,0.14638880808886254
2018-11-19,JPM,0.7637057914355871,0.07370778692052103,0.6899980045150661,0.6899980045150661
2018-11-20,JPM,-2.147433005503918,0.07370778692052103,-2.221140792424439,2.221140792424439
2018-11-21,JPM,-0.7468879668049766,0.07370778692052103,-0.8205957537254976,0.8205957537254976
2018-11-23,JPM,-0.9197324414715656,0.07370778692052103,-0.9934402283920867,0.9934402283920867
2018-11-26,JPM,2.4472573839662504,0.07370778692052103,2.3735495970457294,2.3735495970457294
2018-11-27,JPM,0.4210140948196939,0.07370778692052103,0.34730630789917283,0.34730630789917283
2018-11-28,JPM,1.1119212541013557,0.07370778692052103,1.0382134671808347,1.0382134671808347
2018-11-29,JPM,-0.7932215612042492,0.07370778692052103,-0.8669293481247703,0.8669293481247703
2018-11-30,JPM,1.0267127021624578,0.07370778692052103,0.9530049152419368,0.9530049152419368
2018-12-03,JPM,0.9443295260365135,0.07370778692052103,0.8706217391159925,0.8706217391159925
2018-12-04,JPM,-4.463649322879537,0.07370778692052103,-4.537357109800058,4.537357109800058
2018-12-06,JPM,-1.9024526718269152,0.07370778692052103,-1.9761604587474362,1.9761604587474362
2018-12-07,JPM,-1.8062553474664789,0.07370778692052103,-1.8799631343869998,1.8799631343869998
2018-12-10,JPM,-1.868525510698038,0.07370778692052103,-1.942233297618559,1.942233297618559
2018-12-11,JPM,-0.9767166535122328,0.07370778692052103,-1.0504244404327538,1.0504244404327538
2018-12-12,JPM,0.6476038656969108,0.07370778692052103,0.5738960787763897,0.5738960787763897
2018-12-13,JPM,0.0989902989507074,0.07370778692052103,0.025282512030186374,0.025282512030186374
2018-12-14,JPM,-0.8208069620253111,0.07370778692052103,-0.8945147489458322,0.8945147489458322
2018-12-17,JPM,-1.276298733672354,0.07370778692052103,-1.3500065205928748,1.3500065205928748
2018-12-18,JPM,-0.4746995253004704,0.07370778692052103,-0.5484073122209914,0.5484073122209914
2018-12-19,JPM,-1.2685203978079929,0.07370778692052103,-1.3422281847285138,1.3422281847285138
2018-12-20,JPM,-0.8633980881899483,0.07370778692052103,-0.9371058751104694,0.9371058751104694
2018-12-21,JPM,-2.3639191290824257,0.07370778692052103,-2.4376269160029467,2.4376269160029467
2018-12-24,JPM,-2.1556759052776875,0.07370778692052103,-2.2293836921982084,2.2293836921982084
2018-12-26,JPM,4.145864988061643,0.07370778692052103,4.072157201141121,4.072157201141121
2018-12-27,JPM,1.125468945393937,0.07370778692052103,1.0517611584734161,1.0517611584734161
2018-12-28,JPM,-0.21640560593571,0.07370778692052103,-0.29011339285623106,0.29011339285623106
2018-12-31,JPM,0.815862852421767,0.07370778692052103,0.742155065501246,0.742155065501246
2019-01-02,JPM,1.7312026224134414,0.07370778692052103,1.6574948354929204,1.6574948354929204
2019-01-03,JPM,-2.2152854697412128,0.07370778692052103,-2.2889932566617337,2.2889932566617337
2019-01-04,JPM,3.6865410359386175,0.07370778692052103,3.6128332490180965,3.6128332490180965
2019-01-07,JPM,0.069520309861959,0.07370778692052103,-0.004187477058562025,0.004187477058562025
2019-01-08,JPM,-0.188566891623676,0.07370778692052103,-0.262274678544197,0.262274678544197
2019-01-09,JPM,-0.1690364919956111,0.07370778692052103,-0.24274427891613215,0.24274427891613215
2019-01-10,JPM,-0.0099601593625542,0.07370778692052103,-0.08366794628307524,0.08366794628307524
2019-01-11,JPM,-0.4781352724374965,0.07370778692052103,-0.5518430593580175,0.5518430593580175
2019-01-14,JPM,1.0309278350515427,0.07370778692052103,0.9572200481310217,0.9572200481310217
2019-01-15,JPM,0.7331087774915979,0.07370778692052103,0.6594009905710768,0.6594009905710768
2019-01-16,JPM,0.8064516129032251,0.07370778692052103,0.732743825982704,0.732743825982704
2019-01-17,JPM,0.409756097560976,0.07370778692052103,0.33604831064045493,0.33604831064045493
2019-01-18,JPM,1.6226195102992724,0.07370778692052103,1.5489117233787515,1.5489117233787515
2019-01-22,JPM,-1.57758867960609,0.07370778692052103,-1.651296466526611,1.651296466526611
2019-01-23,JPM,-0.2525743151350235,0.07370778692052103,-0.32628210205554453,0.32628210205554453
2019-01-24,JPM,0.0584339696143132,0.07370778692052103,-0.015273817306207832,0.015273817306207832
2019-01-25,JPM,0.6326649795600492,0.07370778692052103,0.5589571926395281,0.5589571926395281
2019-01-28,JPM,0.4739336492890933,0.07370778692052103,0.40022586236857227,0.40022586236857227
2019-01-29,JPM,0.2791682710820309,0.07370778692052103,0.20546048416150986,0.20546048416150986
2019-01-30,JPM,0.2303926274359158,0.07370778692052103,0.15668484051539477,0.15668484051539477
2019-01-31,JPM,-0.8715640264342461,0.07370778692052103,-0.9452718133547672,0.9452718133547672
2019-02-01,JPM,0.3671497584541106,0.07370778692052103,0.29344197153358953,0.29344197153358953
2019-02-04,JPM,0.356180207932244,0.07370778692052103,0.28247242101172293,0.28247242101172293
2019-02-05,JPM,-0.4412470023980708,0.07370778692052103,-0.5149547893185918,0.5149547893185918
2019-02-06,JPM,-0.0481741978996197,0.07370778692052103,-0.12188198482014073,0.12188198482014073
2019-02-07,JPM,-1.31096973202236,0.07370778692052103,-1.3846775189428808,1.3846775189428808
2019-02-08,JPM,-0.9962883375659316,0.07370778692052103,-1.0699961244864526,1.0699961244864526
2019-02-11,JPM,-0.4735595895816957,0.07370778692052103,-0.5472673765022167,0.5472673765022167
2019-02-12,JPM,1.704996034892936,0.07370778692052103,1.6312882479724151,1.6312882479724151
2019-02-13,JPM,0.4775828460038989,0.07370778692052103,0.40387505908337784,0.40387505908337784
2019-02-14,JPM,-0.6499175477737928,0.07370778692052103,-0.7236253346943139,0.7236253346943139
2019-02-15,JPM,3.0560437414567376,0.07370778692052103,2.9823359545362167,2.9823359545362167
2019-02-19,JPM,-0.3505447655139604,0.07370778692052103,-0.42425255243448146,0.42425255243448146
2019-02-20,JPM,0.484883057615515,0.07370778692052103,0.41117527069499393,0.41117527069499393
2019-02-21,JPM,-0.2081559277131273,0.07370778692052103,-0.28186371463364834,0.28186371463364834
2019-02-22,JPM,-0.4456243481558708,0.07370778692052103,-0.5193321350763919,0.5193321350763919
2019-02-25,JPM,1.0476190476190528,0.07370778692052103,0.9739112606985317,0.9739112606985317
2019-02-26,JPM,-0.7634307257304296,0.07370778692052103,-0.8371385126509506,0.8371385126509506
2019-02-27,JPM,-0.1234685155285464,0.07370778692052103,-0.19717630244906742,0.19717630244906742
2019-02-28,JPM,-0.7607455306199995,0.07370778692052103,-0.8344533175405205,0.8344533175405205
2019-03-01,JPM,0.0670755078574281,0.07370778692052103,-0.0066322790630929385,0.0066322790630929385
2019-03-04,JPM,-0.2298190175237136,0.07370778692052103,-0.30352680444423463,0.30352680444423463
2019-03-05,JPM,-0.0767828006526527,0.07370778692052103,-0.15049058757317374,0.15049058757317374
2019-03-06,JPM,-0.3746037844587491,0.07370778692052103,-0.44831157137927014,0.44831157137927014
2019-03-07,JPM,-0.723100655611264,0.07370778692052103,-0.7968084425317851,0.7968084425317851
2019-03-08,JPM,0.0388462659026922,0.07370778692052103,-0.034861521017828835,0.034861521017828835
2019-03-11,JPM,1.3008445781962807,0.07370778692052103,1.2271367912757598,1.2271367912757598
2019-03-12,JPM,-0.2970771442261544,0.07370778692052103,-0.37078493114667543,0.37078493114667543
2019-03-13,JPM,0.3364090734332858,0.07370778692052103,0.26270128651276475,0.26270128651276475
2019-03-14,JPM,0.9100488552543418,0.07370778692052103,0.8363410683338207,0.8363410683338207
2019-03-15,JPM,1.148661477121693,0.07370778692052103,1.074953690201172,1.074953690201172
2019-03-18,JPM,0.6006569685593544,0.07370778692052103,0.5269491816388333,0.5269491816388333
2019-03-19,JPM,-0.3638399104394119,0.07370778692052103,-0.43754769735993293,0.43754769735993293
2019-03-20,JPM,-2.134831460674158,0.07370778692052103,-2.208539247594679,2.208539247594679
2019-03-21,JPM,-1.578645235361642,0.07370778692052103,-1.652353022282163,1.652353022282163
2019-03-22,JPM,-3.023233206960241,0.07370778692052103,-3.0969409938807617,3.0969409938807617
2019-03-25,JPM,-0.8319967923015259,0.07370778692052103,-0.905704579222047,0.905704579222047
2019-03-26,JPM,1.0007075710098068,0.07370778692052103,0.9269997840892857,0.9269997840892857
2019-03-27,JPM,-0.3402722177742179,0.07370778692052103,-0.41398000469473895,0.41398000469473895
2019-03-28,JPM,1.1347660172725371,0.07370778692052103,1.0610582303520162,1.0610582303520162
2019-03-29,JPM,0.5163340283983908,0.07370778692052103,0.4426262414778698,0.4426262414778698
2019-04-01,JPM,3.368566630445513,0.07370778692052103,3.294858843524992,3.294858843524992
2019-04-02,JPM,0.4778287461773667,0.07370778692052103,0.40412095925684566,0.40412095925684566
2019-04-03,JPM,0.1997336884154377,0.07370778692052103,0.12602590149491666,0.12602590149491666
2019-04-04,JPM,0.1993355481727743,0.07370778692052103,0.12562776125225328,0.12562776125225328
2019-04-05,JPM,-0.2368321333838574,0.07370778692052103,-0.31053992030437844,0.31053992030437844
2019-04-08,JPM,0.3228563289336295,0.07370778692052103,0.24914854201310843,0.24914854201310843
2019-04-09,JPM,-0.738286796024612,0.07370778692052103,-0.811994582945133,0.811994582945133
2019-04-10,JPM,0.4481739296271492,0.07370778692052103,0.37446614270662815,0.37446614270662815
2019-04-11,JPM,0.8448832352382807,0.07370778692052103,0.7711754483177596,0.7711754483177596
2019-04-12,JPM,4.687941259531203,0.07370778692052103,4.614233472610682,4.614233472610682
2019-04-15,JPM,-1.1419836345652357,0.07370778692052103,-1.2156914214857566,1.2156914214857566
2019-04-16,JPM,1.0551209750773172,0.07370778692052103,0.9814131881567961,0.9814131881567961
2019-04-17,JPM,2.880288028802891,0.07370778692052103,2.80658024188237,2.80658024188237
2019-04-18,JPM,-0.734908136482948,0.07370778692052103,-0.808615923403469,0.808615923403469
2019-04-22,JPM,0.1233915036136013,0.07370778692052103,0.04968371669308026,0.04968371669308026
2019-04-23,JPM,0.1232394366197153,0.07370778692052103,0.04953164969919427,0.04953164969919427
2019-04-24,JPM,-0.1670476525408859,0.07370778692052103,-0.24075543946140693,0.24075543946140693
2019-04-25,JPM,0.0528401585204729,0.07370778692052103,-0.020867628400048133,0.020867628400048133
2019-04-26,JPM,0.7569756183434473,0.07370778692052103,0.6832678314229262,0.6832678314229262
2019-04-29,JPM,1.441425701057053,0.07370778692052103,1.367717914136532,1.367717914136532
2019-04-30,JPM,-0.0602824664140633,0.07370778692052103,-0.13399025333458434,0.13399025333458434
2019-05-01,JPM,-0.7669108143041781,0.07370778692052103,-0.8406186012246991,0.8406186012246991
2019-05-02,JPM,0.2170892671066404,0.07370778692052103,0.14338148018611935,0.14338148018611935
2019-05-03,JPM,0.6151979897755844,0.07370778692052103,0.5414902028550633,0.5414902028550633
2019-05-06,JPM,-0.8870134343782254,0.07370778692052103,-0.9607212212987465,0.9607212212987465
2019-05-07,JPM,-1.633504214093329,0.07370778692052103,-1.7072120010138498,1.7072120010138498
2019-05-08,JPM,-0.5299885169154583,0.07370778692052103,-0.6036963038359794,0.6036963038359794
2019-05-09,JPM,-0.079921854187015,0.07370778692052103,-0.15362964110753602,0.15362964110753602
2019-05-10,JPM,-0.0088873089228447,0.07370778692052103,-0.08259509584336573,0.08259509584336573
2019-05-13,JPM,-2.7197582437116674,0.07370778692052103,-2.7934660306321883,2.7934660306321883
2019-05-14,JPM,0.7948835084513384,0.07370778692052103,0.7211757215308173,0.7211757215308173
2019-05-15,JPM,-0.3807106598984644,0.07370778692052103,-0.45441844681898547,0.45441844681898547
2019-05-16,JPM,1.2829845313921728,0.07370778692052103,1.209276744471652,1.209276744471652
2019-05-17,JPM,-0.4851316144102058,0.07370778692052103,-0.5588394013307268,0.5588394013307268
2019-05-20,JPM,0.5236074749480846,0.07370778692052103,0.4498996880275635,0.4498996880275635
2019-05-21,JPM,0.3412662775033714,0.07370778692052103,0.26755849058285036,0.26755849058285036
2019-05-22,JPM,-0.8144634386467509,0.07370778692052103,-0.8881712255672719,0.8881712255672719
2019-05-23,JPM,-1.9671539433315235,0.07370778692052103,-2.0408617302520446,2.0408617302520446
2019-05-24,JPM,0.9849042709867416,0.07370778692052103,0.9111964840662206,0.9111964840662206
2019-05-28,JPM,-1.0846777868927182,0.07370778692052103,-1.1583855738132391,1.1583855738132391
2019-05-29,JPM,-0.2764467379284929,0.07370778692052103,-0.35015452484901394,0.35015452484901394
2019-05-30,JPM,-1.0718905932360023,0.07370778692052103,-1.1455983801565233,1.1455983801565233
2019-05-31,JPM,-1.0274612366897196,0.07370778692052103,-1.1011690236102405,1.1011690236102405
2019-06-03,JPM,0.4718761796904447,0.07370778692052103,0.39816839276992366,0.39816839276992366
2019-06-04,JPM,3.0809693781701952,0.07370778692052103,3.0072615912496743,3.0072615912496743
2019-06-05,JPM,0.3553854565336189,0.07370778692052103,0.28167766961309787,0.28167766961309787
2019-06-06,JPM,0.2179242713157281,0.07370778692052103,0.14421648439520707,0.14421648439520707
2019-06-07,JPM,-1.096312403732902,0.07370778692052103,-1.1700201906534229,1.1700201906534229
2019-06-10,JPM,1.080982044705037,0.07370778692052103,1.007274257784516,1.007274257784516
2019-06-11,JPM,0.3081384810585508,0.07370778692052103,0.23443069413802975,0.23443069413802975
2019-06-12,JPM,-1.2739428984459789,0.07370778692052103,-1.3476506853664998,1.3476506853664998
2019-06-13,JPM,0.2470943534364611,0.07370778692052103,0.1733865665159401,0.1733865665159401
2019-06-14,JPM,0.2556143874383743,0.07370778692052103,0.18190660051785323,0.18190660051785323
2019-06-17,JPM,-0.5463485703879001,0.07370778692052103,-0.6200563573084211,0.6200563573084211
2019-06-18,JPM,1.3642190075077831,0.07370778692052103,1.2905112205872622,1.2905112205872622
2019-06-19,JPM,-0.7226086171077561,0.07370778692052103,-0.7963164040282772,0.7963164040282772
2019-06-20,JPM,0.2547538895459889,0.07370778692052103,0.18104610262546783,0.18104610262546783
2019-06-21,JPM,-0.6806425265450611,0.07370778692052103,-0.7543503134655821,0.7543503134655821
2019-06-24,JPM,-0.7127192982456121,0.07370778692052103,-0.7864270851661331,0.7864270851661331
2019-06-25,JPM,-0.8282716731087714,0.07370778692052103,-0.9019794600292924,0.9019794600292924
2019-06-26,JPM,0.6681514476614581,0.07370778692052103,0.594443660740937,0.594443660740937
2019-06-27,JPM,0.3318584070796548,0.07370778692052103,0.25815062015913376,0.25815062015913376
2019-06-28,JPM,2.7195883866225623,0.07370778692052103,2.6458805997020414,2.6458805997020414
2019-07-01,JPM,1.681574239713779,0.07370778692052103,1.607866452793258,1.607866452793258
2019-07-02,JPM,0.1055594651653724,0.07370778692052103,0.03185167824485137,0.03185167824485137
2019-07-03,JPM,-0.8611599297012384,0.07370778692052103,-0.9348677166217595,0.9348677166217595
2019-07-05,JPM,0.5938663357560658,0.07370778692052103,0.5201585488355448,0.5201585488355448
2019-07-08,JPM,-0.5463036390871312,0.07370778692052103,-0.6200114260076522,0.6200114260076522
2019-07-09,JPM,0.4252680074421811,0.07370778692052103,0.35156022052166,0.35156022052166
2019-07-10,JPM,-0.2911336568151679,0.07370778692052103,-0.36484144373568894,0.36484144373568894
2019-07-11,JPM,0.9555830826402324,0.07370778692052103,0.8818752957197113,0.8818752957197113
2019-07-12,JPM,1.0517090271691565,0.07370778692052103,0.9780012402486354,0.9780012402486354
2019-07-15,JPM,-1.2142237640936582,0.07370778692052103,-1.287931551014179,1.287931551014179
2019-07-16,JPM,1.071115013169455,0.07370778692052103,0.9974072262489339,0.9974072262489339
2019-07-17,JPM,-0.9815844336344748,0.07370778692052103,-1.0552922205549957,1.0552922205549957
2019-07-18,JPM,0.5965435564523336,0.07370778692052103,0.5228357695318125,0.5228357695318125
2019-07-19,JPM,-0.9854364698700602,0.07370778692052103,-1.059144256790581,1.059144256790581
2019-07-22,JPM,0.6429452175444661,0.07370778692052103,0.569237430623945,0.569237430623945
2019-07-23,JPM,1.8290014877045733,0.07370778692052103,1.7552937007840523,1.7552937007840523
2019-07-24,JPM,0.4039188724647591,0.07370778692052103,0.33021108554423806,0.33021108554423806
2019-07-25,JPM,-0.9586578789694488,0.07370778692052103,-1.0323656658899698,1.0323656658899698
2019-07-26,JPM,0.4407570650764913,0.07370778692052103,0.36704927815597027,0.36704927815597027
2019-07-29,JPM,-0.31836172775771,0.07370778692052103,-0.39206951467823103,0.39206951467823103
2019-07-30,JPM,-0.2244281398359859,0.07370778692052103,-0.2981359267565069,0.2981359267565069
2019-07-31,JPM,0.3547019638376891,0.07370778692052103,0.28099417691716805,0.28099417691716805
2019-08-01,JPM,-2.6379310344827656,0.07370778692052103,-2.7116388214032865,2.7116388214032865
2019-08-02,JPM,-0.0088542588985274,0.07370778692052103,-0.08256204581904843,0.08256204581904843
2019-08-05,JPM,-2.9752944301779998,0.07370778692052103,-3.0490022170985207,3.0490022170985207
2019-08-06,JPM,0.7848863740074874,0.07370778692052103,0.7111785870869664,0.7111785870869664
2019-08-07,JPM,-2.173322466721006,0.07370778692052103,-2.247030253641527,2.247030253641527
2019-08-08,JPM,1.6939738961399664,0.07370778692052103,1.6202661092194455,1.6202661092194455
2019-08-09,JPM,-0.1092299290005538,0.07370778692052103,-0.18293771592107483,0.18293771592107483
2019-08-12,JPM,-1.877164206305804,0.07370778692052103,-1.950871993226325,1.950871993226325
2019-08-13,JPM,1.541604754829118,0.07370778692052103,1.4678969679085971,1.4678969679085971
2019-08-14,JPM,-4.152185842326695,0.07370778692052103,-4.225893629247216,4.225893629247216
2019-08-15,JPM,0.3816793893129722,0.07370778692052103,0.30797160239245114,0.30797160239245114
2019-08-16,JPM,2.3954372623574027,0.07370778692052103,2.321729475436882,2.321729475436882
2019-08-19,JPM,0.9004827330115095,0.07370778692052103,0.8267749460909884,0.8267749460909884
2019-08-20,JPM,-1.2696660226331755,0.07370778692052103,-1.3433738095536965,1.3433738095536965
2019-08-21,JPM,0.2795638803466671,0.07370778692052103,0.20585609342614608,0.20585609342614608
2019-08-22,JPM,1.0315026484527534,0.07370778692052103,0.9577948615322324,0.9577948615322324
2019-08-23,JPM,-2.4834437086092787,0.07370778692052103,-2.5571514955297996,2.5571514955297996
2019-08-26,JPM,0.8017355215997002,0.07370778692052103,0.7280277346791791,0.7280277346791791
2019-08-27,JPM,-1.057359408627312,0.07370778692052103,-1.1310671955478329,1.1310671955478329
2019-08-28,JPM,1.0024588613580576,0.07370778692052103,0.9287510744375366,0.9287510744375366
2019-08-29,JPM,2.265917602996259,0.07370778692052103,2.192209816075738,2.192209816075738
2019-08-30,JPM,0.5859732649697857,0.07370778692052103,0.5122654780492647,0.5122654780492647
2019-09-03,JPM,-1.1833242308392444,0.07370778692052103,-1.2570320177597654,1.2570320177597654
2019-09-04,JPM,1.2067059690493709,0.07370778692052103,1.13299818212885,1.13299818212885
2019-09-05,JPM,2.2754164012014133,0.07370778692052103,2.2017086142808924,2.2017086142808924
2019-09-06,JPM,0.2135801370472423,0.07370778692052103,0.13987235012672128,0.13987235012672128
2019-09-09,JPM,2.4775774797975325,0.07370778692052103,2.4038696928770116,2.4038696928770116
2019-09-10,JPM,1.2738301559791942,0.07370778692052103,1.2001223690586733,1.2001223690586733
2019-09-11,JPM,0.273808505176687,0.07370778692052103,0.20010071825616593,0.20010071825616593
2019-09-12,JPM,0.6143868930796215,0.07370778692052103,0.5406791061591004,0.5406791061591004
2019-09-13,JPM,1.9676024086167527,0.07370778692052103,1.8938946216962318,1.8938946216962318
2019-09-16,JPM,-0.8899609082591797,0.07370778692052103,-0.9636686951797008,0.9636686951797008
2019-09-17,JPM,-0.495132594830483,0.07370778692052103,-0.568840381751004,0.568840381751004
2019-09-18,JPM,1.0036265497174846,0.07370778692052103,0.9299187627969635,0.9299187627969635
2019-09-19,JPM,-0.3173012692050836,0.07370778692052103,-0.39100905612560466,0.39100905612560466
2019-09-20,JPM,-0.4020773998994698,0.07370778692052103,-0.4757851868199908,0.4757851868199908
2019-09-23,JPM,-0.016820857863764,0.07370778692052103,-0.09052864478428503,0.09052864478428503
2019-09-24,JPM,-1.30383580080754,0.07370778692052103,-1.3775435877280608,1.3775435877280608
2019-09-25,JPM,0.5710389499701707,0.07370778692052103,0.49733116304964964,0.49733116304964964
2019-09-26,JPM,-0.8220338983050857,0.07370778692052103,-0.8957416852256067,0.8957416852256067
2019-09-27,JPM,0.5895924122020002,0.07370778692052103,0.5158846252814792,0.5158846252814792
2019-09-30,JPM,-0.0254841997961219,0.07370778692052103,-0.09919198671664294,0.09919198671664294
2019-10-01,JPM,-1.8183363072478589,0.07370778692052103,-1.8920440941683798,1.8920440941683798
2019-10-02,JPM,-1.990480311553433,0.07370778692052103,-2.064188098473954,2.064188098473954
2019-10-03,JPM,-0.9359823399558542,0.07370778692052103,-1.0096901268763752,1.0096901268763752
2019-10-04,JPM,2.165968446385591,0.07370778692052103,2.09226065946507,2.09226065946507
2019-10-07,JPM,-0.218112022334671,0.07370778692052103,-0.291819809255192,0.291819809255192
2019-10-08,JPM,-2.229605665821466,0.07370778692052103,-2.3033134527419867,2.3033134527419867
2019-10-09,JPM,0.7243784653908181,0.07370778692052103,0.650670678470297,0.650670678470297
2019-10-10,JPM,1.4028234040664112,0.07370778692052103,1.3291156171458902,1.3291156171458902
2019-10-11,JPM,1.6898695385693108,0.07370778692052103,1.6161617516487898,1.6161617516487898
2019-10-14,JPM,0.2669192354055383,0.07370778692052103,0.19321144848501726,0.19321144848501726
2019-10-15,JPM,3.0141691713181595,0.07370778692052103,2.9404613843976386,2.9404613843976386
2019-10-16,JPM,-0.2334111370456693,0.07370778692052103,-0.30711892396619034,0.30711892396619034
2019-10-17,JPM,0.5598262032085355,0.07370778692052103,0.48611841628801444,0.48611841628801444
2019-10-18,JPM,0.1744910677191624,0.07370778692052103,0.10078328079864136,0.10078328079864136
2019-10-21,JPM,2.480092899800934,0.07370778692052103,2.4063851128804132,2.4063851128804132
2019-10-22,JPM,1.0036422501011888,0.07370778692052103,0.9299344631806677,0.9299344631806677
2019-10-23,JPM,0.2644442663674917,0.07370778692052103,0.19073647944697064,0.19073647944697064
2019-10-24,JPM,-0.0719309462915651,0.07370778692052103,-0.14563873321208615,0.14563873321208615
2019-10-25,JPM,0.7998080460689394,0.07370778692052103,0.7261002591484184,0.7261002591484184
2019-10-28,JPM,0.3808616995953473,0.07370778692052103,0.3071539126748263,0.3071539126748263
2019-10-29,JPM,-0.0632361078175658,0.07370778692052103,-0.13694389473808682,0.13694389473808682
2019-10-30,JPM,-0.5536660602705079,0.07370778692052103,-0.627373847191029,0.627373847191029
2019-10-31,JPM,-0.6442376521116677,0.07370778692052103,-0.7179454390321888,0.7179454390321888
2019-11-01,JPM,2.3054755043227626,0.07370778692052103,2.2317677174022417,2.2317677174022417
2019-11-04,JPM,0.7981220657276911,0.07370778692052103,0.72441427880717,0.72441427880717
2019-11-05,JPM,0.2173575531749794,0.07370778692052103,0.14364976625445836,0.14364976625445836
2019-11-06,JPM,0.1549186676994773,0.07370778692052103,0.08121088077895626,0.08121088077895626
2019-11-07,JPM,0.5413766434648082,0.07370778692052103,0.46766885654428714,0.46766885654428714
2019-11-08,JPM,0.2923076923076806,0.07370778692052103,0.21859990538715957,0.21859990538715957
2019-11-11,JPM,-0.3528148489032157,0.07370778692052103,-0.42652263582373673,0.42652263582373673
2019-11-12,JPM,-0.5849753694581183,0.07370778692052103,-0.6586831563786394,0.6586831563786394
2019-11-13,JPM,-0.5264787860018605,0.07370778692052103,-0.6001865729223815,0.6001865729223815
2019-11-14,JPM,0.0933997509340089,0.07370778692052103,0.01969196401348787,0.01969196401348787
2019-11-15,JPM,0.7231726283048356,0.07370778692052103,0.6494648413843146,0.6494648413843146
2019-11-18,JPM,0.841503898710716,0.07370778692052103,0.7677961117901949,0.7677961117901949
2019-11-19,JPM,-0.0306231817485791,0.07370778692052103,-0.10433096866910013,0.10433096866910013
2019-11-20,JPM,-0.727523357328852,0.07370778692052103,-0.801231144249373,0.801231144249373
2019-11-21,JPM,0.2314279102059835,0.07370778692052103,0.15772012328546248,0.15772012328546248
2019-11-22,JPM,0.6618948664665503,0.07370778692052103,0.5881870795460292,0.5881870795460292
2019-11-25,JPM,0.5352091138466353,0.07370778692052103,0.46150132692611423,0.46150132692611423
2019-11-26,JPM,0.1368925393565812,0.07370778692052103,0.06318475243606016,0.06318475243606016
2019-11-27,JPM,0.2961950330371499,0.07370778692052103,0.22248724611662885,0.22248724611662885
2019-11-29,JPM,-0.2271694684234493,0.07370778692052103,-0.3008772553439703,0.3008772553439703
2019-12-02,JPM,-0.2200971463266476,0.07370778692052103,-0.2938049332471686,0.2938049332471686
2019-12-03,JPM,-1.2854643644938046,0.07370778692052103,-1.3591721514143256,1.3591721514143256
2019-12-04,JPM,1.9725689628602217,0.07370778692052103,1.8988611759397007,1.8988611759397007
2019-12-05,JPM,0.5440531963125217,0.07370778692052103,0.47034540939200065,0.47034540939200065
2019-12-06,JPM,1.4880505035322231,0.07370778692052103,1.4143427166117022,1.4143427166117022
2019-12-09,JPM,-0.4665284360189536,0.07370778692052103,-0.5402362229394746,0.5402362229394746
2019-12-10,JPM,0.0669593036232374,0.07370778692052103,-0.006748483297283628,0.006748483297283628
2019-12-11,JPM,-0.2379182156133752,0.07370778692052103,-0.3116260025338962,0.3116260025338962
2019-12-12,JPM,2.861827396035177,0.07370778692052103,2.788119609114656,2.788119609114656
2019-12-13,JPM,-0.876684538472694,0.07370778692052103,-0.950392325393215,0.950392325393215
2019-12-16,JPM,0.387398581975007,0.07370778692052103,0.31369079505448594,0.31369079505448594
2019-12-17,JPM,0.6116207951070374,0.07370778692052103,0.5379130081865163,0.5379130081865163
2019-12-18,JPM,-0.1013171225937248,0.07370778692052103,-0.17502490951424582,0.17502490951424582
2019-12-19,JPM,-0.4998551144595797,0.07370778692052103,-0.5735629013801007,0.5735629013801007
2019-12-20,JPM,-0.0800873680378511,0.07370778692052103,-0.15379515495837215,0.15379515495837215
2019-12-23,JPM,-0.0291460215680716,0.07370778692052103,-0.10285380848859263,0.10285380848859263
2019-12-24,JPM,0.2769679300291816,0.07370778692052103,0.20326014310866053,0.20326014310866053
2019-12-26,JPM,1.061200755923819,0.07370778692052103,0.987492969003298,0.987492969003298
2019-12-27,JPM,0.0719217491369272,0.07370778692052103,-0.001786037783593833,0.001786037783593833
2019-12-30,JPM,-0.3665373005605765,0.07370778692052103,-0.44024508748109753,0.44024508748109753
2019-12-31,JPM,0.5554353314578542,0.07370778692052103,0.48172754453733313,0.48172754453733313
2020-01-02,JPM,1.2123385939741826,0.07370778692052103,1.1386308070536617,1.1386308070536617
2020-01-03,JPM,-1.949110496845985,0.07370778692052103,-2.022818283766506,2.022818283766506
2020-01-06,JPM,-0.0795142402775894,0.07370778692052103,-0.15322202719811043,0.15322202719811043
2020-01-07,JPM,-1.7000651088765029,0.07370778692052103,-1.7737728957970238,1.7737728957970238
2020-01-08,JPM,0.7801000883132181,0.07370778692052103,0.706392301392697,0.706392301392697
2020-01-09,JPM,0.365123411713153,0.07370778692052103,0.29141562479263194,0.29141562479263194
2020-01-10,JPM,-0.9967986030267828,0.07370778692052103,-1.0705063899473037,1.0705063899473037
2020-01-13,JPM,0.8304549129124705,0.07370778692052103,0.7567471259919495,0.7567471259919495
2020-01-14,JPM,1.16618075801751,0.07370778692052103,1.0924729710969892,1.0924729710969892
2020-01-15,JPM,-1.4985590778098024,0.07370778692052103,-1.5722668647303233,1.5722668647303233
2020-01-16,JPM,0.3876535985956719,0.07370778692052103,0.31394581167515084,0.31394581167515084
2020-01-17,JPM,0.6921675774134606,0.07370778692052103,0.6184597904929395,0.6184597904929395
2020-01-21,JPM,-0.9840810419681544,0.07370778692052103,-1.0577888288886754,1.0577888288886754
2020-01-22,JPM,-0.1169248757673213,0.07370778692052103,-0.19063266268784235,0.19063266268784235
2020-01-23,JPM,-0.102429031314033,0.07370778692052103,-0.17613681823455402,0.17613681823455402
2020-01-24,JPM,-2.482788926321944,0.07370778692052103,-2.5564967132424647,2.5564967132424647
2020-01-27,JPM,-0.8411565903116869,0.07370778692052103,-0.9148643772322079,0.9148643772322079
2020-01-28,JPM,1.8177686889343287,0.07370778692052103,1.7440609020138078,1.7440609020138078
2020-01-29,JPM,-0.1487763148106946,0.07370778692052103,-0.22248410173121563,0.22248410173121563
2020-01-30,JPM,1.2366833047753767,0.07370778692052103,1.1629755178548558,1.1629755178548558
2020-01-31,JPM,-2.597689307528128,0.07370778692052103,-2.671397094448649,2.671397094448649
2020-02-03,JPM,0.7630704140223488,0.07370778692052103,0.6893626271018277,0.6893626271018277
2020-02-04,JPM,1.4396041088700515,0.07370778692052103,1.3658963219495306,1.3658963219495306
2020-02-05,JPM,1.7000517407051552,0.07370778692052103,1.6263439537846343,1.6263439537846343
2020-02-06,JPM,0.0145359401119371,0.07370778692052103,-0.059171846808583936,0.059171846808583936
2020-02-07,JPM,-0.3197442046363075,0.07370778692052103,-0.39345199155682853,0.39345199155682853
2020-02-10,JPM,0.415542757162668,0.07370778692052103,0.34183497024214693,0.34183497024214693
2020-02-11,JPM,0.1887614345869037,0.07370778692052103,0.11505364766638267,0.11505364766638267
2020-02-12,JPM,0.0,0.07370778692052103,-0.07370778692052103,0.07370778692052103
2020-02-13,JPM,-0.0869565217391343,0.07370778692052103,-0.16066430865965534,0.16066430865965534
2020-02-14,JPM,-0.3046127067014681,0.07370778692052103,-0.37832049362198916,0.37832049362198916
2020-02-18,JPM,-1.324021533537045,0.07370778692052103,-1.397729320457566,1.397729320457566
2020-02-19,JPM,1.363904452963749,0.07370778692052103,1.290196666043228,1.290196666043228
2020-02-20,JPM,0.0,0.07370778692052103,-0.07370778692052103,0.07370778692052103
2020-02-21,JPM,-1.2219070477852978,0.07370778692052103,-1.2956148347058187,1.2956148347058187
2020-02-24,JPM,-2.687578234297916,0.07370778692052103,-2.761286021218437,2.761286021218437
2020-02-25,JPM,-4.46428571428571,0.07370778692052103,-4.537993501206231,4.537993501206231
2020-02-26,JPM,0.3009662600982121,0.07370778692052103,0.22725847317769104,0.22725847317769104
2020-02-27,JPM,-4.161402400505365,0.07370778692052103,-4.235110187425886,4.235110187425886
2020-02-28,JPM,-4.333855153662358,0.07370778692052103,-4.40756294058288,4.40756294058288
2020-03-02,JPM,4.659374730858668,0.07370778692052103,4.585666943938147,4.585666943938147
2020-03-03,JPM,-3.7524687294272607,0.07370778692052103,-3.8261765163477817,3.8261765163477817
2020-03-04,JPM,2.470930232558133,0.07370778692052103,2.397222445637612,2.397222445637612
2020-03-05,JPM,-4.906132665832286,0.07370778692052103,-4.979840452752807,4.979840452752807
2020-03-06,JPM,-5.168026673686055,0.07370778692052103,-5.241734460606576,5.241734460606576
2020-03-09,JPM,-13.545521835677278,0.07370778692052103,-13.619229622597798,13.619229622597798
2020-03-10,JPM,7.769691780821919,0.07370778692052103,7.695983993901398,7.695983993901398
2020-03-11,JPM,-4.707050645481637,0.07370778692052103,-4.780758432402158,4.780758432402158
2020-03-12,JPM,-8.243017924135055,0.07370778692052103,-8.316725711055575,8.316725711055575
2020-03-13,JPM,18.012492901760368,0.07370778692052103,17.938785114839845,17.938785114839845
2020-03-16,JPM,-14.964873448176307,0.07370778692052103,-15.038581235096828,15.038581235096828
2020-03-17,JPM,6.111362607514725,0.07370778692052103,6.037654820594204,6.037654820594204
2020-03-18,JPM,-10.526877133105806,0.07370778692052103,-10.600584920026327,10.600584920026327
2020-03-19,JPM,1.68077244010012,0.07370778692052103,1.6070646531795991,1.6070646531795991
2020-03-20,JPM,-2.1101992966002348,0.07370778692052103,-2.1839070835207557,2.1839070835207557
2020-03-23,JPM,-5.353293413173654,0.07370778692052103,-5.427001200094176,5.427001200094176
2020-03-24,JPM,11.894217385802875,0.07370778692052103,11.820509598882355,11.820509598882355
2020-03-25,JPM,3.731765238041396,0.07370778692052103,3.658057451120875,3.658057451120875
2020-03-26,JPM,6.966096151749701,0.07370778692052103,6.89238836482918,6.89238836482918
2020-03-27,JPM,-7.123929881777425,0.07370778692052103,-7.197637668697946,7.197637668697946
2020-03-30,JPM,2.600680346757378,0.07370778692052103,2.526972559836857,2.526972559836857
2020-03-31,JPM,-3.711229946524064,0.07370778692052103,-3.784937733444585,3.784937733444585
2020-04-01,JPM,-6.297900699766745,0.07370778692052103,-6.371608486687267,6.371608486687267
2020-04-02,JPM,3.733997155049784,0.07370778692052103,3.660289368129263,3.660289368129263
2020-04-03,JPM,-3.953833847560284,0.07370778692052103,-4.027541634480805,4.027541634480805
2020-04-06,JPM,6.436644854253415,0.07370778692052103,6.3629370673328935,6.3629370673328935
2020-04-07,JPM,1.3190252626872343,0.07370778692052103,1.2453174757667134,1.2453174757667134
2020-04-08,JPM,4.037952338923212,0.07370778692052103,3.964244552002691,3.964244552002691
2020-04-09,JPM,8.971367974549317,0.07370778692052103,8.897660187628796,8.897660187628796
2020-04-13,JPM,-4.447255741533674,0.07370778692052103,-4.520963528454195,4.520963528454195
2020-04-14,JPM,-2.739586515938486,0.07370778692052103,-2.8132943028590067,2.8132943028590067
2020-04-15,JPM,-4.931937172774859,0.07370778692052103,-5.00564495969538,5.00564495969538
2020-04-16,JPM,-3.8109924000440665,0.07370778692052103,-3.8847001869645874,3.8847001869645874
2020-04-17,JPM,8.988892705828476,0.07370778692052103,8.915184918907956,8.915184918907956
2020-04-20,JPM,-3.645723891573871,0.07370778692052103,-3.719431678494392,3.719431678494392
2020-04-21,JPM,-2.9004470613891558,0.07370778692052103,-2.9741548483096767,2.9741548483096767
2020-04-22,JPM,0.3256597417181428,0.07370778692052103,0.2519519547976218,0.2519519547976218
2020-04-23,JPM,0.0559659726885986,0.07370778692052103,-0.017741814231922434,0.017741814231922434
2020-04-24,JPM,1.476675243315806,0.07370778692052103,1.402967456395285,1.402967456395285
2020-04-27,JPM,4.310439863300641,0.07370778692052103,4.23673207638012,4.23673207638012
2020-04-28,JPM,0.7080955400549538,0.07370778692052103,0.6343877531344327,0.6343877531344327
2020-04-29,JPM,2.697030118585353,0.07370778692052103,2.623322331664832,2.623322331664832
2020-04-30,JPM,-2.145922746781115,0.07370778692052103,-2.2196305337016358,2.2196305337016358
2020-05-01,JPM,-2.621136173767757,0.07370778692052103,-2.694843960688278,2.694843960688278
2020-05-04,JPM,-1.1903485254691648,0.07370778692052103,-1.2640563123896857,1.2640563123896857
2020-05-05,JPM,-0.1519426958975445,0.07370778692052103,-0.22565048281806555,0.22565048281806555
2020-05-06,JPM,-1.8804347826086976,0.07370778692052103,-1.9541425695292185,1.9541425695292185
2020-05-07,JPM,1.041320482995456,0.07370778692052103,0.967612696074935,0.967612696074935
2020-05-08,JPM,1.6335928078061723,0.07370778692052103,1.5598850208856514,1.5598850208856514
2020-05-11,JPM,-2.9449838187702304,0.07370778692052103,-3.0186916056907513,3.0186916056907513
2020-05-12,JPM,-3.267755918639548,0.07370778692052103,-3.341463705560069,3.341463705560069
2020-05-13,JPM,-3.4470872113064432,0.07370778692052103,-3.520794998226964,3.520794998226964
2020-05-14,JPM,4.153278590979403,0.07370778692052103,4.079570804058882,4.079570804058882
2020-05-15,JPM,-1.851005484460688,0.07370778692052103,-1.924713271381209,1.924713271381209
2020-05-18,JPM,5.296856810244477,0.07370778692052103,5.2231490233239555,5.2231490233239555
2020-05-19,JPM,-1.96793808734107,0.07370778692052103,-2.041645874261591,2.041645874261591
2020-05-20,JPM,2.9998872222848805,0.07370778692052103,2.9261794353643595,2.9261794353643595
2020-05-21,JPM,-1.270119347421439,0.07370778692052103,-1.3438271343419599,1.3438271343419599
2020-05-22,JPM,-0.7763114117777525,0.07370778692052103,-0.8500191986982736,0.8500191986982736
2020-05-26,JPM,7.097351067396884,0.07370778692052103,7.023643280476363,7.023643280476363
2020-05-27,JPM,5.7921102066374575,0.07370778692052103,5.718402419716936,5.718402419716936
2020-05-28,JPM,-1.489592581631649,0.07370778692052103,-1.56330036855217,1.56330036855217
2020-05-29,JPM,-2.5535750050070027,0.07370778692052103,-2.6272827919275237,2.6272827919275237
2020-06-01,JPM,1.3256602610214774,0.07370778692052103,1.2519524741009564,1.2519524741009564
2020-06-02,JPM,0.3346855983773045,0.07370778692052103,0.26097781145678345,0.26097781145678345
2020-06-03,JPM,5.397755989083186,0.07370778692052103,5.324048202162665,5.324048202162665
2020-06-04,JPM,2.0811355135705423,0.07370778692052103,2.0074277266500213,2.0074277266500213
2020-06-05,JPM,4.50018789928599,0.07370778692052103,4.426480112365469,4.426480112365469
2020-06-08,JPM,1.9958644250651856,0.07370778692052103,1.9221566381446646,1.9221566381446646
2020-06-09,JPM,-2.56500661084178,0.07370778692052103,-2.638714397762301,2.638714397762301
2020-06-10,JPM,-4.052831554188529,0.07370778692052103,-4.1265393411090505,4.1265393411090505
2020-06-11,JPM,-8.344333396190839,0.07370778692052103,-8.41804118311136,8.41804118311136
2020-06-12,JPM,2.736343997531132,0.07370778692052103,2.662636210610611,2.662636210610611
2020-06-15,JPM,1.3817963352358076,0.07370778692052103,1.3080885483152866,1.3080885483152866
2020-06-16,JPM,0.8000000000000007,0.07370778692052103,0.7262922130794797,0.7262922130794797
2020-06-17,JPM,-2.5279247501469704,0.07370778692052103,-2.6016325370674913,2.6016325370674913
2020-06-18,JPM,-0.5428226779252143,0.07370778692052103,-0.6165304648457354,0.6165304648457354
2020-06-19,JPM,-1.1421063270669052,0.07370778692052103,-1.2158141139874261,1.2158141139874261
2020-06-22,JPM,-1.083733769553219,0.07370778692052103,-1.15744155647374,1.15744155647374
2020-06-23,JPM,1.219638242894061,0.07370778692052103,1.1459304559735402,1.1459304559735402
2020-06-24,JPM,-3.3391197794342964,0.07370778692052103,-3.4128275663548173,3.4128275663548173
2020-06-25,JPM,3.486160997253318,0.07370778692052103,3.412453210332797,3.412453210332797
2020-06-26,JPM,-5.481829318089004,0.07370778692052103,-5.555537105009526,5.555537105009526
2020-06-29,JPM,0.4428123987471721,0.07370778692052103,0.36910461182665105,0.36910461182665105
2020-06-30,JPM,1.139784946236566,0.07370778692052103,1.066077159316045,1.066077159316045
2020-07-01,JPM,-0.850520944078248,0.07370778692052103,-0.924228730998769,0.924228730998769
2020-07-02,JPM,-0.6433626420759286,0.07370778692052103,-0.7170704289964497,0.7170704289964497
2020-07-06,JPM,2.5253615368012072,0.07370778692052103,2.4516537498806863,2.4516537498806863
2020-07-07,JPM,-2.821052631578957,0.07370778692052103,-2.894760418499478,2.894760418499478
2020-07-08,JPM,1.061525129982677,0.07370778692052103,0.9878173430621559,0.9878173430621559
2020-07-09,JPM,-2.165058949624865,0.07370778692052103,-2.238766736545386,2.238766736545386
2020-07-10,JPM,5.466695880806305,0.07370778692052103,5.3929880938857835,5.3929880938857835
2020-07-13,JPM,1.4334683702087905,0.07370778692052103,1.3597605832882695,1.3597605832882695
2020-07-14,JPM,0.5734767025089571,0.07370778692052103,0.49976891558843606,0.49976891558843606
2020-07-15,JPM,1.5477038998065409,0.07370778692052103,1.47399611288602,1.47399611288602
2020-07-16,JPM,0.2807580467261594,0.07370778692052103,0.20705025980563835,0.20705025980563835
2020-07-17,JPM,-1.8498150184981577,0.07370778692052103,-1.9235228054186786,1.9235228054186786
2020-07-20,JPM,-0.8761206193969029,0.07370778692052103,-0.9498284063174239,0.9498284063174239
2020-07-21,JPM,2.1685508735868497,0.07370778692052103,2.094843086666329,2.094843086666329
2020-07-22,JPM,-0.7242732119505102,0.07370778692052103,-0.7979809988710312,0.7979809988710312
2020-07-23,JPM,0.293849427500259,0.07370778692052103,0.22014164057973795,0.22014164057973795
2020-07-24,JPM,-0.7072135785007094,0.07370778692052103,-0.7809213654212305,0.7809213654212305
2020-07-27,JPM,-1.4041514041513992,0.07370778692052103,-1.47785919107192,1.47785919107192
2020-07-28,JPM,0.433436532507736,0.07370778692052103,0.35972874558721496,0.35972874558721496
2020-07-29,JPM,2.4249897246198198,0.07370778692052103,2.351281937699299,2.351281937699299
2020-07-30,JPM,-2.6685393258427115,0.07370778692052103,-2.7422471127632324,2.7422471127632324
2020-07-31,JPM,-0.3916718202432445,0.07370778692052103,-0.46537960716376553,0.46537960716376553
2020-08-03,JPM,-0.5587748344370924,0.07370778692052103,-0.6324826213576135,0.6324826213576135
2020-08-04,JPM,-0.572320499479706,0.07370778692052103,-0.646028286400227,0.646028286400227
2020-08-05,JPM,1.7373103087388708,0.07370778692052103,1.6636025218183499,1.6636025218183499
2020-08-06,JPM,0.0308610225285388,0.07370778692052103,-0.042846764391982234,0.042846764391982234
2020-08-07,JPM,2.200740436034554,0.07370778692052103,2.127032649114033,2.127032649114033
2020-08-10,JPM,1.2678607365667285,0.07370778692052103,1.1941529496462076,1.1941529496462076
2020-08-11,JPM,3.159777424483301,0.07370778692052103,3.08606963756278,3.08606963756278
2020-08-12,JPM,-0.8476208822962739,0.07370778692052103,-0.9213286692167949,0.9213286692167949
2020-08-13,JPM,-0.5537206139498707,0.07370778692052103,-0.6274284008703918,0.6274284008703918
2020-08-14,JPM,0.0390739474455337,0.07370778692052103,-0.034633839474987334,0.034633839474987334
2020-08-17,JPM,-2.636461283077829,0.07370778692052103,-2.71016906999835,2.71016906999835
2020-08-18,JPM,-1.3940427238993136,0.07370778692052103,-1.4677505108198345,1.4677505108198345
2020-08-19,JPM,0.2339300244101005,0.07370778692052103,0.16022223748957948,0.16022223748957948
2020-08-20,JPM,-1.1973617453069465,0.07370778692052103,-1.2710695322274674,1.2710695322274674
2020-08-21,JPM,-0.0513505186402474,0.07370778692052103,-0.12505830556076844,0.12505830556076844
2020-08-24,JPM,2.815454171804377,0.07370778692052103,2.741746384883856,2.741746384883856
2020-08-25,JPM,0.4397361583050152,0.07370778692052103,0.3660283713844942,0.3660283713844942
2020-08-26,JPM,-1.4029850746268613,0.07370778692052103,-1.4766928615473822,1.4766928615473822
2020-08-27,JPM,3.289938439802187,0.07370778692052103,3.216230652881666,3.216230652881666
2020-08-28,JPM,0.4103566194430863,0.07370778692052103,0.3366488325225653,0.3366488325225653
2020-08-31,JPM,-2.510460251046021,0.07370778692052103,-2.584168037966542,2.584168037966542
2020-09-01,JPM,-0.0499051801576944,0.07370778692052103,-0.12361296707821542,0.12361296707821542
2020-09-02,JPM,1.5078889554623665,0.07370778692052103,1.4341811685418455,1.4341811685418455
2020-09-03,JPM,-0.314805705853427,0.07370778692052103,-0.38851349277394803,0.38851349277394803
2020-09-04,JPM,2.161255304450793,0.07370778692052103,2.0875475175302722,2.0875475175302722
2020-09-08,JPM,-3.477588871715609,0.07370778692052103,-3.55129665863613,3.55129665863613
2020-09-09,JPM,0.9507606084868004,0.07370778692052103,0.8770528215662794,0.8770528215662794
2020-09-10,JPM,-1.0310300386636273,0.07370778692052103,-1.1047378255841482,1.1047378255841482
2020-09-11,JPM,1.242111589702488,0.07370778692052103,1.168403802781967,1.168403802781967
2020-09-14,JPM,1.3851785890966806,0.07370778692052103,1.3114708021761596,1.3114708021761596
2020-09-15,JPM,-3.113106275007316,0.07370778692052103,-3.186814061927837,3.186814061927837
2020-09-16,JPM,0.4230459307010603,0.07370778692052103,0.34933814378053923,0.34933814378053923
2020-09-17,JPM,-1.1434302908726155,0.07370778692052103,-1.2171380777931364,1.2171380777931364
2020-09-18,JPM,-0.2130681818181878,0.07370778692052103,-0.2867759687387088,0.2867759687387088
2020-09-21,JPM,-3.091001525165216,0.07370778692052103,-3.164709312085737,3.164709312085737
2020-09-22,JPM,-1.0911761619976978,0.07370778692052103,-1.1648839489182188,1.1648839489182188
2020-09-23,JPM,-1.6229977723560052,0.07370778692052103,-1.696705559276526,1.696705559276526
2020-09-24,JPM,-0.0862626698296287,0.07370778692052103,-0.15997045675014973,0.15997045675014973
2020-09-25,JPM,0.8741636088927196,0.07370778692052103,0.8004558219721986,0.8004558219721986
2020-09-28,JPM,2.877928747191616,0.07370778692052103,2.804220960271095,2.804220960271095
2020-09-29,JPM,-0.8423460898502544,0.07370778692052103,-0.9160538767707754,0.9160538767707754
2020-09-30,JPM,0.964866282118515,0.07370778692052103,0.891158495197994,0.891158495197994
2020-10-01,JPM,0.7271216370624334,0.07370778692052103,0.6534138501419123,0.6534138501419123
2020-10-02,JPM,0.9487470351655204,0.07370778692052103,0.8750392482449993,0.8750392482449993
2020-10-05,JPM,1.1747880273776712,0.07370778692052103,1.1010802404571502,1.1010802404571502
2020-10-06,JPM,-1.029886914378042,0.07370778692052103,-1.103594701298563,1.103594701298563
2020-10-07,JPM,1.7445419302183351,0.07370778692052103,1.6708341432978142,1.6708341432978142
2020-10-08,JPM,2.0555499849593817,0.07370778692052103,1.9818421980388607,1.9818421980388607
2020-10-09,JPM,-0.5698565533503563,0.07370778692052103,-0.6435643402708774,0.6435643402708774
2020-10-12,JPM,1.22529644268774,0.07370778692052103,1.151588655767219,1.151588655767219
2020-10-13,JPM,-1.6204607575165952,0.07370778692052103,-1.6941685444371162,1.6941685444371162
2020-10-14,JPM,-0.5556658067076836,0.07370778692052103,-0.6293735936282047,0.6293735936282047
2020-10-15,JPM,1.4967072440630558,0.07370778692052103,1.4229994571425348,1.4229994571425348
2020-10-16,JPM,-0.2064490758946102,0.07370778692052103,-0.28015686281513125,0.28015686281513125
2020-10-19,JPM,-1.684563097231806,0.07370778692052103,-1.758270884152327,1.758270884152327
2020-10-20,JPM,0.5711422845691372,0.07370778692052103,0.49743449764861614,0.49743449764861614
2020-10-21,JPM,-0.9963136395337302,0.07370778692052103,-1.0700214264542511,1.0700214264542511
2020-10-22,JPM,3.532253195129309,0.07370778692052103,3.458545408208788,3.458545408208788
2020-10-23,JPM,0.9039657853810334,0.07370778692052103,0.8302579984605124,0.8302579984605124
2020-10-26,JPM,-2.4756767170792893,0.07370778692052103,-2.54938450399981,2.54938450399981
2020-10-27,JPM,-1.8866060845515564,0.07370778692052103,-1.9603138714720774,1.9603138714720774
2020-10-28,JPM,-2.8088190878888475,-2.808819087888864,1.6431300764452317e-14,1.6431300764452317e-14
2020-10-29,JPM,0.6525792417650722,0.07370778692052103,0.5788714548445512,0.5788714548445512
2020-10-30,JPM,0.8953380673047295,0.07370778692052103,0.8216302803842085,0.8216302803842085
2020-11-02,JPM,2.2541819665442557,0.07370778692052103,2.180474179623735,2.180474179623735
2020-11-03,JPM,3.152119700748135,0.07370778692052103,3.078411913827614,3.078411913827614
2020-11-04,JPM,-3.0557973116719817,0.07370778692052103,-3.1295050985925026,3.1295050985925026
2020-11-05,JPM,4.089775561097242,0.07370778692052103,4.016067774176721,4.016067774176721
2020-11-06,JPM,-1.3320555821753732,0.07370778692052103,-1.4057633690958942,1.4057633690958942
2020-11-09,JPM,13.539238539238552,0.07370778692052103,13.465530752318031,13.465530752318031
2020-11-10,JPM,-0.3250641573994905,0.07370778692052103,-0.39877194432001156,0.39877194432001156
2020-11-11,JPM,-1.493305870236861,0.07370778692052103,-1.5670136571573818,1.5670136571573818
2020-11-12,JPM,-1.2284370099320374,0.07370778692052103,-1.3021447968525584,1.3021447968525584
2020-11-13,JPM,0.6262679721266595,0.6262679721266542,5.329070518200751e-15,5.329070518200751e-15
2020-11-16,JPM,2.822580645161299,0.07370778692052103,2.748872858240778,2.748872858240778
2020-11-17,JPM,-1.0144927536231862,0.07370778692052103,-1.0882005405437072,1.0882005405437072
2020-11-18,JPM,-0.7406769442769745,0.07370778692052103,-0.8143847311974955,0.8143847311974955
2020-11-19,JPM,0.268980477223435,0.07370778692052103,0.19527269030291394,0.19527269030291394
2020-11-20,JPM,-0.8566978193146446,0.07370778692052103,-0.9304056062351657,0.9304056062351657
2020-11-23,JPM,2.8803351662739063,0.07370778692052103,2.8066273793533854,2.8066273793533854
2020-11-24,JPM,4.623738016458812,0.07370778692052103,4.550030229538291,4.550030229538291
2020-11-25,JPM,-1.046059033409008,0.07370778692052103,-1.119766820329529,1.119766820329529
2020-11-27,JPM,-0.6637712038023436,0.07370778692052103,-0.7374789907228646,0.7374789907228646
2020-11-30,JPM,-2.755320904141234,0.07370778692052103,-2.829028691061755,2.829028691061755
2020-12-01,JPM,1.5778758059043163,0.07370778692052103,1.5041680189837954,1.5041680189837954
2020-12-02,JPM,1.9208284616669455,0.07370778692052103,1.8471206747464246,1.8471206747464246
2020-12-03,JPM,-0.6555227794165952,0.07370778692052103,-0.7292305663371162,0.7292305663371162
2020-12-04,JPM,0.907291322995718,0.07370778692052103,0.833583536075197,0.833583536075197
2020-12-07,JPM,-0.3760013078306423,0.07370778692052103,-0.44970909475116333,0.44970909475116333
2020-12-08,JPM,0.0984574991795161,0.07370778692052103,0.02474971225899507,0.02474971225899507
2020-12-09,JPM,-0.7786885245901654,0.07370778692052103,-0.8523963115106864,0.8523963115106864
2020-12-10,JPM,-0.6443618339529111,0.07370778692052103,-0.7180696208734322,0.7180696208734322
2020-12-11,JPM,-0.5903384052548422,0.07370778692052103,-0.6640461921753632,0.6640461921753632
2020-12-14,JPM,-1.053864168618268,0.07370778692052103,-1.1275719555387889,1.1275719555387889
2020-12-15,JPM,1.707523245984777,0.07370778692052103,1.633815459064256,1.633815459064256
2020-12-16,JPM,0.2908909574468099,0.07370778692052103,0.21718317052628883,0.21718317052628883
2020-12-17,JPM,-0.8287063893262614,0.07370778692052103,-0.9024141762467824,0.9024141762467824
2020-12-18,JPM,-0.4930224784824966,0.07370778692052103,-0.5667302654030176,0.5667302654030176
2020-12-21,JPM,3.753778972119592,0.07370778692052103,3.680071185199071,3.680071185199071
2020-12-22,JPM,-1.5216511533792,0.07370778692052103,-1.595358940299721,1.595358940299721
2020-12-23,JPM,2.7944439878359484,0.07370778692052103,2.7207362009154274,2.7207362009154274
2020-12-24,JPM,-0.4397537379067673,0.07370778692052103,-0.5134615248272884,0.5134615248272884
2020-12-28,JPM,0.6585287504015547,0.07370778692052103,0.5848209634810336,0.5848209634810336
2020-12-29,JPM,-0.2632838678793714,0.07370778692052103,-0.33699165479989246,0.33699165479989246
2020-12-30,JPM,0.2799776017918587,0.07370778692052103,0.20626981487133766,0.20626981487133766
2020-12-31,JPM,1.3640714741544269,0.07370778692052103,1.290363687233906,1.290363687233906
2021-01-04,JPM,-0.9443613756197288,0.07370778692052103,-1.0180691625402498,1.0180691625402498
2021-01-05,JPM,-0.1747835067927194,0.07370778692052103,-0.2484912937132404,0.2484912937132404
2021-01-06,JPM,4.695582968563472,0.07370778692052103,4.621875181642951,4.621875181642951
2021-01-07,JPM,3.283922462941846,0.07370778692052103,3.2102146760213253,3.2102146760213253
2021-01-08,JPM,0.1103996467211265,0.07370778692052103,0.036691859800605464,0.036691859800605464
2021-01-11,JPM,1.4924275841788015,0.07370778692052103,1.4187197972582806,1.4187197972582806
2021-01-12,JPM,1.5718942412169312,0.07370778692052103,1.4981864542964103,1.4981864542964103
2021-01-13,JPM,0.0927114534303275,0.07370778692052103,0.019003666509806463,0.019003666509806463
2021-01-14,JPM,0.5842536515853203,0.07370778692052103,0.5105458646647992,0.5105458646647992
2021-01-15,JPM,-1.7921654742509063,0.07370778692052103,-1.8658732611714273,1.8658732611714273
2021-01-19,JPM,-0.4327755337564909,0.07370778692052103,-0.506483320677012,0.506483320677012
2021-01-20,JPM,-1.4995653433787282,0.07370778692052103,-1.573273130299249,1.573273130299249
2021-01-21,JPM,-0.8384202397587637,0.07370778692052103,-0.9121280266792847,0.9121280266792847
2021-01-22,JPM,-0.7713416895349878,0.07370778692052103,-0.8450494764555089,0.8450494764555089
2021-01-25,JPM,-1.2482248299573897,0.07370778692052103,-1.3219326168779106,1.3219326168779106
2021-01-26,JPM,-0.4087193460490357,0.07370778692052103,-0.48242713296955675,0.48242713296955675
2021-01-27,JPM,-2.827177382580948,0.07370778692052103,-2.900885169501469,2.900885169501469
2021-01-28,JPM,1.7597372125762734,0.07370778692052103,1.6860294256557524,1.6860294256557524
2021-01-29,JPM,-1.1067558219967966,0.07370778692052103,-1.1804636089173175,1.1804636089173175
2021-02-01,JPM,0.7383228413771814,0.07370778692052103,0.6646150544566604,0.6646150544566604
2021-02-02,JPM,3.078228668415384,0.07370778692052103,3.004520881494863,3.004520881494863
2021-02-03,JPM,1.1451238679739406,0.07370778692052103,1.0714160810534197,1.0714160810534197
2021-02-04,JPM,2.301317152582527,0.07370778692052103,2.227609365662006,2.227609365662006
2021-02-05,JPM,-0.1952983725135748,0.07370778692052103,-0.26900615943409584,0.26900615943409584
2021-02-08,JPM,1.56544426728511,0.07370778692052103,1.4917364803645892,1.4917364803645892
2021-02-09,JPM,-0.399600399600386,0.07370778692052103,-0.47330818652090706,0.47330818652090706
2021-02-10,JPM,0.0573148015474922,0.07370778692052103,-0.01639298537302883,0.01639298537302883
2021-02-11,JPM,-0.279249606186438,0.07370778692052103,-0.35295739310695906,0.35295739310695906
2021-02-12,JPM,1.4216988583327206,0.07370778692052103,1.3479910714121996,1.3479910714121996
2021-02-16,JPM,2.407079646017696,0.07370778692052103,2.3333718590971753,2.3333718590971753
2021-02-17,JPM,0.3110957483581034,0.07370778692052103,0.23738796143758234,0.23738796143758234
2021-02-18,JPM,0.3376981392143374,0.07370778692052103,0.26399035229381634,0.26399035229381634
2021-02-19,JPM,1.6690706779311837,0.07370778692052103,1.5953628910106628,1.5953628910106628
2021-02-22,JPM,0.9390622888798772,0.07370778692052103,0.8653545019593561,0.8653545019593561
2021-02-23,JPM,0.8031590924302279,0.07370778692052103,0.7294513055097068,0.7294513055097068
2021-02-24,JPM,1.7595113206294144,0.07370778692052103,1.6858035337088935,1.6858035337088935
2021-02-25,JPM,-1.357170820827347,0.07370778692052103,-1.430878607747868,1.430878607747868
2021-02-26,JPM,-2.652467257573765,0.07370778692052103,-2.726175044494286,2.726175044494286
2021-03-01,JPM,2.2626894068084717,0.07370778692052103,2.188981619887951,2.188981619887951
2021-03-02,JPM,-0.3255813953488395,0.07370778692052103,-0.39928918226936055,0.39928918226936055
2021-03-03,JPM,1.9332044530364636,0.07370778692052103,1.8594966661159427,1.8594966661159427
2021-03-04,JPM,-1.536851742855272,0.07370778692052103,-1.6105595297757929,1.6105595297757929
2021-03-05,JPM,0.2324654622741784,0.07370778692052103,0.15875767535365737,0.15875767535365737
2021-03-08,JPM,1.3252932211251789,0.07370778692052103,1.251585434204658,1.251585434204658
2021-03-09,JPM,-0.7062978222483696,0.07370778692052103,-0.7800056091688906,0.7800056091688906
2021-03-10,JPM,2.1734835012843234,2.173483501284328,-4.440892098500626e-15,4.440892098500626e-15
2021-03-11,JPM,-0.522142719009866,0.07370778692052103,-0.595850505930387,0.595850505930387
2021-03-12,JPM,1.1858475894245712,0.07370778692052103,1.1121398025040503,1.1121398025040503
2021-03-15,JPM,-0.4995196926032674,0.07370778692052103,-0.5732274795237884,0.5732274795237884
2021-03-16,JPM,-1.1971423054643826,0.07370778692052103,-1.2708500923849035,1.2708500923849035
2021-03-17,JPM,1.0292489088658874,0.07370778692052103,0.9555411219453663,0.9555411219453663
2021-03-18,JPM,1.650654458701406,0.07370778692052103,1.576946671780885,1.576946671780885
2021-03-19,JPM,-1.5921344751030908,0.07370778692052103,-1.6658422620236117,1.6658422620236117
2021-03-22,JPM,-2.687894804692525,0.07370778692052103,-2.761602591613046,2.761602591613046
2021-03-23,JPM,-1.0001987149764746,0.07370778692052103,-1.0739065018969955,1.0739065018969955
2021-03-24,JPM,0.7761273919443257,0.07370778692052103,0.7024196050238046,0.7024196050238046
2021-03-25,JPM,1.281370335944776,0.07370778692052103,1.207662549024255,1.207662549024255
2021-03-26,JPM,1.6650278597181156,0.07370778692052103,1.5913200727975947,1.5913200727975947
2021-03-29,JPM,-1.5539364240118592,0.07370778692052103,-1.62764421093238,1.62764421093238
2021-03-30,JPM,1.1789363374377748,0.07370778692052103,1.1052285505172539,1.1052285505172539
2021-03-31,JPM,-1.4564992232004137,0.07370778692052103,-1.5302070101209346,1.5302070101209346
2021-04-01,JPM,0.9722130986008048,0.07370778692052103,0.8985053116802838,0.8985053116802838
2021-04-05,JPM,-0.0585518183592537,0.07370778692052103,-0.13225960527977473,0.13225960527977473
2021-04-06,JPM,-0.7030334591850096,0.07370778692052103,-0.7767412461055306,0.7767412461055306
2021-04-07,JPM,1.566802150255686,0.07370778692052103,1.493094363335165,1.493094363335165
2021-04-08,JPM,0.122636029174461,0.07370778692052103,0.04892824225393996,0.04892824225393996
2021-04-09,JPM,0.7478081485301713,0.07370778692052103,0.6741003616096503,0.6741003616096503
2021-04-12,JPM,-0.2111594573841912,0.07370778692052103,-0.2848672443047122,0.2848672443047122
2021-04-13,JPM,-1.1926899647322742,0.07370778692052103,-1.2663977516527951,1.2663977516527951
2021-04-14,JPM,-1.8690375754429225,0.07370778692052103,-1.9427453623634434,1.9427453623634434
2021-04-15,JPM,0.6348786455922184,0.07370778692052103,0.5611708586716974,0.5611708586716974
2021-04-16,JPM,0.7425905237563368,0.07370778692052103,0.6688827368358158,0.6688827368358158
2021-04-19,JPM,-0.4240052185257692,0.07370778692052103,-0.49771300544629027,0.49771300544629027
2021-04-20,JPM,-2.214215525712415,0.07370778692052103,-2.287923312632936,2.287923312632936
2021-04-21,JPM,0.850807262008435,0.07370778692052103,0.777099475087914,0.777099475087914
2021-04-22,JPM,-2.105752623887336,0.07370778692052103,-2.179460410807857,2.179460410807857
2021-04-23,JPM,1.9135509262400816,0.07370778692052103,1.8398431393195607,1.8398431393195607
2021-04-26,JPM,0.2463546174845232,0.07370778692052103,0.17264683056400215,0.17264683056400215
2021-04-27,JPM,0.4582890541976692,0.07370778692052103,0.38458126727714814,0.38458126727714814
2021-04-28,JPM,0.6479338842975135,0.07370778692052103,0.5742260973769925,0.5742260973769925
2021-04-29,JPM,1.9444261972016097,0.07370778692052103,1.8707184102810888,1.8707184102810888
2021-04-30,JPM,-0.889232553643915,0.07370778692052103,-0.962940340564436,0.962940340564436
2021-05-03,JPM,-0.2925687536571075,0.07370778692052103,-0.36627654057762854,0.36627654057762854
2021-05-04,JPM,1.3823682837767135,0.07370778692052103,1.3086604968561926,1.3086604968561926
2021-05-05,JPM,1.3120658605608515,0.07370778692052103,1.2383580736403306,1.2383580736403306
2021-05-06,JPM,2.0124428643981678,0.07370778692052103,1.9387350774776468,1.9387350774776468
2021-05-07,JPM,0.3422739436181432,0.07370778692052103,0.2685661566976221,0.2685661566976221
2021-05-10,JPM,-0.0124038700074491,0.07370778692052103,-0.08611165692797013,0.08611165692797013
2021-05-11,JPM,-1.662324773601298,0.07370778692052103,-1.736032560521819,1.736032560521819
2021-05-12,JPM,-0.6875236533366968,-0.687523653336689,-7.882583474838611e-15,7.882583474838611e-15
2021-05-13,JPM,2.572245157192765,0.07370778692052103,2.498537370272244,2.498537370272244
2021-05-14,JPM,1.5541795665634517,0.07370778692052103,1.4804717796429308,1.4804717796429308
2021-05-17,JPM,0.4024144869215318,0.07370778692052103,0.32870670000101077,0.32870670000101077
2021-05-18,JPM,-1.40887836278617,0.07370778692052103,-1.482586149706691,1.482586149706691
2021-05-19,JPM,-0.7637819525715961,-0.763781952571598,1.887379141862766e-15,1.887379141862766e-15
2021-05-20,JPM,-0.1737943020296728,0.07370778692052103,-0.24750208895019382,0.24750208895019382
2021-05-21,JPM,1.1378474165267605,1.1378474165267627,-2.220446049250313e-15,2.220446049250313e-15
2021-05-24,JPM,0.541005778925352,0.07370778692052103,0.4672979920048309,0.4672979920048309
2021-05-25,JPM,-1.0333863275039712,0.07370778692052103,-1.1070941144244921,1.1070941144244921
2021-05-26,JPM,-0.0123571207908401,0.07370778692052103,-0.08606490771136113,0.08606490771136113
2021-05-27,JPM,1.5571896434529942,0.07370778692052103,1.4834818565324732,1.4834818565324732
2021-05-28,JPM,-0.0669303316093605,0.07370778692052103,-0.14063811852988153,0.14063811852988153
2021-06-01,JPM,1.1020457866536717,0.07370778692052103,1.0283379997331508,1.0283379997331508
2021-06-02,JPM,0.0060222824450395,0.07370778692052103,-0.06768550447548154,0.06768550447548154
2021-06-03,JPM,0.0662411176683086,0.07370778692052103,-0.007466669252212427,0.007466669252212427
2021-06-04,JPM,0.1624842029247286,0.07370778692052103,0.08877641600420756,0.08877641600420756
2021-06-07,JPM,-0.4686373467916338,0.07370778692052103,-0.5423451337121549,0.5423451337121549
2021-06-08,JPM,-0.3984063745019917,0.07370778692052103,-0.4721141614225127,0.4721141614225127
2021-06-09,JPM,-1.2484848484848543,0.07370778692052103,-1.3221926354053752,1.3221926354053752
2021-06-10,JPM,-1.55885602062108,0.07370778692052103,-1.632563807541601,1.632563807541601
2021-06-11,JPM,-0.0685785536159722,0.07370778692052103,-0.14228634053649325,0.14228634053649325
2021-06-14,JPM,-1.6969243246615529,0.07370778692052103,-1.7706321115820738,1.7706321115820738
2021-06-15,JPM,-1.516786190264641,0.07370778692052103,-1.5904939771851618,1.5904939771851618
2021-06-16,JPM,0.7024101043948905,0.07370778692052103,0.6287023174743694,0.6287023174743694
2021-06-17,JPM,-2.8860305880847426,0.07370778692052103,-2.9597383750052635,2.9597383750052635
2021-06-18,JPM,-2.530311017395892,0.07370778692052103,-2.604018804316413,2.604018804316413
2021-06-21,JPM,1.6968631692807046,0.07370778692052103,1.6231553823601836,1.6231553823601836
2021-06-22,JPM,-0.1462474240510491,0.07370778692052103,-0.21995521097157011,0.21995521097157011
2021-06-23,JPM,0.6058185207376221,0.07370778692052103,0.5321107338171011,0.5321107338171011
2021-06-24,JPM,0.9197988353626174,0.07370778692052103,0.8460910484420964,0.8460910484420964
2021-06-25,JPM,1.009769851157305,0.07370778692052103,0.936062064236784,0.936062064236784
2021-06-28,JPM,0.1817591691009479,0.07370778692052103,0.10805138218042686,0.10805138218042686
2021-06-29,JPM,-0.1231128102119005,0.07370778692052103,-0.19682059713242153,0.19682059713242153
2021-06-30,JPM,0.9082652134423386,0.07370778692052103,0.8345574265218175,0.8345574265218175
2021-07-01,JPM,0.9900990099010132,0.07370778692052103,0.9163912229804921,0.9163912229804921
2021-07-02,JPM,-0.6684491978609652,0.07370778692052103,-0.7421569847814863,0.7421569847814863
2021-07-06,JPM,-1.6791642632827064,0.07370778692052103,-1.7528720502032273,1.7528720502032273
2021-07-07,JPM,0.1173326380288219,0.07370778692052103,0.043624851108300874,0.043624851108300874
2021-07-08,JPM,-1.7253727456214674,0.07370778692052103,-1.7990805325419883,1.7990805325419883
2021-07-09,JPM,3.199946998807479,0.07370778692052103,3.126239211886958,3.126239211886958
2021-07-12,JPM,1.431597868652501,0.07370778692052103,1.3578900817319801,1.3578900817319801
2021-07-13,JPM,-1.4873417721518956,0.07370778692052103,-1.5610495590724165,1.5610495590724165
2021-07-14,JPM,-0.3405075489881115,0.07370778692052103,-0.4142153359086325,0.4142153359086325
2021-07-15,JPM,0.2191851469829808,0.07370778692052103,0.14547736006245976,0.14547736006245976
2021-07-16,JPM,-2.283545606586912,0.07370778692052103,-2.357253393507433,2.357253393507433
2021-07-19,JPM,-3.2519254821934074,0.07370778692052103,-3.3256332691139283,3.3256332691139283
2021-07-20,JPM,1.8643260529359829,0.07370778692052103,1.790618266015462,1.790618266015462
2021-07-21,JPM,2.104067864538117,0.07370778692052103,2.030360077617596,2.030360077617596
2021-07-22,JPM,-1.262593222556596,0.07370778692052103,-1.3363010094771168,1.3363010094771168
2021-07-23,JPM,-0.1921420526071804,0.07370778692052103,-0.2658498395277014,0.2658498395277014
2021-07-26,JPM,0.6704726500265767,0.07370778692052103,0.5967648631060557,0.5967648631060557
2021-07-27,JPM,-0.1318826244642412,0.07370778692052103,-0.20559041138476225,0.20559041138476225
2021-07-28,JPM,0.165070980521631,0.07370778692052103,0.09136319360110996,0.09136319360110996
2021-07-29,JPM,0.856954515491104,0.07370778692052103,0.783246728570583,0.783246728570583
2021-07-30,JPM,-0.7973856209150365,0.07370778692052103,-0.8710934078355576,0.8710934078355576
2021-08-02,JPM,-0.401897483199376,0.07370778692052103,-0.47560527011989706,0.47560527011989706
2021-08-03,JPM,1.1377918899252435,0.07370778692052103,1.0640841030047226,1.0640841030047226
2021-08-04,JPM,-1.0792072732029423,0.07370778692052103,-1.1529150601234632,1.1529150601234632
2021-08-05,JPM,1.2628934144406134,0.07370778692052103,1.1891856275200925,1.1891856275200925
2021-08-06,JPM,2.8403525954946,0.07370778692052103,2.766644808574079,2.766644808574079
2021-08-09,JPM,-0.1079365079365013,0.07370778692052103,-0.18164429485702233,0.18164429485702233
2021-08-10,JPM,1.2267209051039174,0.07370778692052103,1.1530131181833965,1.1530131181833965
2021-08-11,JPM,1.1930177068943948,0.07370778692052103,1.1193099199738739,1.1193099199738739
2021-08-12,JPM,0.3909158600148954,0.07370778692052103,0.3172080730943744,0.3172080730943744
2021-08-13,JPM,-1.1187341615674695,0.07370778692052103,-1.1924419484879905,1.1924419484879905
2021-08-16,JPM,-0.656332041505181,0.07370778692052103,-0.730039828425702,0.730039828425702
2021-08-17,JPM,-1.2080790285031284,0.07370778692052103,-1.2817868154236494,1.2817868154236494
2021-08-18,JPM,-0.910770014648732,0.07370778692052103,-0.984477801569253,0.984477801569253
2021-08-19,JPM,-0.8355829798174619,0.07370778692052103,-0.9092907667379829,0.9092907667379829
2021-08-20,JPM,0.285195747990663,0.07370778692052103,0.21148796107014195,0.21148796107014195
2021-08-23,JPM,1.2797311271975031,0.07370778692052103,1.2060233402769822,1.2060233402769822
2021-08-24,JPM,0.6190172303765173,0.07370778692052103,0.5453094434559963,0.5453094434559963
2021-08-25,JPM,2.0612672036532054,0.07370778692052103,1.9875594167326844,1.9875594167326844
2021-08-26,JPM,0.5157842406164681,0.07370778692052103,0.44207645369594706,0.44207645369594706
2021-08-27,JPM,0.8037094281298396,0.07370778692052103,0.7300016412093185,0.7300016412093185
2021-08-30,JPM,-1.6007359705611846,0.07370778692052103,-1.6744437574817055,1.6744437574817055
2021-08-31,JPM,-0.3054101221640515,0.07370778692052103,-0.37911790908457255,0.37911790908457255
2021-09-01,JPM,-0.1437949359174628,0.07370778692052103,-0.21750272283798383,0.21750272283798383
2021-09-02,JPM,0.4633107938893044,0.07370778692052103,0.38960300696878336,0.38960300696878336
2021-09-03,JPM,-0.6045120279197347,0.07370778692052103,-0.6782198148402557,0.6782198148402557
2021-09-07,JPM,-0.1755595962129263,0.07370778692052103,-0.24926738313344732,0.24926738313344732
2021-09-08,JPM,-0.4459518874442625,0.07370778692052103,-0.5196596743647836,0.5196596743647836
2021-09-09,JPM,0.4353312302839196,0.07370778692052103,0.3616234433633986,0.3616234433633986
2021-09-10,JPM,-1.14956969658897,0.07370778692052103,-1.2232774835094908,1.2232774835094908
2021-09-13,JPM,1.5887137773258786,0.07370778692052103,1.5150059904053577,1.5150059904053577
2021-09-14,JPM,-1.745277117477806,0.07370778692052103,-1.8189849043983268,1.8189849043983268
2021-09-15,JPM,0.6939581078500012,0.07370778692052103,0.6202503209294802,0.6202503209294802
2021-09-16,JPM,-0.044258978249867,0.07370778692052103,-0.11796676517038804,0.11796676517038804
2021-09-17,JPM,-0.2593459421848298,0.07370778692052103,-0.33305372910535086,0.33305372910535086
2021-09-20,JPM,-2.9934043632673712,0.07370778692052103,-3.067112150187892,3.067112150187892
2021-09-21,JPM,0.0130753138075201,0.07370778692052103,-0.060632473113000934,0.060632473113000934
2021-09-22,JPM,1.9152830435350987,0.07370778692052103,1.8415752566145778,1.8415752566145778
2021-09-23,JPM,3.380155217753833,0.07370778692052103,3.306447430833312,3.306447430833312
2021-09-24,JPM,1.153989328700833,0.07370778692052103,1.080281541780312,1.080281541780312
2021-09-27,JPM,2.416584887144269,0.07370778692052103,2.342877100223748,2.342877100223748
2021-09-28,JPM,-0.5389867049945929,0.07370778692052103,-0.6126944919151139,0.6126944919151139
2021-09-29,JPM,-0.0782755298651349,0.07370778692052103,-0.15198331678565594,0.15198331678565594
2021-09-30,JPM,-1.361855980717075,0.07370778692052103,-1.4355637676375959,1.4355637676375959
2021-10-01,JPM,2.101533386278942,0.07370778692052103,2.027825599358421,2.027825599358421
2021-10-04,JPM,-0.1077005923532659,0.07370778692052103,-0.18140837927378695,0.18140837927378695
2021-10-05,JPM,1.0242587601078323,0.07370778692052103,0.9505509731873113,0.9505509731873113
2021-10-06,JPM,0.2134471718249875,0.07370778692052103,0.13973938490446647,0.13973938490446647
2021-10-07,JPM,0.6330611761921734,0.07370778692052103,0.5593533892716523,0.5593533892716523
2021-10-08,JPM,0.0764301252278221,0.07370778692052103,0.0027223383073010643,0.0027223383073010643
2021-10-11,JPM,-2.103160615673838,0.07370778692052103,-2.176868402594359,2.176868402594359
2021-10-12,JPM,-0.7681228996639256,0.07370778692052103,-0.8418306865844466,0.8418306865844466
2021-10-13,JPM,-2.6366715045960443,0.07370778692052103,-2.710379291516565,2.710379291516565
2021-10-14,JPM,1.534161490683239,0.07370778692052103,1.460453703762718,1.460453703762718
2021-10-15,JPM,1.920841744662649,0.07370778692052103,1.847133957742128,1.847133957742128
2021-10-18,JPM,-0.0360122441630195,0.07370778692052103,-0.10972003108354053,0.10972003108354053
2021-10-19,JPM,1.2128489942959897,0.07370778692052103,1.1391412073754688,1.1391412073754688
2021-10-20,JPM,1.3466215815388427,0.07370778692052103,1.2729137946183218,1.2729137946183218
2021-10-21,JPM,-0.784359634745968,0.07370778692052103,-0.8580674216664891,0.8580674216664891
2021-10-22,JPM,1.3451327433628313,0.07370778692052103,1.2714249564423104,1.2714249564423104
2021-10-25,JPM,-0.4889975550122272,0.07370778692052103,-0.5627053419327482,0.5627053419327482
2021-10-26,JPM,0.2691002691002753,0.07370778692052103,0.19539248217975425,0.19539248217975425
2021-10-27,JPM,-2.082847141190192,0.07370778692052103,-2.156554928110713,2.156554928110713
2021-10-28,JPM,1.507477804921642,0.07370778692052103,1.433770018001121,1.433770018001121
2021-10-29,JPM,-0.2758863583000814,0.07370778692052103,-0.34959414522060245,0.34959414522060245
2021-11-01,JPM,-0.0529754547059724,0.07370778692052103,-0.12668324162649341,0.12668324162649341
2021-11-02,JPM,0.3945818610129548,0.07370778692052103,0.32087407409243374,0.32087407409243374
2021-11-03,JPM,0.0351968088226684,0.07370778692052103,-0.03851097809785263,0.03851097809785263
2021-11-04,JPM,-1.3135518677065638,0.07370778692052103,-1.3872596546270848,1.3872596546270848
2021-11-05,JPM,-0.1426109691603616,0.07370778692052103,-0.21631875608088263,0.21631875608088263
2021-11-08,JPM,0.601011603689372,0.07370778692052103,0.527303816768851,0.527303816768851
2021-11-09,JPM,-0.7571276469892307,0.07370778692052103,-0.8308354339097518,0.8308354339097518
2021-11-10,JPM,-0.0953629753248308,0.07370778692052103,-0.16907076224535184,0.16907076224535184
2021-11-11,JPM,-0.0059658751938806,0.07370778692052103,-0.07967366211440163,0.07967366211440163
2021-11-12,JPM,-0.4474673348845548,0.07370778692052103,-0.5211751218050759,0.5211751218050759
2021-11-15,JPM,-0.1797914419273683,0.07370778692052103,-0.25349922884788934,0.25349922884788934
2021-11-16,JPM,-0.720461095100855,0.07370778692052103,-0.794168882021376,0.794168882021376
2021-11-17,JPM,-0.5382196419932317,0.07370778692052103,-0.6119274289137527,0.6119274289137527
2021-11-18,JPM,-0.8633793396972012,0.07370778692052103,-0.9370871266177222,0.9370871266177222
2021-11-19,JPM,-1.3063477460901751,0.07370778692052103,-1.380055533010696,1.380055533010696
2021-11-22,JPM,2.1314939100174124,0.07370778692052103,2.0577861230968915,2.0577861230968915
2021-11-23,JPM,2.391238211134783,0.07370778692052103,2.317530424214262,2.317530424214262
2021-11-24,JPM,-0.7844069408129317,0.07370778692052103,-0.8581147277334528,0.8581147277334528
2021-11-26,JPM,-3.0126976521322457,0.07370778692052103,-3.0864054390527667,3.0864054390527667
2021-11-29,JPM,-0.4322855554869442,0.07370778692052103,-0.5059933424074652,0.5059933424074652
2021-11-30,JPM,-1.488556720213341,0.07370778692052103,-1.562264507133862,1.562264507133862
2021-12-01,JPM,-0.5918277403513361,0.07370778692052103,-0.6655355272718572,0.6655355272718572
2021-12-02,JPM,2.10272974855914,0.07370778692052103,2.029021961638619,2.029021961638619
2021-12-03,JPM,-1.8113020284101555,0.07370778692052103,-1.8850098153306765,1.8850098153306765
2021-12-06,JPM,1.1813759555246772,0.07370778692052103,1.1076681686041563,1.1076681686041563
2021-12-07,JPM,1.5047452547452431,0.07370778692052103,1.4310374678247222,1.4310374678247222
2021-12-08,JPM,-1.1441225318324366,0.07370778692052103,-1.2178303187529576,1.2178303187529576
2021-12-09,JPM,-0.155559703814323,0.07370778692052103,-0.22926749073484404,0.22926749073484404
2021-12-10,JPM,-0.398853296771795,0.07370778692052103,-0.47256108369231603,0.47256108369231603
2021-12-13,JPM,-1.1888374421223924,0.07370778692052103,-1.2625452290429133,1.2625452290429133
2021-12-14,JPM,0.7662107396150031,0.07370778692052103,0.692502952694482,0.692502952694482
2021-12-15,JPM,-0.7478162508640751,0.07370778692052103,-0.8215240377845962,0.8215240377845962
2021-12-16,JPM,1.5638850196276977,0.07370778692052103,1.4901772327071767,1.4901772327071767
2021-12-17,JPM,-2.2754192382021143,0.07370778692052103,-2.3491270251226353,2.3491270251226353
2021-12-20,JPM,-1.7989282980352073,0.07370778692052103,-1.8726360849557282,1.8726360849557282
2021-12-21,JPM,1.3966480446927498,0.07370778692052103,1.322940257772229,1.322940257772229
2021-12-22,JPM,0.3908001793836879,0.07370778692052103,0.31709239246316684,0.31709239246316684
2021-12-23,JPM,0.3573707721761243,0.07370778692052103,0.28366298525560324,0.28366298525560324
2021-12-27,JPM,0.5723006486074045,0.07370778692052103,0.49859286168688344,0.49859286168688344
2021-12-28,JPM,0.3034901365705611,0.07370778692052103,0.22978234965004007,0.22978234965004007
2021-12-29,JPM,-0.05042864346948,0.07370778692052103,-0.12413643039000102,0.12413643039000102
2021-12-30,JPM,-0.0504540867810376,0.07370778692052103,-0.12416187370155862,0.12416187370155862
2021-12-31,JPM,-0.0820292781423481,0.07370778692052103,-0.15573706506286913,0.15573706506286913
2022-01-03,JPM,2.115566782443956,0.07370778692052103,2.041858995523435,2.041858995523435
2022-01-04,JPM,3.790970933828097,0.07370778692052103,3.717263146907576,3.717263146907576
2022-01-05,JPM,-2.413156169933872,0.07370778692052103,-2.486863956854393,2.486863956854393
2022-01-06,JPM,1.0624007815362102,0.07370778692052103,0.9886929946156892,0.9886929946156892
2022-01-07,JPM,0.9908168197196644,0.07370778692052103,0.9171090327991434,0.9171090327991434
2022-01-10,JPM,0.0957166786312413,0.07370778692052103,0.022008891710720263,0.022008891710720263
2022-01-11,JPM,0.1016017212527087,0.07370778692052103,0.02789393433218766,0.02789393433218766
2022-01-12,JPM,0.5671980416741329,0.07370778692052103,0.49349025475361186,0.49349025475361186
2022-01-13,JPM,-0.1246734742341493,0.07370778692052103,-0.19838126115467034,0.19838126115467034
2022-01-14,JPM,-6.1463472626761,0.07370778692052103,-6.220055049596621,6.220055049596621
2022-01-18,JPM,-4.192792450440164,0.07370778692052103,-4.2665002373606855,4.2665002373606855
2022-01-19,JPM,-1.546902888874202,0.07370778692052103,-1.620610675794723,1.620610675794723
2022-01-20,JPM,-0.8527496139125845,0.07370778692052103,-0.9264574008331056,0.9264574008331056
2022-01-21,JPM,-1.7472572125152297,0.07370778692052103,-1.8209649994357506,1.8209649994357506
2022-01-24,JPM,-0.0896057347670398,0.07370778692052103,-0.16331352168756083,0.16331352168756083
2022-01-25,JPM,1.0900310451880113,0.07370778692052103,1.0163232582674904,1.0163232582674904
2022-01-26,JPM,0.9486112058963992,0.07370778692052103,0.8749034189758782,0.8749034189758782
2022-01-27,JPM,-1.7644672796105931,0.07370778692052103,-1.838175066531114,1.838175066531114
2022-01-28,JPM,0.8946390475535138,0.07370778692052103,0.8209312606329927,0.8209312606329927
2022-01-31,JPM,1.3573426096446184,0.07370778692052103,1.2836348227240975,1.2836348227240975
2022-02-01,JPM,1.7160161507402405,0.07370778692052103,1.6423083638197196,1.6423083638197196
2022-02-02,JPM,-0.800529275554096,0.07370778692052103,-0.8742370624746171,0.8742370624746171
2022-02-03,JPM,-0.8269974656529344,0.07370778692052103,-0.9007052525734555,0.9007052525734555
2022-02-04,JPM,2.595830531271015,0.07370778692052103,2.522122744350494,2.522122744350494
2022-02-07,JPM,0.3342947037231258,0.07370778692052103,0.26058691680260476,0.26058691680260476
2022-02-08,JPM,1.8814921277846783,0.07370778692052103,1.8077843408641574,1.8077843408641574
2022-02-09,JPM,0.4168002564924666,0.07370778692052103,0.34309246957194556,0.34309246957194556
2022-02-10,JPM,-0.4150702426564567,0.07370778692052103,-0.48877802957697775,0.48877802957697775
2022-02-11,JPM,-1.301699262584166,0.07370778692052103,-1.3754070495046868,1.3754070495046868
2022-02-14,JPM,-0.9290540540540349,0.07370778692052103,-1.0027618409745558,1.0027618409745558
2022-02-15,JPM,1.4623909764574616,0.07370778692052103,1.3886831895369407,1.3886831895369407
2022-02-16,JPM,0.1809720785935997,0.07370778692052103,0.10726429167307867,0.10726429167307867
2022-02-17,JPM,-2.303225806451603,0.07370778692052103,-2.376933593372124,2.376933593372124
2022-02-18,JPM,0.4688635012877196,0.07370778692052103,0.39515571436719854,0.39515571436719854
2022-02-22,JPM,-0.1774681214670614,0.07370778692052103,-0.2511759083875824,0.2511759083875824
2022-02-23,JPM,-2.093896095344705,0.07370778692052103,-2.167603882265226,2.167603882265226
2022-02-24,JPM,-2.7843163629026724,0.07370778692052103,-2.8580241498231933,2.8580241498231933
2022-02-25,JPM,2.365963334486332,0.07370778692052103,2.292255547565811,2.292255547565811
2022-02-28,JPM,-4.169764141380005,0.07370778692052103,-4.243471928300527,4.243471928300527
2022-03-01,JPM,-3.772919605077585,0.07370778692052103,-3.8466273919981058,3.8466273919981058
2022-03-02,JPM,2.074019787467951,0.07370778692052103,2.00031200054743,2.00031200054743
2022-03-03,JPM,-0.7107983917288951,0.07370778692052103,-0.7845061786494162,0.7845061786494162
2022-03-04,JPM,-2.8129293513630693,0.07370778692052103,-2.8866371382835903,2.8866371382835903
2022-03-07,JPM,-3.8616071428571375,0.07370778692052103,-3.9353149297776584,3.9353149297776584
2022-03-08,JPM,-0.7042798545004225,0.07370778692052103,-0.7779876414209436,0.7779876414209436
2022-03-09,JPM,4.006235385814483,0.07370778692052103,3.932527598893962,3.932527598893962
2022-03-10,JPM,-1.184052757793752,0.07370778692052103,-1.257760544714273,1.257760544714273
2022-03-11,JPM,-2.2523888973153494,0.07370778692052103,-2.3260966842358703,2.3260966842358703
2022-03-14,JPM,0.993094887113033,0.07370778692052103,0.9193871001925119,0.9193871001925119
2022-03-15,JPM,1.7746024429592169,0.07370778692052103,1.700894656038696,1.700894656038696
2022-03-16,JPM,4.468599033816445,0.07370778692052103,4.394891246895924,4.394891246895924
2022-03-17,JPM,1.264450867052025,0.07370778692052103,1.190743080131504,1.190743080131504
2022-03-18,JPM,-0.0356760613628326,0.07370778692052103,-0.10938384828335362,0.10938384828335362
2022-03-21,JPM,-0.321199143468942,0.07370778692052103,-0.39490693038946306,0.39490693038946306
2022-03-22,JPM,2.12674543501612,0.07370778692052103,2.053037648095599,2.053037648095599
2022-03-23,JPM,-1.9913055672416191,0.07370778692052103,-2.06501335416214,2.06501335416214
2022-03-24,JPM,0.6510230361997493,0.07370778692052103,0.5773152492792283,0.5773152492792283
2022-03-25,JPM,0.8742625630819401,0.07370778692052103,0.800554776161419,0.800554776161419
2022-03-28,JPM,-0.7398534385569255,0.07370778692052103,-0.8135612254774466,0.8135612254774466
2022-03-29,JPM,0.2200610491942978,0.07370778692052103,0.14635326227377676,0.14635326227377676
2022-03-30,JPM,-0.4533220002833404,0.07370778692052103,-0.5270297872038614,0.5270297872038614
2022-03-31,JPM,-3.0027038565532904,0.07370778692052103,-3.0764116434738114,3.0764116434738114
2022-04-01,JPM,-0.7409037558685383,0.07370778692052103,-0.8146115427890593,0.8146115427890593
2022-04-04,JPM,0.4434262064888061,0.07370778692052103,0.36971841956828505,0.36971841956828505
2022-04-05,JPM,-1.8909572511220607,0.07370778692052103,-1.9646650380425816,1.9646650380425816
2022-04-06,JPM,-1.3874306284685778,0.07370778692052103,-1.4611384153890987,1.4611384153890987
2022-04-07,JPM,-0.3042056430146767,0.07370778692052103,-0.3779134299351977,0.3779134299351977
2022-04-08,JPM,1.8308032649325008,0.07370778692052103,1.7570954780119798,1.7570954780119798
2022-04-11,JPM,-0.3670686942842227,0.07370778692052103,-0.4407764812047437,0.4407764812047437
2022-04-12,JPM,-1.097744360902264,0.07370778692052103,-1.1714521478227848,1.1714521478227848
2022-04-13,JPM,-3.2233541128173893,0.07370778692052103,-3.29706189973791,3.29706189973791
2022-04-14,JPM,-0.9269442262372252,0.07370778692052103,-1.000652013157746,1.000652013157746
2022-04-18,JPM,1.8553758325404512,0.07370778692052103,1.7816680456199303,1.7816680456199303
2022-04-19,JPM,2.070683481239288,0.07370778692052103,1.9969756943187669,1.9969756943187669
2022-04-20,JPM,0.3508236729713232,0.07370778692052103,0.2771158860508022,0.2771158860508022
2022-04-21,JPM,-0.7751937984496249,0.07370778692052103,-0.8489015853701459,0.8489015853701459
2022-04-22,JPM,-2.8722426470588203,0.07370778692052103,-2.945950433979341,2.945950433979341
2022-04-25,JPM,-0.0315432536866278,0.07370778692052103,-0.10525104060714882,0.10525104060714882
2022-04-26,JPM,-2.958113118245642,0.07370778692052103,-3.031820905166163,3.031820905166163
2022-04-27,JPM,-1.3006015282067906,0.07370778692052103,-1.3743093151273116,1.3743093151273116
2022-04-28,JPM,1.58128809092406,0.07370778692052103,1.5075803040035392,1.5075803040035392
2022-04-29,JPM,-3.2268526025620248,0.07370778692052103,-3.3005603894825457,3.3005603894825457
2022-05-02,JPM,0.9132037533511994,0.07370778692052103,0.8394959664306784,0.8394959664306784
2022-05-03,JPM,2.1419676214196715,0.07370778692052103,2.0682598344991505,2.0682598344991505
2022-05-04,JPM,3.308136226936509,0.07370778692052103,3.234428440015988,3.234428440015988
2022-05-05,JPM,-2.501966955153412,0.07370778692052103,-2.5756747420739328,2.5756747420739328
2022-05-06,JPM,-0.1613944480309936,0.07370778692052103,-0.2351022349515146,0.2351022349515146
2022-05-09,JPM,-1.5033947623666388,0.07370778692052103,-1.5771025492871598,1.5771025492871598
2022-05-10,JPM,-2.4372230428360453,0.07370778692052103,-2.5109308297565662,2.5109308297565662
2022-05-11,JPM,-0.6308352258390104,0.07370778692052103,-0.7045430127595315,0.7045430127595315
2022-05-12,JPM,-0.0846453360419774,0.07370778692052103,-0.15835312296249843,0.15835312296249843
2022-05-13,JPM,0.8895289732294032,0.07370778692052103,0.8158211863088821,0.8158211863088821
2022-05-16,JPM,-0.6969518851288936,0.07370778692052103,-0.7706596720494147,0.7706596720494147
2022-05-17,JPM,3.3147302553695246,0.07370778692052103,3.2410224684490037,3.2410224684490037
2022-05-18,JPM,-1.71059093141267,0.07370778692052103,-1.7842987183331909,1.7842987183331909
2022-05-19,JPM,-1.4822216670830168,0.07370778692052103,-1.5559294540035378,1.5559294540035378
2022-05-20,JPM,-0.8198799763333597,0.07370778692052103,-0.8935877632538808,0.8935877632538808
2022-05-23,JPM,6.18714845747399,0.07370778692052103,6.1134406705534685,6.1134406705534685
2022-05-24,JPM,1.4125200642054692,0.07370778692052103,1.3388122772849482,1.3388122772849482
2022-05-25,JPM,0.6964229186451343,0.07370778692052103,0.6227151317246132,0.6227151317246132
2022-05-26,JPM,1.7290160326941306,0.07370778692052103,1.6553082457736097,1.6553082457736097
2022-05-27,JPM,1.4137824474660166,0.07370778692052103,1.3400746605454956,1.3400746605454956
2022-05-31,JPM,0.731317132627396,0.07370778692052103,0.6576093457068749,0.6576093457068749
2022-06-01,JPM,-1.7545186417605607,0.07370778692052103,-1.8282264286810817,1.8282264286810817
2022-06-02,JPM,1.608806096528359,0.07370778692052103,1.535098309607838,1.535098309607838
2022-06-03,JPM,-1.3939393939393918,0.07370778692052103,-1.4676471808599127,1.4676471808599127
2022-06-06,JPM,-0.3303626306084828,0.07370778692052103,-0.40407041752900386,0.40407041752900386
2022-06-07,JPM,0.2620827873275333,0.07370778692052103,0.18837500040701227,0.18837500040701227
2022-06-08,JPM,-1.5914507572845291,0.07370778692052103,-1.66515854420505,1.66515854420505
2022-06-09,JPM,-2.1015624999999982,0.07370778692052103,-2.175270286920519,2.175270286920519
2022-06-10,JPM,-4.596600430931296,0.07370778692052103,-4.670308217851818,4.670308217851818
2022-06-13,JPM,-2.9778335424508584,0.07370778692052103,-3.0515413293713793,3.0515413293713793
2022-06-14,JPM,-1.6639365462539857,0.07370778692052103,-1.7376443331745066,1.7376443331745066
2022-06-15,JPM,1.183587585481316,0.07370778692052103,1.109879798560795,1.109879798560795
2022-06-16,JPM,-1.7156225630361233,0.07370778692052103,-1.7893303499566442,1.7893303499566442
2022-06-17,JPM,-0.3526403949572487,0.07370778692052103,-0.42634818187776974,0.42634818187776974
2022-06-21,JPM,2.477218437582951,0.07370778692052103,2.40351065066243,2.40351065066243
2022-06-22,JPM,-0.561167227833892,0.07370778692052103,-0.634875014754413,0.634875014754413
2022-06-23,JPM,-1.093939920125031,0.07370778692052103,-1.167647707045552,1.167647707045552
2022-06-24,JPM,2.9845505617977386,0.07370778692052103,2.9108427748772177,2.9108427748772177
2022-06-27,JPM,-0.8012274122059293,0.07370778692052103,-0.8749351991264503,0.8749351991264503
2022-06-28,JPM,-0.4811823337343202,0.07370778692052103,-0.5548901206548412,0.5548901206548412
2022-06-29,JPM,-0.448972543602133,0.07370778692052103,-0.5226803305226541,0.5226803305226541
2022-06-30,JPM,-2.3330442324371203,0.07370778692052103,-2.4067520193576413,2.4067520193576413
2022-07-01,JPM,1.278749666992263,0.07370778692052103,1.205041880071742,1.205041880071742
2022-07-05,JPM,-1.2538360368259505,0.07370778692052103,-1.3275438237464714,1.3275438237464714
2022-07-06,JPM,-0.648197478245427,0.07370778692052103,-0.721905265165948,0.721905265165948
2022-07-07,JPM,2.5292698185718,0.07370778692052103,2.455562031651279,2.455562031651279
2022-07-08,JPM,-0.3138075313807498,0.07370778692052103,-0.38751531830127084,0.38751531830127084
2022-07-11,JPM,-1.3116474291710367,0.07370778692052103,-1.3853552160915577,1.3853552160915577
2022-07-12,JPM,0.0974658869395739,0.07370778692052103,0.023758100019052875,0.023758100019052875
2022-07-13,JPM,-0.9383022041249856,0.07370778692052103,-1.0120099910455065,1.0120099910455065
2022-07-14,JPM,-3.4938790099186767,0.07370778692052103,-3.5675867968391977,3.5675867968391977
2022-07-15,JPM,4.583333333333339,0.07370778692052103,4.509625546412818,4.509625546412818
2022-07-18,JPM,-1.0270030987162393,0.07370778692052103,-1.1007108856367602,1.1007108856367602
2022-07-19,JPM,2.477860273727517,0.07370778692052103,2.404152486806996,2.404152486806996
2022-07-20,JPM,-0.0174581005586538,0.07370778692052103,-0.09116588747917484,0.09116588747917484
2022-07-21,JPM,0.6809848088004111,0.07370778692052103,0.6072770218798901,0.6072770218798901
2022-07-22,JPM,-0.4856052722858051,0.07370778692052103,-0.5593130592063261,0.5593130592063261
2022-07-25,JPM,0.4008365284071002,0.07370778692052103,0.32712874148657917,0.32712874148657917
2022-07-26,JPM,-1.5622287797257384,0.07370778692052103,-1.6359365666462593,1.6359365666462593
2022-07-27,JPM,1.6046552636219236,0.07370778692052103,1.5309474767014026,1.5309474767014026
2022-07-28,JPM,-0.3731343283582045,0.07370778692052103,-0.4468421152787255,0.4468421152787255
2022-07-29,JPM,0.4790523473565011,0.07370778692052103,0.40534456043598005,0.40534456043598005
2022-08-01,JPM,-0.9968793342579828,0.07370778692052103,-1.0705871211785039,1.0705871211785039
2022-08-02,JPM,-1.558532527799661,0.07370778692052103,-1.6322403147201818,1.6322403147201818
2022-08-03,JPM,1.0495419372053671,0.07370778692052103,0.9758341502848461,0.9758341502848461
2022-08-04,JPM,-1.1002552592201398,0.07370778692052103,-1.1739630461406607,1.1739630461406607
2022-08-05,JPM,3.025987896048421,0.07370778692052103,2.9522801091279,2.9522801091279
2022-08-08,JPM,-1.2180373185901927,0.07370778692052103,-1.2917451055107136,1.2917451055107136
2022-08-09,JPM,0.9007433318758196,0.07370778692052103,0.8270355449552985,0.8270355449552985
2022-08-10,JPM,2.608771017507361,0.07370778692052103,2.53506323058684,2.53506323058684
2022-08-11,JPM,1.4781653855900023,0.07370778692052103,1.4044575986694814,1.4044575986694814
2022-08-12,JPM,1.6564008656567264,0.07370778692052103,1.5826930787362055,1.5826930787362055
2022-08-15,JPM,0.270203881110298,0.07370778692052103,0.19649609418977698,0.19649609418977698
2022-08-16,JPM,0.9554140127388644,0.07370778692052103,0.8817062258183433,0.8817062258183433
2022-08-17,JPM,-0.8412197686645584,0.07370778692052103,-0.9149275555850794,0.9149275555850794
2022-08-18,JPM,-0.7749408597764962,0.07370778692052103,-0.8486486466970172,0.8486486466970172
2022-08-19,JPM,-2.474514962183494,0.07370778692052103,-2.548222749104015,2.548222749104015
2022-08-22,JPM,-1.652195903228515,0.07370778692052103,-1.7259036901490359,1.7259036901490359
2022-08-23,JPM,-0.9856861232536264,0.07370778692052103,-1.0593939101741474,1.0593939101741474
2022-08-24,JPM,0.2423822714681556,0.07370778692052103,0.16867448454763456,0.16867448454763456
2022-08-25,JPM,2.3747841105353995,0.07370778692052103,2.3010763236148786,2.3010763236148786
2022-08-26,JPM,-3.272880641079712,0.07370778692052103,-3.346588428000233,3.346588428000233
2022-08-29,JPM,-0.2441789482863887,0.07370778692052103,-0.31788673520690974,0.31788673520690974
2022-08-30,JPM,0.0174840458081915,0.07370778692052103,-0.05622374111232953,0.05622374111232953
2022-08-31,JPM,-0.5943536404160454,0.07370778692052103,-0.6680614273365665,0.6680614273365665
2022-09-01,JPM,0.6858348720654162,0.07370778692052103,0.6121270851448951,0.6121270851448951
2022-09-02,JPM,-0.6986289407038826,0.07370778692052103,-0.7723367276244036,0.7723367276244036
2022-09-06,JPM,0.0263829038782859,0.07370778692052103,-0.04732488304223513,0.04732488304223513
2022-09-07,JPM,1.899068049938468,0.07370778692052103,1.825360263017947,1.825360263017947
2022-09-08,JPM,2.3295944779982536,0.07370778692052103,2.2558866910777327,2.2558866910777327
2022-09-09,JPM,0.4806070826306907,0.07370778692052103,0.40689929571016964,0.40689929571016964
2022-09-12,JPM,1.1831836871695869,0.07370778692052103,1.109475900249066,1.109475900249066
2022-09-13,JPM,-3.4748714546359194,0.07370778692052103,-3.5485792415564403,3.5485792415564403
2022-09-14,JPM,-0.2319786923275169,0.07370778692052103,-0.30568647924803793,0.30568647924803793
2022-09-15,JPM,1.5070616603513498,0.07370778692052103,1.4333538734308289,1.4333538734308289
2022-09-16,JPM,-0.6702299143123813,0.07370778692052103,-0.7439377012329024,0.7439377012329024
2022-09-19,JPM,0.9224461906388814,0.07370778692052103,0.8487384037183604,0.8487384037183604
2022-09-20,JPM,-1.9719025050778605,0.07370778692052103,-2.0456102919983814,2.0456102919983814
2022-09-21,JPM,-2.8835362168695533,0.07370778692052103,-2.9572440037900742,2.9572440037900742
2022-09-22,JPM,-1.1378789225709007,0.07370778692052103,-1.2115867094914217,1.2115867094914217
2022-09-23,JPM,-1.8613434043701085,0.07370778692052103,-1.9350511912906294,1.9350511912906294
2022-09-26,JPM,-2.1531977276892045,0.07370778692052103,-2.2269055146097254,2.2269055146097254
2022-09-27,JPM,-0.8802322314823585,0.07370778692052103,-0.9539400184028796,0.9539400184028796
2022-09-28,JPM,2.0217288615965945,0.07370778692052103,1.9480210746760735,1.9480210746760735
2022-09-29,JPM,-1.694601351977032,0.07370778692052103,-1.768309138897553,1.768309138897553
2022-09-30,JPM,-1.5636774679728682,0.07370778692052103,-1.6373852548933892,1.6373852548933892
2022-10-03,JPM,3.0909090909091,0.07370778692052103,3.017201303988579,3.017201303988579
2022-10-04,JPM,4.678362573099415,0.07370778692052103,4.604654786178894,4.604654786178894
2022-10-05,JPM,-2.110490378646801,0.07370778692052103,-2.184198165567322,2.184198165567322
2022-10-06,JPM,-2.0382281003714087,0.07370778692052103,-2.1119358872919296,2.1119358872919296
2022-10-07,JPM,-1.9974107638246696,0.07370778692052103,-2.0711185507451906,2.0711185507451906
2022-10-10,JPM,-0.9341385167012772,0.07370778692052103,-1.0078463036217982,1.0078463036217982
2022-10-11,JPM,-2.885989141823031,0.07370778692052103,-2.959696928743552,2.959696928743552
2022-10-12,JPM,1.618281679089839,0.07370778692052103,1.5445738921693182,1.5445738921693182
2022-10-13,JPM,5.559308947012842,0.07370778692052103,5.485601160092321,5.485601160092321
2022-10-14,JPM,1.6640760720489922,0.07370778692052103,1.5903682851284713,1.5903682851284713
2022-10-17,JPM,4.2000179872290655,0.07370778692052103,4.126310200308544,4.126310200308544
2022-10-18,JPM,2.572069739340588,0.07370778692052103,2.498361952420067,2.498361952420067
2022-10-19,JPM,-1.960619320094248,0.07370778692052103,-2.0343271070147693,2.0343271070147693
2022-10-20,JPM,-0.3261522616084589,0.07370778692052103,-0.39986004852897994,0.39986004852897994
2022-10-21,JPM,5.252734004994419,0.07370778692052103,5.179026218073898,5.179026218073898
2022-10-24,JPM,0.122719463306864,0.07370778692052103,0.04901167638634296,0.04901167638634296
2022-10-25,JPM,0.2614806340905495,0.07370778692052103,0.18777284717002846,0.18777284717002846
2022-10-26,JPM,1.1491442542787222,0.07370778692052103,1.0754364673582013,1.0754364673582013
2022-10-27,JPM,0.3948110547095318,0.07370778692052103,0.32110326778901077,0.32110326778901077
2022-10-28,JPM,1.1878009630818642,0.07370778692052103,1.1140931761613433,1.1140931761613433
2022-10-31,JPM,-0.1586294416243694,0.07370778692052103,-0.23233722854489042,0.23233722854489042
2022-11-01,JPM,1.8033047346679432,0.07370778692052103,1.7295969477474222,1.7295969477474222
2022-11-02,JPM,-0.9207959422551704,0.07370778692052103,-0.9945037291756914,0.9945037291756914
2022-11-03,JPM,0.1811451523981988,0.07370778692052103,0.10743736547767778,0.10743736547767778
2022-11-04,JPM,2.7358490566037785,0.07370778692052103,2.6621412696832576,2.6621412696832576
2022-11-07,JPM,0.5280073461891632,0.07370778692052103,0.4542995592686422,0.4542995592686422
2022-11-08,JPM,0.0608967039658958,0.07370778692052103,-0.012811082954625234,0.012811082954625234
2022-11-09,JPM,-1.3008748573602014,0.07370778692052103,-1.3745826442807223,1.3745826442807223
2022-11-10,JPM,4.115924156004325,0.07370778692052103,4.042216369083803,4.042216369083803
2022-11-11,JPM,0.1628664495114007,0.07370778692052103,0.08915866259087966,0.08915866259087966
2022-11-14,JPM,-1.027346637102744,0.07370778692052103,-1.101054424023265,1.101054424023265
2022-11-15,JPM,-0.7243671122395656,0.07370778692052103,-0.7980748991600867,0.7980748991600867
2022-11-16,JPM,0.1353994283135318,0.07370778692052103,0.06169164139301077,0.06169164139301077
2022-11-17,JPM,-0.4356971153846256,0.07370778692052103,-0.5094049023051466,0.5094049023051466
2022-11-18,JPM,0.9808359740455908,0.07370778692052103,0.9071281871250697,0.9071281871250697
2022-11-21,JPM,-0.5902570233114135,0.07370778692052103,-0.6639648102319345,0.6639648102319345
2022-11-22,JPM,1.4956783164223886,0.07370778692052103,1.4219705295018676,1.4219705295018676
2022-11-23,JPM,1.0663507109004655,0.07370778692052103,0.9926429239799445,0.9926429239799445
2022-11-25,JPM,0.1905041031653231,0.07370778692052103,0.11679631624480206,0.11679631624480206
2022-11-28,JPM,-1.7478426210326248,0.07370778692052103,-1.8215504079531457,1.8215504079531457
2022-11-29,JPM,1.6449572013397915,0.07370778692052103,1.5712494144192706,1.5712494144192706
2022-11-30,JPM,1.1862917398945516,0.07370778692052103,1.1125839529740307,1.1125839529740307
2022-12-01,JPM,-1.4039658416558076,0.07370778692052103,-1.4776736285763286,1.4776736285763286
2022-12-02,JPM,-0.7927187316500439,0.07370778692052103,-0.866426518570565,0.866426518570565
2022-12-05,JPM,-2.8040840485350604,0.07370778692052103,-2.8777918354555814,2.8777918354555814
2022-12-06,JPM,0.1674659359062191,0.07370778692052103,0.09375814898569808,0.09375814898569808
2022-12-07,JPM,-0.0683942548825977,0.07370778692052103,-0.14210204180311875,0.14210204180311875
2022-12-08,JPM,1.049429657794665,0.07370778692052103,0.9757218708741439,0.9757218708741439
2022-12-09,JPM,-0.5418422636965681,0.07370778692052103,-0.6155500506170891,0.6155500506170891
2022-12-12,JPM,1.5511501210653922,0.07370778692052103,1.4774423341448712,1.4774423341448712
2022-12-13,JPM,-0.0968631249534279,0.07370778692052103,-0.17057091187394893,0.17057091187394893
2022-12-14,JPM,-0.4997016706444035,0.07370778692052103,-0.5734094575649246,0.5734094575649246
2022-12-15,JPM,-2.481073382804888,0.07370778692052103,-2.554781169725409,2.554781169725409
2022-12-16,JPM,-0.6225980015372778,0.07370778692052103,-0.6963057884577989,0.6963057884577989
2022-12-19,JPM,0.5955603681645938,0.07370778692052103,0.5218525812440727,0.5218525812440727
2022-12-20,JPM,0.4843918191603791,0.07370778692052103,0.41068403223985805,0.41068403223985805
2022-12-21,JPM,1.12479914301018,0.07370778692052103,1.051091356089659,1.051091356089659
2022-12-22,JPM,-1.134987893462469,0.07370778692052103,-1.20869568038299,1.20869568038299
2022-12-23,JPM,0.4745140058166175,0.07370778692052103,0.40080621889609647,0.40080621889609647
2022-12-27,JPM,0.3503960999390765,0.07370778692052103,0.27668831301855545,0.27668831301855545
2022-12-28,JPM,0.5465310459996875,0.07370778692052103,0.47282325907916645,0.47282325907916645
2022-12-29,JPM,0.5737581156575411,0.07370778692052103,0.50005032873702,0.50005032873702
2022-12-30,JPM,0.6605614772556612,0.07370778692052103,0.5868536903351401,0.5868536903351401
2023-01-03,JPM,0.7606263982103068,0.07370778692052103,0.6869186112897857,0.6869186112897857
2023-01-04,JPM,0.9325044404973282,0.07370778692052103,0.8587966535768071,0.8587966535768071
2023-01-05,JPM,-0.755242704208825,0.07370778692052103,-0.828950491129346,0.828950491129346
2023-01-06,JPM,1.9135574436645708,0.07370778692052103,1.8398496567440499,1.8398496567440499
2023-01-09,JPM,-0.4132231404958664,0.07370778692052103,-0.48693092741638744,0.48693092741638744
2023-01-10,JPM,0.8953920069884269,0.07370778692052103,0.8216842200679059,0.8216842200679059
2023-01-11,JPM,0.7431457431457344,0.07370778692052103,0.6694379562252134,0.6694379562252134
2023-01-12,JPM,-0.100264986034515,0.07370778692052103,-0.17397277295503605,0.17397277295503605
2023-01-13,JPM,2.52347838554734,0.07370778692052103,2.4497705986268192,2.4497705986268192
2023-01-17,JPM,-1.5453464792671734,0.07370778692052103,-1.6190542661876943,1.6190542661876943
2023-01-18,JPM,-3.004261363636373,0.07370778692052103,-3.077969150556894,3.077969150556894
2023-01-19,JPM,-1.332649923116347,0.07370778692052103,-1.4063577100368678,1.4063577100368678
2023-01-20,JPM,0.2448979591836764,0.07370778692052103,0.17119017226315536,0.17119017226315536
2023-01-23,JPM,1.6212614746816678,0.07370778692052103,1.5475536877611469,1.5475536877611469
2023-01-24,JPM,0.8596197275442474,0.07370778692052103,0.7859119406237264,0.7859119406237264
2023-01-25,JPM,0.4839292163235864,0.07370778692052103,0.41022142940306533,0.41022142940306533
2023-01-26,JPM,0.6181713628522045,0.07370778692052103,0.5444635759316835,0.5444635759316835
2023-01-27,JPM,0.2428918416916836,0.07370778692052103,0.16918405477116255,0.16918405477116255
2023-01-30,JPM,-0.8480615735461772,0.07370778692052103,-0.9217693604666982,0.9217693604666982
2023-01-31,JPM,0.596564364263652,0.07370778692052103,0.522856577343131,0.522856577343131
2023-02-01,JPM,-0.2643612460703104,0.07370778692052103,-0.33806903299083146,0.33806903299083146
2023-02-02,JPM,-0.4656494018196233,0.07370778692052103,-0.5393571887401443,0.5393571887401443
2023-02-03,JPM,1.5474305455592363,0.07370778692052103,1.4737227586387154,1.4737227586387154
2023-02-06,JPM,0.5882769863207793,0.07370778692052103,0.5145691994002582,0.5145691994002582
2023-02-07,JPM,1.218996617812862,0.07370778692052103,1.145288830892341,1.145288830892341
2023-02-08,JPM,-0.7030978071702165,0.07370778692052103,-0.7768055940907376,0.7768055940907376
2023-02-09,JPM,-1.5563656758272535,0.07370778692052103,-1.6300734627477744,1.6300734627477744
2023-02-10,JPM,0.4415325452214791,0.07370778692052103,0.36782475830095807,0.36782475830095807
2023-02-13,JPM,1.0847986386840702,0.07370778692052103,1.0110908517635493,1.0110908517635493
2023-02-14,JPM,0.4418881952724884,0.07370778692052103,0.36818040835196736,0.36818040835196736
2023-02-15,JPM,0.4189944134078471,0.07370778692052103,0.34528662648732605,0.34528662648732605
2023-02-16,JPM,-1.3769123783032078,0.07370778692052103,-1.4506201652237287,1.4506201652237287
2023-02-17,JPM,0.2961500493583457,0.07370778692052103,0.22244226243782467,0.22244226243782467
2023-02-21,JPM,-1.8349268841394872,0.07370778692052103,-1.9086346710600082,1.9086346710600082
2023-02-22,JPM,-0.766310964692396,0.07370778692052103,-0.8400187516129171,0.8400187516129171
2023-02-23,JPM,0.8010969976905313,0.07370778692052103,0.7273892107700103,0.7273892107700103
2023-02-24,JPM,0.9021264408964224,0.07370778692052103,0.8284186539759013,0.8284186539759013
2023-02-27,JPM,0.8727737174483607,0.07370778692052103,0.7990659305278397,0.7990659305278397
2023-02-28,JPM,0.8370849746764275,0.07370778692052103,0.7633771877559065,0.7633771877559065
2023-03-01,JPM,-0.5580746424834193,0.07370778692052103,-0.6317824294039404,0.6317824294039404
2023-03-02,JPM,-1.0382321992283503,0.07370778692052103,-1.1119399861488712,1.1119399861488712
2023-03-03,JPM,1.8359679591692049,0.07370778692052103,1.762260172248684,1.762260172248684
2023-03-06,JPM,-0.5847139078379526,0.07370778692052103,-0.6584216947584737,0.6584216947584737
2023-03-07,JPM,-2.9407645987956754,0.07370778692052103,-3.0144723857161964,3.0144723857161964
2023-03-08,JPM,-0.5915452315683134,0.07370778692052103,-0.6652530184888344,0.6652530184888344
2023-03-09,JPM,-5.413642960812782,0.07370778692052103,-5.487350747733303,5.487350747733303
2023-03-10,JPM,2.539512045419668,0.07370778692052103,2.465804258499147,2.465804258499147
2023-03-13,JPM,-1.795735129068465,0.07370778692052103,-1.869442915988986,1.869442915988986
2023-03-14,JPM,2.567619047619041,2.567619047619049,-7.993605777301127e-15,7.993605777301127e-15
2023-03-15,JPM,-4.724409448818912,0.07370778692052103,-4.798117235739434,4.798117235739434
2023-03-16,JPM,1.941369094027756,0.07370778692052103,1.867661307107235,1.867661307107235
2023-03-17,JPM,-3.77820267686424,0.07370778692052103,-3.851910463784761,3.851910463784761
2023-03-20,JPM,1.0571496701375027,0.07370778692052103,0.9834418832169817,0.9834418832169817
2023-03-21,JPM,2.6820827434324457,0.07370778692052103,2.6083749565119247,2.6083749565119247
2023-03-22,JPM,-2.581386441976252,0.07370778692052103,-2.655094228896773,2.655094228896773
2023-03-23,JPM,-0.2673376317031017,0.07370778692052103,-0.34104541862362275,0.34104541862362275
2023-03-24,JPM,-1.5216020182907686,0.07370778692052103,-1.5953098052112895,1.5953098052112895
2023-03-27,JPM,2.866063565767352,0.07370778692052103,2.792355778846831,2.792355778846831
2023-03-28,JPM,0.3035255661919089,0.07370778692052103,0.22981777927138786,0.22981777927138786
2023-03-29,JPM,0.2017380509000466,0.07370778692052103,0.12803026397952555,0.12803026397952555
2023-03-30,JPM,-0.3019978318104299,0.07370778692052103,-0.37570561873095093,0.37570561873095093
2023-03-31,JPM,1.2116504854368992,0.07370778692052103,1.1379426985163783,1.1379426985163783
2023-04-03,JPM,-0.1151101220167372,0.07370778692052103,-0.18881790893725825,0.18881790893725825
2023-04-04,JPM,-1.3368162261831684,0.07370778692052103,-1.4105240131036894,1.4105240131036894
2023-04-05,JPM,-0.6307428749415922,0.07370778692052103,-0.7044506618621132,0.7044506618621132
2023-04-06,JPM,-0.1097092704333557,0.07370778692052103,-0.18341705735387673,0.18341705735387673
2023-04-10,JPM,0.3294892915980174,0.07370778692052103,0.25578150467749633,0.25578150467749633
2023-04-11,JPM,0.4926108374384341,0.07370778692052103,0.41890305051791304,0.41890305051791304
2023-04-12,JPM,-0.0155617802676699,0.07370778692052103,-0.08926956718819093,0.08926956718819093
2023-04-13,JPM,0.38132295719846,0.07370778692052103,0.30761517027793894,0.30761517027793894
2023-04-14,JPM,7.550972943639023,0.07370778692052103,7.477265156718501,7.477265156718501
2023-04-17,JPM,0.7929070857060738,0.07370778692052103,0.7191992987855528,0.7191992987855528
2023-04-18,JPM,1.122791961667735,0.07370778692052103,1.0490841747472142,1.0490841747472142
2023-04-19,JPM,-0.1272984441301305,0.07370778692052103,-0.20100623105065152,0.20100623105065152
2023-04-20,JPM,-0.2903271491290216,0.07370778692052103,-0.3640349360495426,0.3640349360495426
2023-04-21,JPM,-0.191747745188564,0.07370778692052103,-0.265455532109085,0.265455532109085
2023-04-24,JPM,0.1351928276647207,0.07370778692052103,0.06148504074419968,0.06148504074419968
2023-04-25,JPM,-2.1743764655723696,0.07370778692052103,-2.2480842524928906,2.2480842524928906
2023-04-26,JPM,-1.7723541802861953,0.07370778692052103,-1.8460619672067162,1.8460619672067162
2023-04-27,JPM,1.3458552096428544,0.07370778692052103,1.2721474227223335,1.2721474227223335
2023-04-28,JPM,0.8682962422473572,0.07370778692052103,0.7945884553268362,0.7945884553268362
2023-05-01,JPM,2.141203703703698,0.07370778692052103,2.067495916783177,2.067495916783177
2023-05-02,JPM,-1.6147308781869651,0.07370778692052103,-1.688438665107486,1.688438665107486
2023-05-03,JPM,-2.1163259429887726,0.07370778692052103,-2.1900337299092936,2.1900337299092936
2023-05-04,JPM,-1.367848212972489,0.07370778692052103,-1.4415559998930099,1.4415559998930099
2023-05-05,JPM,1.9534745004473608,0.07370778692052103,1.8797667135268399,1.8797667135268399
2023-05-08,JPM,0.2413339183852558,0.07370778692052103,0.16762613146473476,0.16762613146473476
2023-05-09,JPM,-0.4815057999562278,0.07370778692052103,-0.5552135868767488,0.5552135868767488
2023-05-10,JPM,0.0513158859321016,0.07370778692052103,-0.02239190098841943,0.02239190098841943
2023-05-11,JPM,-0.3150644783118217,0.07370778692052103,-0.38877226523234276,0.38877226523234276
2023-05-12,JPM,-1.433296582138932,0.07370778692052103,-1.507004369059453,1.507004369059453
2023-05-15,JPM,0.8426547352721858,0.07370778692052103,0.7689469483516648,0.7689469483516648
2023-05-16,JPM,-0.6729276048214161,0.07370778692052103,-0.7466353917419372,0.7466353917419372
2023-05-17,JPM,3.0747468731387784,0.07370778692052103,3.0010390862182574,3.0010390862182574
2023-05-18,JPM,0.7583965330444364,0.07370778692052103,0.6846887461239154,0.6846887461239154
2023-05-19,JPM,-0.2293906810035828,0.07370778692052103,-0.30309846792410383,0.30309846792410383
2023-05-22,JPM,-0.8262681419744289,0.07370778692052103,-0.8999759288949499,0.8999759288949499
2023-05-23,JPM,-1.0432514670723705,0.07370778692052103,-1.1169592539928914,1.1169592539928914
2023-05-24,JPM,-0.9151475217805128,0.07370778692052103,-0.9888553087010339,0.9888553087010339
2023-05-25,JPM,0.2438303531845598,0.07370778692052103,0.17012256626403877,0.17012256626403877
2023-05-26,JPM,0.9360949362423598,0.07370778692052103,0.8623871493218388,0.8623871493218388
2023-05-30,JPM,0.379728348181696,0.07370778692052103,0.30602056126117494,0.30602056126117494
2023-05-31,JPM,-1.2730976284009876,0.07370778692052103,-1.3468054153215085,1.3468054153215085
2023-06-01,JPM,1.3779382506815985,0.07370778692052103,1.3042304637610775,1.3042304637610775
2023-06-02,JPM,2.100596016862899,0.07370778692052103,2.026888229942378,2.026888229942378
2023-06-05,JPM,-0.9824161742720828,0.07370778692052103,-1.0561239611926039,1.0561239611926039
2023-06-06,JPM,0.1797397368610287,0.07370778692052103,0.10603194994050767,0.10603194994050767
2023-06-07,JPM,0.9688531649203248,0.07370778692052103,0.8951453779998038,0.8951453779998038
2023-06-08,JPM,0.0284313028644511,0.07370778692052103,-0.04527648405606993,0.04527648405606993
2023-06-09,JPM,0.198962552405324,0.07370778692052103,0.12525476548480297,0.12525476548480297
2023-06-12,JPM,-0.0070916956244171,0.07370778692052103,-0.08079948254493813,0.08079948254493813
2023-06-13,JPM,0.72340425531916,0.07370778692052103,0.6496964683986389,0.6496964683986389
2023-06-14,JPM,-0.3731868750880163,0.07370778692052103,-0.44689466200853734,0.44689466200853734
2023-06-15,JPM,1.1308219662166996,0.07370778692052103,1.0571141792961787,1.0571141792961787
2023-06-16,JPM,0.1188063456565746,0.07370778692052103,0.04509855873605356,0.04509855873605356
2023-06-20,JPM,-0.5095630322490496,0.07370778692052103,-0.5832708191695707,0.5832708191695707
2023-06-21,JPM,-0.1473374026520812,0.07370778692052103,-0.22104518957260222,0.22104518957260222
2023-06-22,JPM,-1.9252388982574309,0.07370778692052103,-1.9989466851779518,1.9989466851779518
2023-06-23,JPM,-0.5229975641209417,0.07370778692052103,-0.5967053510414627,0.5967053510414627
2023-06-26,JPM,0.2448685631976976,0.07370778692052103,0.17116077627717657,0.17116077627717657
2023-06-27,JPM,0.0071844241684049,0.07370778692052103,-0.06652336275211614,0.06652336275211614
2023-06-28,JPM,-0.43821839080459,0.07370778692052103,-0.5119261777251111,0.5119261777251111
2023-06-29,JPM,3.4923154628761166,0.07370778692052103,3.4186076759555957,3.4186076759555957
2023-06-30,JPM,1.401380464337998,1.4013804643379837,1.4210854715202004e-14,1.4210854715202004e-14
2023-07-03,JPM,0.8044554455445718,0.07370778692052103,0.7307476586240508,0.7307476586240508
2023-07-05,JPM,-1.3437009753768714,0.07370778692052103,-1.4174087622973923,1.4174087622973923
2023-07-06,JPM,-0.9886615044247592,0.07370778692052103,-1.0623692913452802,1.0623692913452802
2023-07-07,JPM,0.789051043921507,0.07370778692052103,0.715343257000986,0.715343257000986
2023-07-10,JPM,0.5611750034640428,0.07370778692052103,0.48746721654352176,0.48746721654352176
2023-07-11,JPM,1.563899414398895,0.07370778692052103,1.490191627478374,1.490191627478374
2023-07-12,JPM,0.495183828517165,0.07370778692052103,0.421476041596644,0.421476041596644
2023-07-13,JPM,0.4859939250759337,0.07370778692052103,0.41228613815541265,0.41228613815541265
2023-07-14,JPM,0.6045543091287797,0.07370778692052103,0.5308465222082587,0.5308465222082587
2023-07-17,JPM,2.4103625559190656,0.07370778692052103,2.3366547689985446,2.3366547689985446
2023-07-18,JPM,0.1825531360020837,0.14865150278585415,0.03390163321622955,0.03390163321622955
2023-07-19,JPM,0.3839645971625671,0.07370778692052103,0.31025681024204604,0.31025681024204604
2023-07-20,JPM,1.231766612641816,0.07370778692052103,1.1580588257212951,1.1580588257212951
2023-07-21,JPM,-0.7684918347742653,0.07370778692052103,-0.8421996216947863,0.8421996216947863
2023-07-24,JPM,1.968376895772828,0.07370778692052103,1.894669108852307,1.894669108852307
2023-07-25,JPM,-0.7468354430379742,0.07370778692052103,-0.8205432299584953,0.8205432299584953
2023-07-26,JPM,0.5994133401351798,0.07370778692052103,0.5257055532146587,0.5257055532146587
2023-07-27,JPM,-1.1029411764705732,0.07370778692052103,-1.1766489633910941,1.1766489633910941
2023-07-28,JPM,0.5704396872195705,0.07370778692052103,0.49673190029904946,0.49673190029904946
2023-07-31,JPM,0.6691734115097825,0.07370778692052103,0.5954656245892614,0.5954656245892614
2023-08-01,JPM,-0.4937958976956147,0.07370778692052103,-0.5675036846161358,0.5675036846161358
2023-08-02,JPM,-1.132459600458069,0.07370778692052103,-1.2061673873785899,1.2061673873785899
2023-08-03,JPM,0.6113256113255972,0.07370778692052103,0.5376178244050761,0.5376178244050761
2023-08-04,JPM,-0.2110649184521751,0.07370778692052103,-0.2847727053726961,0.2847727053726961
2023-08-07,JPM,0.4742981669016766,0.07370778692052103,0.40059037998115554,0.40059037998115554
2023-08-08,JPM,-0.5613676958407754,0.07370778692052103,-0.6350754827612964,0.6350754827612964
2023-08-09,JPM,-1.3407749550936598,-1.3407749550936714,1.1546319456101628e-14,1.1546319456101628e-14
2023-08-10,JPM,-0.1495545874244053,-0.3886956356576872,0.23914104823328192,0.23914104823328192
2023-08-11,JPM,0.5795780151080843,0.07370778692052103,0.5058702281875632,0.5058702281875632
2023-08-14,JPM,0.20718679184204,0.07370778692052103,0.13347900492151898,0.13347900492151898
2023-08-15,JPM,-2.5457129934741807,0.07370778692052103,-2.6194207803947016,2.6194207803947016
2023-08-16,JPM,-0.4243187694755734,0.07370778692052103,-0.49802655639609444,0.49802655639609444
2023-08-17,JPM,-1.038684333177975,0.07370778692052103,-1.1123921200984959,1.1123921200984959
2023-08-18,JPM,0.2287559712036646,0.07370778692052103,0.15504818428314354,0.15504818428314354
2023-08-21,JPM,0.3423508088876925,0.07370778692052103,0.26864302196717144,0.26864302196717144
2023-08-22,JPM,-2.073856034252075,-2.0738560342520693,-5.773159728050814e-15,5.773159728050814e-15
2023-08-23,JPM,0.6763219018991684,0.07370778692052103,0.6026141149786474,0.6026141149786474
2023-08-24,JPM,-0.0949989821537711,-1.79149571189484,1.696496729741069,1.696496729741069
2023-08-25,JPM,-0.1222576920464457,-0.08804587864656722,-0.03421181339987847,0.03421181339987847
2023-08-28,JPM,0.3468208092485492,0.07370778692052103,0.27311302232802814,0.27311302232802814
2023-08-29,JPM,0.8132285172133269,0.07370778692052103,0.7395207302928059,0.7395207302928059
2023-08-30,JPM,-0.4033342296316133,-0.40333422963160187,-1.1435297153639112e-14,1.1435297153639112e-14
2023-08-31,JPM,-1.2351511879049593,0.07370778692052103,-1.3088589748254802,1.3088589748254802
2023-09-01,JPM,0.334859563999168,0.7669326332936385,-0.4320730692944705,0.4320730692944705
2023-09-05,JPM,-1.103391908459339,0.07370778692052103,-1.17709969537986,1.17709969537986
2023-09-06,JPM,-0.165289256198331,0.07370778692052103,-0.23899704311885206,0.23899704311885206
2023-09-07,JPM,-0.8554083885209729,0.07370778692052103,-0.9291161754414939,0.9291161754414939
2023-09-08,JPM,0.0765377122182053,0.07370778692052103,0.002829925297684263,0.002829925297684263
2023-09-11,JPM,0.4380171035250013,0.07370778692052103,0.36430931660448024,0.36430931660448024
2023-09-12,JPM,1.3013983109511296,0.07370778692052103,1.2276905240306086,1.2276905240306086
2023-09-13,JPM,0.0478338116714383,0.07370778692052103,-0.025873975249082734,0.025873975249082734
2023-09-14,JPM,1.9397582132367972,0.07370778692052103,1.8660504263162763,1.8660504263162763
2023-09-15,JPM,-0.2948073701842579,-0.3886956356576872,0.09388826547342932,0.09388826547342932
2023-09-18,JPM,0.2083193333781263,0.07370778692052103,0.13461154645760526,0.13461154645760526
2023-09-19,JPM,-0.1274141630901226,0.07370778692052103,-0.20112195001064365,0.20112195001064365
2023-09-20,JPM,-0.4230175250117485,0.07370778692052103,-0.49672531193226954,0.49672531193226954
2023-09-21,JPM,-0.7821982467970501,-1.79149571189484,1.00929746509779,1.00929746509779
2023-09-22,JPM,-0.9582710343890132,0.07370778692052103,-1.0319788213095342,1.0319788213095342
2023-09-25,JPM,0.4940643656076382,0.07370778692052103,0.4203565786871172,0.4203565786871172
2023-09-26,JPM,-1.0378968931375798,0.07370778692052103,-1.1116046800581008,1.1116046800581008
2023-09-27,JPM,0.5864900296694842,0.07370778692052103,0.5127822427489631,0.5127822427489631
2023-09-28,JPM,1.2415969268761096,0.07370778692052103,1.1678891399555886,1.1678891399555886
2023-09-29,JPM,-1.7413103868825774,0.07370778692052103,-1.8150181738030984,1.8150181738030984
2023-10-02,JPM,-0.861950075851603,0.07370778692052103,-0.935657862772124,0.935657862772124
2023-10-03,JPM,-0.7372887250469473,0.07370778692052103,-0.8109965119674684,0.8109965119674684
2023-10-04,JPM,0.448461915773235,0.07370778692052103,0.374754128852714,0.374754128852714
2023-10-05,JPM,-0.3139169863969226,-0.3139169863969241,1.4988010832439613e-15,1.4988010832439613e-15
2023-10-06,JPM,1.5395381385584272,0.07370778692052103,1.4658303516379063,1.4658303516379063
2023-10-09,JPM,-0.227429359062703,0.07370778692052103,-0.30113714598322405,0.30113714598322405
2023-10-10,JPM,0.6078607446294182,0.2546184210906862,0.353242323538732,0.353242323538732
2023-10-11,JPM,0.343288705801581,0.07370778692052103,0.26958091888105995,0.26958091888105995
2023-10-12,JPM,-0.2326377009921332,0.07370778692052103,-0.30634548791265426,0.30634548791265426
2023-10-13,JPM,1.501954598450039,0.07370778692052103,1.4282468115295182,1.4282468115295182
2023-10-16,JPM,-0.101351351351353,0.07370778692052103,-0.17505913827187403,0.17505913827187403
2023-10-17,JPM,-0.2164355765978953,0.07370778692052103,-0.29014336351841635,0.29014336351841635
2023-10-18,JPM,-1.098081746085544,0.14865150278585415,-1.2467332488713982,1.2467332488713982
2023-10-19,JPM,-0.4249194709067261,0.07370778692052103,-0.49862725782724715,0.49862725782724715
2023-10-20,JPM,-1.6105719595292167,0.07370778692052103,-1.6842797464497377,1.6842797464497377
2023-10-23,JPM,-1.364113326337868,0.07370778692052103,-1.437821113258389,1.437821113258389
2023-10-24,JPM,0.1205673758865266,-0.13053393666642776,0.25110131255295437,0.25110131255295437
2023-10-25,JPM,-0.5454416660763517,0.07370778692052103,-0.6191494529968727,0.6191494529968727
2023-10-26,JPM,0.2564102564102555,0.07370778692052103,0.18270246948973445,0.18270246948973445
2023-10-27,JPM,-3.601875532821819,0.07370778692052103,-3.6755833197423398,3.6755833197423398
2023-10-30,JPM,1.2749649937357166,0.07370778692052103,1.2012572068151957,1.2012572068151957
2023-10-31,JPM,1.1934216271285214,0.07370778692052103,1.1197138402080005,1.1197138402080005
2023-11-01,JPM,-0.0862936861786289,0.07370778692052103,-0.16000147309914992,0.16000147309914992
2023-11-02,JPM,1.7849431409241223,0.07370778692052103,1.7112353540036014,1.7112353540036014
2023-11-03,JPM,1.1172394286522502,0.07370778692052103,1.0435316417317293,1.0435316417317293
2023-11-06,JPM,0.755244755244755,0.07370778692052103,0.6815369683242339,0.6815369683242339
2023-11-07,JPM,-0.0485841199333814,0.11416533054710844,-0.16274945048048983,0.16274945048048983
2023-11-08,JPM,0.4930213179640264,0.07370778692052103,0.4193135310435053,0.4193135310435053
2023-11-09,JPM,-0.2971254836926507,0.07370778692052103,-0.37083327061317173,0.37083327061317173
2023-11-10,JPM,1.483124263635749,0.07370778692052103,1.409416476715228,1.409416476715228
2023-11-13,JPM,-0.443898108311147,0.07370778692052103,-0.517605895231668,0.517605895231668
2023-11-14,JPM,1.8246673069008068,0.14865150278585415,1.6760158041149527,1.6760158041149527
2023-11-15,JPM,0.8757747237941427,0.07370778692052103,0.8020669368736216,0.8020669368736216
2023-11-16,JPM,1.141979431013751,0.07370778692052103,1.06827164409323,1.06827164409323
2023-11-17,JPM,0.9045889732585132,0.07370778692052103,0.8308811863379921,0.8308811863379921
2023-11-20,JPM,0.3075513676220387,0.07370778692052103,0.23384358070151767,0.23384358070151767
2023-11-21,JPM,-0.2087546480527113,0.07370778692052103,-0.2824624349732323,0.2824624349732323
2023-11-22,JPM,0.235340262796635,0.07370778692052103,0.16163247587611396,0.16163247587611396
2023-11-24,JPM,0.1369594991195377,0.07370778692052103,0.06325171219901667,0.06325171219901667
2023-11-27,JPM,-0.2279536277191574,0.07370778692052103,-0.30166141463967844,0.30166141463967844
2023-11-28,JPM,0.2284744435015362,0.07370778692052103,0.15476665658101518,0.15476665658101518
2023-11-29,JPM,0.5080109417741285,0.07370778692052103,0.4343031548536075,0.4343031548536075
2023-11-30,JPM,1.140487299118731,0.07370778692052103,1.06677951219821,1.06677951219821
2023-12-01,JPM,0.4869297796002092,0.07370778692052103,0.4132219926796882,0.4132219926796882
2023-12-04,JPM,0.7332313185411943,0.07370778692052103,0.6595235316206732,0.6595235316206732
2023-12-05,JPM,-0.0126590290524752,0.07370778692052103,-0.08636681597299622,0.08636681597299622
2023-12-06,JPM,-1.0508324365385846,0.07370778692052103,-1.1245402234591055,1.1245402234591055
2023-12-07,JPM,0.3070820804810914,0.07370778692052103,0.23337429356057038,0.23337429356057038
2023-12-08,JPM,1.1033866955800775,0.07370778692052103,1.0296789086595566,1.0296789086595566
2023-12-11,JPM,0.3658844309866182,0.07370778692052103,0.29217664406609717,0.29217664406609717
2023-12-12,JPM,0.8925204274041532,0.07370778692052103,0.8188126404836321,0.8188126404836321
2023-12-13,JPM,0.336406678295531,0.07370778692052103,0.26269889137500996,0.26269889137500996
2023-12-14,JPM,1.8191978144790788,0.07370778692052103,1.7454900275585579,1.7454900275585579
2023-12-15,JPM,0.7561436672967714,0.07370778692052103,0.6824358803762504,0.6824358803762504
2023-12-18,JPM,0.6052169702838395,0.07370778692052103,0.5315091833633184,0.5315091833633184
2023-12-19,JPM,1.3354990073993769,0.07370778692052103,1.261791220478856,1.261791220478856
2023-12-20,JPM,-1.127931136835847,0.07370778692052103,-1.2016389237563678,1.2016389237563678
2023-12-21,JPM,0.5703992794956481,0.07370778692052103,0.496691492575127,0.496691492575127
2023-12-22,JPM,-0.0597014925373118,0.07370778692052103,-0.13340927945783282,0.13340927945783282
2023-12-26,JPM,0.5913978494623606,0.07370778692052103,0.5176900625418396,0.5176900625418396
2023-12-27,JPM,0.5997980877724407,0.07370778692052103,0.5260903008519197,0.5260903008519197
2023-12-28,JPM,0.5312868949232552,0.07370778692052103,0.45757910800273416,0.45757910800273416
2023-12-29,JPM,-0.1174398120963093,0.07370778692052103,-0.19114759901683032,0.19114759901683032
2024-01-02,JPM,1.1640211640211673,0.07370778692052103,1.0903133771006464,1.0903133771006464
2024-01-03,JPM,-0.4358437935843784,0.07370778692052103,-0.5095515805048995,0.5095515805048995
2024-01-04,JPM,0.0466935154380232,0.046693515438031546,-8.347489366400396e-15,8.347489366400396e-15
2024-01-05,JPM,0.501721019777146,0.07370778692052103,0.42801323285662496,0.42801323285662496
2024-01-08,JPM,-0.1451210309397987,0.07370778692052103,-0.2188288178603197,0.2188288178603197
2024-01-09,JPM,-0.7906057435182023,-0.3886956356576872,-0.4019101078605151,0.4019101078605151
2024-01-10,JPM,0.2109457400679693,0.07370778692052103,0.13723795314744824,0.13723795314744824
2024-01-11,JPM,-0.4210033914162081,0.07370778692052103,-0.4947111783367291,0.4947111783367291
2024-01-12,JPM,-0.7339988256018781,-0.3886956356576872,-0.3453031899441909,0.3453031899441909
2024-01-16,JPM,-0.6270334220644824,0.07370778692052103,-0.7007412089850035,0.7007412089850035
2024-01-17,JPM,-0.5357461753675796,0.07370778692052103,-0.6094539622881007,0.6094539622881007
2024-01-18,JPM,0.1974983541803698,0.07370778692052103,0.12379056725984876,0.12379056725984876
2024-01-19,JPM,1.7261975869071966,0.14865150278585415,1.5775460841213425,1.5775460841213425
2024-01-22,JPM,-0.1174329164464693,0.07370778692052103,-0.19114070336699035,0.19114070336699035
2024-01-23,JPM,-0.6583975074951565,0.07370778692052103,-0.7321052944156775,0.7321052944156775
2024-01-24,JPM,0.8935439966861969,0.07370778692052103,0.8198362097656758,0.8198362097656758
2024-01-25,JPM,1.4310850439882783,0.07370778692052103,1.3573772570677574,1.3573772570677574
2024-01-26,JPM,-0.3816352492193808,-0.13053393666642776,-0.25110131255295304,0.25110131255295304
2024-01-29,JPM,0.2612026932899969,0.07370778692052103,0.18749490636947586,0.18749490636947586
2024-01-30,JPM,2.049441324610668,0.07370778692052103,1.975733537690147,1.975733537690147
2024-01-31,JPM,-1.0835649855335583,0.2546184210906862,-1.3381834066242444,1.3381834066242444
2024-02-01,JPM,-0.3613214039917545,0.07370778692052103,-0.43502919091227554,0.43502919091227554
2024-02-02,JPM,0.5756058251309426,0.07370778692052103,0.5018980382104216,0.5018980382104216
2024-02-05,JPM,-0.1316316602758438,0.07370778692052103,-0.20533944719636482,0.20533944719636482
2024-02-06,JPM,0.3438395415472639,0.07370778692052103,0.2701317546267429,0.2701317546267429
2024-02-07,JPM,0.1884637350085816,0.07370778692052103,0.11475594808806057,0.11475594808806057
2024-02-08,JPM,-0.3591175967622373,-0.08804587864656722,-0.2710717181156701,0.2710717181156701
2024-02-09,JPM,0.1201372997711613,0.07370778692052103,0.04642951285064027,0.04642951285064027
2024-02-12,JPM,0.4456888177818419,0.07370778692052103,0.37198103086132084,0.37198103086132084
2024-02-13,JPM,-0.8703566755788206,0.07370778692052103,-0.9440644624993416,0.9440644624993416
2024-02-14,JPM,1.0157236313554474,0.07370778692052103,0.9420158444349264,0.9420158444349264
2024-02-15,JPM,2.181446344373117,0.07370778692052103,2.107738557452596,2.107738557452596
2024-02-16,JPM,-0.4670039472952747,0.07370778692052103,-0.5407117342157958,0.5407117342157958
2024-02-20,JPM,0.3909959224710935,0.07370778692052103,0.31728813555057245,0.31728813555057245
2024-02-21,JPM,0.6509764646970506,0.6509764646970518,-1.2212453270876722e-15,1.2212453270876722e-15
2024-02-22,JPM,1.199557766721937,-0.08804587864656722,1.2876036453685042,1.2876036453685042
2024-02-23,JPM,0.5025400120172607,0.07370778692052103,0.4288322250967397,0.4288322250967397
2024-02-26,JPM,-0.3424099135822533,0.07370778692052103,-0.41611770050277436,0.41611770050277436
2024-02-27,JPM,0.0490837696334844,0.07370778692052103,-0.02462401728703663,0.02462401728703663
2024-02-28,JPM,0.5069501226492301,0.07370778692052103,0.43324233572870907,0.43324233572870907
2024-02-29,JPM,0.9111617312072884,0.07370778692052103,0.8374539442867673,0.8374539442867673
2024-03-01,JPM,-0.4138449962377777,0.07370778692052103,-0.48755278315829875,0.48755278315829875
2024-03-04,JPM,0.7501754007231964,0.07370778692052103,0.6764676138026754,0.6764676138026754
2024-03-05,JPM,1.001714163274059,-0.3886956356576872,1.390409798931746,1.390409798931746
2024-03-06,JPM,0.5197560328825235,0.07370778692052103,0.44604824596200243,0.44604824596200243
2024-03-07,JPM,-0.8758507887933309,0.07370778692052103,-0.9495585757138519,0.9495585757138519
2024-03-08,JPM,0.1862990365678385,0.07370778692052103,0.11259124964731747,0.11259124964731747
2024-03-11,JPM,0.0371905217298795,0.07370778692052103,-0.03651726519064153,0.03651726519064153
2024-03-12,JPM,0.8231982580062747,-0.3886956356576872,1.2118938936639618,1.2118938936639618
2024-03-13,JPM,0.8112094395280156,0.07370778692052103,0.7375016526074946,0.7375016526074946
2024-03-14,JPM,-1.781795380917539,0.07370778692052103,-1.85550316783806,1.85550316783806
2024-03-15,JPM,1.239559504176202,0.2546184210906862,0.9849410830855158,0.9849410830855158
2024-03-18,JPM,1.2401471361008776,0.07370778692052103,1.1664393491803566,1.1664393491803566
2024-03-19,JPM,0.586525485310907,-0.08804587864656722,0.6745713639574742,0.6745713639574742
2024-03-20,JPM,1.3106971463956008,0.07370778692052103,1.2369893594750798,1.2369893594750798
2024-03-21,JPM,1.3905159680130286,0.07370778692052103,1.3168081810925076,1.3168081810925076
2024-03-22,JPM,-1.225761077062193,-0.08804587864656722,-1.1377151984156257,1.1377151984156257
2024-03-25,JPM,-0.9154714678059284,0.07370778692052103,-0.9891792547264494,0.9891792547264494
2024-03-26,JPM,0.4670978338979559,0.07370778692052103,0.39339004697743485,0.39339004697743485
2024-03-27,JPM,1.9363408777397504,0.07370778692052103,1.8626330908192295,1.8626330908192295
2024-03-28,JPM,0.3909382518043403,0.07370778692052103,0.31723046488381923,0.31723046488381923
2024-04-01,JPM,-0.6789815277084443,0.07370778692052103,-0.7526893146289654,0.7526893146289654
2024-04-02,JPM,-0.0402131295867969,0.07370778692052103,-0.11392091650731793,0.11392091650731793
2024-04-03,JPM,-0.281605149351305,0.07370778692052103,-0.35531293627182603,0.35531293627182603
2024-04-04,JPM,-1.3363590519415047,0.11416533054710844,-1.4505243824886132,1.4505243824886132
2024-04-05,JPM,0.9200102223357876,0.9200102223357837,3.885780586188048e-15,3.885780586188048e-15
2024-04-08,JPM,0.5216510508989636,0.07370778692052103,0.44794326397844253,0.44794326397844253
2024-04-09,JPM,-0.6700927045546035,0.07370778692052103,-0.7438004914751245,0.7438004914751245
2024-04-10,JPM,-0.8521430382957162,0.07370778692052103,-0.9258508252162373,0.9258508252162373
2024-04-11,JPM,-0.0204634982350238,0.07370778692052103,-0.09417128515554483,0.09417128515554483
2024-04-12,JPM,-6.467788978150757,0.07370778692052103,-6.541496765071279,6.541496765071279
2024-04-15,JPM,0.0547075879424374,0.07370778692052103,-0.01900019897808363,0.01900019897808363
2024-04-16,JPM,-1.1427634096998096,0.07370778692052103,-1.2164711966203305,1.2164711966203305
2024-04-17,JPM,-0.3982300884955769,0.07370778692052103,-0.47193787541609794,0.47193787541609794
2024-04-18,JPM,0.6497112394491245,0.14865150278585415,0.5010597366632703,0.5010597366632703
2024-04-19,JPM,2.5103448275862084,0.07370778692052103,2.4366370406656874,2.4366370406656874
2024-04-22,JPM,1.9429494079655552,0.07370778692052103,1.8692416210450342,1.8692416210450342
2024-04-23,JPM,1.4413177762525595,0.07370778692052103,1.3676099893320386,1.3676099893320386
2024-04-24,JPM,0.4892266056000904,0.07370778692052103,0.41551881867956936,0.41551881867956936
2024-04-25,JPM,0.1501968096125905,0.07370778692052103,0.07648902269206946,0.07648902269206946
2024-04-26,JPM,0.0620571960490368,0.07370778692052103,-0.011650590871484234,0.011650590871484234
2024-04-29,JPM,-0.108532740710121,0.07370778692052103,-0.18224052763064202,0.18224052763064202
2024-04-30,JPM,-0.7967715231788075,0.07370778692052103,-0.8704793100993286,0.8704793100993286
2024-05-01,JPM,0.0625847501825482,0.07370778692052103,-0.011123036737972838,0.011123036737972838
2024-05-02,JPM,-0.1042426769519488,-0.3886956356576872,0.2844529587057384,0.2844529587057384
2024-05-03,JPM,-0.6000208702911403,-0.08804587864656722,-0.511974991644573,0.511974991644573
2024-05-06,JPM,0.7821111752663867,0.07370778692052103,0.7084033883458657,0.7084033883458657
2024-05-07,JPM,-0.130208333333337,0.07370778692052103,-0.20391612025385802,0.20391612025385802
2024-05-08,JPM,2.033898305084758,0.07370778692052103,1.9601905181642372,1.9601905181642372
2024-05-09,JPM,0.9455660618451268,0.07370778692052103,0.8718582749246058,0.8718582749246058
2024-05-10,JPM,0.6430379746835468,0.07370778692052103,0.5693301877630258,0.5693301877630258
2024-05-13,JPM,-0.0201237611309634,0.07370778692052103,-0.09383154805148443,0.09383154805148443
2024-05-14,JPM,1.3988829064560004,0.07370778692052103,1.3251751195354795,1.3251751195354795
2024-05-15,JPM,0.2977519726068189,0.11416533054710844,0.18358664205971048,0.18358664205971048
2024-05-16,JPM,0.1781208252931598,0.07370778692052103,0.10441303837263878,0.10441303837263878
2024-05-17,JPM,1.1458487677186602,0.07370778692052103,1.0721409807981392,1.0721409807981392
2024-05-20,JPM,-4.497289906733714,-1.79149571189484,-2.705794194838874,2.705794194838874
2024-05-21,JPM,2.014520912158701,0.07370778692052103,1.9408131252381802,1.9408131252381802
2024-05-22,JPM,-0.6064554931836441,0.07370778692052103,-0.6801632801041652,0.6801632801041652
2024-05-23,JPM,-0.7009227976400689,0.07370778692052103,-0.77463058456059,0.77463058456059
2024-05-24,JPM,1.924639447491372,0.07370778692052103,1.850931660570851,1.850931660570851
2024-05-28,JPM,-0.6028598475412372,0.07370778692052103,-0.6765676344617583,0.6765676344617583
2024-05-29,JPM,-0.6967418546365844,0.07370778692052103,-0.7704496415571055,0.7704496415571055
2024-05-30,JPM,0.6158194942203821,0.07370778692052103,0.542111707299861,0.542111707299861
2024-05-31,JPM,1.655546079365866,0.07370778692052103,1.5818382924453451,1.5818382924453451
2024-06-03,JPM,-0.3997433746236956,0.07370778692052103,-0.4734511615442166,0.4734511615442166
2024-06-04,JPM,-1.3180061440887902,0.07370778692052103,-1.3917139310093112,1.3917139310093112
2024-06-05,JPM,-0.9540068286804648,0.07370778692052103,-1.0277146156009858,1.0277146156009858
2024-06-06,JPM,-0.1774308019872217,0.07370778692052103,-0.2511385889077427,0.2511385889077427
2024-06-07,JPM,1.543852521456501,0.11416533054710844,1.4296871909093927,1.4296871909093927
2024-06-10,JPM,-0.1700425106276437,0.07370778692052103,-0.24375029754816474,0.24375029754816474
2024-06-11,JPM,-2.6301287510645754,-2.630128751064569,-6.661338147750939e-15,6.661338147750939e-15
2024-06-12,JPM,-1.4560609178843498,-0.3886956356576872,-1.0673652822266626,1.0673652822266626
2024-06-13,JPM,1.1120973215684282,0.07370778692052103,1.0383895346479073,1.0383895346479073
2024-06-14,JPM,0.0619642672725406,0.07370778692052103,-0.011743519647980434,0.011743519647980434
2024-06-17,JPM,0.6192589534523618,0.07370778692052103,0.5455511665318408,0.5455511665318408
2024-06-18,JPM,1.036003692686438,0.07370778692052103,0.962295905765917,0.962295905765917
2024-06-20,JPM,0.8477157360406107,0.07370778692052103,0.7740079491200896,0.7740079491200896
2024-06-21,JPM,-1.1929330044797792,-0.3886956356576872,-0.8042373688220921,0.8042373688220921
2024-06-24,JPM,1.314314824248597,0.07370778692052103,1.240607037328076,1.240607037328076
2024-06-25,JPM,-0.4072807723250249,0.07370778692052103,-0.48098855924554595,0.48098855924554595
2024-06-26,JPM,-0.3231180895642893,0.07370778692052103,-0.3968258764848103,0.3968258764848103
2024-06-27,JPM,0.8813250265916839,0.07370778692052103,0.8076172396711628,0.8076172396711628
2024-06-28,JPM,1.5514384696490469,0.07370778692052103,1.477730682728526,1.477730682728526
2024-07-01,JPM,1.5771778898447495,0.07370778692052103,1.5034701029242286,1.5034701029242286
2024-07-02,JPM,1.6451691409102187,0.07370778692052103,1.5714613539896978,1.5714613539896978
2024-07-03,JPM,-0.0670401762199013,0.07370778692052103,-0.14074796314042232,0.14074796314042232
2024-07-05,JPM,-1.8688006133499524,0.07370778692052103,-1.9425084002704733,1.9425084002704733
2024-07-08,JPM,0.1855559353484137,0.07370778692052103,0.11184814842789266,0.11184814842789266
2024-07-09,JPM,1.1990057025881071,0.7669326332936385,0.43207306929446865,0.43207306929446865
2024-07-10,JPM,0.0818764147762829,0.07370778692052103,0.008168627855761862,0.008168627855761862
2024-07-11,JPM,-0.1684311838306196,-0.3886956356576872,0.2202644518270676,0.2202644518270676
2024-07-12,JPM,-1.2099301036394228,-0.3886956356576872,-0.8212344679817356,0.8212344679817356
2024-07-15,JPM,2.493412706157905,0.07370778692052103,2.419704919237384,2.419704919237384
2024-07-16,JPM,1.6995953344441703,0.07370778692052103,1.6258875475236494,1.6258875475236494
2024-07-17,JPM,1.5213931279842718,0.07370778692052103,1.447685341063751,1.447685341063751
2024-07-18,JPM,-3.1770184903398446,0.07370778692052103,-3.2507262772603656,3.2507262772603656
2024-07-19,JPM,-0.0952471663967946,-0.08804587864656722,-0.007201287750227381,0.007201287750227381
2024-07-22,JPM,0.2383449327867381,0.07370778692052103,0.16463714586621708,0.16463714586621708
2024-07-23,JPM,0.0237778200494531,0.07370778692052103,-0.04992996687106793,0.04992996687106793
2024-07-24,JPM,-0.8272714306090445,0.07370778692052103,-0.9009792175295656,0.9009792175295656
2024-07-25,JPM,0.0383527494127067,0.07370778692052103,-0.03535503750781433,0.03535503750781433
2024-07-26,JPM,1.7108352901710866,0.07370778692052103,1.6371275032505657,1.6371275032505657
2024-07-29,JPM,-0.6549189596683047,0.07370778692052103,-0.7286267465888258,0.7286267465888258
2024-07-30,JPM,2.058335309461712,0.07370778692052103,1.984627522541191,1.984627522541191
2024-07-31,JPM,-1.1106464055021026,0.07370778692052103,-1.1843541924226235,1.1843541924226235
2024-08-01,JPM,-2.2744360902255623,0.14865150278585415,-2.4230875930114166,2.4230875930114166
2024-08-02,JPM,-4.241200230813624,0.07370778692052103,-4.314908017734146,4.314908017734146
2024-08-05,JPM,-2.129155368082747,0.07370778692052103,-2.202863155003268,2.202863155003268
2024-08-06,JPM,2.791174961518728,0.07370778692052103,2.717467174598207,2.717467174598207
2024-08-07,JPM,0.0299490865528717,0.14865150278585415,-0.11870241623298244,0.11870241623298244
2024-08-08,JPM,1.82634730538922,0.07370778692052103,1.7526395184686991,1.7526395184686991
2024-08-09,JPM,0.8526903851808321,0.07370778692052103,0.778982598260311,0.778982598260311
2024-08-12,JPM,0.18950437317784,0.07370778692052103,0.11579658625731896,0.11579658625731896
2024-08-13,JPM,0.8487317522673177,0.07370778692052103,0.7750239653467966,0.7750239653467966
2024-08-14,JPM,1.1060882947004025,0.07370778692052103,1.0323805077798816,1.0323805077798816
2024-08-15,JPM,0.6230974124809663,0.07370778692052103,0.5493896255604452,0.5493896255604452
2024-08-16,JPM,1.1439376034034554,0.07370778692052103,1.0702298164829345,1.0702298164829345
2024-08-19,JPM,0.6916857503388218,0.07370778692052103,0.6179779634183008,0.6179779634183008
2024-08-20,JPM,-0.4316546762589857,0.07370778692052103,-0.5053624631795067,0.5053624631795067
2024-08-21,JPM,0.0372925601342499,0.07370778692052103,-0.03641522678627113,0.03641522678627113
2024-08-22,JPM,0.9459459459459474,0.07370778692052103,0.8722381590254263,0.8722381590254263
2024-08-23,JPM,0.7755158565295739,0.07370778692052103,0.7018080696090528,0.7018080696090528
2024-08-26,JPM,0.3939352297192,0.07370778692052103,0.32022744279867893,0.32022744279867893
2024-08-27,JPM,0.4608294930875667,0.07370778692052103,0.38712170616704566,0.38712170616704566
2024-08-28,JPM,0.5041329821055429,0.07370778692052103,0.43042519518502187,0.43042519518502187
2024-08-29,JPM,0.4157440462741357,0.07370778692052103,0.34203625935361465,0.34203625935361465
2024-08-30,JPM,1.1655641060258404,0.07370778692052103,1.0918563191053194,1.0918563191053194
2024-09-03,JPM,-2.0017793594306,0.07370778692052103,-2.075487146351121,2.075487146351121
2024-09-04,JPM,-0.4403086699954595,0.07370778692052103,-0.5140164569159805,0.5140164569159805
2024-09-05,JPM,-0.7750877672913048,0.07370778692052103,-0.8487955542118258,0.8487955542118258
2024-09-06,JPM,-2.375591600422733,0.07370778692052103,-2.449299387343254,2.449299387343254
2024-09-09,JPM,2.0474442247952584,0.07370778692052103,1.9737364378747375,1.9737364378747375
2024-09-10,JPM,-5.188875051888752,0.07370778692052103,-5.262582838809274,5.262582838809274
2024-09-11,JPM,0.8124148667055797,0.07370778692052103,0.7387070797850587,0.7387070797850587
2024-09-12,JPM,-0.3040100371567766,0.07370778692052103,-0.37771782407729765,0.37771782407729765
2024-09-13,JPM,-1.1035818005808329,0.07370778692052103,-1.1772895875013538,1.1772895875013538
2024-09-16,JPM,1.7325763508222458,0.07370778692052103,1.6588685639017249,1.6588685639017249
2024-09-17,JPM,0.668719330318468,0.07370778692052103,0.5950115433979469,0.5950115433979469
2024-09-18,JPM,-0.8219832735961718,0.07370778692052103,-0.8956910605166929,0.8956910605166929
2024-09-19,JPM,1.4214812316291514,0.07370778692052103,1.3477734447086305,1.3477734447086305
2024-09-20,JPM,0.2898137590269911,0.07370778692052103,0.21610597210647003,0.21610597210647003
2024-09-23,JPM,0.1658060542896411,0.07370778692052103,0.09209826736912007,0.09209826736912007
2024-09-24,JPM,0.0709421112372377,0.07370778692052103,-0.002765675683283328,0.002765675683283328
2024-09-25,JPM,-0.6616569781180637,0.07370778692052103,-0.7353647650385847,0.7353647650385847
2024-09-26,JPM,-0.1950616109234526,0.07370778692052103,-0.26876939784397363,0.26876939784397363
2024-09-27,JPM,0.3432167032128896,0.07370778692052103,0.26950891629236856,0.26950891629236856
2024-09-30,JPM,0.1710213776722202,0.07370778692052103,0.09731359075169917,0.09731359075169917
2024-10-01,JPM,-1.811628568718593,0.07370778692052103,-1.8853363556391138,1.8853363556391138
2024-10-02,JPM,0.1207496136012453,0.07370778692052103,0.047041826680724264,0.047041826680724264
2024-10-03,JPM,-0.993776834386606,0.07370778692052103,-1.067484621307127,1.067484621307127
2024-10-04,JPM,2.9186766067339054,0.07370778692052103,2.8449688198133845,2.8449688198133845
2024-10-07,JPM,-0.1372976043935159,0.07370778692052103,-0.21100539131403695,0.21100539131403695
2024-10-08,JPM,-0.0853363675152873,0.07370778692052103,-0.15904415443580833,0.15904415443580833
2024-10-09,JPM,1.2669039145907446,0.07370778692052103,1.1931961276702236,1.1931961276702236
2024-10-10,JPM,-0.2717645956330172,0.07370778692052103,-0.34547238255353824,0.34547238255353824
2024-10-11,JPM,4.439954895696285,0.07370778692052103,4.366247108775764,4.366247108775764
2024-10-14,JPM,-0.3643888613972801,0.07370778692052103,-0.43809664831780115,0.43809664831780115
2024-10-15,JPM,0.4108723135271885,0.07370778692052103,0.33716452660666746,0.33716452660666746
2024-10-16,JPM,0.5620756328971632,0.07370778692052103,0.4883678459766422,0.4883678459766422
2024-10-17,JPM,0.3487748166696391,0.07370778692052103,0.27506702974911806,0.27506702974911806
2024-10-18,JPM,0.4233134301755648,0.07370778692052103,0.34960564325504373,0.34960564325504373
2024-10-21,JPM,-1.0516040289302089,0.07370778692052103,-1.1253118158507298,1.1253118158507298
2024-10-22,JPM,0.50224215246637,0.07370778692052103,0.428534365545849,0.428534365545849
2024-10-23,JPM,-0.3167945743351774,0.07370778692052103,-0.3905023612556984,0.3905023612556984
2024-10-24,JPM,0.7027438342061654,0.07370778692052103,0.6290360472856443,0.6290360472856443
2024-10-25,JPM,-1.186772157525107,0.07370778692052103,-1.2604799444456278,1.2604799444456278
2024-10-28,JPM,1.4349332013854577,0.07370778692052103,1.3612254144649367,1.3612254144649367
2024-10-29,JPM,-1.1529933481152943,0.07370778692052103,-1.2267011350358152,1.2267011350358152
2024-10-30,JPM,0.6774338268281666,0.07370778692052103,0.6037260399076455,0.6037260399076455
2024-10-31,JPM,-1.109576222093489,0.07370778692052103,-1.18328400901401,1.18328400901401
2024-11-01,JPM,0.4596250901225618,0.07370778692052103,0.38591730320204076,0.38591730320204076
2024-11-04,JPM,-1.417421727819146,0.07370778692052103,-1.491129514739667,1.491129514739667
2024-11-05,JPM,0.7780507780507762,0.07370778692052103,0.7043429911302551,0.7043429911302551
2024-11-06,JPM,11.544539256851326,0.07370778692052103,11.470831469930806,11.470831469930806
2024-11-07,JPM,-4.32283655792115,0.07370778692052103,-4.396544344841671,4.396544344841671
2024-11-08,JPM,0.2538285810982366,0.07370778692052103,0.18012079417771554,0.18012079417771554
2024-11-11,JPM,0.9747658030213602,0.07370778692052103,0.9010580161008391,0.9010580161008391
2024-11-12,JPM,0.1128337999916517,0.07370778692052103,0.03912601307113067,0.03912601307113067
2024-11-13,JPM,0.6678911337451909,0.07370778692052103,0.5941833468246699,0.5941833468246699
2024-11-14,JPM,0.2944103499751271,0.07370778692052103,0.22070256305460606,0.22070256305460606
2024-11-15,JPM,1.4222516227725637,0.07370778692052103,1.3485438358520427,1.3485438358520427
2024-11-18,JPM,-0.1141412906118799,0.07370778692052103,-0.18784907753240093,0.18784907753240093
2024-11-19,JPM,-0.7917397869648624,0.07370778692052103,-0.8654475738853834,0.8654475738853834
2024-11-20,JPM,-0.9502653338269827,0.07370778692052103,-1.0239731207475038,1.0239731207475038
2024-11-21,JPM,1.65296120940277,0.07370778692052103,1.579253422482249,1.579253422482249
2024-11-22,JPM,1.548455630004919,0.07370778692052103,1.474747843084398,1.474747843084398
2024-11-25,JPM,0.7000603500301628,0.07370778692052103,0.6263525631096417,0.6263525631096417
2024-11-26,JPM,-0.1278516920372285,0.07370778692052103,-0.2015594789577495,0.2015594789577495
2024-11-27,JPM,-0.0720086410369247,0.07370778692052103,-0.14571642795744572,0.14571642795744572
2024-11-29,JPM,-0.0280235397734029,0.07370778692052103,-0.10173132669392393,0.10173132669392393
2024-12-02,JPM,-1.389556303059425,0.07370778692052103,-1.4632640899799458,1.4632640899799458
2024-12-03,JPM,-0.5807106598984757,0.07370778692052103,-0.6544184468189967,0.6544184468189967
2024-12-04,JPM,-0.5800179723878696,0.07370778692052103,-0.6537257593083906,0.6537257593083906
2024-12-05,JPM,0.8545603944124736,0.07370778692052103,0.7808526074919525,0.7808526074919525
2024-12-06,JPM,0.7658465048069107,0.07370778692052103,0.6921387178863897,0.6921387178863897
2024-12-09,JPM,-1.4351552393273015,0.07370778692052103,-1.5088630262478224,1.5088630262478224
2024-12-10,JPM,-0.3896476764693735,0.07370778692052103,-0.46335546338989453,0.46335546338989453
2024-12-11,JPM,0.2758791073046218,0.07370778692052103,0.20217132038410074,0.20217132038410074
2024-12-12,JPM,-0.8212540549419001,0.07370778692052103,-0.8949618418624211,0.8949618418624211
2024-12-13,JPM,-0.6583033163582219,0.07370778692052103,-0.732011103278743,0.732011103278743
2024-12-16,JPM,-0.1500375093773431,0.07370778692052103,-0.2237452962978641,0.2237452962978641
2024-12-17,JPM,-0.5092244761666254,0.07370778692052103,-0.5829322630871464,0.5829322630871464
2024-12-18,JPM,-3.352072495385139,0.07370778692052103,-3.42578028230566,3.42578028230566
2024-12-19,JPM,1.1242783348526242,0.07370778692052103,1.0505705479321032,1.0505705479321032
2024-12-20,JPM,1.991758241758235,0.07370778692052103,1.918050454837714,1.918050454837714
2024-12-23,JPM,0.3324915824915786,0.07370778692052103,0.2587837955710576,0.2587837955710576
2024-12-24,JPM,1.6443642770250566,0.07370778692052103,1.5706564901045357,1.5706564901045357
2024-12-26,JPM,0.3425364202880532,0.07370778692052103,0.26882863336753215,0.26882863336753215
2024-12-27,JPM,-0.8102327876943316,0.07370778692052103,-0.8839405746148526,0.8839405746148526
2024-12-30,JPM,-0.7670937512957665,0.07370778692052103,-0.8408015382162876,0.8408015382162876
2024-12-31,JPM,0.1629617248871895,0.07370778692052103,0.08925393796666846,0.08925393796666846
2025-01-02,JPM,0.1209795169162752,0.07370778692052103,0.04727172999575417,0.04727172999575417
2025-01-03,JPM,1.3666666666666716,0.07370778692052103,1.2929588797461506,1.2929588797461506
2025-01-06,JPM,-0.9988490628082936,0.07370778692052103,-1.0725568497288145,1.0725568497288145
2025-01-07,JPM,0.963255138052732,0.07370778692052103,0.889547351132211,0.889547351132211
2025-01-08,JPM,-0.0164493975408075,0.07370778692052103,-0.09015718446132853,0.09015718446132853
2025-01-10,JPM,-1.340846460741163,0.07370778692052103,-1.414554247661684,1.414554247661684
2025-01-13,JPM,1.809313378079791,0.07370778692052103,1.73560559115927,1.73560559115927
2025-01-14,JPM,1.3349166700790338,0.07370778692052103,1.2612088831585129,1.2612088831585129
2025-01-15,JPM,1.9719561967107115,0.07370778692052103,1.8982484097901906,1.8982484097901906
2025-01-16,JPM,0.760848028531802,0.07370778692052103,0.687140241611281,0.687140241611281
2025-01-17,JPM,1.9231525543713437,0.07370778692052103,1.8494447674508228,1.8494447674508228
2025-01-21,JPM,1.4932860009260418,0.07370778692052103,1.4195782140055209,1.4195782140055209
2025-01-22,JPM,-0.0722351062616422,0.07370778692052103,-0.14594289318216325,0.14594289318216325
2025-01-23,JPM,1.1832293410439787,0.07370778692052103,1.1095215541234578,1.1095215541234578
2025-01-24,JPM,-0.4173716864072196,0.07370778692052103,-0.49107947332774066,0.49107947332774066
2025-01-27,JPM,0.3813623319740333,0.07370778692052103,0.30765454505351225,0.30765454505351225
2025-01-28,JPM,0.4852360353582607,0.07370778692052103,0.41152824843773966,0.41152824843773966
2025-01-29,JPM,-0.2096279104589316,0.07370778692052103,-0.28333569737945263,0.28333569737945263
2025-01-30,JPM,0.6189511591267349,0.07370778692052103,0.5452433722062139,0.5452433722062139
2025-01-31,JPM,-0.3467173694217673,0.07370778692052103,-0.42042515634228833,0.42042515634228833
2025-02-03,JPM,-0.1833146277590791,0.07370778692052103,-0.25702241467960013,0.25702241467960013
2025-02-04,JPM,0.4235223567332635,0.07370778692052103,0.34981456981274245,0.34981456981274245
2025-02-05,JPM,0.9293125326565788,0.07370778692052103,0.8556047457360577,0.8556047457360577
2025-02-06,JPM,2.392486040749908,0.07370778692052103,2.318778253829387,2.318778253829387
2025-02-07,JPM,-0.3972553268327794,0.07370778692052103,-0.47096311375330047,0.47096311375330047
2025-02-10,JPM,-1.7258883248730927,0.07370778692052103,-1.7995961117936137,1.7995961117936137
2025-02-11,JPM,1.4573494687130983,0.07370778692052103,1.3836416817925774,1.3836416817925774
2025-02-12,JPM,0.167278810138538,0.07370778692052103,0.09357102321801695,0.09357102321801695
2025-02-13,JPM,0.315846796151753,0.07370778692052103,0.24213900923123194,0.24213900923123194
2025-02-14,JPM,0.0977127967573654,0.07370778692052103,0.024005009836844365,0.024005009836844365
2025-02-18,JPM,1.2147944611157424,0.07370778692052103,1.1410866741952215,1.1410866741952215
2025-02-19,JPM,-0.2500446508305054,0.07370778692052103,-0.32375243775102647,0.32375243775102647
2025-02-20,JPM,-4.458370635631148,0.07370778692052103,-4.5320784225516695,4.5320784225516695
2025-02-21,JPM,-0.9595202398800629,0.07370778692052103,-1.0332280268005838,1.0332280268005838
2025-02-24,JPM,-1.0974871329094915,0.07370778692052103,-1.1711949198300124,1.1711949198300124
2025-02-25,JPM,-1.5076146016683278,0.07370778692052103,-1.5813223885888488,1.5813223885888488
2025-02-26,JPM,0.5400155400155482,0.07370778692052103,0.46630775309502714,0.46630775309502714
2025-02-27,JPM,0.1004675605703386,0.07370778692052103,0.02675977364981756,0.02675977364981756
2025-02-28,JPM,2.161744836904056,0.07370778692052103,2.088037049983535,2.088037049983535
2025-03-03,JPM,-1.5227659172491914,0.07370778692052103,-1.5964737041697123,1.5964737041697123
2025-03-04,JPM,-3.978973217711612,0.07370778692052103,-4.0526810046321335,4.0526810046321335
2025-03-05,JPM,0.5114885114885226,0.07370778692052103,0.43778072456800154,0.43778072456800154
2025-03-06,JPM,-1.9838587842404556,0.07370778692052103,-2.0575665711609767,2.0575665711609767
2025-03-07,JPM,-1.7279143343879255,0.07370778692052103,-1.8016221213084465,1.8016221213084465
2025-03-10,JPM,-4.152220571239884,0.07370778692052103,-4.225928358160405,4.225928358160405
2025-03-11,JPM,-1.3263284816122711,0.07370778692052103,-1.400036268532792,1.400036268532792
2025-03-12,JPM,-0.5411538797241766,0.07370778692052103,-0.6148616666446977,0.6148616666446977
2025-03-13,JPM,-1.1891180342255447,0.07370778692052103,-1.2628258211460657,1.2628258211460657
2025-03-14,JPM,3.2195035303521413,0.07370778692052103,3.1457957434316204,3.1457957434316204
2025-03-17,JPM,0.6410256410256387,0.07370778692052103,0.5673178541051177,0.5673178541051177
2025-03-18,JPM,0.4445774376950373,0.07370778692052103,0.3708696507745163,0.3708696507745163
2025-03-19,JPM,1.7619270545176091,0.07370778692052103,1.6882192675970882,1.6882192675970882
2025-03-20,JPM,-0.0418217556773181,0.07370778692052103,-0.11552954259783912,0.11552954259783912
2025-03-21,JPM,1.0961884439981695,0.07370778692052103,1.0224806570776486,1.0224806570776486
2025-03-24,JPM,2.661093407275583,0.07370778692052103,2.5873856203550623,2.5873856203550623
2025-03-25,JPM,1.2376038055309069,0.07370778692052103,1.163896018610386,1.163896018610386
2025-03-26,JPM,-0.0398200135388049,0.07370778692052103,-0.11352780045932592,0.11352780045932592
2025-03-27,JPM,-1.1592239971318197,0.07370778692052103,-1.2329317840523406,1.2329317840523406
2025-03-28,JPM,-2.1239722714815445,0.07370778692052103,-2.1976800584020655,2.1976800584020655
2025-03-31,JPM,1.008853201564763,0.07370778692052103,0.9351454146442421,0.9351454146442421
2025-04-01,JPM,-0.6685690990623772,0.07370778692052103,-0.7422768859828982,0.7422768859828982
2025-04-02,JPM,0.8864811622752988,0.07370778692052103,0.8127733753547778,0.8127733753547778
2025-04-03,JPM,-6.968513546497435,0.07370778692052103,-7.042221333417956,7.042221333417956
2025-04-04,JPM,-8.050198959289867,0.07370778692052103,-8.123906746210388,8.123906746210388
2025-04-07,JPM,1.9783146281148856,0.07370778692052103,1.9046068411943646,1.9046068411943646
2025-04-08,JPM,1.133184107442653,0.07370778692052103,1.059476320522132,1.059476320522132
2025-04-09,JPM,8.055517130077927,0.07370778692052103,7.981809343157406,7.981809343157406
2025-04-10,JPM,-3.085260732269346,0.07370778692052103,-3.158968519189867,3.158968519189867
2025-04-11,JPM,4.002465765488084,0.07370778692052103,3.9287579785675635,3.9287579785675635
2025-04-14,JPM,-0.626587637595255,0.07370778692052103,-0.7002954245157761,0.7002954245157761
2025-04-15,JPM,-0.6774028629856876,0.07370778692052103,-0.7511106499062087,0.7511106499062087
2025-04-16,JPM,-1.509887187406156,0.07370778692052103,-1.5835949743266768,1.5835949743266768
2025-04-17,JPM,1.0234745873437534,0.07370778692052103,0.9497668004232324,0.9497668004232324
2025-04-21,JPM,-1.2803931712364158,0.07370778692052103,-1.3541009581569368,1.3541009581569368
2025-04-22,JPM,2.882221931088691,0.07370778692052103,2.80851414416817,2.80851414416817
2025-04-23,JPM,2.245426376331761,0.07370778692052103,2.17171858941124,2.17171858941124
2025-04-24,JPM,1.5609432082364538,0.07370778692052103,1.487235421315933,1.487235421315933
2025-04-25,JPM,-0.4455526487900485,0.07370778692052103,-0.5192604357105696,0.5192604357105696
2025-04-28,JPM,-0.135495791418605,0.07370778692052103,-0.209203578339126,0.209203578339126
2025-04-29,JPM,0.5756105583422544,0.07370778692052103,0.5019027714217333,0.5019027714217333
2025-04-30,JPM,0.0,0.07370778692052103,-0.07370778692052103,0.07370778692052103
2025-05-01,JPM,0.9279699125173568,0.07370778692052103,0.8542621255968358,0.8542621255968358
2025-05-02,JPM,2.276317388310578,0.07370778692052103,2.202609601390057,2.202609601390057
2025-05-05,JPM,0.0198011959922528,0.07370778692052103,-0.05390659092826823,0.05390659092826823
2025-05-06,JPM,-1.3105796642381984,0.07370778692052103,-1.3842874511587193,1.3842874511587193
2025-05-07,JPM,0.0561685055165517,0.07370778692052103,-0.017539281403969334,0.017539281403969334
2025-05-08,JPM,1.6359918200409052,0.07370778692052103,1.5622840331203842,1.5622840331203842
2025-05-09,JPM,-0.1538643626464608,0.07370778692052103,-0.22757214956698185,0.22757214956698185
2025-05-12,JPM,2.7540698593330197,0.07370778692052103,2.680362072412499,2.680362072412499
2025-05-13,JPM,1.13824264564506,0.07370778692052103,1.0645348587245391,1.0645348587245391
2025-05-14,JPM,0.9999619786319912,0.07370778692052103,0.9262541917114702,0.9262541917114702
2025-05-15,JPM,0.6964312603523704,0.07370778692052103,0.6227234734318493,0.6227234734318493
2025-05-16,JPM,0.0261692025870008,0.07370778692052103,-0.047538584333520234,0.047538584333520234
2025-05-19,JPM,-1.0016444909553002,0.07370778692052103,-1.075352277875821,1.075352277875821
2025-05-20,JPM,0.3020235578375052,0.07370778692052103,0.22831577091698413,0.22831577091698413
2025-05-21,JPM,-1.7464619090635347,0.07370778692052103,-1.8201696959840556,1.8201696959840556
2025-05-22,JPM,-0.1417407293901385,0.07370778692052103,-0.21544851631065953,0.21544851631065953
2025-05-23,JPM,0.0153450723136439,0.07370778692052103,-0.05836271460687713,0.05836271460687713
2025-05-27,JPM,1.7567412067047927,0.07370778692052103,1.6830334197842718,1.6830334197842718
2025-05-28,JPM,-0.67850277055298,0.07370778692052103,-0.7522105574735011,0.7522105574735011
2025-05-29,JPM,0.3339785191088795,0.07370778692052103,0.26027073218835844,0.26027073218835844
2025-05-30,JPM,-0.1399553655861085,0.07370778692052103,-0.21366315250662954,0.21366315250662954
2025-06-02,JPM,0.2500000000000169,0.07370778692052103,0.17629221307949583,0.17629221307949583
2025-06-03,JPM,0.6083276656842607,0.07370778692052103,0.5346198787637396,0.5346198787637396
2025-06-04,JPM,-0.76989521913845,0.07370778692052103,-0.8436030060589711,0.8436030060589711
2025-06-05,JPM,-0.859132541064278,0.07370778692052103,-0.9328403279847991,0.9328403279847991
2025-06-06,JPM,1.4430234777629505,0.07370778692052103,1.3693156908424295,1.3693156908424295
2025-06-09,JPM,0.3800850487336804,0.07370778692052103,0.30637726181315933,0.30637726181315933
2025-06-10,JPM,0.6973082402339514,0.07370778692052103,0.6236004533134304,0.6236004533134304
2025-06-11,JPM,-0.1675353685778313,0.07370778692052103,-0.24124315549835235,0.24124315549835235
2025-06-12,JPM,0.0335633041208316,0.07370778692052103,-0.040144482799689435,0.040144482799689435
2025-06-13,JPM,-1.226513569937382,0.07370778692052103,-1.3002213568579029,1.3002213568579029
2025-06-16,JPM,2.0418946971126672,0.07370778692052103,1.9681869101921463,1.9681869101921463
2025-06-17,JPM,-0.3106968486462635,0.07370778692052103,-0.38440463556678456,0.38440463556678456
2025-06-18,JPM,1.6473731077470966,0.07370778692052103,1.5736653208265756,1.5736653208265756
2025-06-20,JPM,0.37961746240327,0.07370778692052103,0.30590967548274894,0.30590967548274894
2025-06-23,JPM,1.1890909090908952,0.07370778692052103,1.1153831221703743,1.1153831221703743
2025-06-24,JPM,1.074495993100233,0.07370778692052103,1.000788206179712,1.000788206179712
2025-06-25,JPM,0.9955201592832364,0.07370778692052103,0.9218123723627154,0.9218123723627154
2025-06-26,JPM,1.65105963528831,0.07370778692052103,1.577351848367789,1.577351848367789
2025-06-27,JPM,-0.5679653679653618,0.07370778692052103,-0.6416731548858828,0.6416731548858828
2025-06-30,JPM,0.9752359722754456,0.07370778692052103,0.9015281853549245,0.9015281853549245
2025-07-01,JPM,0.1724673174433366,0.07370778692052103,0.09875953052281557,0.09875953052281557
2025-07-02,JPM,0.5475018077889748,0.07370778692052103,0.4737940208684538,0.4737940208684538
2025-07-03,JPM,1.3698630136986356,0.07370778692052103,1.2961552267781147,1.2961552267781147
2025-07-07,JPM,-1.361486486486474,0.07370778692052103,-1.435194273406995,1.435194273406995
2025-07-08,JPM,-3.1475836558550685,0.07370778692052103,-3.2212914427755894,3.2212914427755894
2025-07-09,JPM,0.1343800834571196,0.07370778692052103,0.06067229653659857,0.06067229653659857
2025-07-10,JPM,1.776380844752068,0.07370778692052103,1.702673057831547,1.702673057831547
2025-07-11,JPM,-0.4615010930289043,0.07370778692052103,-0.5352088799494253,0.5352088799494253
2025-07-14,JPM,0.6414278742243429,0.07370778692052103,0.5677200873038218,0.5677200873038218
2025-07-15,JPM,-0.744717700034625,0.07370778692052103,-0.818425486955146,0.818425486955146
2025-07-16,JPM,-0.2547548420869017,0.07370778692052103,-0.32846262900742274,0.32846262900742274
2025-07-17,JPM,1.4274718354208904,0.07370778692052103,1.3537640485003695,1.3537640485003695
2025-07-18,JPM,0.4725767506036593,0.07370778692052103,0.39886896368313823,0.39886896368313823
2025-07-21,JPM,-0.1029972190750738,0.07370778692052103,-0.17670500599559483,0.17670500599559483
2025-07-22,JPM,0.1580918995085278,0.07370778692052103,0.08438411258800678,0.08438411258800678
2025-07-23,JPM,1.8289126033695924,0.07370778692052103,1.7552048164490714,1.7552048164490714
2025-07-24,JPM,-0.0707642539425679,0.07370778692052103,-0.14447204086308893,0.14447204086308893
2025-07-25,JPM,0.6980273141122817,0.07370778692052103,0.6243195271917606,0.6243195271917606
2025-07-28,JPM,-0.1138570758824064,0.07370778692052103,-0.18756486280292745,0.18756486280292745
2025-07-29,JPM,-0.415716776183439,0.07370778692052103,-0.48942456310396004,0.48942456310396004
2025-07-30,JPM,0.8719364395367579,0.07370778692052103,0.7982286526162369,0.7982286526162369
2025-07-31,JPM,-1.1313953876447624,0.07370778692052103,-1.2051031745652834,1.2051031745652834
2025-08-01,JPM,-2.319065622468275,0.07370778692052103,-2.392773409388796,2.392773409388796
2025-08-04,JPM,1.6898780108511646,0.07370778692052103,1.6161702239306437,1.6161702239306437
2025-08-05,JPM,-0.9821246516685922,0.07370778692052103,-1.0558324385891131,1.0558324385891131
2025-08-06,JPM,-0.0068641246524947,0.07370778692052103,-0.08057191157301573,0.08057191157301573
2025-08-07,JPM,-1.5136433842457664,0.07370778692052103,-1.5873511711662873,1.5873511711662873
2025-08-08,JPM,0.6342789433330998,0.07370778692052103,0.5605711564125787,0.5605711564125787
2025-08-11,JPM,0.2770466823659889,0.27704668236599345,-4.551914400963142e-15,4.551914400963142e-15
2025-08-12,JPM,1.136206658378236,0.07370778692052103,1.062498871457715,1.062498871457715
2025-08-13,JPM,-0.7922144442547574,0.07370778692052103,-0.8659222311752784,0.8659222311752784
2025-08-14,JPM,1.2494406773827291,0.07370778692052103,1.1757328904622082,1.1757328904622082
2025-08-15,JPM,-1.2476203426706634,0.07370778692052103,-1.3213281295911843,1.3213281295911843
2025-08-18,JPM,0.3580157664635486,0.07370778692052103,0.28430797954302756,0.28430797954302756
2025-08-19,JPM,-0.2984255479710263,0.07370778692052103,-0.3721333348915473,0.3721333348915473
2025-08-20,JPM,0.5435904493222177,0.07370778692052103,0.4698826624016966,0.4698826624016966
2025-08-21,JPM,-0.263482069531884,-0.26348206953187925,-4.773959005888173e-15,4.773959005888173e-15
2025-08-22,JPM,1.6365320616186896,0.07370778692052103,1.5628242746981686,1.5628242746981686
2025-08-25,JPM,-0.4523359438293406,0.07370778692052103,-0.5260437307498617,0.5260437307498617
2025-08-26,JPM,1.2444896575110276,0.07370778692052103,1.1707818705905066,1.1707818705905066
2025-08-27,JPM,0.2378001808621022,0.07370778692052103,0.16409239394158115,0.16409239394158115
2025-08-28,JPM,0.5981021117348329,0.07370778692052103,0.5243943248143118,0.5243943248143118
2025-08-29,JPM,0.1162520344106132,0.07370778692052103,0.04254424749009217,0.04254424749009217
2025-09-02,JPM,-0.5706323402561275,0.07370778692052103,-0.6443401271766486,0.6443401271766486
2025-09-03,JPM,-0.0633967300633919,0.07370778692052103,-0.13710451698391293,0.13710451698391293
2025-09-04,JPM,1.4390170611999542,0.07370778692052103,1.3653092742794333,1.3653092742794333
2025-09-05,JPM,-3.107102889868996,0.07370778692052103,-3.180810676789517,3.180810676789517
2025-09-08,JPM,-0.499354575718447,0.07370778692052103,-0.573062362638968,0.573062362638968
2025-09-09,JPM,1.6865248711208205,0.07370778692052103,1.6128170842002996,1.6128170842002996
2025-09-10,JPM,0.903139164008726,0.07370778692052103,0.8294313770882049,0.8294313770882049
2025-09-11,JPM,1.6703267451919857,0.07370778692052103,1.5966189582714647,1.5966189582714647
2025-09-12,JPM,0.4418117554653822,0.07370778692052103,0.36810396854486116,0.36810396854486116
2025-09-15,JPM,0.6483985533218162,0.07370778692052103,0.5746907664012951,0.5746907664012951
2025-09-16,JPM,0.0938815150534289,0.07370778692052103,0.020173728132907867,0.020173728132907867
2025-09-17,JPM,0.8279698567223992,0.07370778692052103,0.7542620698018782,0.7542620698018782
2025-09-18,JPM,0.4747393744988004,0.07370778692052103,0.40103158757827934,0.40103158757827934
2025-09-19,JPM,0.4948440443124813,0.07370778692052103,0.42113625739196026,0.42113625739196026
2025-09-22,JPM,-0.7433763263231419,0.07370778692052103,-0.8170841132436629,0.8170841132436629
2025-09-23,JPM,0.0960184355396354,0.07370778692052103,0.022310648619114373,0.022310648619114373
2025-09-24,JPM,0.21743301144721,0.07370778692052103,0.14372522452668895,0.14372522452668895
2025-09-25,JPM,0.0095718205602723,0.07370778692052103,-0.06413596636024874,0.06413596636024874
2025-09-26,JPM,0.8326686871909406,0.07370778692052103,0.7589609002704195,0.7589609002704195
2025-09-29,JPM,-0.1170663798013005,0.07370778692052103,-0.19077416672182151,0.19077416672182151
2025-09-30,JPM,-0.0823592765054281,0.07370778692052103,-0.15606706342594912,0.15606706342594912
2025-10-01,JPM,-1.496370034556016,0.07370778692052103,-1.570077821476537,1.570077821476537
2025-10-02,JPM,-1.017025522191095,0.07370778692052103,-1.090733309111616,1.090733309111616
2025-10-03,JPM,0.8063729474881987,0.07370778692052103,0.7326651605676776,0.7326651605676776
2025-10-06,JPM,-0.2741670160952059,0.07370778692052103,-0.34787480301572693,0.34787480301572693
2025-10-07,JPM,-0.4819199172003352,0.07370778692052103,-0.5556277041208563,0.5556277041208563
2025-10-08,JPM,-1.1895089213169174,0.07370778692052103,-1.2632167082374384,1.2632167082374384
2025-10-09,JPM,0.4933723645692778,0.07370778692052103,0.41966457764875675,0.41966457764875675
2025-10-10,JPM,-1.5186724707884625,-1.518672470788462,-4.440892098500626e-16,4.440892098500626e-16
2025-10-13,JPM,2.353019375851661,0.07370778692052103,2.27931158893114,2.27931158893114
2025-10-14,JPM,-1.9125239471377231,0.07370778692052103,-1.986231734058244,1.986231734058244
2025-10-15,JPM,1.1950476694915224,0.07370778692052103,1.1213398825710015,1.1213398825710015
2025-10-16,JPM,-2.338970852824751,0.07370778692052103,-2.412678639745272,2.412678639745272
2025-10-17,JPM,-0.3282642192001139,0.07370778692052103,-0.40197200612063494,0.40197200612063494
2025-10-20,JPM,1.613120043016547,0.07370778692052103,1.5394122560960262,1.5394122560960262
2025-10-21,JPM,-1.7429554173832629,0.07370778692052103,-1.8166632043037838,1.8166632043037838
2025-10-22,JPM,-1.0030630448685462,0.07370778692052103,-1.0767708317890672,1.0767708317890672
2025-10-23,JPM,0.1462038012988387,0.07370778692052103,0.07249601437831767,0.07249601437831767
2025-10-24,JPM,2.0031235146329878,0.07370778692052103,1.9294157277124668,1.9294157277124668
2025-10-27,JPM,1.234855545200375,0.07370778692052103,1.1611477582798542,1.1611477582798542
2025-10-28,JPM,0.3978300180832006,0.07370778692052103,0.3241222311626796,0.3241222311626796
2025-10-29,JPM,0.0491223473932267,0.07370778692052103,-0.024585439527294334,0.024585439527294334
2025-10-30,JPM,1.2863736047919794,0.07370778692052103,1.2126658178714584,1.2126658178714584
2025-10-31,JPM,0.5429162357807771,0.07370778692052103,0.46920844886025603,0.46920844886025603
2025-11-03,JPM,-0.5689123167909482,0.07370778692052103,-0.6426201037114693,0.6426201037114693
2025-11-04,JPM,-0.0323258445126928,0.07370778692052103,-0.10603363143321383,0.10603363143321383
2025-11-05,JPM,0.7857720291026604,0.07370778692052103,0.7120642421821394,0.7120642421821394
2025-11-06,JPM,0.5582648870636531,0.07370778692052103,0.484557100143132,0.484557100143132
2025-11-07,JPM,0.2520579414204471,0.07370778692052103,0.17835015449992603,0.17835015449992603
2025-11-10,JPM,0.8529327519811503,0.07370778692052103,0.7792249650606292,0.7792249650606292
2025-11-11,JPM,-0.4007699832749511,0.07370778692052103,-0.47447777019547216,0.47447777019547216
2025-11-12,JPM,1.5176478043216646,0.07370778692052103,1.4439400174011436,1.4439400174011436
2025-11-13,JPM,-3.4112543303891907,0.07370778692052103,-3.4849621173097116,3.4849621173097116
2025-11-14,JPM,-1.8967299987075137,0.07370778692052103,-1.9704377856280346,1.9704377856280346
2025-11-17,JPM,-1.0671585257402638,-1.0671585257402623,-1.5543122344752192e-15,1.5543122344752192e-15
2025-11-18,JPM,-0.3196058194892881,0.07370778692052103,-0.39331360640980917,0.39331360640980917
2025-11-19,JPM,1.2892020974583307,0.07370778692052103,1.2154943105378098,1.2154943105378098
2025-11-20,JPM,-1.6124245721634178,0.07370778692052103,-1.6861323590839388,1.6861323590839388
2025-11-21,JPM,-0.1206515181982781,0.07370778692052103,-0.19435930511879912,0.19435930511879912
2025-11-24,JPM,-0.0067109589960367,0.07370778692052103,-0.08041874591655773,0.08041874591655773
2025-11-25,JPM,1.6778523489932915,0.07370778692052103,1.6041445620727706,1.6041445620727706
2025-11-26,JPM,1.531353135313518,0.07370778692052103,1.457645348392997,1.457645348392997
2025-11-28,JPM,1.76830061110389,0.07370778692052103,1.694592824183369,1.694592824183369
2025-12-01,JPM,-1.328733869937382,0.07370778692052103,-1.402441656857903,1.402441656857903
2025-12-02,JPM,-0.3366567396089648,0.07370778692052103,-0.41036452652948585,0.41036452652948585
2025-12-03,JPM,1.380407951149798,0.07370778692052103,1.306700164229277,1.306700164229277
2025-12-04,JPM,1.2719059366289809,0.07370778692052103,1.19819814970846,1.19819814970846
2025-12-05,JPM,-0.3353369186966159,0.07370778692052103,-0.40904470561713696,0.40904470561713696
2025-12-08,JPM,0.0539614017267542,0.07370778692052103,-0.019746385193766834,0.019746385193766834
2025-12-09,JPM,-4.663557628247828,0.07370778692052103,-4.737265415168349,4.737265415168349
2025-12-10,JPM,3.1945692323051,0.07370778692052103,3.120861445384579,3.120861445384579
2025-12-11,JPM,2.3443294314920538,0.07370778692052103,2.270621644571533,2.270621644571533
2025-12-12,JPM,0.3591908752914374,0.07370778692052103,0.28548308837091635,0.28548308837091635
2025-12-15,JPM,0.4709280421951511,0.07370778692052103,0.39722025527463006,0.39722025527463006
2025-12-16,JPM,-1.396787700768698,0.07370778692052103,-1.470495487689219,1.470495487689219
2025-12-17,JPM,-0.180636983045479,0.07370778692052103,-0.25434476996600003,0.25434476996600003
2025-12-18,JPM,-0.6286113404025739,0.07370778692052103,-0.702319127323095,0.702319127323095
2025-12-19,JPM,1.3450479233226842,0.07370778692052103,1.2713401364021633,1.2713401364021633
2025-12-22,JPM,1.853661612181212,0.07370778692052103,1.779953825260691,1.779953825260691
2025-12-23,JPM,0.8790120399888579,0.07370778692052103,0.8053042530683369,0.8053042530683369
2025-12-24,JPM,0.9940784831098836,0.07370778692052103,0.9203706961893625,0.9203706961893625
2025-12-26,JPM,-0.3827809338639576,0.07370778692052103,-0.45648872078447866,0.45648872078447866
2025-12-29,JPM,-1.2686407855814208,0.07370778692052103,-1.3423485725019417,1.3423485725019417
2025-12-30,JPM,-0.1019305019304916,0.07370778692052103,-0.17563828885101263,0.17563828885101263
2025-12-31,JPM,-0.3710345680539184,0.07370778692052103,-0.4447423549744394,0.4447423549744394
2026-01-02,JPM,1.0117311153869937,0.07370778692052103,0.9380233284664726,0.9380233284664726
2026-01-05,JPM,2.6299619024210408,0.07370778692052103,2.55625411550052,2.55625411550052
2026-01-06,JPM,0.1706382469165435,0.07370778692052103,0.09693045999602247,0.09693045999602247
2026-01-07,JPM,-2.2772780251636204,0.07370778692052103,-2.3509858120841414,2.3509858120841414
2026-01-08,JPM,0.8562952995504469,0.07370778692052103,0.7825875126299259,0.7825875126299259
2026-01-09,JPM,-0.181933957973257,0.07370778692052103,-0.25564174489377806,0.25564174489377806
2026-01-12,JPM,-1.4277468938910576,0.07370778692052103,-1.5014546808115785,1.5014546808115785
2026-01-13,JPM,-4.1881105735153685,-4.18811057351536,-8.881784197001252e-15,8.881784197001252e-15
2026-01-14,JPM,-0.9745899002894688,0.07370778692052103,-1.0482976872099898,1.0482976872099898
2026-01-15,JPM,0.4514892649494895,0.07370778692052103,0.37778147802896844,0.37778147802896844
2026-01-16,JPM,1.0379615857207591,0.07370778692052103,0.9642537988002381,0.9642537988002381
2026-01-20,JPM,-3.1138989342976986,0.07370778692052103,-3.1876067212182195,3.1876067212182195
2026-01-21,JPM,-0.2312215102067694,0.07370778692052103,-0.30492929712729044,0.30492929712729044
2026-01-22,JPM,0.5264203416765811,0.07370778692052103,0.4527125547560601,0.4527125547560601
2026-01-23,JPM,-1.9464479794486624,0.07370778692052103,-2.0201557663691836,2.0201557663691836
2026-01-26,JPM,1.115141743920467,0.07370778692052103,1.041433956999946,1.041433956999946
2026-01-27,JPM,-0.2424926920010728,0.07370778692052103,-0.3162004789215938,0.3162004789215938
2026-01-28,JPM,0.1531750524458086,0.07370778692052103,0.07946726552528756,0.07946726552528756
2026-01-29,JPM,1.878511819662876,0.07370778692052103,1.8048040327423551,1.8048040327423551
2026-01-30,JPM,-0.1729652111481017,0.07370778692052103,-0.24667299806862275,0.24667299806862275
2026-02-02,JPM,0.7355585341135784,0.07370778692052103,0.6618507471930574,0.6618507471930574
2026-02-03,JPM,2.1775816187447283,0.07370778692052103,2.1038738318242074,2.1038738318242074
2026-02-04,JPM,0.768619977767182,0.07370778692052103,0.694912190846661,0.694912190846661
2026-02-05,JPM,-2.240993475588604,0.07370778692052103,-2.314701262509125,2.314701262509125
2026-02-06,JPM,3.946350270827947,0.07370778692052103,3.872642483907426,3.872642483907426
2026-02-09,JPM,-0.0930521091811242,0.07370778692052103,-0.16675989610164524,0.16675989610164524
2026-02-10,JPM,-1.1859670909655562,0.07370778692052103,-1.2596748778860771,1.2596748778860771
2026-02-11,JPM,-2.343848183988939,0.07370778692052103,-2.41755597090946,2.41755597090946
2026-02-12,JPM,-2.6317482787465485,0.07370778692052103,-2.7054560656670694,2.7054560656670694
2026-02-13,JPM,-0.029738302934168,0.07370778692052103,-0.10344608985468903,0.10344608985468903
2026-02-17,JPM,1.5137993720046206,0.07370778692052103,1.4400915850840996,1.4400915850840996
2026-02-18,JPM,0.5372317910982138,0.07370778692052103,0.4635240041776928,0.4635240041776928
2026-02-19,JPM,-0.2364142755359677,0.07370778692052103,-0.3101220624564887,0.3101220624564887
2026-02-20,JPM,0.8894659957799034,0.07370778692052103,0.8157582088593823,0.8157582088593823
2026-02-23,JPM,-4.2215000482641045,0.07370778692052103,-4.295207835184626,4.295207835184626
2026-02-24,JPM,-0.1242987200591239,0.07370778692052103,-0.19800650697964495,0.19800650697964495
2026-02-25,JPM,2.0181634712411745,0.07370778692052103,1.9444556843206535,1.9444556843206535
2026-02-26,JPM,0.9330695680844104,0.07370778692052103,0.8593617811638894,0.8593617811638894
2026-02-27,JPM,-1.904419690980952,0.07370778692052103,-1.978127477901473,1.978127477901473
2026-03-02,JPM,-0.9124209124209192,0.07370778692052103,-0.9861286993414402,0.9861286993414402
2026-03-03,JPM,0.9073800241967912,0.07370778692052103,0.8336722372762702,0.8336722372762702
2026-03-04,JPM,-0.2897488843002782,0.07370778692052103,-0.3634566712207992,0.3634566712207992
2026-03-05,JPM,-1.95063295367246,0.07370778692052103,-2.024340740592981,2.024340740592981
2026-03-06,JPM,-1.3864758984840742,0.07370778692052103,-1.460183685404595,1.460183685404595
2026-03-09,JPM,0.1519966837087105,0.07370778692052103,0.07828889678818947,0.07828889678818947
2026-03-10,JPM,-0.4104580573951466,0.07370778692052103,-0.48416584431566767,0.48416584431566767
2026-03-11,JPM,-0.4190766460014705,0.07370778692052103,-0.49278443292199153,0.49278443292199153
2026-03-12,JPM,-1.6103227601558134,0.07370778692052103,-1.6840305470763344,1.6840305470763344
2026-03-13,JPM,0.1944218600869574,0.07370778692052103,0.12071407316643636,0.12071407316643636
2026-03-16,JPM,0.9596387242450044,0.07370778692052103,0.8859309373244834,0.8859309373244834
2026-03-17,JPM,0.2551020408163129,0.07370778692052103,0.18139425389579183,0.18139425389579183
2026-03-18,JPM,0.2962808044895348,0.07370778692052103,0.22257301756901376,0.22257301756901376
2026-03-19,JPM,0.0799332730937685,0.07370778692052103,0.006225486173247474,0.006225486173247474
2026-03-20,JPM,-0.4896343369101053,0.07370778692052103,-0.5633421238306263,0.5633421238306263
2026-03-23,JPM,1.169039642657732,0.07370778692052103,1.0953318557372111,1.0953318557372111
2026-03-24,JPM,0.858887240867845,0.07370778692052103,0.7851794539473239,0.7851794539473239
2026-03-25,JPM,1.0328317373461182,0.07370778692052103,0.9591239504255972,0.9591239504255972
2026-03-26,JPM,-1.2727642001218564,0.07370778692052103,-1.3464719870423774,1.3464719870423774
2026-03-27,JPM,-3.024069121579942,0.07370778692052103,-3.097776908500463,3.097776908500463
2026-03-30,JPM,0.3288078065337263,0.07370778692052103,0.2551000196132053,0.2551000196132053
2026-03-31,JPM,3.6614159354406928,0.07370778692052103,3.587708148520172,3.587708148520172
2026-04-01,JPM,0.4147402774000497,0.07370778692052103,0.34103249047952866,0.34103249047952866
2026-04-02,JPM,-0.2640666260410262,0.07370778692052103,-0.33777441296154725,0.33777441296154725
2026-04-06,JPM,0.2885268160217169,0.07370778692052103,0.21481902910119588,0.21481902910119588
2026-04-07,JPM,0.6600101540023662,0.07370778692052103,0.5863023670818451,0.5863023670818451
2026-04-08,JPM,3.554135843981188,0.07370778692052103,3.480428057060667,3.480428057060667
2026-04-09,JPM,0.7663084066629633,0.07370778692052103,0.6926006197424422,0.6926006197424422
2026-04-10,JPM,-0.1482293042889715,0.07370778692052103,-0.2219370912094925,0.2219370912094925
2026-04-13,JPM,1.2295478749152933,0.07370778692052103,1.1558400879947723,1.1558400879947723
2026-04-14,JPM,-0.8161183371588887,0.07370778692052103,-0.8898261240794098,0.8898261240794098
2026-04-15,JPM,-1.6681666238107518,0.07370778692052103,-1.7418744107312727,1.7418744107312727
2026-04-16,JPM,1.3140260843983895,0.07370778692052103,1.2403182974778686,1.2403182974778686
2026-04-17,JPM,0.1096951121148714,0.07370778692052103,0.03598732519435037,0.03598732519435037
2026-04-20,JPM,2.159270359985821,0.07370778692052103,2.0855625730653,2.0855625730653
2026-04-21,JPM,-1.2587147859553949,0.07370778692052103,-1.3324225728759158,1.3324225728759158
2026-04-22,JPM,0.0063897763578291,0.07370778692052103,-0.06731801056269193,0.06731801056269193
2026-04-23,JPM,-0.4248929780844679,0.07370778692052103,-0.49860076500498896,0.49860076500498896
2026-04-24,JPM,-1.0940357406397427,0.07370778692052103,-1.1677435275602637,1.1677435275602637
2026-04-27,JPM,1.086674451797065,0.07370778692052103,1.012966664876544,1.012966664876544
2026-04-28,JPM,-0.0577608060841394,0.07370778692052103,-0.13146859300466043,0.13146859300466043
2026-04-29,JPM,-0.7063734146733003,0.07370778692052103,-0.7800812015938213,0.7800812015938213
2026-04-30,JPM,1.2869846402586926,0.07370778692052103,1.2132768533381717,1.2132768533381717
2026-05-01,JPM,-0.2426332088241833,0.07370778692052103,-0.3163409957447043,0.3163409957447043
2026-05-04,JPM,-1.5425480846161357,0.07370778692052103,-1.6162558715366566,1.6162558715366566
2026-05-05,JPM,0.5688282138794021,0.07370778692052103,0.49512042695888103,0.49512042695888103
2026-05-06,JPM,1.7776341305753007,0.07370778692052103,1.7039263436547798,1.7039263436547798
2026-05-07,JPM,-2.740552556367104,0.07370778692052103,-2.814260343287625,2.814260343287625
2026-05-08,JPM,-1.3615437359192684,0.07370778692052103,-1.4352515228397893,1.4352515228397893
